date,sector,symbol,name,portfolio_status,sector_rank,sector_count,sector_confidence,sector_confidence_note,evidence_warning,final_score,quantitative_score,scoring_model_version,active_axis_weight_pct,data_completeness_count,data_completeness_total,data_completeness_pct,data_completeness_label,news_score,news_label,news_note,trend_score,valuation_score,profitability_score,liquidity_score,income_score,quality_score,quality_metric_count,quality_metric_total,quality_completeness_pct,quarterly_fiscal_period,quarterly_fiscal_end_date,quarterly_available_date,quarterly_date_basis,quarterly_age_days,quarterly_debt_to_equity,quarterly_roe,quarterly_current_ratio,quarterly_revenue_growth,quarterly_net_profit_growth,quarterly_quality_note,volatility_daily_pct,volatility_annualized_pct,volatility_observations,volatility_window,volatility_score,volatility_label,daily_return_pct,period_return_pct,distance_from_52w_high_pct,distance_from_52w_low_pct,market_cap,weekly_avg_volume,price_to_earnings,price_to_book,peg_ratio,eps,net_income_margin,dividend_yield,trend_label,key_reason
2026-08-03,APPAREL,IMAGE,Image Pakistan Limited,unknown,1,3,low,3 scored members; low peer-count confidence,quarterly quality unavailable; volatility history insufficient; small sector peer group,83.1,83.1,v3_quarterly_quality,90,5,6,83.33,partial,,,,37.5,83.33,100,83.33,100,,0,5,0,Mar-26,2026-03-31,2026-07-25,scraped_at,125,23.71,17.59,3.38,1.38,18.21,,,,11,30,,unknown,-0.63,0.9,20.94,41.26,6.18B,771.85K,7.68,1.27,,3.49,17.93,7.45,flat,0.9% period return; PE 7.68; EPS 3.49; margin 17.93%
2026-08-03,APPAREL,INKL,International Knitwear Limited,unknown,2,3,low,3 scored members; low peer-count confidence,quarterly quality unavailable; volatility history insufficient; small sector peer group,48.15,48.15,v3_quarterly_quality,90,0,6,0,low,,,,50,50,50,33.33,50,,0,5,0,,,,,,,,,,,,,,11,30,,unknown,-1.05,1.46,36.9,205.27,890.49M,52.07K,,,,,,,up,limited data 0/6; 1.46% period return
2026-08-03,APPAREL,STYLERS,Stylers International Limited,unknown,3,3,low,3 scored members; low peer-count confidence,quarterly quality unavailable; volatility history insufficient; small sector peer group,18.75,18.75,v3_quarterly_quality,90,5,6,83.33,partial,,,,62.5,16.67,0,33.33,0,,0,5,0,,,,,,,,,,,,,,11,30,,unknown,-0.39,-2.5,11.45,41.67,24.93B,17.95K,22.41,1.83,,2.28,5.99,2.94,down,-2.5% period return; PE 22.41; EPS 2.28; margin 5.99%
2026-08-03,AUTOMOBILE ASSEMBLER,AGTL,Al-Ghazi Tractors Limited,unknown,7,7,moderate,7 scored members; moderate peer-count confidence,volatility history insufficient,28.04,28.04,v3_quarterly_quality,100,6,6,100,complete,,,,29.17,44.44,41.67,5.56,0,36.67,5,5,100,Mar-26,2026-03-31,2026-07-25,scraped_at,125,18.34,19.3,1.8,-17.24,-30.08,,,,11,30,,unknown,-0.9,-1.51,33.92,28.86,21.51B,7.03K,10.49,1.92,1.27,35.36,8.63,0,down,-1.51% period return; PE 10.49; EPS 35.36; margin 8.63%
2026-08-03,AUTOMOBILE ASSEMBLER,GAL,Ghandhara Automobiles Limited,unknown,1,7,moderate,7 scored members; moderate peer-count confidence,volatility history insufficient,65.51,65.51,v3_quarterly_quality,100,6,6,100,complete,,,,87.5,72.22,66.67,66.67,33.33,76.67,5,5,100,Mar-26,2026-03-31,2026-07-25,scraped_at,125,4.18,39.42,1.75,187.06,160.65,,,,11,30,,unknown,0.23,5.09,5.26,106.66,34.28B,755.75K,5.13,1.79,0,117.24,12.52,1.66,strong_up,strong quality 76.67 (5/5); 5.09% period return; PE 5.13; EPS 117.24
2026-08-03,AUTOMOBILE ASSEMBLER,GHNI,Ghandhara Industries Limited,unknown,3,7,moderate,7 scored members; moderate peer-count confidence,volatility history insufficient,59.43,59.43,v3_quarterly_quality,100,6,6,100,complete,,,,95.83,61.11,66.67,61.11,16.67,70,5,5,100,Mar-26,2026-03-31,2026-07-25,scraped_at,125,0.22,43.96,1.5,118.4,102.87,,,,11,30,,unknown,-0.17,8,5.09,107.28,52.11B,182.18K,7.53,2.83,0.02,162.33,11.84,0.82,strong_up,strong quality 70 (5/5); 8% period return; PE 7.53; EPS 162.33
2026-08-03,AUTOMOBILE ASSEMBLER,HCAR,Honda Atlas Cars (Pakistan) Limited,unknown,5,7,moderate,7 scored members; moderate peer-count confidence,volatility history insufficient,51.58,51.58,v3_quarterly_quality,100,6,6,100,complete,,,,41.67,55.56,25,61.11,83.33,36.67,5,5,100,Mar-26,2026-03-31,2026-07-25,scraped_at,125,24.82,13.34,1.5,56.64,19.34,,,,11,30,,unknown,-1.4,0.82,31.93,63.41,34.42B,1.5M,7.04,1.29,32.55,34.25,3.68,3.73,flat,0.82% period return; PE 7.04; EPS 34.25; margin 3.68%
2026-08-03,AUTOMOBILE ASSEMBLER,HINO,Hinopak Motors Limited,unknown,6,7,moderate,7 scored members; moderate peer-count confidence,volatility history insufficient,28.51,28.51,v3_quarterly_quality,100,6,6,100,complete,,,,29.17,36.11,0,11.11,50,40,5,5,100,Mar-26,2026-03-31,2026-07-25,scraped_at,125,36.06,9.11,1.51,6.42,234.57,,,,11,30,,unknown,-0.37,-9.52,50.56,46.8,9.64B,8.51K,28.84,1.54,10.51,13.47,3.24,2.81,strong_down,-9.52% period return; PE 28.84; EPS 13.47; margin 3.24%
2026-08-03,AUTOMOBILE ASSEMBLER,MTL,Millat Tractors Limited,unknown,4,7,moderate,7 scored members; moderate peer-count confidence,volatility history insufficient,52.32,52.32,v3_quarterly_quality,100,6,6,100,complete,,,,20.83,30.56,50,88.89,100,26.67,5,5,100,Mar-26,2026-03-31,2026-07-25,scraped_at,125,155.6,80.74,1.11,-9.24,3.31,,,,11,30,,unknown,-0.98,3.35,112.32,7.53,119.72B,251.55K,16.23,15.48,0.94,18.49,12.64,5.83,up,weak quality 26.67 (5/5); 3.35% period return; PE 16.23; EPS 18.49
2026-08-03,AUTOMOBILE ASSEMBLER,SAZEW,Sazgar Engineering Works Limited,unknown,2,7,moderate,7 scored members; moderate peer-count confidence,volatility history insufficient,65.15,65.15,v3_quarterly_quality,100,6,6,100,complete,,,,45.83,50,100,61.11,66.67,63.33,5,5,100,Mar-26,2026-03-31,2026-07-25,scraped_at,125,3.24,63.19,1.59,36.34,12.35,,,,11,30,,unknown,-0.63,-1.52,27.37,50.17,118.02B,74.73K,6.43,3.32,0,303.75,12.89,3.59,down,-1.52% period return; PE 6.43; EPS 303.75; margin 12.89%
2026-08-03,AUTOMOBILE PARTS & ACCESSORIES,AGIL,Agriauto Industries Limited,unknown,2,8,moderate,8 scored members; moderate peer-count confidence,volatility history insufficient,73.15,73.15,v3_quarterly_quality,100,6,6,100,complete,,,,67.86,77.78,75,61.9,66.67,90,5,5,100,Mar-26,2026-03-31,2026-07-25,scraped_at,125,21.59,13.94,1.8,57.36,2242.11,,,,11,30,,unknown,1.91,-1.72,29.48,26.17,5.51B,12.9K,6.18,0.82,0.47,24.75,5.37,1.14,down,strong quality 90 (5/5); -1.72% period return; PE 6.18; EPS 24.75
2026-08-03,AUTOMOBILE PARTS & ACCESSORIES,ATBA,Atlas Battery Limited,unknown,8,8,moderate,8 scored members; moderate peer-count confidence,volatility history insufficient,27.13,27.13,v3_quarterly_quality,100,6,6,100,complete,,,,32.14,16.67,25,38.1,33.33,26.67,5,5,100,Mar-26,2026-03-31,2026-07-25,scraped_at,125,111.04,0.97,1.41,-5.22,-87.29,,,,11,30,,unknown,-0.4,-3.73,49.86,19.62,7.08B,8.18K,90.4,0.9,439.02,2.24,0.23,0,down,weak quality 26.67 (5/5); -3.73% period return; PE 90.4; EPS 2.24
2026-08-03,AUTOMOBILE PARTS & ACCESSORIES,BWHL,Baluchistan Wheels Limited,unknown,1,8,moderate,8 scored members; moderate peer-count confidence,volatility history insufficient,75.27,75.27,v3_quarterly_quality,100,6,6,100,complete,,,,82.14,60,91.67,42.86,83.33,86.67,5,5,100,Mar-26,2026-03-31,2026-07-25,scraped_at,125,0.52,16.44,5.6,14.6,29.04,,,,11,30,,unknown,-0.18,2.2,9.48,47.24,3.14B,21.76K,8.03,1.33,0.06,29.35,14.67,7.22,up,strong quality 86.67 (5/5); 2.2% period return; PE 8.03; EPS 29.35
2026-08-03,AUTOMOBILE PARTS & ACCESSORIES,EXIDE,Exide Pakistan Limited,unknown,5,8,moderate,8 scored members; moderate peer-count confidence,volatility history insufficient,49.3,49.3,v3_quarterly_quality,100,5,6,83.33,partial,,,,25,63.33,66.67,23.81,50,40,5,5,100,Mar-26,2026-03-31,2026-07-25,scraped_at,125,79.02,6.07,1.59,-17.83,-29.64,,,,11,30,,unknown,-0.48,-6.15,71.02,33.61,3.79B,8.62K,11.29,0.5,,43.18,1.88,1.03,strong_down,-6.15% period return; PE 11.29; EPS 43.18; margin 1.88%
2026-08-03,AUTOMOBILE PARTS & ACCESSORIES,GTYR,Ghandhara Tyre & Rubber Company Limited,unknown,7,8,moderate,8 scored members; moderate peer-count confidence,volatility history insufficient,37.64,37.64,v3_quarterly_quality,100,6,6,100,complete,,,,67.86,55.56,0,52.38,33.33,16.67,5,5,100,Mar-26,2026-03-31,2026-07-25,scraped_at,125,77.29,-11.68,0.94,-17.46,-922.34,,,,11,30,,unknown,1.68,-1.88,43.97,49.78,4.07B,474.32K,-5.26,0.64,0.54,-6.34,-4.84,0,down,weak quality 16.67 (5/5); -1.88% period return; PE -5.26; EPS -6.34
2026-08-03,AUTOMOBILE PARTS & ACCESSORIES,LOADS,Loads Limited,unknown,6,8,moderate,8 scored members; moderate peer-count confidence,volatility history insufficient,42.11,42.11,v3_quarterly_quality,100,6,6,100,complete,,,,50,34.44,41.67,66.67,33.33,43.33,5,5,100,Mar-26,2026-03-31,2026-07-25,scraped_at,125,48.84,5.85,0.79,26.53,-67.71,,,,11,30,,unknown,0.59,0.22,65.45,24.98,5.07B,877.32K,12.8,0.97,-0.01,1.07,4.28,0,flat,0.22% period return; PE 12.8; EPS 1.07; margin 4.28%
2026-08-03,AUTOMOBILE PARTS & ACCESSORIES,PTL,Panther Tyres Ltd.,unknown,3,8,moderate,8 scored members; moderate peer-count confidence,volatility history insufficient,55.16,55.16,v3_quarterly_quality,100,5,6,83.33,partial,,,,25,42.22,50,61.9,100,46.67,5,5,100,Mar-26,2026-03-31,2026-07-25,scraped_at,125,151.8,13.5,1.01,10.89,422.71,,,,11,30,,unknown,-0.98,-4.06,21.15,17.2,9.14B,152.48K,8.5,1.13,,6.4,3.09,7.36,down,-4.06% period return; PE 8.5; EPS 6.4; margin 3.09%
2026-08-03,AUTOMOBILE PARTS & ACCESSORIES,SLM,Service Long March Tyres Limited,unknown,4,8,moderate,8 scored members; moderate peer-count confidence,quarterly quality unavailable; volatility history insufficient,51.85,51.85,v3_quarterly_quality,90,0,6,0,low,,,,50,50,50,66.67,50,,0,5,0,,,,,,,,,,,,,,11,30,,unknown,-0.73,0.62,7.94,10.8,189.57B,2.26M,,,,,,,flat,limited data 0/6; 0.62% period return
2026-08-03,CABLE & ELECTRICAL GOODS,EMCO,Emco Industries Limited,unknown,5,5,moderate,5 scored members; moderate peer-count confidence,volatility history insufficient,45.06,45.06,v3_quarterly_quality,100,0,6,0,low,,,,43.75,50,50,25,50,35,5,5,100,Mar-26,2026-03-31,2026-07-25,scraped_at,125,58.93,2.86,1.42,13.22,272,,,,11,30,,unknown,0.37,-2.2,57.35,63.6,1.79B,6.88K,,,,,,,down,limited data 0/6; -2.2% period return
2026-08-03,CABLE & ELECTRICAL GOODS,FCL,Fast Cables Limited,unknown,4,5,moderate,5 scored members; moderate peer-count confidence,volatility history insufficient,47.5,47.5,v3_quarterly_quality,100,0,6,0,low,,,,50,50,50,50,50,25,5,5,100,Mar-26,2026-03-31,2026-07-25,scraped_at,125,91.28,9.32,1.32,-3.31,-18.54,,,,11,30,,unknown,0,-0.96,20.3,20.81,15.3B,792.83K,,,,,,,flat,limited data 0/6; weak quality 25 (5/5); -0.96% period return
2026-08-03,CABLE & ELECTRICAL GOODS,PAEL,Pak Elektron Limited,unknown,2,5,moderate,5 scored members; moderate peer-count confidence,volatility history insufficient,69.06,69.06,v3_quarterly_quality,100,6,6,100,complete,,,,43.75,66.67,50,83.33,100,75,5,5,100,Mar-26,2026-03-31,2026-07-25,scraped_at,125,40.64,8.35,2.04,26.26,57.33,,,,11,30,,unknown,-1.37,1.65,51.93,32.83,39.27B,3.91M,9.53,0.78,0.32,4.46,5.86,0,up,strong quality 75 (5/5); 1.65% period return; PE 9.53; EPS 4.46
2026-08-03,CABLE & ELECTRICAL GOODS,SIEM,Siemens (Pakistan) Engineering,unknown,3,5,moderate,5 scored members; moderate peer-count confidence,volatility history insufficient,48.96,48.96,v3_quarterly_quality,100,6,6,100,complete,,,,37.5,16.67,50,16.67,100,75,5,5,100,Mar-26,2026-03-31,2026-07-25,scraped_at,125,6.99,4.18,1.84,745.62,146.67,,,,11,30,,unknown,-0.03,-1.17,14.77,13.57,12.5B,273,333.05,2.03,-17.32,4.55,0.48,0,down,strong quality 75 (5/5); -1.17% period return; PE 333.05; EPS 4.55
2026-08-03,CABLE & ELECTRICAL GOODS,WAVES,Waves Corporation Limited,unknown,1,5,moderate,5 scored members; moderate peer-count confidence,volatility history insufficient,69.42,69.42,v3_quarterly_quality,100,6,6,100,complete,,,,75,66.67,50,75,100,40,5,5,100,Mar-26,2026-03-31,2026-07-25,scraped_at,125,57.46,3.98,1.88,17.59,-55.67,,,,11,30,,unknown,0.46,2.08,56.65,34.91,3.04B,5.8M,10.77,0.31,-2.17,1,5.91,0,up,2.08% period return; PE 10.77; EPS 1; margin 5.91%
2026-08-03,CEMENT,ACPL,Attock Cement Pakistan Limited,unknown,14,16,high,16 scored members; high peer-count confidence,volatility history insufficient,45.42,45.42,v3_quarterly_quality,100,6,6,100,complete,,,,40,19.44,50,24.44,92.86,35.38,5,5,100,Mar-26,2026-03-31,2026-07-25,scraped_at,125,53.86,12.58,0.79,40.26,8.39,,,,11,30,,unknown,-0.46,3.31,38.94,14.11,32.15B,83.13K,11.15,1.35,0.81,20.97,6.74,3.63,up,3.31% period return; PE 11.15; EPS 20.97; margin 6.74%
2026-08-03,CEMENT,CHCC,Cherat Cement Company Limited,unknown,2,16,high,16 scored members; high peer-count confidence,volatility history insufficient,64.22,64.22,v3_quarterly_quality,100,6,6,100,complete,,,,83.33,34.92,89.29,68.89,64.29,53.85,5,5,100,Mar-26,2026-03-31,2026-07-25,scraped_at,125,13.51,20.62,2.58,-0.65,-4.23,,,,11,30,,unknown,2.55,6.35,18.48,46.3,63.96B,226.74K,8.68,1.7,0.31,37.91,19.73,1.67,strong_up,6.35% period return; PE 8.68; EPS 37.91; margin 19.73%
2026-08-03,CEMENT,DCL,Dewan Cement Limited,unknown,12,16,high,16 scored members; high peer-count confidence,volatility history insufficient,46.73,46.73,v3_quarterly_quality,100,6,6,100,complete,,,,46.67,83.33,0,55.56,42.86,47.69,5,5,100,Mar-26,2026-03-31,2026-07-25,scraped_at,125,9.74,-4.7,0.64,13.61,381.93,,,,11,30,,unknown,-1.69,2.03,47.6,67.17,6.01B,2.5M,-4.66,0.24,0.04,-2.37,-4.8,0,up,2.03% period return; PE -4.66; EPS -2.37; margin -4.8%
2026-08-03,CEMENT,DGKC,D.G. Khan Cement Company Limited,unknown,1,16,high,16 scored members; high peer-count confidence,volatility history insufficient,66.57,66.57,v3_quarterly_quality,100,6,6,100,complete,,,,70,67.46,67.86,86.67,57.14,55.38,5,5,100,Mar-26,2026-03-31,2026-07-25,scraped_at,125,22.26,11.39,1.9,8.28,193.13,,,,11,30,,unknown,0.38,3.83,27.76,48.75,94.56B,6.65M,7.81,0.84,0.27,27.64,14.23,0.93,up,3.83% period return; PE 7.81; EPS 27.64; margin 14.23%
2026-08-03,CEMENT,DNCC,Dandot Cement Company Limited,unknown,16,16,high,16 scored members; high peer-count confidence,quarterly quality unavailable; volatility history insufficient,28.99,28.99,v3_quarterly_quality,90,6,6,100,complete,,,,30,35.71,7.14,26.67,42.86,,0,5,0,,,,,,,,,,,,,,11,30,,unknown,1.65,-5.31,62.35,23.5,5.47B,82.92K,-43.99,2.64,-0.29,-0.39,-1.76,0,strong_down,-5.31% period return; PE -43.99; EPS -0.39; margin -1.76%
2026-08-03,CEMENT,FCCL,Fauji Cement Company Limited,unknown,3,16,high,16 scored members; high peer-count confidence,volatility history insufficient,64.13,64.13,v3_quarterly_quality,100,6,6,100,complete,,,,88.33,50.4,46.43,86.67,78.57,46.15,5,5,100,Mar-26,2026-03-31,2026-07-25,scraped_at,125,34.61,16.83,1.32,4.34,38.78,,,,11,30,,unknown,0.63,4.45,12.42,54.16,137.11B,6.96M,9.33,1.49,0.08,5.99,16.04,2.24,up,4.45% period return; PE 9.33; EPS 5.99; margin 16.04%
2026-08-03,CEMENT,FECTC,Fecto Cement Limited,unknown,7,16,high,16 scored members; high peer-count confidence,volatility history insufficient,54.72,54.72,v3_quarterly_quality,100,6,6,100,complete,,,,40,73.41,39.29,22.22,71.43,60,5,5,100,Mar-26,2026-03-31,2026-07-25,scraped_at,125,25.14,16.34,1.75,15.83,31.29,,,,11,30,,unknown,-1.31,2.49,81.99,49.39,5.4B,138.67K,7.68,1.07,-0.06,14,5.6,1.86,up,2.49% period return; PE 7.68; EPS 14; margin 5.6%
2026-08-03,CEMENT,FLYNG,Flying Cement Company Limited,unknown,15,16,high,16 scored members; high peer-count confidence,volatility history insufficient,34.23,34.23,v3_quarterly_quality,100,6,6,100,complete,,,,50,29.76,17.86,22.22,42.86,49.23,5,5,100,Mar-26,2026-03-31,2026-07-25,scraped_at,125,39.24,7.14,0.31,93.28,1051.28,,,,11,30,,unknown,0.57,2.32,38.48,14.39,30.61B,42.44K,34.1,2.38,0.13,1.29,5.99,0,up,2.32% period return; PE 34.1; EPS 1.29; margin 5.99%
2026-08-03,CEMENT,GWLC,Gharibwal Cement Limited,unknown,6,16,high,16 scored members; high peer-count confidence,volatility history insufficient,54.74,54.74,v3_quarterly_quality,100,6,6,100,complete,,,,31.67,67.06,39.29,22.22,85.71,60,5,5,100,Mar-26,2026-03-31,2026-07-25,scraped_at,125,3.02,10.17,2.43,9.68,53.9,,,,11,30,,unknown,-0.53,1.07,55.21,29.63,20.11B,184.19K,7.45,0.73,0.49,6.74,12.64,2.99,up,1.07% period return; PE 7.45; EPS 6.74; margin 12.64%
2026-08-03,CEMENT,KOHC,Kohat Cement Company Limited,unknown,13,16,high,16 scored members; high peer-count confidence,volatility history insufficient,46.09,46.09,v3_quarterly_quality,100,6,6,100,complete,,,,28.33,28.97,75,53.33,42.86,56.92,5,5,100,Mar-26,2026-03-31,2026-07-25,scraped_at,125,9.07,18.8,3.34,0.34,-15.84,,,,11,30,,unknown,-0.43,0.82,479.11,32.54,90.17B,399.86K,9.23,1.63,0.33,10.62,25.96,0,flat,0.82% period return; PE 9.23; EPS 10.62; margin 25.96%
2026-08-03,CEMENT,LUCK,Lucky Cement Limited,unknown,5,16,high,16 scored members; high peer-count confidence,volatility history insufficient,59.75,59.75,v3_quarterly_quality,100,6,6,100,complete,,,,48.33,51.19,85.71,73.33,50,52.31,5,5,100,Mar-26,2026-03-31,2026-07-25,scraped_at,125,47.39,21.57,1.81,12.95,12.54,,,,11,30,,unknown,-0.2,0.77,17.91,32.47,657.9B,1.96M,7.9,1.63,0.16,56.88,16.86,0.89,flat,0.77% period return; PE 7.9; EPS 56.88; margin 16.86%
2026-08-03,CEMENT,MLCF,Maple Leaf Cement Factory Limited,unknown,8,16,high,16 scored members; high peer-count confidence,volatility history insufficient,53.69,53.69,v3_quarterly_quality,100,6,6,100,complete,,,,45,57.54,53.57,91.11,42.86,41.54,5,5,100,Mar-26,2026-03-31,2026-07-25,scraped_at,125,42.57,14.75,1.51,10.63,22.41,,,,11,30,,unknown,-1.57,2.04,36.47,37.25,102.08B,17.44M,8.59,1.23,0.21,11.34,13.96,0,up,2.04% period return; PE 8.59; EPS 11.34; margin 13.96%
2026-08-03,CEMENT,PIOC,Pioneer Cement Limited,unknown,4,16,high,16 scored members; high peer-count confidence,volatility history insufficient,60.97,60.97,v3_quarterly_quality,100,6,6,100,complete,,,,33.33,44.05,82.14,42.22,100,43.08,5,5,100,Mar-26,2026-03-31,2026-07-25,scraped_at,125,15.05,11.35,1.02,13.71,8.44,,,,11,30,,unknown,-0.01,-2.51,56.6,36.48,62.01B,299.92K,9.4,1.25,0.15,29.03,17.09,3.66,down,-2.51% period return; PE 9.4; EPS 29.03; margin 17.09%
2026-08-03,CEMENT,POWER,Power Cement Limited,unknown,11,16,high,16 scored members; high peer-count confidence,volatility history insufficient,46.92,46.92,v3_quarterly_quality,100,6,6,100,complete,,,,70,54.37,28.57,57.78,42.86,27.69,5,5,100,Mar-26,2026-03-31,2026-07-25,scraped_at,125,72.89,12.51,0.88,25.81,-356.85,,,,11,30,,unknown,1.51,0.1,16.58,51.35,26.86B,1.2M,9.29,1.14,0.15,2.24,8.78,0,flat,weak quality 27.69 (5/5); 0.1% period return; PE 9.29; EPS 2.24
2026-08-03,CEMENT,SMCPL,Safe Mix Concrete Limited,unknown,10,16,high,16 scored members; high peer-count confidence,quarterly quality unavailable; volatility history insufficient,48.36,48.36,v3_quarterly_quality,90,0,6,0,low,,,,61.67,50,50,17.78,50,,0,5,0,,,,,,,,,,,,,,11,30,,unknown,0.43,-1.67,37.18,74.11,1.04B,5.2K,,,,,,,down,limited data 0/6; -1.67% period return
2026-08-03,CEMENT,THCCL,Thatta Cement Company Limited,unknown,9,16,high,16 scored members; high peer-count confidence,volatility history insufficient,52.91,52.91,v3_quarterly_quality,100,6,6,100,complete,,,,33.33,47.22,67.86,68.89,42.86,70.77,5,5,100,Mar-26,2026-03-31,2026-07-25,scraped_at,125,39.37,34.04,1.6,47.62,55.01,,,,11,30,,unknown,-0.64,-3.06,57.87,54.19,32.69B,4.28M,9.06,3.21,0.05,7.24,24.4,0,down,strong quality 70.77 (5/5); -3.06% period return; PE 9.06; EPS 7.24
2026-08-03,CHEMICAL,ARPL,Archroma Pakistan Limited,unknown,7,20,high,20 scored members; high peer-count confidence,volatility history insufficient,55.16,55.16,v3_quarterly_quality,100,6,6,100,complete,,,,65.79,17.95,63.33,52.63,86.67,55.38,5,5,100,Mar-26,2026-03-31,2026-07-25,scraped_at,125,79.26,28.64,1.21,10.6,511.57,,,,11,30,,unknown,1.22,11.88,15.26,30.81,14.69B,51.57K,9.15,2.72,63.31,46.47,5.66,7.06,strong_up,11.88% period return; PE 9.15; EPS 46.47; margin 5.66%
2026-08-03,CHEMICAL,BERG,Berger Paints Pakistan Limited,unknown,8,20,high,20 scored members; high peer-count confidence,volatility history insufficient,55.13,55.13,v3_quarterly_quality,100,5,6,83.33,partial,,,,57.89,73.08,36.67,56.14,60,32.31,5,5,100,Mar-26,2026-03-31,2026-07-25,scraped_at,125,41.36,8.09,1.43,1.37,2.01,,,,11,30,,unknown,1.54,5.29,32.37,32.08,2.62B,140.06K,8.56,0.69,,12.44,3.37,4.69,strong_up,5.29% period return; PE 8.56; EPS 12.44; margin 3.37%
2026-08-03,CHEMICAL,BIFO,Biafo Industries Limited,unknown,4,20,high,20 scored members; high peer-count confidence,volatility history insufficient,59.03,59.03,v3_quarterly_quality,100,6,6,100,complete,,,,76.32,24.86,60,61.4,80,72.31,5,5,100,Mar-26,2026-03-31,2026-07-25,scraped_at,125,15.55,13.32,2.17,36.64,152.6,,,,11,30,,unknown,4.57,12.68,52.34,71.87,6.31B,570.95K,14.45,1.94,0.65,9.41,12.78,5.52,strong_up,strong quality 72.31 (5/5); 12.68% period return; PE 14.45; EPS 9.41
2026-08-03,CHEMICAL,BUXL,Buxly Paints Limited,unknown,20,20,high,20 scored members; high peer-count confidence,quarterly quality unavailable; volatility history insufficient,33.37,33.37,v3_quarterly_quality,90,6,6,100,complete,,,,30.26,61.26,0,35.09,33.33,,0,5,0,,,,,,,,,,,,,,11,30,,unknown,-3.61,-1.05,46,41.29,270.65M,6.2K,-10.98,1.66,0.13,-17.12,-4.42,0,down,-1.05% period return; PE -10.98; EPS -17.12; margin -4.42%
2026-08-03,CHEMICAL,DAAG,Data Agro Limited,unknown,17,20,high,20 scored members; high peer-count confidence,quarterly quality unavailable; volatility history insufficient,42.91,42.91,v3_quarterly_quality,90,0,6,0,low,,,,30.26,50,50,15.79,50,,0,5,0,,,,,,,,,,,,,,11,30,,unknown,0.68,-13.02,57.11,47.19,306.16M,6.69K,,,,,,,strong_down,limited data 0/6; -13.02% period return
2026-08-03,CHEMICAL,DOL,Descon Oxychem Limited,unknown,10,20,high,20 scored members; high peer-count confidence,volatility history insufficient,50.36,50.36,v3_quarterly_quality,100,6,6,100,complete,,,,32.89,38.83,43.33,43.86,93.33,40,5,5,100,Mar-26,2026-03-31,2026-07-25,scraped_at,125,3.58,11.18,1.76,-16.51,-53.87,,,,11,30,,unknown,0.77,-1.66,35.94,18.93,5.28B,36.47K,11.85,1.76,-3.94,2.55,8.79,13.26,down,-1.66% period return; PE 11.85; EPS 2.55; margin 8.79%
2026-08-03,CHEMICAL,DYNO,Dynea Pakistan Limited,unknown,2,20,high,20 scored members; high peer-count confidence,volatility history insufficient,63.11,63.11,v3_quarterly_quality,100,6,6,100,complete,,,,40.79,64.14,73.33,52.63,66.67,76.92,5,5,100,Mar-26,2026-03-31,2026-07-25,scraped_at,125,4.09,20.19,3.37,16.19,28.68,,,,11,30,,unknown,-1.19,-2.85,7.91,33.7,6.42B,2.1K,6.17,1.18,0.67,55.14,7.33,4.78,down,strong quality 76.92 (5/5); -2.85% period return; PE 6.17; EPS 55.14
2026-08-03,CHEMICAL,EPCL,Engro Polymer & Chemicals Limited,unknown,18,20,high,20 scored members; high peer-count confidence,volatility history insufficient,38.43,38.43,v3_quarterly_quality,100,6,6,100,complete,,,,71.05,39.39,6.67,68.42,33.33,30.77,5,5,100,Mar-26,2026-03-31,2026-07-25,scraped_at,125,209.99,-11.37,1.11,6.92,3080,,,,11,30,,unknown,3.81,6.61,12.86,28.99,31.67B,579.53K,-11.72,1.52,1.04,-2.97,-3.28,0,strong_up,6.61% period return; PE -11.72; EPS -2.97; margin -3.28%
2026-08-03,CHEMICAL,GCIL,Ghani Chemical Industries Limited,unknown,5,20,high,20 scored members; high peer-count confidence,quarterly quality unavailable; volatility history insufficient,58.93,58.93,v3_quarterly_quality,90,4,6,66.67,partial,,,,65.79,58.97,66.67,84.21,33.33,,0,5,0,,,,,,,,,,,,,,11,30,,unknown,-0.75,2.25,9.17,56.19,21.22B,8.66M,7.06,,,5.27,33.37,0,up,2.25% period return; PE 7.06; EPS 5.27; margin 33.37%
2026-08-03,CHEMICAL,GCWL,Ghani Chemworld Limited,unknown,14,20,high,20 scored members; high peer-count confidence,quarterly quality unavailable; volatility history insufficient,49.07,49.07,v3_quarterly_quality,90,0,6,0,low,,,,36.84,50,50,61.4,50,,0,5,0,,,,,,,,,,,,,,11,30,,unknown,-0.31,-0.8,56.11,36.99,4.03B,564.81K,,,,,,,flat,limited data 0/6; -0.8% period return
2026-08-03,CHEMICAL,GGL,Ghani Global Holdings Limited,unknown,1,20,high,20 scored members; high peer-count confidence,volatility history insufficient,69.31,69.31,v3_quarterly_quality,100,6,6,100,complete,,,,73.68,92.86,70,80.7,33.33,63.08,5,5,100,Mar-26,2026-03-31,2026-07-25,scraped_at,125,41.91,29.51,1.41,10.62,191.02,,,,11,30,,unknown,3.02,1.4,31,69.5,8.46B,2.86M,2.44,1.05,0.05,9.78,31.53,0,up,1.4% period return; PE 2.44; EPS 9.78; margin 31.53%
2026-08-03,CHEMICAL,ICL,Ittehad Chemicals Limted,unknown,11,20,high,20 scored members; high peer-count confidence,volatility history insufficient,50.16,50.16,v3_quarterly_quality,100,6,6,100,complete,,,,42.11,58.03,46.67,66.67,46.67,40,5,5,100,Mar-26,2026-03-31,2026-07-25,scraped_at,125,49.29,13.39,1.15,18.11,6.66,,,,11,30,,unknown,-2.25,-2.24,29.54,59.66,13.59B,43.43K,9.89,1.24,0.39,13.74,4.34,2.21,down,-2.24% period return; PE 9.89; EPS 13.74; margin 4.34%
2026-08-03,CHEMICAL,LCI,Lucky Core Industries Limited,unknown,13,20,high,20 scored members; high peer-count confidence,volatility history insufficient,49.25,49.25,v3_quarterly_quality,100,6,6,100,complete,,,,21.05,40.53,63.33,50.88,73.33,35.38,5,5,100,Mar-26,2026-03-31,2026-07-25,scraped_at,125,40.75,16.7,1.51,-6.84,-23.96,,,,11,30,,unknown,0.14,-1.56,65.5,13.5,105.44B,49.95K,11.28,1.88,0.54,20.25,8.25,5.01,down,-1.56% period return; PE 11.28; EPS 20.25; margin 8.25%
2026-08-03,CHEMICAL,LOTCHEM,Lotte Chemical Pakistan Limited,unknown,6,20,high,20 scored members; high peer-count confidence,volatility history insufficient,57.16,57.16,v3_quarterly_quality,100,6,6,100,complete,,,,42.11,39.56,33.33,73.68,100,69.23,5,5,100,Jun-26,2026-06-30,2026-07-25,scraped_at,34,12.77,22.2,1.79,0.4,284.98,,,,11,30,,unknown,-0.66,-6.25,25.69,48.23,41.32B,3.51M,8.81,2.04,-6.43,3.1,5.49,23.82,strong_down,-6.25% period return; PE 8.81; EPS 3.1; margin 5.49%
2026-08-03,CHEMICAL,LPGL,Leiner Pak Gelatine Limited,unknown,16,20,high,20 scored members; high peer-count confidence,quarterly quality unavailable; volatility history insufficient,45.98,45.98,v3_quarterly_quality,90,0,6,0,low,,,,48.68,50,50,15.79,50,,0,5,0,,,,,,,,,,,,,,11,30,,unknown,-0.64,1.09,33.43,48.06,699.67M,1.32K,,,,,,,up,limited data 0/6; 1.09% period return
2026-08-03,CHEMICAL,NRSL,Nimir Resins Limited,unknown,19,20,high,20 scored members; high peer-count confidence,volatility history insufficient,36.77,36.77,v3_quarterly_quality,100,6,6,100,complete,,,,81.58,22.08,13.33,49.12,33.33,47.69,5,5,100,Mar-26,2026-03-31,2026-07-25,scraped_at,125,66.14,8.38,1.71,27.35,13.03,,,,11,30,,unknown,1.85,3.1,13.34,68.11,4.89B,108.95K,16.55,1.34,1.45,2.09,2.61,0,up,3.1% period return; PE 16.55; EPS 2.09; margin 2.61%
2026-08-03,CHEMICAL,PAKOXY,Pakistan Oxygen Limited,unknown,12,20,high,20 scored members; high peer-count confidence,volatility history insufficient,49.45,49.45,v3_quarterly_quality,100,6,6,100,complete,,,,47.37,37.16,80,43.86,33.33,60,5,5,100,Mar-26,2026-03-31,2026-07-25,scraped_at,125,37.86,17.39,1.28,18.56,112.88,,,,11,30,,unknown,-0.49,-0.56,24.93,31.51,24.87B,2.2K,12.64,2,0.15,22.58,14.35,0,flat,-0.56% period return; PE 12.64; EPS 22.58; margin 14.35%
2026-08-03,CHEMICAL,SARC,Sardar Chemical Industries Limited,unknown,9,20,high,20 scored members; high peer-count confidence,quarterly quality unavailable; volatility history insufficient,52.22,52.22,v3_quarterly_quality,90,0,6,0,low,,,,69.74,50,50,40.35,50,,0,5,0,,,,,,,,,,,,,,11,30,,unknown,5.27,-6.76,20.31,114.25,600.06M,4.19K,,,,,,,strong_down,limited data 0/6; -6.76% period return
2026-08-03,CHEMICAL,SITC,Sitara Chemical Industries Limited,unknown,15,20,high,20 scored members; high peer-count confidence,volatility history insufficient,46.33,46.33,v3_quarterly_quality,100,6,6,100,complete,,,,43.42,47.74,63.33,49.12,40,23.08,5,5,100,Mar-26,2026-03-31,2026-07-25,scraped_at,125,97.96,7.22,0.78,1.79,118.56,,,,11,30,,unknown,0.43,-2.71,31.28,45.4,17.3B,6.08K,12.35,0.87,0.73,65.36,4.3,1.36,down,weak quality 23.08 (5/5); -2.71% period return; PE 12.35; EPS 65.36
2026-08-03,CHEMICAL,WAHN,Wah Noble Chemicals Limited,unknown,3,20,high,20 scored members; high peer-count confidence,volatility history insufficient,59.28,59.28,v3_quarterly_quality,100,6,6,100,complete,,,,22.37,83.58,80,29.82,53.33,53.85,5,5,100,Mar-26,2026-03-31,2026-07-25,scraped_at,125,8.93,16.76,3.2,0.2,-0.43,,,,11,30,,unknown,-0.97,-1.43,51.46,27.51,2.58B,2.19K,5.55,0.89,0.34,51.77,9.43,3.48,down,-1.43% period return; PE 5.55; EPS 51.77; margin 9.43%
2026-08-03,COMMERCIAL BANKS,BIPL,BankIslami Pakistan Limited,unknown,3,3,low,3 scored members; low peer-count confidence,volatility history insufficient; small sector peer group,40.42,40.42,v3_quarterly_quality,100,5,6,83.33,partial,,,,25,66.67,0,0,100,0,3,5,60,Mar-26,2026-03-31,2026-07-25,scraped_at,125,,8.97,,-17.62,-61.81,,,,11,30,,unknown,1.8,0.15,62.85,14.75,30.02B,278.16K,6.99,0.65,,3.87,5.45,10.16,flat,weak quality 0 (3/5); 0.15% period return; PE 6.99; EPS 3.87
2026-08-03,COMMERCIAL BANKS,FABL,Faysal Bank Limited,unknown,1,3,low,3 scored members; low peer-count confidence,volatility history insufficient; small sector peer group,57.29,57.29,v3_quarterly_quality,100,5,6,83.33,partial,,,,37.5,66.67,50,66.67,50,83.33,3,5,60,Mar-26,2026-03-31,2026-07-25,scraped_at,125,,19.32,,5.31,0.24,,,,11,30,,unknown,-1.19,1.81,5.27,45.23,152.82B,628.52K,6.7,1.34,,15.03,11.4,6.46,up,strong quality 83.33 (3/5); 1.81% period return; PE 6.7; EPS 15.03
2026-08-03,COMMERCIAL BANKS,MEBL,Meezan Bank Limited,unknown,2,3,low,3 scored members; low peer-count confidence,volatility history insufficient; small sector peer group,52.29,52.29,v3_quarterly_quality,100,5,6,83.33,partial,,,,87.5,16.67,100,83.33,0,66.67,3,5,60,Mar-26,2026-03-31,2026-07-25,scraped_at,125,,32.66,,-7.48,-8.8,,,,11,30,,unknown,0.69,5.21,2.26,57.63,1.02T,1.01M,11.25,3.6,,50.58,19.77,5.01,strong_up,5.21% period return; PE 11.25; EPS 50.58; margin 19.77%
2026-08-03,ENGINEERING,ASL,Aisha Steel Mills Limited,unknown,6,11,moderate,11 scored members; moderate peer-count confidence,volatility history insufficient,50.06,50.06,v3_quarterly_quality,100,6,6,100,complete,,,,92.5,33.33,37.5,66.67,50,36.83,5,5,100,Mar-26,2026-03-31,2026-07-25,scraped_at,125,55.55,0.52,1.17,40.49,-107.59,,,,11,30,,unknown,2.48,7.75,17.03,60.05,12.68B,4.2M,195.69,1.27,-14.19,0.07,0.28,0,strong_up,7.75% period return; PE 195.69; EPS 0.07; margin 0.28%
2026-08-03,ENGINEERING,BCL,Bolan Castings Limited,unknown,10,11,moderate,11 scored members; moderate peer-count confidence,volatility history insufficient,34.56,34.56,v3_quarterly_quality,100,6,6,100,complete,,,,45,20.83,25,36.67,50,39.37,5,5,100,Mar-26,2026-03-31,2026-07-25,scraped_at,125,36.14,-4.49,1.39,-37.29,-84.09,,,,11,30,,unknown,0.07,0.78,72.27,29.53,832.45M,4.79K,-53.52,2.61,4.16,-1.36,-1.1,0,flat,0.78% period return; PE -53.52; EPS -1.36; margin -1.1%
2026-08-03,ENGINEERING,BECO,Beco Steel Limited,unknown,8,11,moderate,11 scored members; moderate peer-count confidence,volatility history insufficient,48.06,48.06,v3_quarterly_quality,100,0,6,0,low,,,,30,50,50,63.33,50,47.22,4,5,80,Mar-26,2026-03-31,2026-07-25,scraped_at,125,,15.8,1.03,39.01,-12475,,,,11,30,,unknown,-2.39,1.92,1288.68,35.9,6.62B,3.33M,,,,,,,up,limited data 0/6; 1.92% period return
2026-08-03,ENGINEERING,CSAP,Crescent Steel & Allied Products Limited,unknown,1,11,moderate,11 scored members; moderate peer-count confidence,volatility history insufficient,82.5,82.5,v3_quarterly_quality,100,6,6,100,complete,,,,60,83.33,100,66.67,100,60,5,5,100,Mar-26,2026-03-31,2026-07-25,scraped_at,125,16.64,4.46,2.23,-31.29,-20.36,,,,11,30,,unknown,-1.53,2.38,33.38,37.5,8.35B,476.7K,5.45,0.85,0.77,19.74,17.22,6.97,up,2.38% period return; PE 5.45; EPS 19.74; margin 17.22%
2026-08-03,ENGINEERING,DADX,Dadex Eternit Limited,unknown,11,11,moderate,11 scored members; moderate peer-count confidence,volatility history insufficient,32.07,32.07,v3_quarterly_quality,100,6,6,100,complete,,,,47.5,50,0,6.67,50,17.78,5,5,100,Mar-26,2026-03-31,2026-07-25,scraped_at,125,122.54,-95.74,0.92,-9.89,-15.32,,,,11,30,,unknown,-4.04,-4.8,33.77,113.12,980.71M,364.6,-3.01,3.78,0.05,-30.29,-37.21,0,down,weak quality 17.78 (5/5); -4.8% period return; PE -3.01; EPS -30.29
2026-08-03,ENGINEERING,INIL,International Industries Limited,unknown,3,11,moderate,11 scored members; moderate peer-count confidence,volatility history insufficient,63.12,63.12,v3_quarterly_quality,100,6,6,100,complete,,,,22.5,72.5,68.75,63.33,75,65.4,5,5,100,Mar-26,2026-03-31,2026-07-25,scraped_at,125,39.41,7.41,1.27,32.3,83.84,,,,11,30,,unknown,-1.14,-6.06,57.4,24.27,20.86B,150.09K,11.05,0.64,-3.45,14.32,1.72,3.79,strong_down,-6.06% period return; PE 11.05; EPS 14.32; margin 1.72%
2026-08-03,ENGINEERING,ISL,International Steels Limited,unknown,2,11,moderate,11 scored members; moderate peer-count confidence,volatility history insufficient,67.41,67.41,v3_quarterly_quality,100,6,6,100,complete,,,,55,49.17,75,70,87.5,73.65,5,5,100,Mar-26,2026-03-31,2026-07-25,scraped_at,125,42.19,11.95,1.23,42.32,94.89,,,,11,30,,unknown,-1,3.31,56.94,31.43,37.42B,253.59K,12.41,1.46,-3,6.93,3.59,5.23,up,strong quality 73.65 (5/5); 3.31% period return; PE 12.41; EPS 6.93
2026-08-03,ENGINEERING,ITTEFAQ,Ittefaq Iron Industries Limited,unknown,7,11,moderate,11 scored members; moderate peer-count confidence,volatility history insufficient,48.76,48.76,v3_quarterly_quality,100,5,6,83.33,partial,,,,57.5,66.67,12.5,70,50,39.68,5,5,100,Mar-26,2026-03-31,2026-07-25,scraped_at,125,43.42,-18.56,2.06,-28.47,-21.12,,,,11,30,,unknown,-0.67,-3.29,43.15,53.57,1.27B,777.18K,-2.26,0.44,,-3.91,-27.88,0,down,-3.29% period return; PE -2.26; EPS -3.91; margin -27.88%
2026-08-03,ENGINEERING,KSBP,KSB Pumps Company Limited,unknown,5,11,moderate,11 scored members; moderate peer-count confidence,volatility history insufficient,50.6,50.6,v3_quarterly_quality,100,6,6,100,complete,,,,52.5,23.33,75,30,62.5,63.89,4,5,80,Mar-26,2026-03-31,2026-07-25,scraped_at,125,,5.24,1.63,10.42,1.85,,,,11,30,,unknown,-2.15,-3.65,12.79,50.81,7.23B,104.65K,32.78,1.7,3.43,7.14,3.26,0.43,down,-3.65% period return; PE 32.78; EPS 7.14; margin 3.26%
2026-08-03,ENGINEERING,MSCL,Metropolitan Steel Corporation Limited,unknown,9,11,moderate,11 scored members; moderate peer-count confidence,quarterly quality unavailable; volatility history insufficient,43.8,43.8,v3_quarterly_quality,90,0,6,0,low,,,,35,50,50,16.67,50,,0,5,0,,,,,,,,,,,,,,11,30,,unknown,-4.59,-3.2,99.87,93.2,721.16M,175.77K,,,,,,,down,limited data 0/6; -3.2% period return
2026-08-03,ENGINEERING,MUGHAL,Mughal Iron & Steel Industries Limited,unknown,4,11,moderate,11 scored members; moderate peer-count confidence,volatility history insufficient,55.01,55.01,v3_quarterly_quality,100,6,6,100,complete,,,,52.5,50.83,56.25,73.33,50,58.41,5,5,100,Mar-26,2026-03-31,2026-07-25,scraped_at,125,102.57,8.83,1.33,-8.82,148.44,,,,11,30,,unknown,-1.3,-0.28,39.15,38.85,27.5B,534.31K,12.86,0.91,0.88,6.37,2.8,0,flat,-0.28% period return; PE 12.86; EPS 6.37; margin 2.8%
2026-08-03,FERTILIZER,EFERT,Engro Fertilizers Limited,unknown,3,3,low,3 scored members; low peer-count confidence,volatility history insufficient; small sector peer group,23.38,23.38,v3_quarterly_quality,100,6,6,100,complete,,,,12.5,16.67,0,33.33,50,40,5,5,100,Mar-26,2026-03-31,2026-07-25,scraped_at,125,158.53,53.58,0.77,14.76,-1.49,,,,11,30,,unknown,0.2,-0.97,38.32,5.67,254.19B,1.5M,11.94,5.8,-1.7,15.94,9.36,6.44,flat,-0.97% period return; PE 11.94; EPS 15.94; margin 9.36%
2026-08-03,FERTILIZER,FATIMA,Fatima Fertilizer Company Limited,unknown,2,3,low,3 scored members; low peer-count confidence,volatility history insufficient; small sector peer group,40.83,40.83,v3_quarterly_quality,100,6,6,100,complete,,,,50,66.67,50,16.67,0,50,5,5,100,Mar-26,2026-03-31,2026-07-25,scraped_at,125,38.63,22.65,1.5,11.62,1.49,,,,11,30,,unknown,-0.09,-0.21,22.53,39.84,330.44B,420K,8.95,1.91,0.25,17.58,13.62,6.04,flat,-0.21% period return; PE 8.95; EPS 17.58; margin 13.62%
2026-08-03,FERTILIZER,FFC,Fauji Fertilizer Company Limited,unknown,1,3,low,3 scored members; low peer-count confidence,volatility history insufficient; small sector peer group,85.79,85.79,v3_quarterly_quality,100,6,6,100,complete,,,,87.5,66.67,100,100,100,60,5,5,100,Mar-26,2026-03-31,2026-07-25,scraped_at,125,28.16,33.61,1.23,21.91,-3.55,,,,11,30,,unknown,0.47,3.78,19.58,34.79,824.33B,2.14M,9.32,3.01,0.14,61.43,16.53,7.16,up,3.78% period return; PE 9.32; EPS 61.43; margin 16.53%
2026-08-03,FOOD & PERSONAL CARE PRODUCTS,BBFL,Big Bird Foods Limited,unknown,9,23,high,23 scored members; high peer-count confidence,volatility history insufficient,53.32,53.32,v3_quarterly_quality,100,0,6,0,low,,,,50.05,50,50,65.15,50,68,5,5,100,Mar-26,2026-03-31,2026-07-25,scraped_at,125,25.12,17.2,1.84,47.11,13.71,,,,11,30,,unknown,-0.77,-1.09,34.88,25.06,12.71B,192.95K,,,,,,,down,limited data 0/6; -1.09% period return
2026-08-03,FOOD & PERSONAL CARE PRODUCTS,BFAGRO,Barkat Frisian Agro Limited,unknown,14,23,high,23 scored members; high peer-count confidence,quarterly quality unavailable; volatility history insufficient,50.54,50.54,v3_quarterly_quality,90,0,6,0,low,,,,51.19,50,50,53.03,50,,0,5,0,,,,,,,,,,,,,,11,30,,unknown,-0.64,-0.55,44.34,17.53,10.58B,126.03K,,,,,,,flat,limited data 0/6; -0.55% period return
2026-08-03,FOOD & PERSONAL CARE PRODUCTS,BNL,Bunnys Limited,unknown,12,23,high,23 scored members; high peer-count confidence,volatility history insufficient,51.36,51.36,v3_quarterly_quality,100,6,6,100,complete,,,,16.5,67.77,43.33,63.64,53.33,62.48,5,5,100,Mar-26,2026-03-31,2026-07-25,scraped_at,125,39.91,17.26,1.16,7.95,199.33,,,,11,30,,unknown,-0.93,-3.46,2559.35,6.82,4.29B,939.98K,9.62,1.46,0.58,0.67,5.69,0,down,-3.46% period return; PE 9.62; EPS 0.67; margin 5.69%
2026-08-03,FOOD & PERSONAL CARE PRODUCTS,CLOV,Clover Pakistan Limited,unknown,10,23,high,23 scored members; high peer-count confidence,quarterly quality unavailable; volatility history insufficient,52.57,52.57,v3_quarterly_quality,90,6,6,100,complete,,,,66.61,50,36.67,68.18,53.33,,0,5,0,,,,,,,,,,,,,,11,30,,unknown,1.31,12.86,941.6,29.14,3.31B,5.07M,13.93,4.55,-0.34,0.61,4.44,0,strong_up,12.86% period return; PE 13.93; EPS 0.61; margin 4.44%
2026-08-03,FOOD & PERSONAL CARE PRODUCTS,COLG,Colgate-Palmolive (Pakistan) Limited,unknown,2,23,high,23 scored members; high peer-count confidence,volatility history insufficient,66.5,66.5,v3_quarterly_quality,100,6,6,100,complete,,,,50.81,49.27,90,54.55,80,71.08,5,5,100,Mar-26,2026-03-31,2026-07-25,scraped_at,125,2.5,48.34,2.49,3.43,-7.88,,,,11,30,,unknown,-1.46,-0.62,8.41,16.84,297.85B,5.06K,16.76,8.16,0.36,73.22,14.79,4.77,flat,strong quality 71.08 (5/5); -0.62% period return; PE 16.76; EPS 73.22
2026-08-03,FOOD & PERSONAL CARE PRODUCTS,FCEPL,Frieslandcampina Engro Pakistan Limited,unknown,5,23,high,23 scored members; high peer-count confidence,volatility history insufficient,60.12,60.12,v3_quarterly_quality,100,6,6,100,complete,,,,94.21,36.63,53.33,62.12,73.33,52.86,5,5,100,Mar-26,2026-03-31,2026-07-25,scraped_at,125,22.92,20.39,1.04,1.47,31.75,,,,11,30,,unknown,4.58,7.33,7.47,71.95,84.18B,1.06M,24.35,4.47,0.67,4.51,3.23,3.19,strong_up,7.33% period return; PE 24.35; EPS 4.51; margin 3.23%
2026-08-03,FOOD & PERSONAL CARE PRODUCTS,FFL,Fauji Foods Limited,unknown,20,23,high,23 scored members; high peer-count confidence,volatility history insufficient,45.94,45.94,v3_quarterly_quality,100,6,6,100,complete,,,,27.92,52.38,23.33,69.7,53.33,63.49,5,5,100,Mar-26,2026-03-31,2026-07-25,scraped_at,125,2.85,11.16,1.15,14.15,23.81,,,,11,30,,unknown,-1.65,-3.6,48.82,14.86,40.52B,2.47M,41.64,3.6,0.02,0.39,3.18,0,down,-3.6% period return; PE 41.64; EPS 0.39; margin 3.18%
2026-08-03,FOOD & PERSONAL CARE PRODUCTS,GDL,Ghani Dairies Limited,unknown,18,23,high,23 scored members; high peer-count confidence,quarterly quality unavailable; volatility history insufficient,46.44,46.44,v3_quarterly_quality,90,0,6,0,low,,,,24.62,50,50,56.06,50,,0,5,0,,,,,,,,,,,,,,11,30,,unknown,-0.4,-5.71,88.57,3.55,7.51B,454.77K,,,,,,,strong_down,limited data 0/6; -5.71% period return
2026-08-03,FOOD & PERSONAL CARE PRODUCTS,GIL,Good Luck Industries Ltd.,unknown,21,23,high,23 scored members; high peer-count confidence,volatility history insufficient,44.48,44.48,v3_quarterly_quality,100,6,6,100,complete,,,,64.77,33.33,36.67,1.52,66.67,56.15,4,5,80,Mar-26,2026-03-31,2026-07-25,scraped_at,125,,0.2,2.44,5.81,100,,,,11,30,,unknown,,0,-100,,0,0,66.03,0,-25.47,15.14,0.25,0.3,flat,0% period return; PE 66.03; EPS 15.14; margin 0.25%
2026-08-03,FOOD & PERSONAL CARE PRODUCTS,ISIL,Ismail Industries Limited,unknown,15,23,high,23 scored members; high peer-count confidence,volatility history insufficient,48.78,48.78,v3_quarterly_quality,100,6,6,100,complete,,,,52.11,34.8,63.33,37.88,60,38.11,5,5,100,Mar-26,2026-03-31,2026-07-25,scraped_at,125,168,15.62,1.24,0.01,-2.16,,,,11,30,,unknown,-0.57,-0.87,23.43,11.31,127.42B,15,30.72,4.6,0.47,62.5,3.31,0.26,flat,-0.87% period return; PE 30.72; EPS 62.5; margin 3.31%
2026-08-03,FOOD & PERSONAL CARE PRODUCTS,MFFL,Mitchells Fruit Farms Limited,unknown,11,23,high,23 scored members; high peer-count confidence,quarterly quality unavailable; volatility history insufficient,52.38,52.38,v3_quarterly_quality,90,0,6,0,low,,,,75.38,50,50,33.33,50,,0,5,0,,,,,,,,,,,,,,11,30,,unknown,-0.16,2.53,33.35,27.26,4.07B,22.44K,,,,,,,up,limited data 0/6; 2.53% period return
2026-08-03,FOOD & PERSONAL CARE PRODUCTS,MFL,Matco Foods Limited,unknown,13,23,high,23 scored members; high peer-count confidence,volatility history insufficient,51.32,51.32,v3_quarterly_quality,100,6,6,100,complete,,,,16.18,90.11,36.67,50,53.33,33.7,5,5,100,Mar-26,2026-03-31,2026-07-25,scraped_at,125,157.49,4.98,1.1,-16.67,542.17,,,,11,30,,unknown,-2.83,-1.4,106.13,10.73,5.09B,187.95K,10.06,0.47,0.21,4.13,1.98,0,down,-1.4% period return; PE 10.06; EPS 4.13; margin 1.98%
2026-08-03,FOOD & PERSONAL CARE PRODUCTS,NESTLE,Nestle Pakistan Limited,unknown,6,23,high,23 scored members; high peer-count confidence,volatility history insufficient,59.01,59.01,v3_quarterly_quality,100,6,6,100,complete,,,,45.89,19.41,80,54.55,100,58.21,5,5,100,Jun-26,2026-06-30,2026-07-25,scraped_at,34,10.73,75.51,0.88,9.63,10.78,,,,11,30,,unknown,-1.8,2.02,35.43,11.02,352.42B,642.4,20.98,17.95,1.26,370.41,8.2,7.04,up,2.02% period return; PE 20.98; EPS 370.41; margin 8.2%
2026-08-03,FOOD & PERSONAL CARE PRODUCTS,PREMA,At-Tahur Limited,unknown,1,23,high,23 scored members; high peer-count confidence,volatility history insufficient,66.82,66.82,v3_quarterly_quality,100,6,6,100,complete,,,,74.68,75.64,63.33,69.7,53.33,64.1,5,5,100,Mar-26,2026-03-31,2026-07-25,scraped_at,125,23.25,9.44,1.39,16.81,29.13,,,,11,30,,unknown,1.06,9.08,64.09,49.39,7.51B,3.52M,12.57,1.24,0.26,2.73,9.01,0,strong_up,9.08% period return; PE 12.57; EPS 2.73; margin 9.01%
2026-08-03,FOOD & PERSONAL CARE PRODUCTS,QUICE,Quice Food Industries Limited,unknown,7,23,high,23 scored members; high peer-count confidence,quarterly quality unavailable; volatility history insufficient,55.99,55.99,v3_quarterly_quality,90,0,6,0,low,,,,82.9,50,50,54.55,50,,0,5,0,,,,,,,,,,,,,,11,30,,unknown,1.84,0.12,34.13,351.25,3.38B,134.62K,,,,,,,flat,limited data 0/6; 0.12% period return
2026-08-03,FOOD & PERSONAL CARE PRODUCTS,RMPL,Rafhan Maize Products Company Limited,unknown,3,23,high,23 scored members; high peer-count confidence,volatility history insufficient,61.78,61.78,v3_quarterly_quality,100,6,6,100,complete,,,,44.05,42.86,90,39.39,86.67,51.9,5,5,100,Mar-26,2026-03-31,2026-07-25,scraped_at,125,27.78,22.4,1.85,2.53,-13.25,,,,11,30,,unknown,0.2,-0,46.68,0.53,85.42B,53.4,12.92,2.74,3.23,715.93,9.02,5.13,flat,-0% period return; PE 12.92; EPS 715.93; margin 9.02%
2026-08-03,FOOD & PERSONAL CARE PRODUCTS,SCL,Shield Corporation Limited,unknown,23,23,high,23 scored members; high peer-count confidence,volatility history insufficient,32.21,32.21,v3_quarterly_quality,100,6,6,100,complete,,,,66.67,29.12,0,10.61,53.33,32.01,5,5,100,Mar-26,2026-03-31,2026-07-25,scraped_at,125,221.61,-70.65,1.15,-12.29,2233.33,,,,11,30,,unknown,0.01,0,49.99,150.02,2.93B,0,-13.91,9.44,1.05,-53.91,-8.05,0,flat,0% period return; PE -13.91; EPS -53.91; margin -8.05%
2026-08-03,FOOD & PERSONAL CARE PRODUCTS,TOMCL,The Organic Meat Company Limited,unknown,17,23,high,23 scored members; high peer-count confidence,volatility history insufficient,47.65,47.65,v3_quarterly_quality,100,6,6,100,complete,,,,49.51,43.04,36.67,69.7,53.33,44.89,5,5,100,Mar-26,2026-03-31,2026-07-25,scraped_at,125,7.87,4.82,4.37,-10.07,-51.64,,,,11,30,,unknown,0.57,-2.37,104.83,30.85,7.27B,1.6M,20.13,1.11,2.14,1.84,2.74,0,down,-2.37% period return; PE 20.13; EPS 1.84; margin 2.74%
2026-08-03,FOOD & PERSONAL CARE PRODUCTS,TREET,Treet Corporation Limited,unknown,16,23,high,23 scored members; high peer-count confidence,volatility history insufficient,48.49,48.49,v3_quarterly_quality,100,6,6,100,complete,,,,49.84,63.19,20,74.24,53.33,31.3,5,5,100,Mar-26,2026-03-31,2026-07-25,scraped_at,125,103.11,4.99,1.01,3.17,9.62,,,,11,30,,unknown,-1.28,1.71,59.55,18.62,8.6B,2.33M,17.91,1.06,0.49,1.29,1.81,0,up,1.71% period return; PE 17.91; EPS 1.29; margin 1.81%
2026-08-03,FOOD & PERSONAL CARE PRODUCTS,UNITY,Unity Foods Limited,unknown,8,23,high,23 scored members; high peer-count confidence,quarterly fundamentals stale; volatility history insufficient,54.98,54.98,v3_quarterly_quality,100,6,6,100,complete,,,,38.8,95.05,30,74.24,53.33,13.08,5,5,100,Sep-25,2025-09-30,2026-07-25,scraped_at,307,239.45,9.32,1.01,-2.15,-160.06,,,,11,30,,unknown,-0.99,-0.99,217.08,33.29,11.95B,1.93M,6.26,0.64,0.11,1.6,2.34,0,flat,weak quality 13.08 (5/5); -0.99% period return; PE 6.26; EPS 1.6
2026-08-03,FOOD & PERSONAL CARE PRODUCTS,UPFL,Unilever Pakistan Foods Limited,unknown,4,23,high,23 scored members; high peer-count confidence,volatility history insufficient,60.34,60.34,v3_quarterly_quality,100,6,6,100,complete,,,,52.06,17.4,96.67,42.42,93.33,59.38,2,5,40,Mar-26,2026-03-31,2026-07-25,scraped_at,125,,,,22.21,-6.5,,,,11,30,,unknown,-0.77,0.28,36.36,12.13,161.16B,24,25.25,19.01,1.03,1001.9,14.74,5.76,flat,0.28% period return; PE 25.25; EPS 1001.9; margin 14.74%
2026-08-03,FOOD & PERSONAL CARE PRODUCTS,WAHDAT,Wahdat Poultry Farm Limited,unknown,19,23,high,23 scored members; high peer-count confidence,quarterly quality unavailable; volatility history insufficient,46.02,46.02,v3_quarterly_quality,90,0,6,0,low,,,,24.08,50,50,53.03,50,,0,5,0,,,,,,,,,,,,,,11,30,,unknown,-1.81,-7.41,34.03,5.18,5.45B,493.1K,,,,,,,strong_down,limited data 0/6; -7.41% period return
2026-08-03,FOOD & PERSONAL CARE PRODUCTS,ZIL,ZIL Limited,unknown,22,23,high,23 scored members; high peer-count confidence,volatility history insufficient,44.47,44.47,v3_quarterly_quality,100,0,6,0,low,,,,32.31,50,50,15.15,50,56.12,5,5,100,Mar-26,2026-03-31,2026-07-25,scraped_at,125,15.95,3.59,1.14,14.89,168.42,,,,11,30,,unknown,-3.04,0.82,106.85,16.35,2.14B,131.6,,,,,,,flat,limited data 0/6; 0.82% period return
2026-08-03,GLASS & CERAMICS,FRCL,Frontier Ceramics Limited,unknown,4,7,moderate,7 scored members; moderate peer-count confidence,volatility history insufficient,46.31,46.31,v3_quarterly_quality,100,0,6,0,low,,,,50,50,50,22.22,50,40.83,4,5,80,Mar-26,2026-03-31,2026-07-25,scraped_at,125,,12.62,0.77,11.07,-1112,,,,11,30,,unknown,-8.24,-6.52,18.45,156.28,3.79B,1.45K,,,,,,,strong_down,limited data 0/6; -6.52% period return
2026-08-03,GLASS & CERAMICS,GGGL,Ghani Global Glass Limited,unknown,6,7,moderate,7 scored members; moderate peer-count confidence,volatility history insufficient,37.24,37.24,v3_quarterly_quality,100,6,6,100,complete,,,,54.17,33.33,25,61.11,25,46.67,5,5,100,Mar-26,2026-03-31,2026-07-25,scraped_at,125,49.24,4.77,1.08,-3.04,-54.15,,,,11,30,,unknown,-0.77,2.27,60.24,34.78,2.17B,366.62K,16.86,0.74,0.79,0.54,4.51,0,up,2.27% period return; PE 16.86; EPS 0.54; margin 4.51%
2026-08-03,GLASS & CERAMICS,GHGL,Ghani Glass Limited,unknown,1,7,moderate,7 scored members; moderate peer-count confidence,volatility history insufficient,70.06,70.06,v3_quarterly_quality,100,6,6,100,complete,,,,79.17,69.44,50,72.22,75,86,5,5,100,Mar-26,2026-03-31,2026-07-25,scraped_at,125,0.09,15.69,2.75,4.32,-0.02,,,,11,30,,unknown,1.05,1.52,32.61,41.83,39.39B,281.47K,6.34,0.97,0.25,6.21,13.11,5.08,up,strong quality 86 (5/5); 1.52% period return; PE 6.34; EPS 6.21
2026-08-03,GLASS & CERAMICS,GVGL,Ghani Value Glass Limited,unknown,2,7,moderate,7 scored members; moderate peer-count confidence,volatility history insufficient,62.21,62.21,v3_quarterly_quality,100,5,6,83.33,partial,,,,37.5,27.78,87.5,38.89,100,82.5,4,5,80,Mar-26,2026-03-31,2026-07-25,scraped_at,125,,21.2,1.98,13.59,-4.69,,,,11,30,,unknown,-1.56,1.2,36.66,24.03,8.12B,1.59K,8.15,1.61,,6.64,15.54,5.54,up,strong quality 82.5 (4/5); 1.2% period return; PE 8.15; EPS 6.64
2026-08-03,GLASS & CERAMICS,KCL,Karam Ceramics Limited,unknown,5,7,moderate,7 scored members; moderate peer-count confidence,volatility history insufficient,44,44,v3_quarterly_quality,100,0,6,0,low,,,,50,50,50,33.33,50,6.67,5,5,100,Mar-26,2026-03-31,2026-07-25,scraped_at,125,346.72,-948.91,0.47,-22.12,-27.29,,,,11,30,,unknown,-6.45,2.57,34.96,26.07,2.11B,169.33,,,,,,,up,limited data 0/6; weak quality 6.67 (5/5); 2.57% period return
2026-08-03,GLASS & CERAMICS,STCL,Shabbir Tiles & Ceramics Limited,unknown,7,7,moderate,7 scored members; moderate peer-count confidence,volatility history insufficient,33.02,33.02,v3_quarterly_quality,100,6,6,100,complete,,,,20.83,58.33,0,61.11,25,42,5,5,100,Mar-26,2026-03-31,2026-07-25,scraped_at,125,92.83,-42.43,0.92,-12.96,553.79,,,,11,30,,unknown,-2.21,-1.52,75.57,29.24,2.64B,238.97K,-2.74,1.52,0.13,-4.03,-8,0,down,-1.52% period return; PE -2.74; EPS -4.03; margin -8%
2026-08-03,GLASS & CERAMICS,TGL,Tariq Glass Industries Limited,unknown,3,7,moderate,7 scored members; moderate peer-count confidence,volatility history insufficient,59.86,59.86,v3_quarterly_quality,100,6,6,100,complete,,,,58.33,50,87.5,61.11,50,50,2,5,40,Mar-26,2026-03-31,2026-07-25,scraped_at,125,,,,-4.37,-4.33,,,,11,30,,unknown,0.94,1.05,51.89,49.94,33.04B,81.39K,7.84,1.35,0.25,24.49,13.38,3.65,up,1.05% period return; PE 7.84; EPS 24.49; margin 13.38%
2026-08-03,INSURANCE,PAKQATAR,Pak Qatar Family Takaful Limited,unknown,2,2,low,2 scored members; low peer-count confidence,quarterly quality unavailable; volatility history insufficient; small sector peer group,47.69,47.69,v3_quarterly_quality,90,0,6,0,low,,,,25,50,50,66.67,50,,0,5,0,,,,,,,,,,,,,,11,30,,unknown,0.96,-3.77,40.33,37.47,4.83B,438.48K,,,,,,,down,limited data 0/6; -3.77% period return
2026-08-03,INSURANCE,PQGTL,Pak Qatar General Takaful Limited,unknown,1,2,low,2 scored members; low peer-count confidence,quarterly quality unavailable; volatility history insufficient; small sector peer group,52.31,52.31,v3_quarterly_quality,90,0,6,0,low,,,,75,50,50,33.33,50,,0,5,0,,,,,,,,,,,,,,11,30,,unknown,-2.15,0.97,35.9,42.15,1.47B,183.22K,,,,,,,flat,limited data 0/6; 0.97% period return
2026-08-03,INV. BANKS / INV. COS. / SECURITIES COS.,ENGROH,Engro Holdings Limited,unknown,1,1,low,1 scored members; low peer-count confidence,quarterly quality unavailable; volatility history insufficient; small sector peer group,50,50,v3_quarterly_quality,90,5,6,83.33,partial,,,,50,50,50,50,50,,0,5,0,Mar-26,2026-03-31,2026-07-25,scraped_at,125,134.15,39.96,0.88,56.06,200.48,,,,11,30,,unknown,0.14,0.76,8.9,34.33,334.52B,1.06M,5.22,,0.31,53.18,10.18,0,flat,0.76% period return; PE 5.22; EPS 53.18; margin 10.18%
2026-08-03,LEATHER & TANNERIES,BATA,Bata Pakistan Limited,unknown,4,4,low,4 scored members; low peer-count confidence,volatility history insufficient; small sector peer group,17.86,17.86,v3_quarterly_quality,100,6,6,100,complete,,,,8.33,50,0,11.11,0,30,5,5,100,Mar-26,2026-03-31,2026-07-25,scraped_at,125,102.55,-66.17,1.09,-4.6,-414.59,,,,11,30,,unknown,-0.54,-3.66,89.19,5.72,6.99B,1.16K,-2.51,2.32,0.11,-368,-15.26,0,down,weak quality 30 (5/5); -3.66% period return; PE -2.51; EPS -368
2026-08-03,LEATHER & TANNERIES,LEUL,Leather Up Limited,unknown,3,4,low,4 scored members; low peer-count confidence,quarterly quality unavailable; volatility history insufficient; small sector peer group,49.38,49.38,v3_quarterly_quality,90,0,6,0,low,,,,50,50,50,44.44,50,,0,5,0,,,,,,,,,,,,,,11,30,,unknown,-4.6,3.61,67.81,68.13,259.86M,28.98K,,,,,,,up,limited data 0/6; 3.61% period return
2026-08-03,LEATHER & TANNERIES,SGF,Service GlobalFootwear Limited,unknown,2,4,low,4 scored members; low peer-count confidence,volatility history insufficient; small sector peer group,62.5,62.5,v3_quarterly_quality,100,5,6,83.33,partial,,,,50,33.33,75,66.67,100,50,5,5,100,Mar-26,2026-03-31,2026-07-25,scraped_at,125,109.95,28.57,1.04,8.2,189.19,,,,11,30,,unknown,-0.28,-0.5,22.66,61.77,23.88B,46.09K,10.36,2.69,,11.16,12.03,1.73,flat,-0.5% period return; PE 10.36; EPS 11.16; margin 12.03%
2026-08-03,LEATHER & TANNERIES,SRVI,Service Industries Limited,unknown,1,4,low,4 scored members; low peer-count confidence,volatility history insufficient; small sector peer group,70.19,70.19,v3_quarterly_quality,100,6,6,100,complete,,,,91.67,66.67,75,77.78,50,70,5,5,100,Mar-26,2026-03-31,2026-07-25,scraped_at,125,161.89,47.78,1.1,23.48,160.34,,,,11,30,,unknown,0.83,0.9,18.82,83.52,97.44B,11.09K,9.26,3.72,0.09,223.93,6.65,0.84,flat,strong quality 70 (5/5); 0.9% period return; PE 9.26; EPS 223.93
2026-08-03,MISCELLANEOUS,AKGL,Al-Khair Gadoon Limited,unknown,7,11,moderate,11 scored members; moderate peer-count confidence,quarterly quality unavailable; volatility history insufficient,49.26,49.26,v3_quarterly_quality,90,0,6,0,low,,,,70,50,50,13.33,50,,0,5,0,,,,,,,,,,,,,,11,30,,unknown,8.42,8.75,25.64,13.14,543.2M,479.8,,,,,,,strong_up,limited data 0/6; 8.75% period return
2026-08-03,MISCELLANEOUS,ECOP,Ecopack Limited,unknown,1,11,moderate,11 scored members; moderate peer-count confidence,volatility history insufficient,69.36,69.36,v3_quarterly_quality,100,6,6,100,complete,,,,40,88.89,50,63.33,100,48,5,5,100,Mar-26,2026-03-31,2026-07-25,scraped_at,125,70.11,21.56,1.11,-3.15,1.36,,,,11,30,,unknown,0.06,-5.32,58.75,45.74,2.38B,24.61K,6.42,1.31,0.15,7.67,5.37,4.06,strong_down,-5.32% period return; PE 6.42; EPS 7.67; margin 5.37%
2026-08-03,MISCELLANEOUS,GEMPACRA,The Pakistan Credit Rating Agency Ltd,unknown,8,11,moderate,11 scored members; moderate peer-count confidence,quarterly quality unavailable; volatility history insufficient,48.24,48.24,v3_quarterly_quality,90,0,6,0,low,,,,35,50,50,56.67,50,,0,5,0,,,,,,,,,,,,,,11,30,,unknown,-5.9,-9.77,37.06,62.5,2.66B,34.34K,,,,,,,strong_down,limited data 0/6; -9.77% period return
2026-08-03,MISCELLANEOUS,GOC,GOC (Pak) Limited.,unknown,10,11,moderate,11 scored members; moderate peer-count confidence,volatility history insufficient,36.96,36.96,v3_quarterly_quality,100,6,6,100,complete,,,,47.5,33.33,33.33,36.67,33.33,45,4,5,80,Mar-26,2026-03-31,2026-07-25,scraped_at,125,,4.29,8.19,-19.32,-70.87,,,,11,30,,unknown,-7.96,-8.47,27.97,138.48,1.35B,13.04K,44.31,1.88,1.72,4.14,6.12,0.54,strong_down,-8.47% period return; PE 44.31; EPS 4.14; margin 6.12%
2026-08-03,MISCELLANEOUS,MWMP,Mandviwala Mauser Plastic Industries,unknown,9,11,moderate,11 scored members; moderate peer-count confidence,quarterly quality unavailable; volatility history insufficient,47.87,47.87,v3_quarterly_quality,90,0,6,0,low,,,,35,50,50,53.33,50,,0,5,0,,,,,,,,,,,,,,11,30,,unknown,-3.13,-2.38,180.25,88.8,1.75B,28.18K,,,,,,,down,limited data 0/6; -2.38% period return
2026-08-03,MISCELLANEOUS,OML,Olympia Mills Limited,unknown,5,11,moderate,11 scored members; moderate peer-count confidence,quarterly quality unavailable; volatility history insufficient,51.67,51.67,v3_quarterly_quality,90,0,6,0,low,,,,60,50,50,50,50,,0,5,0,,,,,,,,,,,,,,11,30,,unknown,-10.87,24.27,40.06,418.18,1.6B,191.37K,,,,,,,strong_up,limited data 0/6; 24.27% period return
2026-08-03,MISCELLANEOUS,PSEL,Pakistan Services Limited,unknown,11,11,moderate,11 scored members; moderate peer-count confidence,quarterly fundamentals stale; volatility history insufficient,26.29,26.29,v3_quarterly_quality,100,6,6,100,complete,,,,37.5,33.33,16.67,63.33,0,26.67,5,5,100,Mar-25,2025-03-31,2026-07-25,scraped_at,490,24.93,0.37,0.32,26.52,-120.42,,,,11,30,,unknown,2.24,-1.92,83.6,11.45,28.96B,234.8,159.58,0.64,5.34,5.58,1.22,0,down,weak quality 26.67 (5/5); -1.92% period return; PE 159.58; EPS 5.58
2026-08-03,MISCELLANEOUS,SHFA,Shifa International Hospitals Limited,unknown,2,11,moderate,11 scored members; moderate peer-count confidence,volatility history insufficient,66.6,66.6,v3_quarterly_quality,100,6,6,100,complete,,,,57.5,44.44,100,70,66.67,65.33,5,5,100,Mar-26,2026-03-31,2026-07-25,scraped_at,125,13.32,14.19,1.3,11.81,22.07,,,,11,30,,unknown,-1.23,-2.01,18.54,22.38,32.81B,7.08K,12.64,1.98,0.26,41.05,8.72,0.96,down,-2.01% period return; PE 12.64; EPS 41.05; margin 8.72%
2026-08-03,MISCELLANEOUS,UBDL,United Brands Limited,unknown,6,11,moderate,11 scored members; moderate peer-count confidence,volatility history insufficient,50.67,50.67,v3_quarterly_quality,100,0,6,0,low,,,,60,50,50,46.67,50,45,4,5,80,Mar-26,2026-03-31,2026-07-25,scraped_at,125,,20.62,0.68,-78.17,140,,,,11,30,,unknown,-2.62,13.23,28.83,33.83,2.46B,96.45K,,,,,,,strong_up,limited data 0/6; 13.23% period return
2026-08-03,MISCELLANEOUS,UDLI,UDL International Limited,unknown,3,11,moderate,11 scored members; moderate peer-count confidence,quarterly quality unavailable; volatility history insufficient,52.36,52.36,v3_quarterly_quality,90,0,6,0,low,,,,57.5,50,50,60,50,,0,5,0,,,,,,,,,,,,,,11,30,,unknown,-5.02,3.4,37.61,122.98,650.78M,1.71M,,,,,,,up,limited data 0/6; 3.4% period return
2026-08-03,MISCELLANEOUS,UDPL,United Distributors Pakistan Limited,unknown,4,11,moderate,11 scored members; moderate peer-count confidence,volatility history insufficient,51.8,51.8,v3_quarterly_quality,100,0,6,0,low,,,,50,50,50,50,50,68,5,5,100,Mar-26,2026-03-31,2026-07-25,scraped_at,125,8.65,89.11,2.33,-21.87,-11.05,,,,11,30,,unknown,-1.71,-1.75,40.93,59.77,4.23B,2.7K,,,,,,,down,limited data 0/6; -1.75% period return
2026-08-03,MODARABAS,BFMOD,B.F. Modaraba,unknown,13,19,high,19 scored members; high peer-count confidence,quarterly quality unavailable; volatility history insufficient,46.63,46.63,v3_quarterly_quality,90,0,6,0,low,,,,45.83,50,50,25.93,50,,0,5,0,,,,,,,,,,,,,,11,30,,unknown,-1.87,-2.3,76.15,118.1,165.71M,21.54K,,,,,,,down,limited data 0/6; -2.3% period return
2026-08-03,MODARABAS,FANM,First Al-Noor Modaraba,unknown,5,19,high,19 scored members; high peer-count confidence,quarterly quality unavailable; volatility history insufficient,52.49,52.49,v3_quarterly_quality,90,0,6,0,low,,,,62.5,50,50,53.7,50,,0,5,0,,,,,,,,,,,,,,11,30,,unknown,-6.89,14.17,23.35,106.59,202.82M,842.36K,,,,,,,strong_up,limited data 0/6; 14.17% period return
2026-08-03,MODARABAS,FECM,First Elite Capital Modaraba,unknown,9,19,high,19 scored members; high peer-count confidence,quarterly quality unavailable; volatility history insufficient,50.69,50.69,v3_quarterly_quality,90,0,6,0,low,,,,54.17,50,50,50,50,,0,5,0,,,,,,,,,,,,,,11,30,,unknown,1.43,12.57,187.02,69.19,225.44M,32.33K,,,,,,,strong_up,limited data 0/6; 12.57% period return
2026-08-03,MODARABAS,FEM,First Equity Modaraba,unknown,6,19,high,19 scored members; high peer-count confidence,quarterly quality unavailable; volatility history insufficient,51.49,51.49,v3_quarterly_quality,90,0,6,0,low,,,,52.78,50,50,59.26,50,,0,5,0,,,,,,,,,,,,,,11,30,,unknown,-5.3,2.79,54.72,128.8,599.91M,83.13K,,,,,,,up,limited data 0/6; 2.79% period return
2026-08-03,MODARABAS,FFLM,First Fidelity Leasing Modaraba,unknown,8,19,high,19 scored members; high peer-count confidence,quarterly quality unavailable; volatility history insufficient,51.05,51.05,v3_quarterly_quality,90,0,6,0,low,,,,51.39,50,50,57.41,50,,0,5,0,,,,,,,,,,,,,,11,30,,unknown,-2.33,-0.26,80.33,243.18,398.85M,254.64K,,,,,,,flat,limited data 0/6; -0.26% period return
2026-08-03,MODARABAS,FHAM,First Habib Modaraba,unknown,1,19,high,19 scored members; high peer-count confidence,quarterly quality unavailable; volatility history insufficient,77.42,77.42,v3_quarterly_quality,90,6,6,100,complete,,,,63.89,100,87.5,75.93,50,,0,5,0,,,,,,,,,,,,,,11,30,,unknown,0.66,1.29,17.11,29.69,3.74B,8.16K,4.48,0.61,0.11,7.53,17.05,6.67,up,1.29% period return; PE 4.48; EPS 7.53; margin 17.05%
2026-08-03,MODARABAS,FIBLM,First IBL Modaraba,unknown,16,19,high,19 scored members; high peer-count confidence,quarterly quality unavailable; volatility history insufficient,44.96,44.96,v3_quarterly_quality,90,6,6,100,complete,,,,55.56,27.78,75,51.85,25,,0,5,0,,,,,,,,,,,,,,11,30,,unknown,-4.14,13.79,54.87,111.8,311.43M,562.23K,15.33,1.25,0.44,0.94,43.94,0,strong_up,13.79% period return; PE 15.33; EPS 0.94; margin 43.94%
2026-08-03,MODARABAS,FIMM,First Imrooz Modaraba,unknown,15,19,high,19 scored members; high peer-count confidence,quarterly quality unavailable; volatility history insufficient,45.96,45.96,v3_quarterly_quality,90,0,6,0,low,,,,43.06,50,50,24.07,50,,0,5,0,,,,,,,,,,,,,,11,30,,unknown,2.83,0,98.84,15.35,600M,34.25,,,,,,,flat,limited data 0/6; 0% period return
2026-08-03,MODARABAS,FPJM,First Punjab Modaraba,unknown,19,19,high,19 scored members; high peer-count confidence,quarterly quality unavailable; volatility history insufficient,29.37,29.37,v3_quarterly_quality,90,6,6,100,complete,,,,52.78,33.33,0,51.85,25,,0,5,0,,,,,,,,,,,,,,11,30,,unknown,-3.7,-3.35,40.49,152.25,362.99M,735.51K,-3.31,-0.78,0.47,-3.22,-38.72,0,down,-3.35% period return; PE -3.31; EPS -3.22; margin -38.72%
2026-08-03,MODARABAS,FPRM,First Paramount Modaraba,unknown,17,19,high,19 scored members; high peer-count confidence,quarterly quality unavailable; volatility history insufficient,43.7,43.7,v3_quarterly_quality,90,0,6,0,low,,,,20.83,50,50,37.04,50,,0,5,0,,,,,,,,,,,,,,11,30,,unknown,-8.35,-10.05,45.96,25.84,160.5M,119.88K,,,,,,,strong_down,limited data 0/6; -10.05% period return
2026-08-03,MODARABAS,FTMM,First Treet Manufacturing Modaraba,unknown,18,19,high,19 scored members; high peer-count confidence,quarterly quality unavailable; volatility history insufficient,43.03,43.03,v3_quarterly_quality,90,6,6,100,complete,,,,51.39,27.78,25,40.74,75,,0,5,0,,,,,,,,,,,,,,11,30,,unknown,0.19,-1.54,48.16,43.9,3.14B,4.34K,32.34,1.13,-1.44,0.5,2.47,9.36,down,-1.54% period return; PE 32.34; EPS 0.5; margin 2.47%
2026-08-03,MODARABAS,FTSM,First Tri-Star Modaraba,unknown,11,19,high,19 scored members; high peer-count confidence,quarterly quality unavailable; volatility history insufficient,48.35,48.35,v3_quarterly_quality,90,0,6,0,low,,,,38.89,50,50,51.85,50,,0,5,0,,,,,,,,,,,,,,11,30,,unknown,-5.56,-4.83,79.58,175.52,671.72M,67.26K,,,,,,,down,limited data 0/6; -4.83% period return
2026-08-03,MODARABAS,GEMBCEM,Burj Clean Energy Modaraba(GEM),unknown,14,19,high,19 scored members; high peer-count confidence,quarterly quality unavailable; volatility history insufficient,46.53,46.53,v3_quarterly_quality,90,0,6,0,low,,,,40.28,50,50,33.33,50,,0,5,0,,,,,,,,,,,,,,11,30,,unknown,0,-7.92,31.22,14.63,1.1B,750,,,,,,,strong_down,limited data 0/6; -7.92% period return
2026-08-03,MODARABAS,OLPM,OLP Modaraba,unknown,2,19,high,19 scored members; high peer-count confidence,quarterly quality unavailable; volatility history insufficient,70.94,70.94,v3_quarterly_quality,90,6,6,100,complete,,,,63.89,61.11,62.5,64.81,100,,0,5,0,,,,,,,,,,,,,,11,30,,unknown,0,0,3.92,31.58,1.13B,2.9K,7.28,0.85,-1.83,3.44,9.88,10,flat,0% period return; PE 7.28; EPS 3.44; margin 9.88%
2026-08-03,MODARABAS,ORM,Orient Rental Mod,unknown,7,19,high,19 scored members; high peer-count confidence,quarterly quality unavailable; volatility history insufficient,51.26,51.26,v3_quarterly_quality,90,0,6,0,low,,,,51.39,50,50,59.26,50,,0,5,0,,,,,,,,,,,,,,11,30,,unknown,-2.5,12.93,43.5,27.17,877.5M,565.04K,,,,,,,strong_up,limited data 0/6; 12.93% period return
2026-08-03,MODARABAS,PIM,Popular Islamic Modaraba,unknown,12,19,high,19 scored members; high peer-count confidence,quarterly quality unavailable; volatility history insufficient,47.2,47.2,v3_quarterly_quality,90,0,6,0,low,,,,54.17,50,50,18.52,50,,0,5,0,,,,,,,,,,,,,,11,30,,unknown,1.87,-6.82,37.23,41.27,456.6M,1.62K,,,,,,,strong_down,limited data 0/6; -6.82% period return
2026-08-03,MODARABAS,SINDM,Sindh Modaraba,unknown,10,19,high,19 scored members; high peer-count confidence,quarterly quality unavailable; volatility history insufficient,49.46,49.46,v3_quarterly_quality,90,0,6,0,low,,,,54.17,50,50,38.89,50,,0,5,0,,,,,,,,,,,,,,11,30,,unknown,-0.83,5.22,71.88,100,1.08B,14.11K,,,,,,,strong_up,limited data 0/6; 5.22% period return
2026-08-03,MODARABAS,TRSM,Trust Modaraba,unknown,4,19,high,19 scored members; high peer-count confidence,quarterly quality unavailable; volatility history insufficient,53.03,53.03,v3_quarterly_quality,90,0,6,0,low,,,,47.22,50,50,81.48,50,,0,5,0,,,,,,,,,,,,,,11,30,,unknown,-12.75,40.54,229.12,172.12,648.75M,4.08M,,,,,,,strong_up,limited data 0/6; 40.54% period return
2026-08-03,MODARABAS,WASL,Wasl Mobility Modaraba,unknown,3,19,high,19 scored members; high peer-count confidence,quarterly quality unavailable; volatility history insufficient,53.47,53.47,v3_quarterly_quality,90,0,6,0,low,,,,48.61,50,50,83.33,50,,0,5,0,,,,,,,,,,,,,,11,30,,unknown,-12.41,15.53,14.45,0,1.11B,16.54M,,,,,,,strong_up,limited data 0/6; 15.53% period return
2026-08-03,OIL & GAS EXPLORATION COMPANIES,MARI,Mari Energies Limited,unknown,2,3,low,3 scored members; low peer-count confidence,volatility history insufficient; small sector peer group,44.54,44.54,v3_quarterly_quality,100,6,6,100,complete,,,,12.5,33.33,75,33.33,50,60,5,5,100,Mar-26,2026-03-31,2026-07-25,scraped_at,125,3.56,25.08,2.83,6.37,-4.88,,,,11,30,,unknown,-0.69,-0.23,22.03,19.63,782.18B,383.95K,11.41,2.74,0.49,57.11,37.45,4.6,flat,-0.23% period return; PE 11.41; EPS 57.11; margin 37.45%
2026-08-03,OIL & GAS EXPLORATION COMPANIES,OGDC,Oil & Gas Development Company Limited,unknown,1,3,low,3 scored members; low peer-count confidence,volatility history insufficient; small sector peer group,65.83,65.83,v3_quarterly_quality,100,6,6,100,complete,,,,75,33.33,75,50,100,62.5,4,5,80,Mar-26,2026-03-31,2026-07-25,scraped_at,125,,11.26,9.52,-8.45,-7.12,,,,11,30,,unknown,-0.25,0.36,10.31,33.96,1.37T,2.2M,8.82,0.98,0.76,36.17,39.85,5.01,flat,0.36% period return; PE 8.82; EPS 36.17; margin 39.85%
2026-08-03,OIL & GAS EXPLORATION COMPANIES,PPL,Pakistan Petroleum Limited,unknown,3,3,low,3 scored members; low peer-count confidence,volatility history insufficient; small sector peer group,39.88,39.88,v3_quarterly_quality,100,5,6,83.33,partial,,,,62.5,83.33,0,66.67,0,30,5,5,100,Mar-26,2026-03-31,2026-07-25,scraped_at,125,0.21,10.85,4.61,-9.39,-12.05,,,,11,30,,unknown,0.14,0.72,28.59,25.89,602.2B,2.48M,7.63,0.81,,28.99,33.84,3.84,flat,weak quality 30 (5/5); 0.72% period return; PE 7.63; EPS 28.99
2026-08-03,OIL & GAS MARKETING COMPANIES,BPL,Burshane LPG (Pakistan) Limited,unknown,3,7,moderate,7 scored members; moderate peer-count confidence,volatility history insufficient,53.67,53.67,v3_quarterly_quality,100,0,6,0,low,,,,91.67,50,50,22.22,50,52,5,5,100,Mar-26,2026-03-31,2026-07-25,scraped_at,125,69.79,49.16,0.64,74.83,-279.25,,,,11,30,,unknown,4.65,3.33,43.26,182.46,1.27B,81.04K,,,,,,,up,limited data 0/6; 3.33% period return
2026-08-03,OIL & GAS MARKETING COMPANIES,HTL,Hi-Tech Lubricants Limited,unknown,6,7,moderate,7 scored members; moderate peer-count confidence,volatility history insufficient,36.91,36.91,v3_quarterly_quality,100,6,6,100,complete,,,,41.67,27.78,66.67,27.78,0,76,5,5,100,Mar-26,2026-03-31,2026-07-25,scraped_at,125,53.18,8.44,1.04,9.35,187.57,,,,11,30,,unknown,-1.09,0.12,66,29.18,5.58B,243.31K,10.47,0.85,1,3.83,1.49,0,flat,strong quality 76 (5/5); 0.12% period return; PE 10.47; EPS 3.83
2026-08-03,OIL & GAS MARKETING COMPANIES,PSO,Pakistan State Oil Company Limited,unknown,1,7,moderate,7 scored members; moderate peer-count confidence,volatility history insufficient,83.03,83.03,v3_quarterly_quality,100,6,6,100,complete,,,,45.83,100,83.33,88.89,100,56,5,5,100,Mar-26,2026-03-31,2026-07-25,scraped_at,125,128.97,16.66,0.99,-5.67,146.72,,,,11,30,,unknown,1.54,-0.04,45.83,8.55,163.14B,2.24M,3.75,0.56,0.03,92.73,1.35,2.88,flat,-0.04% period return; PE 3.75; EPS 92.73; margin 1.35%
2026-08-03,OIL & GAS MARKETING COMPANIES,SNGP,Sui Northern Gas Pipelines Limited,unknown,2,7,moderate,7 scored members; moderate peer-count confidence,volatility history insufficient,54.64,54.64,v3_quarterly_quality,100,6,6,100,complete,,,,62.5,44.44,50,72.22,66.67,36,5,5,100,Mar-26,2026-03-31,2026-07-25,scraped_at,125,282.41,19.43,0.94,-15.41,-20.88,,,,11,30,,unknown,0.69,-1.5,34.68,27.26,67.15B,1.27M,4.61,0.85,-0.8,22.94,1.17,2.83,down,-1.5% period return; PE 4.61; EPS 22.94; margin 1.17%
2026-08-03,OIL & GAS MARKETING COMPANIES,SPSL,Sitara Petroleum Service Limited,unknown,5,7,moderate,7 scored members; moderate peer-count confidence,quarterly quality unavailable; volatility history insufficient,46.53,46.53,v3_quarterly_quality,90,0,6,0,low,,,,29.17,50,50,50,50,,0,5,0,,,,,,,,,,,,,,11,30,,unknown,-0.83,-7.29,40.67,3.22,28B,2.49M,,,,,,,strong_down,limited data 0/6; -7.29% period return
2026-08-03,OIL & GAS MARKETING COMPANIES,SSGC,Sui Southern Gas Company Limited,unknown,7,7,moderate,7 scored members; moderate peer-count confidence,volatility history insufficient,22.68,22.68,v3_quarterly_quality,100,6,6,100,complete,,,,29.17,16.67,0,66.67,33.33,8,5,5,100,Mar-26,2026-03-31,2026-07-25,scraped_at,125,1118.34,-19.65,0.85,-19,-131.7,,,,11,30,,unknown,-0.27,-10.37,78.29,36.33,22.84B,5.2M,-9.05,1.74,88,-2.87,-0.65,1.93,strong_down,weak quality 8 (5/5); -10.37% period return; PE -9.05; EPS -2.87
2026-08-03,OIL & GAS MARKETING COMPANIES,WAFI,Wafi Energy Pakistan Limited,unknown,4,7,moderate,7 scored members; moderate peer-count confidence,volatility history insufficient,49.42,49.42,v3_quarterly_quality,100,0,6,0,low,,,,50,50,50,22.22,50,72,5,5,100,Mar-26,2026-03-31,2026-07-25,scraped_at,125,63.31,19.5,0.96,20.02,25.38,,,,11,30,,unknown,1.88,-2.7,45,8.67,38.38B,38.74K,,,,,,,down,limited data 0/6; strong quality 72 (5/5); -2.7% period return
2026-08-03,"PAPER, BOARD & PACKAGING",CEPB,Century Paper & Board Mills Limited,unknown,10,10,moderate,10 scored members; moderate peer-count confidence,volatility history insufficient,36.36,36.36,v3_quarterly_quality,100,6,6,100,complete,,,,50,41.67,12.5,70.37,25,39.05,5,5,100,Mar-26,2026-03-31,2026-07-25,scraped_at,125,80.66,-6.04,1.32,0.35,2980.77,,,,11,30,,unknown,1.93,3.07,58.09,20.13,11.87B,385.19K,-15.81,0.91,1.01,-1.87,-1.96,0,up,3.07% period return; PE -15.81; EPS -1.87; margin -1.96%
2026-08-03,"PAPER, BOARD & PACKAGING",CPPL,Cherat Packaging Limited,unknown,4,10,moderate,10 scored members; moderate peer-count confidence,volatility history insufficient,58.73,58.73,v3_quarterly_quality,100,6,6,100,complete,,,,41.67,52.5,50,66.67,87.5,51.9,5,5,100,Mar-26,2026-03-31,2026-07-25,scraped_at,125,44.82,0.82,1.72,10.36,-82.59,,,,11,30,,unknown,-1.85,-6.43,25.36,54.51,4.91B,152.55K,66.76,0.57,-5.11,1.5,0.52,3,strong_down,-6.43% period return; PE 66.76; EPS 1.5; margin 0.52%
2026-08-03,"PAPER, BOARD & PACKAGING",GEMPAPL,Pak Agro Packaging Limited(GEM),unknown,7,10,moderate,10 scored members; moderate peer-count confidence,quarterly quality unavailable; volatility history insufficient,40.64,40.64,v3_quarterly_quality,90,0,6,0,low,,,,0,50,50,40.74,50,,0,5,0,,,,,,,,,,,,,,11,30,,unknown,-2.14,-10.47,80.61,16.89,210.4M,26.01K,,,,,,,strong_down,limited data 0/6; -10.47% period return
2026-08-03,"PAPER, BOARD & PACKAGING",IPAK,International Packaging Films Limited,unknown,3,10,moderate,10 scored members; moderate peer-count confidence,volatility history insufficient,59.94,59.94,v3_quarterly_quality,100,5,6,83.33,partial,,,,86.11,36.67,75,66.67,50,61.9,3,5,60,Mar-26,2026-03-31,2026-07-25,scraped_at,125,,13.68,,16.65,-393.74,,,,11,30,,unknown,-0.61,4.54,1.82,77.55,27.44B,235.08K,9.8,2.14,,3.81,7.22,1.53,up,4.54% period return; PE 9.8; EPS 3.81; margin 7.22%
2026-08-03,"PAPER, BOARD & PACKAGING",MACFL,MACPAC Films Limited,unknown,5,10,moderate,10 scored members; moderate peer-count confidence,volatility history insufficient,49.63,49.63,v3_quarterly_quality,100,6,6,100,complete,,,,94.44,17.5,62.5,51.85,37.5,59.05,5,5,100,Mar-26,2026-03-31,2026-07-25,scraped_at,125,39.64,5.7,1.14,10.84,50.59,,,,11,30,,unknown,4.57,5.46,22.68,263.22,4.2B,84.98K,33.26,1.81,7.57,2.13,1.96,0.71,strong_up,5.46% period return; PE 33.26; EPS 2.13; margin 1.96%
2026-08-03,"PAPER, BOARD & PACKAGING",MERIT,Merit Packaging Limited,unknown,9,10,moderate,10 scored members; moderate peer-count confidence,volatility history insufficient,39.48,39.48,v3_quarterly_quality,100,6,6,100,complete,,,,52.78,70.83,12.5,25.93,25,37.62,5,5,100,Mar-26,2026-03-31,2026-07-25,scraped_at,125,21.64,-14.33,1.23,-43.52,23.67,,,,11,30,,unknown,0.1,0.31,49.75,38.17,1.96B,64.33K,-5.61,0.83,0.01,-1.75,-10.52,0,flat,0.31% period return; PE -5.61; EPS -1.75; margin -10.52%
2026-08-03,"PAPER, BOARD & PACKAGING",PKGS,Packages Limited,unknown,8,10,moderate,10 scored members; moderate peer-count confidence,volatility history insufficient,39.86,39.86,v3_quarterly_quality,100,6,6,100,complete,,,,44.44,45.83,12.5,44.44,62.5,22.86,5,5,100,Mar-26,2026-03-31,2026-07-25,scraped_at,125,152.24,1.56,0.97,8.46,-173.62,,,,11,30,,unknown,-1.47,0.3,7.1,30.65,71.35B,2.75K,-84.65,1.09,-3.62,-9.43,-0.43,2,flat,weak quality 22.86 (5/5); 0.3% period return; PE -84.65; EPS -9.43
2026-08-03,"PAPER, BOARD & PACKAGING",PPP,Pakistan Paper Products Limited,unknown,1,10,moderate,10 scored members; moderate peer-count confidence,quarterly quality unavailable; volatility history insufficient,74.59,74.59,v3_quarterly_quality,90,6,6,100,complete,,,,44.44,75,93.75,29.63,100,,0,5,0,,,,,,,,,,,,,,11,30,,unknown,-0.75,-1.83,57.14,46.15,1.06B,2.37K,7.53,0.59,0.3,17.67,7.84,3.76,down,-1.83% period return; PE 7.53; EPS 17.67; margin 7.84%
2026-08-03,"PAPER, BOARD & PACKAGING",RPL,Roshan Packages Limited,unknown,6,10,moderate,10 scored members; moderate peer-count confidence,volatility history insufficient,44,44,v3_quarterly_quality,100,6,6,100,complete,,,,52.78,50,37.5,55.56,25,55.24,5,5,100,Mar-26,2026-03-31,2026-07-25,scraped_at,125,24.14,0.17,1.51,13.02,-85.15,,,,11,30,,unknown,-0.89,1.45,49.64,39.5,2.38B,294.14K,132.86,0.27,-35.63,0.13,0.16,0,up,1.45% period return; PE 132.86; EPS 0.13; margin 0.16%
2026-08-03,"PAPER, BOARD & PACKAGING",SPEL,SPEL Limited,unknown,2,10,moderate,10 scored members; moderate peer-count confidence,volatility history insufficient,67.76,67.76,v3_quarterly_quality,100,6,6,100,complete,,,,33.33,60,93.75,62.96,75,77.14,5,5,100,Mar-26,2026-03-31,2026-07-25,scraped_at,125,10.93,19.23,3.26,3.92,16.01,,,,11,30,,unknown,-0.99,-1.6,73.78,46,9.6B,757.91K,7.54,1.43,0.17,6.37,13,2.5,down,strong quality 77.14 (5/5); -1.6% period return; PE 7.54; EPS 6.37
2026-08-03,PHARMACEUTICALS,ABOT,Abbott Laboratories (Pakistan) Limited,unknown,4,14,moderate,14 scored members; moderate peer-count confidence,volatility history insufficient,62.58,62.58,v3_quarterly_quality,100,6,6,100,complete,,,,42.31,64.85,77.27,48.72,63.64,69.64,5,5,100,Mar-26,2026-03-31,2026-07-25,scraped_at,125,1.55,27.67,2.21,9.01,56.29,,,,11,30,,unknown,0.81,-2.48,40.6,12.97,90.8B,8.94K,10.93,2.7,0.6,84.85,10.97,4.31,down,-2.48% period return; PE 10.93; EPS 84.85; margin 10.97%
2026-08-03,PHARMACEUTICALS,AGP,AGP Limited,unknown,6,14,moderate,14 scored members; moderate peer-count confidence,quarterly quality unavailable; volatility history insufficient,51.93,51.93,v3_quarterly_quality,90,6,6,100,complete,,,,32.69,53.94,50,74.36,54.55,,0,5,0,,,,,,,,,,,,,,11,30,,unknown,-1.47,-2.41,35.33,17.26,53.52B,165.14K,14.25,3.28,0.26,13.41,13.14,4.19,down,-2.41% period return; PE 14.25; EPS 13.41; margin 13.14%
2026-08-03,PHARMACEUTICALS,BFBIO,BF Biosciences Limited,unknown,8,14,moderate,14 scored members; moderate peer-count confidence,volatility history insufficient,47.56,47.56,v3_quarterly_quality,100,0,6,0,low,,,,26.92,50,50,53.85,50,56.36,5,5,100,Mar-26,2026-03-31,2026-07-25,scraped_at,125,34.92,12.13,1.99,78.75,52.17,,,,11,30,,unknown,-0.72,-2.07,47.26,4.03,11.4B,133.75K,,,,,,,down,limited data 0/6; -2.07% period return
2026-08-03,PHARMACEUTICALS,CPHL,Citi Pharma Ltd.,unknown,7,14,moderate,14 scored members; moderate peer-count confidence,volatility history insufficient,50.11,50.11,v3_quarterly_quality,100,5,6,83.33,partial,,,,40.38,56.06,27.27,79.49,72.73,20.91,5,5,100,Mar-26,2026-03-31,2026-07-25,scraped_at,125,34.39,10.07,1.28,6.68,32.01,,,,11,30,,unknown,-0.77,-0.74,40.39,7.23,16.97B,209.37K,15.47,1.55,,4.8,7.92,4.71,flat,weak quality 20.91 (5/5); -0.74% period return; PE 15.47; EPS 4.8
2026-08-03,PHARMACEUTICALS,FEROZ,Ferozsons Laboratories Limited,unknown,9,14,moderate,14 scored members; moderate peer-count confidence,volatility history insufficient,44.56,44.56,v3_quarterly_quality,100,6,6,100,complete,,,,65.38,49.39,22.73,51.28,27.27,72.73,2,5,40,Mar-26,2026-03-31,2026-07-25,scraped_at,125,,,,24.85,36.19,,,,11,30,,unknown,-1.78,0.39,22.43,32.41,16.86B,17.54K,17.91,1.3,0.79,21.66,4.15,1.03,flat,0.39% period return; PE 17.91; EPS 21.66; margin 4.15%
2026-08-03,PHARMACEUTICALS,GLAXO,GlaxoSmithKline Pakistan Limited,unknown,1,14,moderate,14 scored members; moderate peer-count confidence,volatility history insufficient,75.73,75.73,v3_quarterly_quality,100,6,6,100,complete,,,,59.62,84.85,81.82,64.1,81.82,64.36,5,5,100,Mar-26,2026-03-31,2026-07-25,scraped_at,125,1.13,32.59,2.14,10.13,29.79,,,,11,30,,unknown,0.14,-2.03,31.22,19.59,111.62B,126.6K,10.62,3.08,0.17,33,15.6,4.85,down,-2.03% period return; PE 10.62; EPS 33; margin 15.6%
2026-08-03,PHARMACEUTICALS,HALEON,Haleon Pakistan Limited,unknown,5,14,moderate,14 scored members; moderate peer-count confidence,volatility history insufficient,58.89,58.89,v3_quarterly_quality,100,6,6,100,complete,,,,71.15,51.21,81.82,48.72,45.45,50.91,5,5,100,Mar-26,2026-03-31,2026-07-25,scraped_at,125,1.78,46.61,1.51,8.63,24.12,,,,11,30,,unknown,0.99,0.78,31.94,16.87,89.61B,22.42K,13.68,6.15,0.19,55.96,15.35,3.92,flat,0.78% period return; PE 13.68; EPS 55.96; margin 15.35%
2026-08-03,PHARMACEUTICALS,HINOON,Highnoon Laboratories Limited,unknown,2,14,moderate,14 scored members; moderate peer-count confidence,volatility history insufficient,67.76,67.76,v3_quarterly_quality,100,6,6,100,complete,,,,61.54,50,81.82,61.54,90.91,53.27,5,5,100,Mar-26,2026-03-31,2026-07-25,scraped_at,125,4.4,33.44,3.01,7.98,22.1,,,,11,30,,unknown,-1.17,-0.18,26.84,29.49,51.84B,17.87K,12.94,3.5,0.31,75.63,14.32,5.11,flat,-0.18% period return; PE 12.94; EPS 75.63; margin 14.32%
2026-08-03,PHARMACEUTICALS,HPL,Hoechst Pakistan Limited,unknown,3,14,moderate,14 scored members; moderate peer-count confidence,volatility history insufficient,67.36,67.36,v3_quarterly_quality,100,6,6,100,complete,,,,63.46,56.67,77.27,20.51,100,61.64,5,5,100,Mar-26,2026-03-31,2026-07-25,scraped_at,125,3.62,38.81,1.62,10.74,48.22,,,,11,30,,unknown,-0.85,-0.91,22.47,36.48,38.51B,334.4,12.59,4.33,0.28,317.04,9.84,6.01,flat,-0.91% period return; PE 12.59; EPS 317.04; margin 9.84%
2026-08-03,PHARMACEUTICALS,IBLHL,IBL HealthCare Limited,unknown,14,14,moderate,14 scored members; moderate peer-count confidence,volatility history insufficient,28.29,28.29,v3_quarterly_quality,100,6,6,100,complete,,,,46.15,30.61,9.09,38.46,18.18,44.18,5,5,100,Mar-26,2026-03-31,2026-07-25,scraped_at,125,15.82,10,1.99,25.72,-702.5,,,,11,30,,unknown,0.39,-4.62,74.47,36.64,4.85B,88.31K,20.16,1.95,5.21,2.44,5.36,0,down,-4.62% period return; PE 20.16; EPS 2.44; margin 5.36%
2026-08-03,PHARMACEUTICALS,LIVEN,Liven Pharma Limited,unknown,10,14,moderate,14 scored members; moderate peer-count confidence,quarterly quality unavailable; volatility history insufficient,43.84,43.84,v3_quarterly_quality,90,0,6,0,low,,,,32.69,50,50,20.51,50,,0,5,0,,,,,,,,,,,,,,11,30,,unknown,-0.2,-2.56,108.35,28.36,4.04B,40.65K,,,,,,,down,limited data 0/6; -2.56% period return
2026-08-03,PHARMACEUTICALS,MACTER,Macter International Limited,unknown,12,14,moderate,14 scored members; moderate peer-count confidence,volatility history insufficient,38.2,38.2,v3_quarterly_quality,100,6,6,100,complete,,,,32.69,44.24,31.82,43.59,36.36,42.36,5,5,100,Mar-26,2026-03-31,2026-07-25,scraped_at,125,22.38,19.08,1.87,21.11,21.26,,,,11,30,,unknown,-0.35,-0.93,58.39,9.76,12.83B,6.21K,15.73,3.18,0.29,17.8,6.82,1.36,flat,-0.93% period return; PE 15.73; EPS 17.8; margin 6.82%
2026-08-03,PHARMACEUTICALS,OTSU,Otsuka Pakistan Limited,unknown,11,14,moderate,14 scored members; moderate peer-count confidence,volatility history insufficient,38.85,38.85,v3_quarterly_quality,100,6,6,100,complete,,,,75,27.88,50,23.08,18.18,46.91,5,5,100,Mar-26,2026-03-31,2026-07-25,scraped_at,125,113.36,38.63,1.1,12.37,957.58,,,,11,30,,unknown,-2.63,1.61,9.79,60.02,4.94B,5.08K,14.18,4.59,1.88,28.78,8.39,0,up,1.61% period return; PE 14.18; EPS 28.78; margin 8.39%
2026-08-03,PHARMACEUTICALS,SEARL,The Searle Company Limited,unknown,13,14,moderate,14 scored members; moderate peer-count confidence,volatility history insufficient,31.78,31.78,v3_quarterly_quality,100,6,6,100,complete,,,,50,27.27,9.09,89.74,18.18,30.36,5,5,100,Mar-26,2026-03-31,2026-07-25,scraped_at,125,22.68,3.57,1.7,23.62,-158.27,,,,11,30,,unknown,-0.18,-0.74,51.3,18.95,53.43B,1.47M,44.61,1.55,183.59,2.04,6.01,0,flat,-0.74% period return; PE 44.61; EPS 2.04; margin 6.01%
2026-08-03,POWER GENERATION & DISTRIBUTION,EPQL,Engro Powergen Qadirpur Limited,unknown,2,7,moderate,7 scored members; moderate peer-count confidence,volatility history insufficient,59.47,59.47,v3_quarterly_quality,100,6,6,100,complete,,,,58.33,50,33.33,55.56,100,60,5,5,100,Mar-26,2026-03-31,2026-07-25,scraped_at,125,17.52,5.12,1.48,-9.89,-68.99,,,,11,30,,unknown,1.45,3.98,31.36,19.42,8.62B,1.04M,11.94,0.75,-4.22,2.23,5.69,44.12,up,3.98% period return; PE 11.94; EPS 2.23; margin 5.69%
2026-08-03,POWER GENERATION & DISTRIBUTION,GEMMEL,Mughal Energy Limited(GEM),unknown,4,7,moderate,7 scored members; moderate peer-count confidence,quarterly quality unavailable; volatility history insufficient,50.39,50.39,v3_quarterly_quality,90,0,6,0,low,,,,70.83,50,50,22.22,50,,0,5,0,,,,,,,,,,,,,,11,30,,unknown,10.98,9.99,43.38,42.41,5.28B,504,,,,,,,strong_up,limited data 0/6; 9.99% period return
2026-08-03,POWER GENERATION & DISTRIBUTION,HUBC,The Hub Power Company Limited,unknown,1,7,moderate,7 scored members; moderate peer-count confidence,volatility history insufficient,69.54,69.54,v3_quarterly_quality,100,6,6,100,complete,,,,62.5,50,100,83.33,66.67,60,5,5,100,Mar-26,2026-03-31,2026-07-25,scraped_at,125,30.86,20.57,1.55,-30.45,-14.03,,,,11,30,,unknown,-0.5,0.82,13.69,44.66,285.23B,2.06M,6.35,1.26,-5.02,34.65,63.41,11.37,flat,0.82% period return; PE 6.35; EPS 34.65; margin 63.41%
2026-08-03,POWER GENERATION & DISTRIBUTION,KEL,K-Electric Limited,unknown,7,7,moderate,7 scored members; moderate peer-count confidence,quarterly fundamentals stale; volatility history insufficient,28.75,28.75,v3_quarterly_quality,100,5,6,83.33,partial,,,,58.33,16.67,0,66.67,33.33,25,5,5,100,Jun-24,2024-06-30,2026-07-25,scraped_at,764,235.41,3.69,0.7,18.38,-113.36,,,,11,30,,unknown,-0.14,-0.68,31.23,48.68,201.59B,12.79M,17.51,1.75,,0.42,2.19,0,flat,weak quality 25 (5/5); -0.68% period return; PE 17.51; EPS 0.42
2026-08-03,POWER GENERATION & DISTRIBUTION,KOHE,Kohinoor Energy Limited,unknown,3,7,moderate,7 scored members; moderate peer-count confidence,volatility history insufficient,57.42,57.42,v3_quarterly_quality,100,6,6,100,complete,,,,41.67,83.33,66.67,33.33,33.33,70,5,5,100,Mar-26,2026-03-31,2026-07-25,scraped_at,125,17.97,15.65,2.79,-19.16,-26.43,,,,11,30,,unknown,0.45,-0.19,51.26,25.95,2.63B,85.97K,3.94,0.58,-0.37,3.94,15.83,0,flat,strong quality 70 (5/5); -0.19% period return; PE 3.94; EPS 3.94
2026-08-03,POWER GENERATION & DISTRIBUTION,SEL,Sitara Energy Limited,unknown,6,7,moderate,7 scored members; moderate peer-count confidence,volatility history insufficient,43.78,43.78,v3_quarterly_quality,100,0,6,0,low,,,,33.33,50,50,27.78,50,35,5,5,100,Mar-26,2026-03-31,2026-07-25,scraped_at,125,28.58,27,1.02,-88.02,-760,,,,11,30,,unknown,-2.1,-5.87,60.42,155.86,542.21M,6.69K,,,,,,,strong_down,limited data 0/6; -5.87% period return
2026-08-03,POWER GENERATION & DISTRIBUTION,SGPL,S.G. Power Limited,unknown,5,7,moderate,7 scored members; moderate peer-count confidence,quarterly quality unavailable; volatility history insufficient,47.69,47.69,v3_quarterly_quality,90,0,6,0,low,,,,25,50,50,66.67,50,,0,5,0,,,,,,,,,,,,,,11,30,,unknown,-5.03,-27.01,81.2,889.31,1.27B,2.52M,,,,,,,strong_down,limited data 0/6; -27.01% period return
2026-08-03,PROPERTY,BRRG,B.R.R Guardian Limited,unknown,2,2,low,2 scored members; low peer-count confidence,quarterly quality unavailable; volatility history insufficient; small sector peer group,48.15,48.15,v3_quarterly_quality,90,0,6,0,low,,,,50,50,50,33.33,50,,0,5,0,,,,,,,,,,,,,,11,30,,unknown,-2.04,0,12.02,74.36,4.56B,4.72K,,,,,,,flat,limited data 0/6; 0% period return
2026-08-03,PROPERTY,JVDC,Javedan Corporation Limited,unknown,1,2,low,2 scored members; low peer-count confidence,quarterly quality unavailable; volatility history insufficient; small sector peer group,55.56,55.56,v3_quarterly_quality,90,6,6,100,complete,,,,50,50,50,100,50,,0,5,0,Mar-26,2026-03-31,2026-07-25,scraped_at,125,24.84,15.4,1.62,54.82,68.62,,,,11,30,,unknown,-0.76,-0.19,13.5,121.66,55B,499.12K,13.54,1.98,-0.01,10.67,38.34,3.46,flat,-0.19% period return; PE 13.54; EPS 10.67; margin 38.34%
2026-08-03,REAL ESTATE INVESTMENT TRUST,DCR,Dolmen City REIT,unknown,2,4,low,4 scored members; low peer-count confidence,quarterly quality unavailable; volatility history insufficient; small sector peer group,49.23,49.23,v3_quarterly_quality,90,5,6,83.33,partial,,,,41.67,50,50,55.56,50,,0,5,0,,,,,,,,,,,,,,11,30,,unknown,-0.26,-1.61,10.58,35,84.06B,226.89K,16.36,1.1,,2.31,78.71,6.83,down,-1.61% period return; PE 16.36; EPS 2.31; margin 78.71%
2026-08-03,REAL ESTATE INVESTMENT TRUST,IREIT,Image Reit,unknown,4,4,low,4 scored members; low peer-count confidence,quarterly quality unavailable; volatility history insufficient; small sector peer group,45.37,45.37,v3_quarterly_quality,90,0,6,0,low,,,,33.33,50,50,33.33,50,,0,5,0,,,,,,,,,,,,,,11,30,,unknown,0.12,-0.25,61.91,11.02,2.22B,134.4K,,,,,,,flat,limited data 0/6; -0.25% period return
2026-08-03,REAL ESTATE INVESTMENT TRUST,SRR,Signature Residency Reit,unknown,3,4,low,4 scored members; low peer-count confidence,quarterly quality unavailable; volatility history insufficient; small sector peer group,46.91,46.91,v3_quarterly_quality,90,0,6,0,low,,,,50,50,50,22.22,50,,0,5,0,,,,,,,,,,,,,,11,30,,unknown,0.98,0.98,27.89,7.6,541.86M,34.47K,,,,,,,flat,limited data 0/6; 0.98% period return
2026-08-03,REAL ESTATE INVESTMENT TRUST,TPLRF1,TPL REIT Fund I,unknown,1,4,low,4 scored members; low peer-count confidence,quarterly quality unavailable; volatility history insufficient; small sector peer group,58.49,58.49,v3_quarterly_quality,90,0,6,0,low,,,,75,50,50,88.89,50,,0,5,0,,,,,,,,,,,,,,11,30,,unknown,4.16,4.26,74.81,40.27,19.3B,5.8M,,,,,,,up,limited data 0/6; 4.26% period return
2026-08-03,REFINERY,ATRL,Attock Refinery Limited,unknown,1,4,low,4 scored members; low peer-count confidence,volatility history insufficient; small sector peer group,63.19,63.19,v3_quarterly_quality,100,6,6,100,complete,,,,25,27.78,100,66.67,100,58.33,4,5,80,Mar-26,2026-03-31,2026-07-25,scraped_at,125,,13.37,1.96,-12.38,148.1,,,,11,30,,unknown,0.23,8.23,3.16,63.16,103.87B,856.61K,5.4,0.61,-0.01,180.56,6.62,0.77,strong_up,8.23% period return; PE 5.4; EPS 180.56; margin 6.62%
2026-08-03,REFINERY,CNERGY,Cnergyico PK  Limited,unknown,3,4,low,4 scored members; low peer-count confidence,volatility history insufficient; small sector peer group,51.53,51.53,v3_quarterly_quality,100,6,6,100,complete,,,,58.33,55.56,33.33,55.56,66.67,33.33,5,5,100,Mar-26,2026-03-31,2026-07-25,scraped_at,125,11.58,7.14,0.78,11.87,-2235.8,,,,11,30,,unknown,1.28,13.15,3.42,89.1,60.98B,95.97M,3.99,0.27,0.07,2.78,4.49,0,strong_up,13.15% period return; PE 3.99; EPS 2.78; margin 4.49%
2026-08-03,REFINERY,NRL,National Refinery Limited,unknown,4,4,low,4 scored members; low peer-count confidence,volatility history insufficient; small sector peer group,49.22,49.22,v3_quarterly_quality,100,6,6,100,complete,,,,33.33,66.67,33.33,22.22,66.67,53.33,5,5,100,Mar-26,2026-03-31,2026-07-25,scraped_at,125,114.88,16.31,0.82,25.2,-138.19,,,,11,30,,unknown,0.93,12.75,6.78,94.4,35.75B,1.81M,4.11,0.6,0.01,108.68,2.33,0,strong_up,12.75% period return; PE 4.11; EPS 108.68; margin 2.33%
2026-08-03,REFINERY,PRL,Pakistan Refinery Limited,unknown,2,4,low,4 scored members; low peer-count confidence,volatility history insufficient; small sector peer group,56.22,56.22,v3_quarterly_quality,100,6,6,100,complete,,,,83.33,50,33.33,55.56,66.67,56.67,5,5,100,Mar-26,2026-03-31,2026-07-25,scraped_at,125,99.64,39.5,1.08,-0.34,-307.08,,,,11,30,,unknown,3.54,42.23,4.05,173.36,39.95B,25.27M,3.33,1.03,0.02,19.07,3.89,0,strong_up,42.23% period return; PE 3.33; EPS 19.07; margin 3.89%
2026-08-03,SUGAR & ALLIED INDUSTRIES,ADAMS,Adam Sugar Mills Limited,unknown,9,18,high,18 scored members; high peer-count confidence,quarterly quality unavailable; volatility history insufficient,52.83,52.83,v3_quarterly_quality,90,6,6,100,complete,,,,35.29,60,26.47,31.37,94.12,,0,5,0,,,,,,,,,,,,,,11,30,,unknown,-0.12,-3.27,40.38,13.21,1.12B,5.31K,-10.93,0.18,1.02,-5.93,-1.01,6.17,down,-3.27% period return; PE -10.93; EPS -5.93; margin -1.01%
2026-08-03,SUGAR & ALLIED INDUSTRIES,ALNRS,Al-Noor Sugar Mills Limited,unknown,7,18,high,18 scored members; high peer-count confidence,volatility history insufficient,56.1,56.1,v3_quarterly_quality,100,6,6,100,complete,,,,64.71,53.21,47.06,37.25,70.59,58.33,5,5,100,Mar-26,2026-03-31,2026-07-25,scraped_at,125,119.02,3.99,1.09,-10.22,-88.21,,,,11,30,,unknown,3.98,-5.39,12.6,55.96,2.62B,2.51K,15.62,0.37,-5.35,8.19,0.99,3.13,strong_down,-5.39% period return; PE 15.62; EPS 8.19; margin 0.99%
2026-08-03,SUGAR & ALLIED INDUSTRIES,BAFS,Baba Farid Sugar Mills Limited,unknown,12,18,high,18 scored members; high peer-count confidence,volatility history insufficient,46.71,46.71,v3_quarterly_quality,100,6,6,100,complete,,,,97.06,35.29,17.65,47.06,52.94,45,5,5,100,Mar-26,2026-03-31,2026-07-25,scraped_at,125,175.49,35.06,1.02,-14.78,-249.48,,,,11,30,,unknown,9.16,46.05,3.81,349.03,5.78B,8.59K,-54.38,3.18,-30.51,-11.24,-2.1,0.33,strong_up,46.05% period return; PE -54.38; EPS -11.24; margin -2.1%
2026-08-03,SUGAR & ALLIED INDUSTRIES,CHAS,Chashma Sugar Mills Limited,unknown,13,18,high,18 scored members; high peer-count confidence,volatility history insufficient,43.96,43.96,v3_quarterly_quality,100,6,6,100,complete,,,,52.94,62.75,5.88,60.78,47.06,36.67,5,5,100,Mar-26,2026-03-31,2026-07-25,scraped_at,125,213.15,-12.74,0.81,4.75,-64.43,,,,11,30,,unknown,8.16,-10.42,64.91,73.75,2.79B,123.11K,-1.69,0.27,-0.13,-57.51,-5.08,0,strong_down,-10.42% period return; PE -1.69; EPS -57.51; margin -5.08%
2026-08-03,SUGAR & ALLIED INDUSTRIES,FRSM,Faran Sugar Mills Limited,unknown,8,18,high,18 scored members; high peer-count confidence,volatility history insufficient,55.55,55.55,v3_quarterly_quality,100,6,6,100,complete,,,,25,81.28,70.59,41.18,47.06,38.33,5,5,100,Jun-26,2026-06-30,2026-07-25,scraped_at,34,225.64,17.99,0.67,5.98,-170.27,,,,11,30,,unknown,-1.16,-11.24,45.96,27.09,1.72B,4.74K,4.33,0.78,0.01,10.05,3.35,0,strong_down,-11.24% period return; PE 4.33; EPS 10.05; margin 3.35%
2026-08-03,SUGAR & ALLIED INDUSTRIES,HRPL,Habib Rice Product Limited.,unknown,16,18,high,18 scored members; high peer-count confidence,quarterly quality unavailable; volatility history insufficient,39.35,39.35,v3_quarterly_quality,90,6,6,100,complete,,,,36.76,49.8,14.71,50.98,47.06,,0,5,0,,,,,,,,,,,,,,11,30,,unknown,-1.36,4.74,76.19,27.2,840M,141.51K,-6.8,1.13,0.29,-3.09,-5.61,0,up,4.74% period return; PE -6.8; EPS -3.09; margin -5.61%
2026-08-03,SUGAR & ALLIED INDUSTRIES,JDWS,JDW Sugar Mills Limited,unknown,2,18,high,18 scored members; high peer-count confidence,volatility history insufficient,70.15,70.15,v3_quarterly_quality,100,6,6,100,complete,,,,45.59,58.75,97.06,49.02,88.24,66.67,5,5,100,Mar-26,2026-03-31,2026-07-25,scraped_at,125,172.13,27.39,1.09,-6.4,23.88,,,,11,30,,unknown,-0.03,-4.69,12.42,16.32,52.42B,3.6K,5.59,1.39,0.19,162.29,7.18,5.51,down,-4.69% period return; PE 5.59; EPS 162.29; margin 7.18%
2026-08-03,SUGAR & ALLIED INDUSTRIES,JSML,Jauharabad Sugar Mills Limited,unknown,10,18,high,18 scored members; high peer-count confidence,quarterly quality unavailable; volatility history insufficient,52.58,52.58,v3_quarterly_quality,90,6,6,100,complete,,,,54.41,50.77,50,70.59,47.06,,0,5,0,,,,,,,,,,,,,,11,30,,unknown,8.47,2.28,129.5,46.07,2.19B,71.05K,16.45,0.23,0.76,3.91,1.36,0,up,2.28% period return; PE 16.45; EPS 3.91; margin 1.36%
2026-08-03,SUGAR & ALLIED INDUSTRIES,KPUS,Khairpur Sugar Mills Limited,unknown,18,18,high,18 scored members; high peer-count confidence,volatility history insufficient,31.84,31.84,v3_quarterly_quality,100,6,6,100,complete,,,,27.94,0,47.06,54.9,47.06,33.33,5,5,100,Mar-26,2026-03-31,2026-07-25,scraped_at,125,86.3,1.86,1.07,-23.97,-357.14,,,,11,30,,unknown,-2.65,-39.14,150.23,889.44,18.24B,21.99K,200.49,4.55,7.77,5.68,1.21,0,strong_down,-39.14% period return; PE 200.49; EPS 5.68; margin 1.21%
2026-08-03,SUGAR & ALLIED INDUSTRIES,MIRKS,Mirpurkhas Sugar Mills Limited,unknown,15,18,high,18 scored members; high peer-count confidence,volatility history insufficient,42.32,42.32,v3_quarterly_quality,100,6,6,100,complete,,,,48.53,47.06,14.71,72.55,47.06,36.67,5,5,100,Mar-26,2026-03-31,2026-07-25,scraped_at,125,400.65,0.11,0.83,6.42,-100.15,,,,11,30,,unknown,0.52,-8.31,36.63,46.18,2.17B,76.42K,-5.27,0.87,-0.1,-6.18,-3.48,0,strong_down,-8.31% period return; PE -5.27; EPS -6.18; margin -3.48%
2026-08-03,SUGAR & ALLIED INDUSTRIES,MRNS,Mehran Sugar Mills Limited,unknown,1,18,high,18 scored members; high peer-count confidence,volatility history insufficient,74.67,74.67,v3_quarterly_quality,100,5,6,83.33,partial,,,,44.12,61.76,91.18,80.39,100,63.33,5,5,100,Mar-26,2026-03-31,2026-07-25,scraped_at,125,64.9,36.16,1.38,-17.92,-317.43,,,,11,30,,unknown,0.87,0.21,47.98,21.43,4.76B,98.02K,2.87,1.02,,22.15,14.35,10.23,flat,0.21% period return; PE 2.87; EPS 22.15; margin 14.35%
2026-08-03,SUGAR & ALLIED INDUSTRIES,NONS,Noon Sugar Mills Limited,unknown,6,18,high,18 scored members; high peer-count confidence,volatility history insufficient,56.25,56.25,v3_quarterly_quality,100,6,6,100,complete,,,,17.65,59.63,70.59,41.18,76.47,51.67,5,5,100,Mar-26,2026-03-31,2026-07-25,scraped_at,125,317.23,32.44,0.82,17.04,-184.11,,,,11,30,,unknown,-3.2,-12.43,74.54,28.55,1.49B,9.94K,4.81,0.79,0.73,18.71,2.44,4.44,strong_down,-12.43% period return; PE 4.81; EPS 18.71; margin 2.44%
2026-08-03,SUGAR & ALLIED INDUSTRIES,PMRS,The Premier Sugar Mills,unknown,17,18,high,18 scored members; high peer-count confidence,quarterly quality unavailable; volatility history insufficient,35.51,35.51,v3_quarterly_quality,90,6,6,100,complete,,,,23.53,58.82,8.82,25.49,47.06,,0,5,0,,,,,,,,,,,,,,11,30,,unknown,-5.12,-10.64,76.37,71.25,1.78B,4.03K,-2.09,0.38,-0.06,-226.21,-2.28,0,strong_down,-10.64% period return; PE -2.09; EPS -226.21; margin -2.28%
2026-08-03,SUGAR & ALLIED INDUSTRIES,SANSM,Sanghar Sugar Mills Limited,unknown,4,18,high,18 scored members; high peer-count confidence,quarterly quality unavailable; volatility history insufficient,63.87,63.87,v3_quarterly_quality,90,6,6,100,complete,,,,75,72.78,70.59,45.1,47.06,,0,5,0,,,,,,,,,,,,,,11,30,,unknown,0.01,6.92,14.61,217.07,1.55B,3.58K,8,0.48,0.07,16.24,3.1,0,strong_up,6.92% period return; PE 8; EPS 16.24; margin 3.1%
2026-08-03,SUGAR & ALLIED INDUSTRIES,SASML,Sindh Abadgars Sugar Mills Limited,unknown,14,18,high,18 scored members; high peer-count confidence,volatility history insufficient,43.51,43.51,v3_quarterly_quality,100,6,6,100,complete,,,,63.24,12.25,47.06,41.18,58.82,56.67,5,5,100,Mar-26,2026-03-31,2026-07-25,scraped_at,125,107.67,2.14,1.05,6.94,-119.28,,,,11,30,,unknown,3.7,-7.09,26.64,152.08,3.86B,395.8,60.91,1.44,2.01,6.09,1.12,0.54,strong_down,-7.09% period return; PE 60.91; EPS 6.09; margin 1.12%
2026-08-03,SUGAR & ALLIED INDUSTRIES,SHSML,Shahmurad Sugar Mills Limited,unknown,3,18,high,18 scored members; high peer-count confidence,volatility history insufficient,66.9,66.9,v3_quarterly_quality,100,6,6,100,complete,,,,47.06,57.79,85.29,68.63,82.35,50,5,5,100,Mar-26,2026-03-31,2026-07-25,scraped_at,125,64.44,6.98,1.52,-23.25,-6800,,,,11,30,,unknown,3.87,0.14,42.4,18.26,8.14B,6.14K,10.51,0.63,0.39,36.69,3.58,5.19,flat,0.14% period return; PE 10.51; EPS 36.69; margin 3.58%
2026-08-03,SUGAR & ALLIED INDUSTRIES,TCORP,Tariq Corporation Limited,unknown,11,18,high,18 scored members; high peer-count confidence,volatility history insufficient,50.94,50.94,v3_quarterly_quality,100,6,6,100,complete,,,,52.94,52.32,44.12,56.86,47.06,60,5,5,100,Mar-26,2026-03-31,2026-07-25,scraped_at,125,23.81,1.51,0.82,8.22,-89.38,,,,11,30,,unknown,-0.68,1.49,37.19,48.72,1.54B,28.04K,14.3,0.4,-0.87,1.62,1.24,0,up,1.49% period return; PE 14.3; EPS 1.62; margin 1.24%
2026-08-03,SUGAR & ALLIED INDUSTRIES,TICL,The Thal Industries Corporation Limited,unknown,5,18,high,18 scored members; high peer-count confidence,volatility history insufficient,60.89,60.89,v3_quarterly_quality,100,6,6,100,complete,,,,88.24,25.74,91.18,47.06,64.71,53.33,5,5,100,Mar-26,2026-03-31,2026-07-25,scraped_at,125,85.56,22.96,1.33,-12.94,-2236.72,,,,11,30,,unknown,4.25,27.36,1.61,131.44,18.78B,8.11K,11.63,1.52,1.14,107.51,4.88,0.8,strong_up,27.36% period return; PE 11.63; EPS 107.51; margin 4.88%
2026-08-03,SYNTHETIC & RAYON,GATI,Gatron (Industries) Limited,unknown,3,5,moderate,5 scored members; moderate peer-count confidence,volatility history insufficient,58.42,58.42,v3_quarterly_quality,100,6,6,100,complete,,,,50,58.33,25,66.67,100,46.67,5,5,100,Mar-26,2026-03-31,2026-07-25,scraped_at,125,117.6,-9.44,0.99,8.75,-22.77,,,,11,30,,unknown,-2.34,-1.01,75.72,34.2,9.13B,7.12K,-7.87,0.77,-5.42,-10.67,-4.01,0,down,-1.01% period return; PE -7.87; EPS -10.67; margin -4.01%
2026-08-03,SYNTHETIC & RAYON,IBFL,Ibrahim Fibres Limited,unknown,2,5,moderate,5 scored members; moderate peer-count confidence,volatility history insufficient,62.5,62.5,v3_quarterly_quality,100,6,6,100,complete,,,,50,50,50,58.33,100,66.67,5,5,100,Mar-26,2026-03-31,2026-07-25,scraped_at,125,27.12,-0.8,2.48,-7.85,-115.06,,,,11,30,,unknown,-4.44,-1.87,35.42,66.19,91.1B,756.8,-196.54,1.59,-19.32,-1.49,-0.44,0,down,-1.87% period return; PE -196.54; EPS -1.49; margin -0.44%
2026-08-03,SYNTHETIC & RAYON,NSRM,The National Silk & Rayon Mills Limited,unknown,1,5,moderate,5 scored members; moderate peer-count confidence,quarterly quality unavailable; volatility history insufficient,75.46,75.46,v3_quarterly_quality,90,6,6,100,complete,,,,50,58.33,100,58.33,100,,0,5,0,,,,,,,,,,,,,,11,30,,unknown,-3.78,-6.33,42.1,203.5,3.97B,11.42K,37.57,2.47,0.22,6.79,4.51,0,strong_down,-6.33% period return; PE 37.57; EPS 6.79; margin 4.51%
2026-08-03,SYNTHETIC & RAYON,PSYL,Pakistan Synthetics Limited,unknown,4,5,moderate,5 scored members; moderate peer-count confidence,volatility history insufficient,56.15,56.15,v3_quarterly_quality,100,6,6,100,complete,,,,68.75,0,75,41.67,100,66.67,5,5,100,Mar-26,2026-03-31,2026-07-25,scraped_at,125,105.13,9.76,1.14,-8.22,-3.69,,,,11,30,,unknown,2.8,-12.99,17.32,157.71,18.68B,203.75,39.8,3.72,1.05,3.38,3.07,0,strong_down,-12.99% period return; PE 39.8; EPS 3.38; margin 3.07%
2026-08-03,SYNTHETIC & RAYON,RUPL,Rupali Polyester Limited,unknown,5,5,moderate,5 scored members; moderate peer-count confidence,volatility history insufficient,52.52,52.52,v3_quarterly_quality,100,6,6,100,complete,,,,31.25,83.33,0,50,100,20,5,5,100,Mar-26,2026-03-31,2026-07-25,scraped_at,125,51.88,-12.36,0.68,-58.74,-40.3,,,,11,30,,unknown,-3.23,-3.04,42.63,29.81,1.02B,3.08K,-1.43,0.18,0.03,-20.94,-21.91,0,down,weak quality 20 (5/5); -3.04% period return; PE -1.43; EPS -20.94
2026-08-03,TECHNOLOGY & COMMUNICATION,AIRLINK,Air Link Communication Limited,unknown,2,13,moderate,13 scored members; moderate peer-count confidence,volatility history insufficient,60.58,60.58,v3_quarterly_quality,100,5,6,83.33,partial,,,,47.92,50,62.5,61.11,100,22.86,5,5,100,Mar-26,2026-03-31,2026-07-25,scraped_at,125,177.16,31.51,1.15,-28.81,25.93,,,,11,30,,unknown,-0.21,-2.65,46.51,15.11,53.69B,683.55K,9.69,2.93,,14.02,6.35,6.63,down,weak quality 22.86 (5/5); -2.65% period return; PE 9.69; EPS 14.02
2026-08-03,TECHNOLOGY & COMMUNICATION,AVN,Avanceon Limited,unknown,11,13,moderate,13 scored members; moderate peer-count confidence,quarterly quality unavailable; volatility history insufficient,41.86,41.86,v3_quarterly_quality,90,6,6,100,complete,,,,27.08,33.33,25,52.78,75,,0,5,0,,,,,,,,,,,,,,11,30,,unknown,-1.1,-4.77,72.16,19.02,13.55B,282.86K,30.92,0.9,-11.39,1.02,2.52,3.17,down,-4.77% period return; PE 30.92; EPS 1.02; margin 2.52%
2026-08-03,TECHNOLOGY & COMMUNICATION,ITANZ,Itanz Technologies Limited,unknown,4,13,moderate,13 scored members; moderate peer-count confidence,quarterly quality unavailable; volatility history insufficient,52.82,52.82,v3_quarterly_quality,90,0,6,0,low,,,,52.08,50,50,72.22,50,,0,5,0,,,,,,,,,,,,,,11,30,,unknown,-1.42,15.76,3.88,4.19,5.85B,8.8M,,,,,,,strong_up,limited data 0/6; 15.76% period return
2026-08-03,TECHNOLOGY & COMMUNICATION,NETSOL,NetSol Technologies Limited,unknown,1,13,moderate,13 scored members; moderate peer-count confidence,volatility history insufficient,69.13,69.13,v3_quarterly_quality,100,6,6,100,complete,,,,72.92,91.67,100,36.11,25,66.67,5,5,100,Mar-26,2026-03-31,2026-07-25,scraped_at,125,19.69,24.15,3.35,40.82,265.13,,,,11,30,,unknown,0.21,1.02,34.59,39.5,10.99B,75.58K,3.79,0.87,0.09,32.29,21.96,0,up,1.02% period return; PE 3.79; EPS 32.29; margin 21.96%
2026-08-03,TECHNOLOGY & COMMUNICATION,OCTOPUS,Octopus Digital Limited,unknown,10,13,moderate,13 scored members; moderate peer-count confidence,volatility history insufficient,46.31,46.31,v3_quarterly_quality,100,0,6,0,low,,,,35.42,50,50,25,50,60,5,5,100,Mar-26,2026-03-31,2026-07-25,scraped_at,125,0.93,3.47,5.15,-20.09,113.33,,,,11,30,,unknown,-1.26,-1.22,93.49,29.24,4.98B,97.26K,,,,,,,down,limited data 0/6; -1.22% period return
2026-08-03,TECHNOLOGY & COMMUNICATION,PAKD,Pak Datacom Limited,unknown,9,13,moderate,13 scored members; moderate peer-count confidence,volatility history insufficient,47.65,47.65,v3_quarterly_quality,100,0,6,0,low,,,,54.17,50,50,25,50,45.24,5,5,100,Mar-26,2026-03-31,2026-07-25,scraped_at,125,7,3.81,4,-10.84,-71.13,,,,11,30,,unknown,-0.15,-2.86,88.29,44.47,1.46B,3.31K,,,,,,,down,limited data 0/6; -2.86% period return
2026-08-03,TECHNOLOGY & COMMUNICATION,QTECH,Quantum Data Technologies Limited,unknown,5,13,moderate,13 scored members; moderate peer-count confidence,quarterly quality unavailable; volatility history insufficient,51.5,51.5,v3_quarterly_quality,90,0,6,0,low,,,,64.58,50,50,41.67,50,,0,5,0,,,,,,,,,,,,,,11,30,,unknown,-0.37,-3.36,20.34,107.92,5.84B,1.52M,,,,,,,down,limited data 0/6; -3.36% period return
2026-08-03,TECHNOLOGY & COMMUNICATION,SELECT,Select Technologies Limited,unknown,8,13,moderate,13 scored members; moderate peer-count confidence,quarterly quality unavailable; volatility history insufficient,49.96,49.96,v3_quarterly_quality,90,0,6,0,low,,,,47.92,50,50,52.78,50,,0,5,0,,,,,,,,,,,,,,11,30,,unknown,0.75,-5.4,18.48,8.99,25.21B,1.57M,,,,,,,strong_down,limited data 0/6; -5.4% period return
2026-08-03,TECHNOLOGY & COMMUNICATION,STL,Supernet Technologies Limited,unknown,12,13,moderate,13 scored members; moderate peer-count confidence,quarterly quality unavailable; volatility history insufficient,40.82,40.82,v3_quarterly_quality,90,0,6,0,low,,,,4.17,50,50,36.11,50,,0,5,0,,,,,,,,,,,,,,11,30,,unknown,-1.51,-7.09,5710.49,10.22,4.13B,205.99K,,,,,,,strong_down,limited data 0/6; -7.09% period return
2026-08-03,TECHNOLOGY & COMMUNICATION,SYM,Symmetry Group Limited,unknown,6,13,moderate,13 scored members; moderate peer-count confidence,volatility history insufficient,51.43,51.43,v3_quarterly_quality,100,0,6,0,low,,,,60.42,50,50,63.89,50,34.76,5,5,100,Mar-26,2026-03-31,2026-07-25,scraped_at,125,22.86,18.91,3.46,-21.22,36.3,,,,11,30,,unknown,-0.66,7.86,41.18,33.96,3.44B,2.79M,,,,,,,strong_up,limited data 0/6; 7.86% period return
2026-08-03,TECHNOLOGY & COMMUNICATION,SYS,Systems Limited,unknown,7,13,moderate,13 scored members; moderate peer-count confidence,volatility history insufficient,50.51,50.51,v3_quarterly_quality,100,6,6,100,complete,,,,52.08,25,62.5,83.33,50,56.19,5,5,100,Mar-26,2026-03-31,2026-07-25,scraped_at,125,10.31,23.25,2.76,22.65,37.83,,,,11,30,,unknown,-0.21,-2.91,31.01,25.61,196.14B,1.34M,16.93,3.17,0.21,7.86,13.4,1.5,down,-2.91% period return; PE 16.93; EPS 7.86; margin 13.4%
2026-08-03,TECHNOLOGY & COMMUNICATION,TELE,Telecard Limited,unknown,13,13,moderate,13 scored members; moderate peer-count confidence,volatility history insufficient,35.33,35.33,v3_quarterly_quality,100,6,6,100,complete,,,,56.25,50,0,63.89,25,30,5,5,100,Mar-26,2026-03-31,2026-07-25,scraped_at,125,14.23,8.24,1.98,-4.7,-237.34,,,,11,30,,unknown,1.93,-3.42,66.55,36.01,2.86B,2.74M,16.66,0.65,0.68,0.51,1.67,0,down,weak quality 30 (5/5); -3.42% period return; PE 16.66; EPS 0.51
2026-08-03,TECHNOLOGY & COMMUNICATION,ZAL,Zarea Limited,unknown,3,13,moderate,13 scored members; moderate peer-count confidence,volatility history insufficient,57.2,57.2,v3_quarterly_quality,100,0,6,0,low,,,,75,50,50,41.67,50,92.86,4,5,80,Mar-26,2026-03-31,2026-07-25,scraped_at,125,,38.28,5.22,178.13,91.19,,,,11,30,,unknown,7.15,7.69,83.65,83.74,11.36B,682.8K,,,,,,,strong_up,limited data 0/6; strong quality 92.86 (4/5); 7.69% period return
2026-08-03,TEXTILE COMPOSITE,AHTM,Ahmad Hassan Textile Mills Limited,unknown,7,25,high,25 scored members; high peer-count confidence,volatility history insufficient,60.93,60.93,v3_quarterly_quality,100,6,6,100,complete,,,,50,55.45,65.62,36.11,87.5,53.33,5,5,100,Mar-26,2026-03-31,2026-07-25,scraped_at,125,29.39,4.51,1.41,-8.33,71.43,,,,11,30,,unknown,-4.76,7.68,36.75,63.5,831.06M,3.82K,7.75,0.35,-2.86,12.65,2.07,1.53,strong_up,7.68% period return; PE 7.75; EPS 12.65; margin 2.07%
2026-08-03,TEXTILE COMPOSITE,ANL,Azgard Nine Limited,unknown,8,25,high,25 scored members; high peer-count confidence,quarterly quality unavailable; volatility history insufficient,59.29,59.29,v3_quarterly_quality,90,6,6,100,complete,,,,57.29,64.64,43.75,73.61,62.5,,0,5,0,,,,,,,,,,,,,,11,30,,unknown,1.09,1.79,34.18,27.47,4.96B,447.08K,6.37,0.32,0.39,1.6,1.96,0,up,1.79% period return; PE 6.37; EPS 1.6; margin 1.96%
2026-08-03,TEXTILE COMPOSITE,ANTM,AN Textile Mills Limited,unknown,15,25,high,25 scored members; high peer-count confidence,quarterly quality unavailable; volatility history insufficient,48.3,48.3,v3_quarterly_quality,90,0,6,0,low,,,,50,50,50,34.72,50,,0,5,0,,,,,,,,,,,,,,11,30,,unknown,-5,-2.02,28.89,147.48,497.49M,4.19K,,,,,,,down,limited data 0/6; -2.02% period return
2026-08-03,TEXTILE COMPOSITE,BHAT,Bhanero Textile Mills Limited,unknown,18,25,high,25 scored members; high peer-count confidence,volatility history insufficient,47.18,47.18,v3_quarterly_quality,100,6,6,100,complete,,,,43.75,41.97,56.25,26.39,62.5,37.33,5,5,100,Mar-26,2026-03-31,2026-07-25,scraped_at,125,105.72,0.84,1.51,-1.92,-148.66,,,,11,30,,unknown,-4.52,2.89,25.35,14.27,2.52B,1.02K,27.57,0.23,3.9,30.09,0.28,0,up,2.89% period return; PE 27.57; EPS 30.09; margin 0.28%
2026-08-03,TEXTILE COMPOSITE,BTL,Blessed Textiles Limited,unknown,25,25,high,25 scored members; high peer-count confidence,volatility history insufficient,38.11,38.11,v3_quarterly_quality,100,5,6,83.33,partial,,,,65.62,35.42,9.38,26.39,62.5,24,5,5,100,Mar-26,2026-03-31,2026-07-25,scraped_at,125,173.28,-2.96,1.23,-6.22,-50.65,,,,11,30,,unknown,9.78,-1.65,58.16,263.26,6.43B,18.75,-28,0.85,,-35.67,-0.77,0,down,weak quality 24 (5/5); -1.65% period return; PE -28; EPS -35.67
2026-08-03,TEXTILE COMPOSITE,CRTM,The Crescent Textile Mills Limited,unknown,20,25,high,25 scored members; high peer-count confidence,volatility history insufficient,45.03,45.03,v3_quarterly_quality,100,6,6,100,complete,,,,58.33,32.21,31.25,69.44,62.5,25.33,5,5,100,Mar-26,2026-03-31,2026-07-25,scraped_at,125,77.18,1.05,0.8,-2.84,-109.63,,,,11,30,,unknown,-0.9,-8.07,31.22,343.01,7.35B,5.61K,56.23,0.58,-7.79,1.31,0.69,0,strong_down,weak quality 25.33 (5/5); -8.07% period return; PE 56.23; EPS 1.31
2026-08-03,TEXTILE COMPOSITE,FASM,Faisal Spinning Mills Limited,unknown,24,25,high,25 scored members; high peer-count confidence,volatility history insufficient,38.53,38.53,v3_quarterly_quality,100,6,6,100,complete,,,,37.5,58.33,3.12,33.33,62.5,18.67,5,5,100,Mar-26,2026-03-31,2026-07-25,scraped_at,125,178.53,-4.75,1.17,-3.9,-52.6,,,,11,30,,unknown,-1.35,-3.78,34.96,32.75,3.19B,784.6,-6.03,0.3,-1.47,-52.85,-1.19,0,down,weak quality 18.67 (5/5); -3.78% period return; PE -6.03; EPS -52.85
2026-08-03,TEXTILE COMPOSITE,FML,Feroze1888 Mills Limited,unknown,22,25,high,25 scored members; high peer-count confidence,volatility history insufficient,40.21,40.21,v3_quarterly_quality,100,6,6,100,complete,,,,37.5,25,21.88,65.28,62.5,49.33,5,5,100,Mar-26,2026-03-31,2026-07-25,scraped_at,125,100.3,0.54,1.05,6.62,53.33,,,,11,30,,unknown,1.54,-7.14,59.41,58.44,21.55B,35.24K,117.16,0.64,-24.16,0.46,0.27,0,strong_down,-7.14% period return; PE 117.16; EPS 0.46; margin 0.27%
2026-08-03,TEXTILE COMPOSITE,FZCM,Fazal Cloth Mills Limited,unknown,21,25,high,25 scored members; high peer-count confidence,volatility history insufficient,43.54,43.54,v3_quarterly_quality,100,6,6,100,complete,,,,50,35.9,31.25,45.83,62.5,37.33,5,5,100,Mar-26,2026-03-31,2026-07-25,scraped_at,125,101.25,0.19,1.42,-1.62,-95.68,,,,11,30,,unknown,-3.2,2.34,30.24,37.99,7.68B,1.47K,84.84,0.16,40.99,3.02,0.1,0,up,2.34% period return; PE 84.84; EPS 3.02; margin 0.1%
2026-08-03,TEXTILE COMPOSITE,GATM,Gul Ahmed Textile Mills Limited,unknown,16,25,high,25 scored members; high peer-count confidence,volatility history insufficient,48.16,48.16,v3_quarterly_quality,100,6,6,100,complete,,,,42.71,41.61,40.62,80.56,62.5,26.67,5,5,100,Mar-26,2026-03-31,2026-07-25,scraped_at,125,152.96,3.87,1.1,-7.54,-59.01,,,,11,30,,unknown,-1.11,-1.41,52.78,61.45,19.72B,449.52K,9.81,0.38,0.81,2.72,1.18,0,down,weak quality 26.67 (5/5); -1.41% period return; PE 9.81; EPS 2.72
2026-08-03,TEXTILE COMPOSITE,GFIL,Ghazi Fabrics International Limited,unknown,9,25,high,25 scored members; high peer-count confidence,quarterly quality unavailable; volatility history insufficient,53.8,53.8,v3_quarterly_quality,90,0,6,0,low,,,,80.21,50,50,38.89,50,,0,5,0,,,,,,,,,,,,,,11,30,,unknown,0.16,0.78,13.3,156.61,1.01B,8.47K,,,,,,,flat,limited data 0/6; 0.78% period return
2026-08-03,TEXTILE COMPOSITE,HAEL,Hala Enterprises Limited,unknown,17,25,high,25 scored members; high peer-count confidence,quarterly quality unavailable; volatility history insufficient,48.15,48.15,v3_quarterly_quality,90,0,6,0,low,,,,50,50,50,33.33,50,,0,5,0,,,,,,,,,,,,,,11,30,,unknown,-0.97,-1.96,38.09,84.37,357.27M,4.9K,,,,,,,down,limited data 0/6; -1.96% period return
2026-08-03,TEXTILE COMPOSITE,HAFL,Hafiz Limited,unknown,12,25,high,25 scored members; high peer-count confidence,quarterly quality unavailable; volatility history insufficient,49.69,49.69,v3_quarterly_quality,90,0,6,0,low,,,,75,50,50,9.72,50,,0,5,0,,,,,,,,,,,,,,11,30,,unknown,0,3.71,21.43,82.81,622.1M,91,,,,,,,up,limited data 0/6; 3.71% period return
2026-08-03,TEXTILE COMPOSITE,ILP,Interloop Limited,unknown,3,25,high,25 scored members; high peer-count confidence,volatility history insufficient,69.46,69.46,v3_quarterly_quality,100,6,6,100,complete,,,,67.71,37.53,78.12,87.5,93.75,68,5,5,100,Mar-26,2026-03-31,2026-07-25,scraped_at,125,146.2,20.56,1.18,3.9,125.56,,,,11,30,,unknown,-1.68,4.47,5.63,55.21,146.63B,878.22K,12.61,2.41,0.21,8.3,6.45,2.87,up,4.47% period return; PE 12.61; EPS 8.3; margin 6.45%
2026-08-03,TEXTILE COMPOSITE,KHYT,Khyber Textile Mills Limited,unknown,11,25,high,25 scored members; high peer-count confidence,quarterly quality unavailable; volatility history insufficient,49.94,49.94,v3_quarterly_quality,90,0,6,0,low,,,,71.88,50,50,16.67,50,,0,5,0,,,,,,,,,,,,,,11,30,,unknown,5.26,-1.92,24.65,90.73,2.65B,298.6,,,,,,,down,limited data 0/6; -1.92% period return
2026-08-03,TEXTILE COMPOSITE,KTML,Kohinoor Textile Mills Limited,unknown,5,25,high,25 scored members; high peer-count confidence,volatility history insufficient,64.48,64.48,v3_quarterly_quality,100,6,6,100,complete,,,,15.62,60.11,78.12,87.5,75,77.33,5,5,100,Mar-26,2026-03-31,2026-07-25,scraped_at,125,52.83,13.19,1.69,4.85,-33.09,,,,11,30,,unknown,-2.29,-5.98,593.02,18.88,59.26B,1.09M,5.54,0.73,0.18,7.94,8.01,0.91,strong_down,strong quality 77.33 (5/5); -5.98% period return; PE 5.54; EPS 7.94
2026-08-03,TEXTILE COMPOSITE,MEHT,Mehmood Textile Mills Limited,unknown,6,25,high,25 scored members; high peer-count confidence,volatility history insufficient,63.92,63.92,v3_quarterly_quality,100,6,6,100,complete,,,,9.37,90.71,71.88,73.61,62.5,56,5,5,100,Mar-26,2026-03-31,2026-07-25,scraped_at,125,160.41,6.32,1.1,5.88,87.89,,,,11,30,,unknown,-5.5,-3.42,105.96,4.93,5.67B,16.17K,4.75,0.29,0.12,39.74,1.87,0,down,-3.42% period return; PE 4.75; EPS 39.74; margin 1.87%
2026-08-03,TEXTILE COMPOSITE,NML,Nishat Mills Limited,unknown,2,25,high,25 scored members; high peer-count confidence,volatility history insufficient,71.67,71.67,v3_quarterly_quality,100,6,6,100,complete,,,,44.79,61.83,84.38,93.06,81.25,70.67,5,5,100,Mar-26,2026-03-31,2026-07-25,scraped_at,125,55,7.3,1.43,-2.23,892.57,,,,11,30,,unknown,-1.1,2.44,40.86,23.29,52.02B,2.48M,4.43,0.3,1.52,33.41,5.75,1.35,up,strong quality 70.67 (5/5); 2.44% period return; PE 4.43; EPS 33.41
2026-08-03,TEXTILE COMPOSITE,REDCO,Redco Textiles Limited,unknown,19,25,high,25 scored members; high peer-count confidence,quarterly quality unavailable; volatility history insufficient,47.09,47.09,v3_quarterly_quality,90,0,6,0,low,,,,42.71,50,50,34.72,50,,0,5,0,,,,,,,,,,,,,,11,30,,unknown,-3.23,-4.91,34.67,101.34,1.48B,8.8K,,,,,,,down,limited data 0/6; -4.91% period return
2026-08-03,TEXTILE COMPOSITE,REWM,Reliance Weaving Mills Limited,unknown,13,25,high,25 scored members; high peer-count confidence,volatility history insufficient,49.47,49.47,v3_quarterly_quality,100,0,6,0,low,,,,53.12,50,50,51.39,50,38.67,5,5,100,Mar-26,2026-03-31,2026-07-25,scraped_at,125,223.18,6.29,0.96,-2.78,265.93,,,,11,30,,unknown,0,0.3,45.96,74.13,5.15B,998.2,,,,,,,flat,limited data 0/6; 0.3% period return
2026-08-03,TEXTILE COMPOSITE,SAPT,Sapphire Textile Mills Limited,unknown,4,25,high,25 scored members; high peer-count confidence,volatility history insufficient,68.64,68.64,v3_quarterly_quality,100,6,6,100,complete,,,,39.58,74.24,93.75,44.44,68.75,72,5,5,100,Mar-26,2026-03-31,2026-07-25,scraped_at,125,68.79,12.17,1.77,-1.42,2.65,,,,11,30,,unknown,-2.85,-3.88,12.45,22.69,30.98B,59.33,3.69,0.38,0.24,387.04,5.77,0.7,down,strong quality 72 (5/5); -3.88% period return; PE 3.69; EPS 387.04
2026-08-03,TEXTILE COMPOSITE,STML,Shams Textile Mills Limited,unknown,23,25,high,25 scored members; high peer-count confidence,quarterly quality unavailable; volatility history insufficient,39.91,39.91,v3_quarterly_quality,90,6,6,100,complete,,,,36.46,47.35,6.25,48.61,62.5,,0,5,0,,,,,,,,,,,,,,11,30,,unknown,-2.76,-12.89,38.9,122.24,437.79M,14.61K,-7.24,0.57,0.55,-6.99,-1.76,0,strong_down,-12.89% period return; PE -7.24; EPS -6.99; margin -1.76%
2026-08-03,TEXTILE COMPOSITE,SURC,Suraj Cotton Mills Limited,unknown,1,25,high,25 scored members; high peer-count confidence,volatility history insufficient,75.09,75.09,v3_quarterly_quality,100,6,6,100,complete,,,,89.58,44.67,75,72.22,100,82.67,5,5,100,Mar-26,2026-03-31,2026-07-25,scraped_at,125,28.8,10,2.08,0.87,65.39,,,,11,30,,unknown,4.46,24.68,5.97,94.1,8.34B,166.77K,5.86,0.57,0.92,29.17,5.06,2.93,strong_up,strong quality 82.67 (5/5); 24.68% period return; PE 5.86; EPS 29.17
2026-08-03,TEXTILE COMPOSITE,TOWL,Towellers Limited,unknown,10,25,high,25 scored members; high peer-count confidence,volatility history insufficient,50.09,50.09,v3_quarterly_quality,100,0,6,0,low,,,,45.83,50,50,44.44,50,62.67,5,5,100,Mar-26,2026-03-31,2026-07-25,scraped_at,125,9.35,1.52,2.02,-1.51,-79.73,,,,11,30,,unknown,1.35,0.19,58.47,33.68,2.1B,3.67K,,,,,,,flat,limited data 0/6; 0.19% period return
2026-08-03,TEXTILE COMPOSITE,ZAHID,Zahidjee Textile Mills Limited,unknown,14,25,high,25 scored members; high peer-count confidence,quarterly quality unavailable; volatility history insufficient,49.24,49.24,v3_quarterly_quality,90,6,6,100,complete,,,,36.46,36.79,59.38,52.78,62.5,,0,5,0,,,,,,,,,,,,,,11,30,,unknown,-4.37,-12.39,37.87,127.44,14.23B,212.77K,9.37,0.65,0.71,7.93,3.96,0,strong_down,-12.39% period return; PE 9.37; EPS 7.93; margin 3.96%
2026-08-03,TEXTILE SPINNING,ARCTM,Arctic Textile Mills Limited,unknown,9,24,high,24 scored members; high peer-count confidence,quarterly quality unavailable; volatility history insufficient,54.43,54.43,v3_quarterly_quality,90,0,6,0,low,,,,76.09,50,50,50.72,50,,0,5,0,,,,,,,,,,,,,,11,30,,unknown,6.09,7.59,13.84,70.96,543.72M,169.12K,,,,,,,strong_up,limited data 0/6; 7.59% period return
2026-08-03,TEXTILE SPINNING,ASTM,Asim Textile Mills Limited,unknown,6,24,high,24 scored members; high peer-count confidence,quarterly quality unavailable; volatility history insufficient,58.21,58.21,v3_quarterly_quality,90,0,6,0,low,,,,97.83,50,50,52.17,50,,0,5,0,,,,,,,,,,,,,,11,30,,unknown,12.59,74.25,0,251.83,640.77M,241.19K,,,,,,,strong_up,limited data 0/6; 74.25% period return
2026-08-03,TEXTILE SPINNING,AWTX,Allawasaya Tex. & Finishing Mills Ltd,unknown,15,24,high,24 scored members; high peer-count confidence,volatility history insufficient,50.53,50.53,v3_quarterly_quality,100,6,6,100,complete,,,,42.39,26.67,70,23.19,80,51.82,5,5,100,Mar-26,2026-03-31,2026-07-25,scraped_at,125,59.16,0.62,0.96,19.68,-102.79,,,,11,30,,unknown,-9.09,2.19,10,24.88,1.27B,0,161.26,1.01,-19.84,9.84,0.15,0,up,2.19% period return; PE 161.26; EPS 9.84; margin 0.15%
2026-08-03,TEXTILE SPINNING,CCM,Crescent Cotton Mills Limited,unknown,5,24,high,24 scored members; high peer-count confidence,quarterly quality unavailable; volatility history insufficient,60.89,60.89,v3_quarterly_quality,90,6,6,100,complete,,,,39.13,63.33,50,71.01,80,,0,5,0,,,,,,,,,,,,,,11,30,,unknown,-1.61,-4.47,34.32,49.07,1.16B,31.95K,17.31,0.17,-0.88,2.96,-0.18,0,down,-4.47% period return; PE 17.31; EPS 2.96; margin -0.18%
2026-08-03,TEXTILE SPINNING,CFL,Crescent Fibres Limited,unknown,16,24,high,24 scored members; high peer-count confidence,volatility history insufficient,48.65,48.65,v3_quarterly_quality,100,6,6,100,complete,,,,26.09,73.33,15,43.48,80,30.56,3,5,60,Mar-26,2026-03-31,2026-07-25,scraped_at,125,,-17.15,,-27.31,-21.19,,,,11,30,,unknown,-7.37,-0.92,61.11,29.38,724.58M,426.4,-1.18,0.19,0.03,-49.59,-18.39,0,flat,-0.92% period return; PE -1.18; EPS -49.59; margin -18.39%
2026-08-03,TEXTILE SPINNING,DFSM,Dewan Farooque Spinning Mills Limited,unknown,8,24,high,24 scored members; high peer-count confidence,volatility history insufficient,55.08,55.08,v3_quarterly_quality,100,0,6,0,low,,,,65.22,50,50,91.3,50,36.67,5,5,100,Mar-26,2026-03-31,2026-07-25,scraped_at,125,9.08,-0.87,0.08,-45.68,-77.89,,,,11,30,,unknown,2.22,1.86,101.37,366.67,1.71B,1.06M,,,,,,,up,limited data 0/6; 1.86% period return
2026-08-03,TEXTILE SPINNING,DINT,Din Textile Mills Limited,unknown,10,24,high,24 scored members; high peer-count confidence,volatility history insufficient,53.6,53.6,v3_quarterly_quality,100,6,6,100,complete,,,,55.43,53.33,40,53.62,80,25.91,5,5,100,Mar-26,2026-03-31,2026-07-25,scraped_at,125,271.86,-2.94,0.98,-24.92,-79.98,,,,11,30,,unknown,0.73,0.1,41.18,64.41,3.57B,2.63K,-17.38,0.51,-1.77,-3.91,-0.63,0,flat,weak quality 25.91 (5/5); 0.1% period return; PE -17.38; EPS -3.91
2026-08-03,TEXTILE SPINNING,DMC,D.M. Corporation Limited.,unknown,17,24,high,24 scored members; high peer-count confidence,quarterly quality unavailable; volatility history insufficient,47.73,47.73,v3_quarterly_quality,90,0,6,0,low,,,,44.57,50,50,37.68,50,,0,5,0,,,,,,,,,,,,,,11,30,,unknown,-2.82,-2.89,90.6,328.87,563.56M,394.8,,,,,,,down,limited data 0/6; -2.89% period return
2026-08-03,TEXTILE SPINNING,ELCM,Elahi Cotton Mills Limited,unknown,24,24,high,24 scored members; high peer-count confidence,quarterly quality unavailable; volatility history insufficient,40.99,40.99,v3_quarterly_quality,90,6,6,100,complete,,,,34.78,30,30,21.74,80,,0,5,0,,,,,,,,,,,,,,11,30,,unknown,-6.14,-8.56,59.09,74.1,280.64M,688.8,-8.94,4.14,0.14,-24.15,-3.34,0,strong_down,-8.56% period return; PE -8.94; EPS -24.15; margin -3.34%
2026-08-03,TEXTILE SPINNING,ELSM,Ellcot Spinning Mills Limited,unknown,4,24,high,24 scored members; high peer-count confidence,volatility history insufficient,64.61,64.61,v3_quarterly_quality,100,6,6,100,complete,,,,57.61,46.67,65,60.87,100,52.12,5,5,100,Mar-26,2026-03-31,2026-07-25,scraped_at,125,103.83,0.97,2.05,-3.1,-79.71,,,,11,30,,unknown,-5.33,25.14,10.81,54.96,1.68B,2.3K,38.6,0.39,-37.62,3.97,0.28,2.61,strong_up,25.14% period return; PE 38.6; EPS 3.97; margin 0.28%
2026-08-03,TEXTILE SPINNING,GADT,Gadoon Textile Mills Limited,unknown,2,24,high,24 scored members; high peer-count confidence,volatility history insufficient,67.6,67.6,v3_quarterly_quality,100,6,6,100,complete,,,,54.35,53.33,90,75.36,80,45.76,5,5,100,Mar-26,2026-03-31,2026-07-25,scraped_at,125,118.05,5.02,0.84,-1.91,-51.31,,,,11,30,,unknown,9.71,6.99,64.8,40.83,8.49B,10.46K,6.92,0.34,0.56,43.77,1.72,0,strong_up,6.99% period return; PE 6.92; EPS 43.77; margin 1.72%
2026-08-03,TEXTILE SPINNING,IDEAL,Ideal Dynamics Limited,unknown,21,24,high,24 scored members; high peer-count confidence,quarterly quality unavailable; volatility history insufficient,44.87,44.87,v3_quarterly_quality,90,0,6,0,low,,,,38.04,50,50,21.74,50,,0,5,0,,,,,,,,,,,,,,11,30,,unknown,1.7,-26.63,118.32,155.05,398.49M,1.46K,,,,,,,strong_down,limited data 0/6; -26.63% period return
2026-08-03,TEXTILE SPINNING,IDRT,Idrees Textile Mills Limited,unknown,20,24,high,24 scored members; high peer-count confidence,volatility history insufficient,46.55,46.55,v3_quarterly_quality,100,0,6,0,low,,,,50,50,50,34.78,50,30.76,5,5,100,Mar-26,2026-03-31,2026-07-25,scraped_at,125,141.8,-11.63,0.94,-15.52,-24.77,,,,11,30,,unknown,-1.33,1.48,84,91.61,734.55M,16.81K,,,,,,,up,limited data 0/6; 1.48% period return
2026-08-03,TEXTILE SPINNING,JATM,J.A. Textile Mills Limited,unknown,11,24,high,24 scored members; high peer-count confidence,quarterly quality unavailable; volatility history insufficient,53.34,53.34,v3_quarterly_quality,90,0,6,0,low,,,,78.26,50,50,37.68,50,,0,5,0,,,,,,,,,,,,,,11,30,,unknown,0.09,17.05,15.13,191.79,537.19M,73.62K,,,,,,,strong_up,limited data 0/6; 17.05% period return
2026-08-03,TEXTILE SPINNING,JDMT,Janana De Malucho Textile Mills Limited,unknown,12,24,high,24 scored members; high peer-count confidence,volatility history insufficient,52.32,52.32,v3_quarterly_quality,100,0,6,0,low,,,,59.78,50,50,76.81,50,31.67,5,5,100,Mar-26,2026-03-31,2026-07-25,scraped_at,125,23.07,-7.06,0.25,-91.76,-59.42,,,,11,30,,unknown,-8.24,15.78,22.38,171.76,1.13B,446.52K,,,,,,,strong_up,limited data 0/6; 15.78% period return
2026-08-03,TEXTILE SPINNING,KOHTM,Kohat Textile Mills Limited,unknown,1,24,high,24 scored members; high peer-count confidence,volatility history insufficient,68.83,68.83,v3_quarterly_quality,100,6,6,100,complete,,,,45.65,43.33,90,81.16,90,70.3,5,5,100,Mar-26,2026-03-31,2026-07-25,scraped_at,125,79.38,6.55,1.05,-0.13,-1.27,,,,11,30,,unknown,-1.42,-9.65,71.65,205.85,2.54B,114.11K,8.24,0.53,0.2,14.85,3.65,1.63,strong_down,strong quality 70.3 (5/5); -9.65% period return; PE 8.24; EPS 14.85
2026-08-03,TEXTILE SPINNING,MQTM,Maqbool Textile Mills Limited,unknown,19,24,high,24 scored members; high peer-count confidence,quarterly quality unavailable; volatility history insufficient,47.52,47.52,v3_quarterly_quality,90,6,6,100,complete,,,,42.39,53.33,10,50.72,80,,0,5,0,,,,,,,,,,,,,,11,30,,unknown,1.08,-19.71,64.32,65.94,549.64M,148.89K,-0.38,1.73,0.01,-79.43,-17.35,0,strong_down,-19.71% period return; PE -0.38; EPS -79.43; margin -17.35%
2026-08-03,TEXTILE SPINNING,NATM,Nadeem Textile Mills Limited,unknown,22,24,high,24 scored members; high peer-count confidence,volatility history insufficient,44.6,44.6,v3_quarterly_quality,100,6,6,100,complete,,,,60.87,50,5,30.43,80,29.24,5,5,100,Mar-26,2026-03-31,2026-07-25,scraped_at,125,100.02,-47.36,0.55,-64.62,0.97,,,,11,30,,unknown,10.6,0,9.14,10.6,1.81B,0,-1.59,0.83,0.05,-53.59,-51.27,0,flat,weak quality 29.24 (5/5); 0% period return; PE -1.59; EPS -53.59
2026-08-03,TEXTILE SPINNING,SERT,Service Industries Textiles Limited,unknown,18,24,high,24 scored members; high peer-count confidence,quarterly quality unavailable; volatility history insufficient,47.54,47.54,v3_quarterly_quality,90,0,6,0,low,,,,34.78,50,50,50.72,50,,0,5,0,,,,,,,,,,,,,,11,30,,unknown,-1.9,-23.59,77.57,148.2,656.01M,167.61K,,,,,,,strong_down,limited data 0/6; -23.59% period return
2026-08-03,TEXTILE SPINNING,SHCM,Shadman Cotton Mills Limited,unknown,23,24,high,24 scored members; high peer-count confidence,quarterly quality unavailable; volatility history insufficient,44.52,44.52,v3_quarterly_quality,90,0,6,0,low,,,,28.26,50,50,33.33,50,,0,5,0,,,,,,,,,,,,,,11,30,,unknown,-4.76,-1.21,93.16,63.83,881.84M,7.4K,,,,,,,down,limited data 0/6; -1.21% period return
2026-08-03,TEXTILE SPINNING,SHDT,Shadab Textile Mills Limited,unknown,7,24,high,24 scored members; high peer-count confidence,volatility history insufficient,55.64,55.64,v3_quarterly_quality,100,0,6,0,low,,,,46.74,50,50,75.36,50,85.91,5,5,100,Mar-26,2026-03-31,2026-07-25,scraped_at,125,37.62,14.29,1.3,3.24,53.85,,,,11,30,,unknown,0.75,-3.76,36.12,50.74,1.26B,76.21K,,,,,,,down,limited data 0/6; strong quality 85.91 (5/5); -3.76% period return
2026-08-03,TEXTILE SPINNING,SNAI,Sana Industries Limited,unknown,3,24,high,24 scored members; high peer-count confidence,quarterly quality unavailable; volatility history insufficient,66.26,66.26,v3_quarterly_quality,90,6,6,100,complete,,,,43.48,56.67,85,59.42,80,,0,5,0,,,,,,,,,,,,,,11,30,,unknown,-2.71,-0.22,18.74,47.88,738.11M,10.04K,5.65,1.03,-0.57,6.54,5.84,0,flat,-0.22% period return; PE 5.65; EPS 6.54; margin 5.84%
2026-08-03,TEXTILE SPINNING,SZTM,Shahzad Textile Mills Limited,unknown,13,24,high,24 scored members; high peer-count confidence,volatility history insufficient,52.05,52.05,v3_quarterly_quality,100,0,6,0,low,,,,39.13,50,50,49.28,50,87.58,5,5,100,Mar-26,2026-03-31,2026-07-25,scraped_at,125,36.66,8.34,1.19,7.01,345.59,,,,11,30,,unknown,-3.98,-12.4,44.52,144.58,1.58B,44.99K,,,,,,,strong_down,limited data 0/6; strong quality 87.58 (5/5); -12.4% period return
2026-08-03,TEXTILE SPINNING,TATM,Tata Textile Mills Limited,unknown,14,24,high,24 scored members; high peer-count confidence,volatility history insufficient,51.29,51.29,v3_quarterly_quality,100,0,6,0,low,,,,39.13,50,50,65.22,50,63.94,5,5,100,Mar-26,2026-03-31,2026-07-25,scraped_at,125,89.18,2.38,1.31,-11.32,-4.28,,,,11,30,,unknown,-1,1.13,118.16,58.76,7.29B,17.69K,,,,,,,up,limited data 0/6; 1.13% period return
2026-08-03,TEXTILE WEAVING,ASHT,Ashfaq Textile Mills Limited,unknown,2,4,low,4 scored members; low peer-count confidence,quarterly quality unavailable; volatility history insufficient; small sector peer group,52.16,52.16,v3_quarterly_quality,90,0,6,0,low,,,,66.67,50,50,44.44,50,,0,5,0,,,,,,,,,,,,,,11,30,,unknown,2.42,5.62,107.1,147.8,1.57B,14.72K,,,,,,,strong_up,limited data 0/6; 5.62% period return
2026-08-03,TEXTILE WEAVING,ICCI,ICC Industries Limited,unknown,3,4,low,4 scored members; low peer-count confidence,quarterly quality unavailable; volatility history insufficient; small sector peer group,46.6,46.6,v3_quarterly_quality,90,0,6,0,low,,,,33.33,50,50,44.44,50,,0,5,0,,,,,,,,,,,,,,11,30,,unknown,-1.61,5.18,33.56,55.75,402.32M,18.03K,,,,,,,strong_up,limited data 0/6; 5.18% period return
2026-08-03,TEXTILE WEAVING,STJT,Shahtaj Textile Limited,unknown,1,4,low,4 scored members; low peer-count confidence,quarterly quality unavailable; volatility history insufficient; small sector peer group,77.16,77.16,v3_quarterly_quality,90,6,6,100,complete,,,,83.33,50,100,44.44,100,,0,5,0,,,,,,,,,,,,,,11,30,,unknown,-0.59,9.64,5.14,120.11,1.49B,461,5.56,0.6,0.5,27.72,4.42,3.57,strong_up,9.64% period return; PE 5.56; EPS 27.72; margin 4.42%
2026-08-03,TEXTILE WEAVING,ZTL,Zephyr Textiles Limited,unknown,4,4,low,4 scored members; low peer-count confidence,quarterly quality unavailable; volatility history insufficient; small sector peer group,25.31,25.31,v3_quarterly_quality,90,6,6,100,complete,,,,16.67,50,0,77.78,0,,0,5,0,,,,,,,,,,,,,,11,30,,unknown,-2.23,-14.86,43.33,75.18,1.02B,151.64K,-20.88,0.41,2.84,-0.82,-0.65,0,strong_down,-14.86% period return; PE -20.88; EPS -0.82; margin -0.65%
2026-08-03,TRANSPORT,BLUEX,Blue-Ex Limited,unknown,4,4,low,4 scored members; low peer-count confidence,quarterly quality unavailable; volatility history insufficient; small sector peer group,42.44,42.44,v3_quarterly_quality,90,0,6,0,low,,,,8.33,50,50,44.44,50,,0,5,0,,,,,,,,,,,,,,11,30,,unknown,-2.36,-5.38,1050.07,43.47,2B,1.57M,,,,,,,strong_down,limited data 0/6; -5.38% period return
2026-08-03,TRANSPORT,PIBTL,Pakistan International Bulk Terminal,unknown,1,4,low,4 scored members; low peer-count confidence,volatility history insufficient; small sector peer group,75.25,75.25,v3_quarterly_quality,100,6,6,100,complete,,,,58.33,50,100,100,100,40,5,5,100,Mar-26,2026-03-31,2026-07-25,scraped_at,125,36.51,12.14,0.89,47.84,859.81,,,,11,30,,unknown,-2.06,3.52,34.48,70.8,30.51B,17.14M,14.49,1.73,8.14,1.18,14.81,0,up,3.52% period return; PE 14.49; EPS 1.18; margin 14.81%
2026-08-03,TRANSPORT,PICT,Pakistan International Container,unknown,2,4,low,4 scored members; low peer-count confidence,quarterly quality unavailable; volatility history insufficient; small sector peer group,55.25,55.25,v3_quarterly_quality,90,6,6,100,complete,,,,100,50,0,22.22,100,,0,5,0,,,,,,,,,,,,,,11,30,,unknown,0.18,10.48,8.27,140.17,6.2B,1.3M,-48.39,4.58,2.35,-1.17,-1281.2,0,strong_up,10.48% period return; PE -48.39; EPS -1.17; margin -1281.2%
2026-08-03,TRANSPORT,SLGL,Secure Logistics-Trax Group Limited,unknown,3,4,low,4 scored members; low peer-count confidence,volatility history insufficient; small sector peer group,46.83,46.83,v3_quarterly_quality,100,0,6,0,low,,,,33.33,50,50,33.33,50,60,5,5,100,Mar-26,2026-03-31,2026-07-25,scraped_at,125,6.05,13.16,1.26,28.38,8.9,,,,11,30,,unknown,-0.94,-3,67.51,21.69,6.67B,769.06K,,,,,,,down,limited data 0/6; -3% period return
2026-08-03,VANASPATI & ALLIED INDUSTRIES,POML,Punjab Oil Mills Limited,unknown,1,2,low,2 scored members; low peer-count confidence,volatility history insufficient; small sector peer group,52.83,52.83,v3_quarterly_quality,100,0,6,0,low,,,,100,50,50,33.33,50,20,5,5,100,Mar-26,2026-03-31,2026-07-25,scraped_at,125,35.56,-2.2,1.14,7.01,50,,,,11,30,,unknown,0.18,5.56,26.69,53.52,1.35B,2.5K,,,,,,,strong_up,limited data 0/6; weak quality 20 (5/5); 5.56% period return
2026-08-03,VANASPATI & ALLIED INDUSTRIES,SSOM,S.S.Oil Mills Limited,unknown,2,2,low,2 scored members; low peer-count confidence,volatility history insufficient; small sector peer group,47.17,47.17,v3_quarterly_quality,100,0,6,0,low,,,,0,50,50,66.67,50,80,5,5,100,Mar-26,2026-03-31,2026-07-25,scraped_at,125,43.92,19.67,2.14,63.97,150.79,,,,11,30,,unknown,-1.21,-0.53,83.5,30.84,2.6B,19.3K,,,,,,,flat,limited data 0/6; strong quality 80 (5/5); -0.53% period return
2026-08-03,WOOLLEN,BNWM,Bannu Woollen Mills Limited,unknown,1,1,low,1 scored members; low peer-count confidence,quarterly quality unavailable; volatility history insufficient; small sector peer group,50,50,v3_quarterly_quality,90,6,6,100,complete,,,,50,50,50,50,50,,0,5,0,Mar-26,2026-03-31,2026-07-25,scraped_at,125,11.31,-2.81,2.13,30.26,-208.43,,,,11,30,,unknown,0.7,1.75,29.65,34.98,641.58M,6.5K,-7.04,0.19,-0.31,-9.58,-7,0,up,1.75% period return; PE -7.04; EPS -9.58; margin -7%
