date,sector,symbol,name,portfolio_status,sector_rank,sector_count,sector_confidence,sector_confidence_note,evidence_warning,final_score,quantitative_score,scoring_model_version,active_axis_weight_pct,data_completeness_count,data_completeness_total,data_completeness_pct,data_completeness_label,news_score,news_label,news_note,trend_score,valuation_score,profitability_score,liquidity_score,income_score,quality_score,quality_metric_count,quality_metric_total,quality_completeness_pct,quarterly_fiscal_period,quarterly_fiscal_end_date,quarterly_available_date,quarterly_date_basis,quarterly_age_days,quarterly_debt_to_equity,quarterly_roe,quarterly_current_ratio,quarterly_revenue_growth,quarterly_net_profit_growth,quarterly_quality_note,volatility_daily_pct,volatility_annualized_pct,volatility_observations,volatility_window,volatility_score,volatility_label,daily_return_pct,period_return_pct,distance_from_52w_high_pct,distance_from_52w_low_pct,market_cap,weekly_avg_volume,price_to_earnings,price_to_book,peg_ratio,eps,net_income_margin,dividend_yield,trend_label,key_reason
2026-09-01,APPAREL,IMAGE,Image Pakistan Limited,unknown,1,3,low,3 scored members; low peer-count confidence,quarterly quality unavailable; small sector peer group,83.1,83.1,v3_quarterly_quality,90,5,6,83.33,partial,,,,37.5,83.33,100,83.33,100,,0,5,0,Mar-26,2026-03-31,2026-07-25,scraped_at,154,23.71,17.59,3.38,1.38,18.21,,0.97,15.44,29,30,100,low,0.88,-1.9,23.28,38.58,6.07B,260.73K,7.54,1.25,,3.49,17.93,7.6,down,-1.9% period return; PE 7.54; EPS 3.49; margin 17.93%
2026-09-01,APPAREL,INKL,International Knitwear Limited,unknown,2,3,low,3 scored members; low peer-count confidence,quarterly quality unavailable; small sector peer group,48.15,48.15,v3_quarterly_quality,90,0,6,0,low,,,,50,50,50,33.33,50,,0,5,0,,,,,,,,,,,,2.79,44.31,29,30,0,high,-1.69,6.81,28.17,139.78,951.15M,230.44K,,,,,,,strong_up,limited data 0/6; 6.81% period return
2026-09-01,APPAREL,STYLERS,Stylers International Limited,unknown,3,3,low,3 scored members; low peer-count confidence,quarterly quality unavailable; small sector peer group,18.75,18.75,v3_quarterly_quality,90,5,6,83.33,partial,,,,62.5,16.67,0,33.33,0,,0,5,0,,,,,,,,,,,,1.32,20.93,29,30,50,moderate,0.31,0.9,9.77,42.94,25.16B,10.14K,22.61,1.85,,2.28,5.99,2.91,flat,0.9% period return; PE 22.61; EPS 2.28; margin 5.99%
2026-09-01,AUTOMOBILE ASSEMBLER,AGTL,Al-Ghazi Tractors Limited,unknown,6,7,moderate,7 scored members; moderate peer-count confidence,,34.08,34.08,v3_quarterly_quality,100,6,6,100,complete,,,,33.33,63.89,41.67,11.11,0,36.67,5,5,100,Mar-26,2026-03-31,2026-07-25,scraped_at,154,18.34,19.3,1.8,-17.24,-30.08,,1.36,21.61,29,30,83.33,low,-1.02,-3.48,38.74,24.38,20.76B,20.36K,7.43,1.73,0.73,48.19,10.51,0,down,-3.48% period return; PE 7.43; EPS 48.19; margin 10.51%
2026-09-01,AUTOMOBILE ASSEMBLER,GAL,Ghandhara Automobiles Limited,unknown,1,7,moderate,7 scored members; moderate peer-count confidence,,66.83,66.83,v3_quarterly_quality,100,6,6,100,complete,,,,100,61.11,75,72.22,33.33,76.67,5,5,100,Mar-26,2026-03-31,2026-07-25,scraped_at,154,4.18,39.42,1.75,187.06,160.65,,1.92,30.53,29,30,16.67,high,2.34,9.26,2.42,125.79,37.45B,486.33K,5.6,1.95,0,117.24,12.52,1.52,strong_up,strong quality 76.67 (5/5); 9.26% period return; PE 5.6; EPS 117.24
2026-09-01,AUTOMOBILE ASSEMBLER,GHNI,Ghandhara Industries Limited,unknown,3,7,moderate,7 scored members; moderate peer-count confidence,,54.22,54.22,v3_quarterly_quality,100,6,6,100,complete,,,,83.33,50,66.67,55.56,16.67,70,5,5,100,Mar-26,2026-03-31,2026-07-25,scraped_at,154,0.22,43.96,1.5,118.4,102.87,,1.73,27.52,29,30,50,moderate,1.37,6.92,4.92,121.63,55.72B,127.42K,8.06,3.03,0.03,162.33,11.84,0.76,strong_up,strong quality 70 (5/5); 6.92% period return; PE 8.06; EPS 162.33
2026-09-01,AUTOMOBILE ASSEMBLER,HCAR,Honda Atlas Cars (Pakistan) Limited,unknown,5,7,moderate,7 scored members; moderate peer-count confidence,,51.03,51.03,v3_quarterly_quality,100,6,6,100,complete,,,,41.67,55.56,25,55.56,83.33,36.67,5,5,100,Mar-26,2026-03-31,2026-07-25,scraped_at,154,24.82,13.34,1.5,56.64,19.34,,2.52,39.94,29,30,0,high,-3.6,-0.41,32.48,62.73,34.28B,1.15M,7.01,1.29,32.55,34.25,3.68,3.75,flat,-0.41% period return; PE 7.01; EPS 34.25; margin 3.68%
2026-09-01,AUTOMOBILE ASSEMBLER,HINO,Hinopak Motors Limited,unknown,7,7,moderate,7 scored members; moderate peer-count confidence,,26.71,26.71,v3_quarterly_quality,100,6,6,100,complete,,,,20.83,36.11,0,5.56,50,40,5,5,100,Mar-26,2026-03-31,2026-07-25,scraped_at,154,36.06,9.11,1.51,6.42,234.57,,1.61,25.59,29,30,66.67,moderate,-2.11,-11.82,65.19,29.45,8.5B,3.52K,25.43,1.35,9.42,13.47,3.24,3.18,strong_down,-11.82% period return; PE 25.43; EPS 13.47; margin 3.24%
2026-09-01,AUTOMOBILE ASSEMBLER,MTL,Millat Tractors Limited,unknown,4,7,moderate,7 scored members; moderate peer-count confidence,,52.6,52.6,v3_quarterly_quality,100,6,6,100,complete,,,,29.17,22.22,58.33,83.33,100,26.67,5,5,100,Mar-26,2026-03-31,2026-07-25,scraped_at,154,155.6,80.74,1.11,-9.24,3.31,,1.09,17.27,29,30,100,low,-0.1,0.56,111.13,8.14,120.39B,142.72K,16.32,15.57,0.94,18.49,12.64,5.8,flat,weak quality 26.67 (5/5); 0.56% period return; PE 16.32; EPS 18.49
2026-09-01,AUTOMOBILE ASSEMBLER,SAZEW,Sazgar Engineering Works Limited,unknown,2,7,moderate,7 scored members; moderate peer-count confidence,,65.08,65.08,v3_quarterly_quality,100,6,6,100,complete,,,,41.67,61.11,83.33,72.22,66.67,63.33,5,5,100,Mar-26,2026-03-31,2026-07-25,scraped_at,154,3.24,63.19,1.59,36.34,12.35,,1.91,30.26,29,30,33.33,moderate,-0.01,-3.53,32.04,23.92,113.85B,187.63K,4.82,2.65,0,390.51,12.31,3.72,down,-3.53% period return; PE 4.82; EPS 390.51; margin 12.31%
2026-09-01,AUTOMOBILE PARTS & ACCESSORIES,AGIL,Agriauto Industries Limited,unknown,1,8,moderate,8 scored members; moderate peer-count confidence,,72.02,72.02,v3_quarterly_quality,100,6,6,100,complete,,,,92.86,61.11,83.33,71.43,50,90,5,5,100,Mar-26,2026-03-31,2026-07-25,scraped_at,154,21.59,13.94,1.8,57.36,2242.11,,2.26,35.93,29,30,14.29,high,9.91,11.33,16.3,40.47,6.13B,181.47K,6.88,0.91,0.48,24.75,5.37,1.03,strong_up,strong quality 90 (5/5); 11.33% period return; PE 6.88; EPS 24.75
2026-09-01,AUTOMOBILE PARTS & ACCESSORIES,ATBA,Atlas Battery Limited,unknown,8,8,moderate,8 scored members; moderate peer-count confidence,,30.31,30.31,v3_quarterly_quality,100,6,6,100,complete,,,,32.14,38.89,8.33,47.62,33.33,26.67,5,5,100,Mar-26,2026-03-31,2026-07-25,scraped_at,154,111.04,0.97,1.41,-5.22,-87.29,,1.61,25.53,29,30,57.14,moderate,0.22,-10.46,60.19,7.11,6.34B,17.48K,-17.1,0.84,1.63,-10.59,-1.06,0,strong_down,weak quality 26.67 (5/5); -10.46% period return; PE -17.1; EPS -10.59
2026-09-01,AUTOMOBILE PARTS & ACCESSORIES,BWHL,Baluchistan Wheels Limited,unknown,2,8,moderate,8 scored members; moderate peer-count confidence,,70.81,70.81,v3_quarterly_quality,100,6,6,100,complete,,,,64.29,50,83.33,33.33,100,86.67,5,5,100,Mar-26,2026-03-31,2026-07-25,scraped_at,154,0.52,16.44,5.6,14.6,29.04,,1.62,25.73,29,30,42.86,moderate,-1.24,-2.33,12.09,36.86,3.07B,14.68K,9.82,1.28,0.08,23.44,10.72,8.69,down,strong quality 86.67 (5/5); -2.33% period return; PE 9.82; EPS 23.44
2026-09-01,AUTOMOBILE PARTS & ACCESSORIES,EXIDE,Exide Pakistan Limited,unknown,5,8,moderate,8 scored members; moderate peer-count confidence,,54.06,54.06,v3_quarterly_quality,100,5,6,83.33,partial,,,,42.86,58.33,66.67,23.81,66.67,40,5,5,100,Mar-26,2026-03-31,2026-07-25,scraped_at,154,79.02,6.07,1.59,-17.83,-29.64,,1.21,19.27,29,30,85.71,low,-1.56,-2.12,56.08,30.78,3.71B,7.33K,11.05,0.49,,43.18,1.88,1.05,down,-2.12% period return; PE 11.05; EPS 43.18; margin 1.88%
2026-09-01,AUTOMOBILE PARTS & ACCESSORIES,GTYR,Ghandhara Tyre & Rubber Company Limited,unknown,7,8,moderate,8 scored members; moderate peer-count confidence,,34.64,34.64,v3_quarterly_quality,100,6,6,100,complete,,,,21.43,66.67,8.33,47.62,33.33,16.67,5,5,100,Mar-26,2026-03-31,2026-07-25,scraped_at,154,77.29,-11.68,0.94,-17.46,-922.34,,2.89,45.88,29,30,0,high,-2.16,-11.52,62.71,32.52,3.6B,260.51K,-3.57,0.62,0.38,-8.26,-5.97,0,strong_down,weak quality 16.67 (5/5); -11.52% period return; PE -3.57; EPS -8.26
2026-09-01,AUTOMOBILE PARTS & ACCESSORIES,LOADS,Loads Limited,unknown,6,8,moderate,8 scored members; moderate peer-count confidence,,39.43,39.43,v3_quarterly_quality,100,6,6,100,complete,,,,32.14,27.78,50,66.67,33.33,43.33,5,5,100,Mar-26,2026-03-31,2026-07-25,scraped_at,154,48.84,5.85,0.79,26.53,-67.71,,1.47,23.37,29,30,71.43,low,-0.38,-4.61,73.45,19.21,4.84B,887.3K,12.21,0.93,-0.01,1.07,4.28,0,down,-4.61% period return; PE 12.21; EPS 1.07; margin 4.28%
2026-09-01,AUTOMOBILE PARTS & ACCESSORIES,PTL,Panther Tyres Ltd.,unknown,3,8,moderate,8 scored members; moderate peer-count confidence,,56.35,56.35,v3_quarterly_quality,100,5,6,83.33,partial,,,,50,47.22,50,57.14,83.33,46.67,5,5,100,Mar-26,2026-03-31,2026-07-25,scraped_at,154,151.8,13.5,1.01,10.89,422.71,,1.75,27.77,29,30,28.57,high,-1.27,-0.18,21.37,16.98,9.12B,148.64K,8.49,1.13,,6.4,3.09,7.37,flat,-0.18% period return; PE 8.49; EPS 6.4; margin 3.09%
2026-09-01,AUTOMOBILE PARTS & ACCESSORIES,SLM,Service Long March Tyres Limited,unknown,4,8,moderate,8 scored members; moderate peer-count confidence,quarterly quality unavailable,54.23,54.23,v3_quarterly_quality,90,0,6,0,low,,,,64.29,50,50,66.67,50,,0,5,0,,,,,,,,,,,,1.1,17.45,29,30,100,low,-0.12,-1.23,9.28,9.43,187.23B,1.99M,,,,,,,down,limited data 0/6; -1.23% period return
2026-09-01,CABLE & ELECTRICAL GOODS,EMCO,Emco Industries Limited,unknown,5,5,moderate,5 scored members; moderate peer-count confidence,,44.12,44.12,v3_quarterly_quality,100,0,6,0,low,,,,37.5,50,50,25,50,35,5,5,100,Mar-26,2026-03-31,2026-07-25,scraped_at,154,58.93,2.86,1.42,13.22,272,,2.41,38.32,29,30,50,moderate,-1.28,-15.35,85.9,38.48,1.52B,52.89K,,,,,,,strong_down,limited data 0/6; -15.35% period return
2026-09-01,CABLE & ELECTRICAL GOODS,FCL,Fast Cables Limited,unknown,4,5,moderate,5 scored members; moderate peer-count confidence,,52.19,52.19,v3_quarterly_quality,100,0,6,0,low,,,,81.25,50,50,50,50,25,5,5,100,Mar-26,2026-03-31,2026-07-25,scraped_at,154,91.28,9.32,1.32,-3.31,-18.54,,2.5,39.74,29,30,0,high,-2.11,15.25,8.74,39.24,17.64B,3.62M,,,,,,,strong_up,limited data 0/6; weak quality 25 (5/5); 15.25% period return
2026-09-01,CABLE & ELECTRICAL GOODS,PAEL,Pak Elektron Limited,unknown,1,5,moderate,5 scored members; moderate peer-count confidence,,69.9,69.9,v3_quarterly_quality,100,6,6,100,complete,,,,43.75,66.67,50,91.67,100,75,5,5,100,Mar-26,2026-03-31,2026-07-25,scraped_at,154,40.64,8.35,2.04,26.26,57.33,,1.94,30.81,29,30,75,low,-1.62,-8.87,66.71,21.06,35.79B,7.01M,8.74,0.69,0.3,4.43,5.83,0,strong_down,strong quality 75 (5/5); -8.87% period return; PE 8.74; EPS 4.43
2026-09-01,CABLE & ELECTRICAL GOODS,SIEM,Siemens (Pakistan) Engineering,unknown,3,5,moderate,5 scored members; moderate peer-count confidence,,53.65,53.65,v3_quarterly_quality,100,6,6,100,complete,,,,68.75,16.67,50,16.67,100,75,5,5,100,Mar-26,2026-03-31,2026-07-25,scraped_at,154,6.99,4.18,1.84,745.62,146.67,,1.64,26.1,29,30,100,low,-0.45,2.43,12.04,16.33,12.81B,299.75,341.16,2.08,-18.15,4.55,0.48,0,up,strong quality 75 (5/5); 2.43% period return; PE 341.16; EPS 4.55
2026-09-01,CABLE & ELECTRICAL GOODS,WAVES,Waves Corporation Limited,unknown,2,5,moderate,5 scored members; moderate peer-count confidence,,60.15,60.15,v3_quarterly_quality,100,6,6,100,complete,,,,18.75,66.67,50,66.67,100,40,5,5,100,Mar-26,2026-03-31,2026-07-25,scraped_at,154,57.46,3.98,1.88,17.59,-55.67,,2.45,38.84,29,30,25,high,-2.34,-7.58,69.5,10.99,2.81B,6.03M,9.96,0.28,-2.07,1,5.91,0,strong_down,-7.58% period return; PE 9.96; EPS 1; margin 5.91%
2026-09-01,CEMENT,ACPL,Attock Cement Pakistan Limited,unknown,14,16,high,16 scored members; high peer-count confidence,,37.65,37.65,v3_quarterly_quality,100,6,6,100,complete,,,,48.33,19.44,50,20,50,35.38,5,5,100,Mar-26,2026-03-31,2026-07-25,scraped_at,154,53.86,12.58,0.79,40.26,8.39,,1.18,18.75,29,30,100,low,-0.44,0.02,38.91,14.13,32.15B,34.85K,11.16,1.35,0.81,20.97,6.74,0.43,flat,0.02% period return; PE 11.16; EPS 20.97; margin 6.74%
2026-09-01,CEMENT,CHCC,Cherat Cement Company Limited,unknown,8,16,high,16 scored members; high peer-count confidence,,58.27,58.27,v3_quarterly_quality,100,6,6,100,complete,,,,36.67,34.31,89.29,66.67,71.43,53.85,5,5,100,Mar-26,2026-03-31,2026-07-25,scraped_at,154,13.51,20.62,2.58,-0.65,-4.23,,2.32,36.86,29,30,60,moderate,-1.46,-8.1,28.92,34.45,58.78B,169.69K,8.1,1.49,0.68,37.34,19.88,1.82,strong_down,-8.1% period return; PE 8.1; EPS 37.34; margin 19.88%
2026-09-01,CEMENT,DCL,Dewan Cement Limited,unknown,13,16,high,16 scored members; high peer-count confidence,,43.26,43.26,v3_quarterly_quality,100,6,6,100,complete,,,,25,83.33,0,53.33,42.86,47.69,5,5,100,Mar-26,2026-03-31,2026-07-25,scraped_at,154,9.74,-4.7,0.64,13.61,381.93,,1.89,30.08,29,30,73.33,low,-2.82,-9.41,62.94,51.44,5.45B,1.22M,-4.22,0.22,0.04,-2.37,-4.8,0,strong_down,-9.41% period return; PE -4.22; EPS -2.37; margin -4.8%
2026-09-01,CEMENT,DGKC,D.G. Khan Cement Company Limited,unknown,2,16,high,16 scored members; high peer-count confidence,,64.46,64.46,v3_quarterly_quality,100,6,6,100,complete,,,,55,71.76,64.29,84.44,57.14,55.38,5,5,100,Mar-26,2026-03-31,2026-07-25,scraped_at,154,22.26,11.39,1.9,8.28,193.13,,2.52,40.06,29,30,40,moderate,-1.04,-3.72,32.69,43.22,91.05B,3.28M,7.7,0.74,0.27,26.98,13.49,0.48,down,-3.72% period return; PE 7.7; EPS 26.98; margin 13.49%
2026-09-01,CEMENT,DNCC,Dandot Cement Company Limited,unknown,16,16,high,16 scored members; high peer-count confidence,quarterly quality unavailable,29.52,29.52,v3_quarterly_quality,90,6,6,100,complete,,,,31.67,35.71,7.14,28.89,42.86,,0,5,0,,,,,,,,,,,,2.53,40.13,29,30,33.33,moderate,0.12,-6.65,73.92,15.29,5.11B,145.15K,-41.07,2.46,-0.27,-0.39,-1.76,0,strong_down,-6.65% period return; PE -41.07; EPS -0.39; margin -1.76%
2026-09-01,CEMENT,FCCL,Fauji Cement Company Limited,unknown,5,16,high,16 scored members; high peer-count confidence,,59.57,59.57,v3_quarterly_quality,100,6,6,100,complete,,,,58.33,51.04,46.43,84.44,78.57,46.15,5,5,100,Mar-26,2026-03-31,2026-07-25,scraped_at,154,34.61,16.83,1.32,4.34,38.78,,2.37,37.61,29,30,53.33,moderate,-2.22,-2.92,15.79,49.67,133.12B,3.76M,9.06,1.45,0.08,5.99,16.04,2.76,down,-2.92% period return; PE 9.06; EPS 5.99; margin 16.04%
2026-09-01,CEMENT,FECTC,Fecto Cement Limited,unknown,4,16,high,16 scored members; high peer-count confidence,,60.5,60.5,v3_quarterly_quality,100,6,6,100,complete,,,,40,79.4,39.29,22.22,92.86,60,5,5,100,Mar-26,2026-03-31,2026-07-25,scraped_at,154,25.14,16.34,1.75,15.83,31.29,,3.31,52.47,29,30,6.67,high,-1.34,-1.36,84.5,47.36,5.32B,75.87K,8.03,1.04,0.07,13.22,5.31,3.77,down,-1.36% period return; PE 8.03; EPS 13.22; margin 5.31%
2026-09-01,CEMENT,FLYNG,Flying Cement Company Limited,unknown,15,16,high,16 scored members; high peer-count confidence,,30,30,v3_quarterly_quality,100,6,6,100,complete,,,,25,27.84,17.86,22.22,42.86,49.23,5,5,100,Mar-26,2026-03-31,2026-07-25,scraped_at,154,39.24,7.14,0.31,93.28,1051.28,,1.98,31.41,29,30,66.67,moderate,-0.91,-5.65,46.78,7.92,28.88B,44.13K,32.17,2.24,0.12,1.29,5.99,0,strong_down,-5.65% period return; PE 32.17; EPS 1.29; margin 5.99%
2026-09-01,CEMENT,GWLC,Gharibwal Cement Limited,unknown,7,16,high,16 scored members; high peer-count confidence,,58.51,58.51,v3_quarterly_quality,100,6,6,100,complete,,,,61.67,61.48,39.29,28.89,85.71,60,5,5,100,Mar-26,2026-03-31,2026-07-25,scraped_at,154,3.02,10.17,2.43,9.68,53.9,,2.51,39.92,29,30,46.67,moderate,-0.36,6.13,46.24,37.57,21.34B,335.81K,7.9,0.78,0.54,6.74,12.64,2.81,strong_up,6.13% period return; PE 7.9; EPS 6.74; margin 12.64%
2026-09-01,CEMENT,KOHC,Kohat Cement Company Limited,unknown,12,16,high,16 scored members; high peer-count confidence,,47,47,v3_quarterly_quality,100,6,6,100,complete,,,,31.67,31.5,75,51.11,42.86,56.92,5,5,100,Mar-26,2026-03-31,2026-07-25,scraped_at,154,9.07,18.8,3.34,0.34,-15.84,,2.57,40.75,29,30,26.67,high,-1.93,-4.29,34.87,26.85,86.3B,249.69K,8.84,1.56,0.31,10.62,25.96,0,down,-4.29% period return; PE 8.84; EPS 10.62; margin 25.96%
2026-09-01,CEMENT,LUCK,Lucky Cement Limited,unknown,1,16,high,16 scored members; high peer-count confidence,,66.74,66.74,v3_quarterly_quality,100,6,6,100,complete,,,,48.33,65.75,89.29,71.11,64.29,52.31,5,5,100,Mar-26,2026-03-31,2026-07-25,scraped_at,154,47.39,21.57,1.81,12.95,12.54,,1.52,24.21,29,30,86.67,low,-1.28,-3.49,22.18,27.84,634.92B,1.14M,7.13,1.48,0.14,60.78,17.24,1.15,down,-3.49% period return; PE 7.13; EPS 60.78; margin 17.24%
2026-09-01,CEMENT,MLCF,Maple Leaf Cement Factory Limited,unknown,9,16,high,16 scored members; high peer-count confidence,,57.48,57.48,v3_quarterly_quality,100,6,6,100,complete,,,,71.67,53.88,57.14,91.11,42.86,41.54,5,5,100,Mar-26,2026-03-31,2026-07-25,scraped_at,154,42.57,14.75,1.51,10.63,22.41,,2.64,41.94,29,30,20,high,-0.28,1.87,33.97,39.82,103.99B,7.84M,8.75,1.25,0.22,11.34,13.96,0,up,1.87% period return; PE 8.75; EPS 11.34; margin 13.96%
2026-09-01,CEMENT,PIOC,Pioneer Cement Limited,unknown,3,16,high,16 scored members; high peer-count confidence,,62.15,62.15,v3_quarterly_quality,100,6,6,100,complete,,,,36.67,50.52,78.57,40,100,43.08,5,5,100,Mar-26,2026-03-31,2026-07-25,scraped_at,154,15.05,11.35,1.02,13.71,8.44,,1.89,30.02,29,30,80,low,-0.41,-5.51,65.74,28.96,58.59B,199.01K,8.88,1.18,0.24,29.03,17.09,3.88,strong_down,-5.51% period return; PE 8.88; EPS 29.03; margin 17.09%
2026-09-01,CEMENT,POWER,Power Cement Limited,unknown,11,16,high,16 scored members; high peer-count confidence,,47.43,47.43,v3_quarterly_quality,100,6,6,100,complete,,,,80,47.71,28.57,64.44,42.86,27.69,5,5,100,Mar-26,2026-03-31,2026-07-25,scraped_at,154,72.89,12.51,0.88,25.81,-356.85,,2.67,42.41,29,30,13.33,high,-1.22,9.18,7.61,54.45,29.32B,2.26M,10.14,1.24,0.17,2.24,8.78,0,strong_up,weak quality 27.69 (5/5); 9.18% period return; PE 10.14; EPS 2.24
2026-09-01,CEMENT,SMCPL,Safe Mix Concrete Limited,unknown,10,16,high,16 scored members; high peer-count confidence,quarterly quality unavailable,48.36,48.36,v3_quarterly_quality,90,0,6,0,low,,,,61.67,50,50,17.78,50,,0,5,0,,,,,,,,,,,,1.25,19.89,29,30,93.33,low,-0.74,-3.28,41.83,55.5,1.01B,12.36K,,,,,,,down,limited data 0/6; -3.28% period return
2026-09-01,CEMENT,THCCL,Thatta Cement Company Limited,unknown,6,16,high,16 scored members; high peer-count confidence,,58.88,58.88,v3_quarterly_quality,100,6,6,100,complete,,,,88.33,36.32,67.86,73.33,42.86,70.77,5,5,100,Mar-26,2026-03-31,2026-07-25,scraped_at,154,39.37,34.04,1.6,47.62,55.01,,3.43,54.51,29,30,0,high,0.29,16.64,35.35,72.46,38.13B,6.31M,10.56,3.75,0.06,7.24,24.4,0,strong_up,strong quality 70.77 (5/5); 16.64% period return; PE 10.56; EPS 7.24
2026-09-01,CHEMICAL,ARPL,Archroma Pakistan Limited,unknown,8,20,high,20 scored members; high peer-count confidence,,52.26,52.26,v3_quarterly_quality,100,6,6,100,complete,,,,46.05,23.81,63.33,38.6,86.67,55.38,5,5,100,Mar-26,2026-03-31,2026-07-25,scraped_at,154,79.26,28.64,1.21,10.6,511.57,,1.57,24.88,29,30,57.89,moderate,-1.15,0.59,14.59,31.58,14.78B,5.43K,9.2,2.73,65.21,46.47,5.66,7.02,flat,0.59% period return; PE 9.2; EPS 46.47; margin 5.66%
2026-09-01,CHEMICAL,BERG,Berger Paints Pakistan Limited,unknown,6,20,high,20 scored members; high peer-count confidence,,53.66,53.66,v3_quarterly_quality,100,5,6,83.33,partial,,,,94.74,47.62,36.67,63.16,53.33,32.31,5,5,100,Mar-26,2026-03-31,2026-07-25,scraped_at,154,41.36,8.09,1.43,1.37,2.01,,5.36,85.13,29,30,5.26,high,9.91,63.44,0,115.87,4.27B,1.74M,13.99,1.12,,12.44,3.37,2.87,strong_up,63.44% period return; PE 13.99; EPS 12.44; margin 3.37%
2026-09-01,CHEMICAL,BIFO,Biafo Industries Limited,unknown,13,20,high,20 scored members; high peer-count confidence,,51.02,51.02,v3_quarterly_quality,100,6,6,100,complete,,,,19.74,32.38,60,47.37,80,72.31,5,5,100,Mar-26,2026-03-31,2026-07-25,scraped_at,154,15.55,13.32,2.17,36.64,152.6,,2.03,32.24,29,30,26.32,high,-5.53,-10.72,61.9,53.44,5.63B,72.05K,12.9,1.73,0.63,9.41,12.78,6.18,strong_down,strong quality 72.31 (5/5); -10.72% period return; PE 12.9; EPS 9.41
2026-09-01,CHEMICAL,BUXL,Buxly Paints Limited,unknown,19,20,high,20 scored members; high peer-count confidence,quarterly quality unavailable,37.45,37.45,v3_quarterly_quality,90,6,6,100,complete,,,,90.79,33.33,0,50.88,33.33,,0,5,0,,,,,,,,,,,,5.77,91.57,29,30,0,high,0.74,393.09,0,596.71,1.33B,125.37K,-54.12,8.18,0.54,-17.12,-4.42,0,strong_up,393.09% period return; PE -54.12; EPS -17.12; margin -4.42%
2026-09-01,CHEMICAL,DAAG,Data Agro Limited,unknown,12,20,high,20 scored members; high peer-count confidence,quarterly quality unavailable,51.27,51.27,v3_quarterly_quality,90,0,6,0,low,,,,81.58,50,50,14.04,50,,0,5,0,,,,,,,,,,,,4.12,65.45,29,30,10.53,high,13.94,31.02,19.91,92.85,401.12M,51.86K,,,,,,,strong_up,limited data 0/6; 31.02% period return
2026-09-01,CHEMICAL,DOL,Descon Oxychem Limited,unknown,10,20,high,20 scored members; high peer-count confidence,,51.73,51.73,v3_quarterly_quality,100,6,6,100,complete,,,,42.11,38.1,43.33,45.61,93.33,40,5,5,100,Mar-26,2026-03-31,2026-07-25,scraped_at,154,3.58,11.18,1.76,-16.51,-53.87,,1.14,18.05,29,30,78.95,low,1.59,-0.63,36.8,18.18,5.25B,79.55K,11.77,1.75,-3.87,2.55,8.79,13.35,flat,-0.63% period return; PE 11.77; EPS 2.55; margin 8.79%
2026-09-01,CHEMICAL,DYNO,Dynea Pakistan Limited,unknown,1,20,high,20 scored members; high peer-count confidence,,66.79,66.79,v3_quarterly_quality,100,6,6,100,complete,,,,67.11,62.38,73.33,54.39,66.67,76.92,5,5,100,Mar-26,2026-03-31,2026-07-25,scraped_at,154,4.09,20.19,3.37,16.19,28.68,,0.81,12.91,29,30,100,low,0.79,3.16,4.6,37.93,6.62B,4.96K,6.36,1.22,0.69,55.14,7.33,4.63,up,strong quality 76.92 (5/5); 3.16% period return; PE 6.36; EPS 55.14
2026-09-01,CHEMICAL,EPCL,Engro Polymer & Chemicals Limited,unknown,20,20,high,20 scored members; high peer-count confidence,,34.5,34.5,v3_quarterly_quality,100,6,6,100,complete,,,,48.68,35.71,6.67,71.93,33.33,30.77,5,5,100,Mar-26,2026-03-31,2026-07-25,scraped_at,154,209.99,-11.37,1.11,6.92,3080,,1.51,24.05,29,30,63.16,moderate,-2.36,2.3,10.33,31.95,32.39B,2.3M,33.75,1.47,-3.13,1.06,1.2,0,up,2.3% period return; PE 33.75; EPS 1.06; margin 1.2%
2026-09-01,CHEMICAL,GCIL,Ghani Chemical Industries Limited,unknown,5,20,high,20 scored members; high peer-count confidence,quarterly quality unavailable,56.06,56.06,v3_quarterly_quality,90,4,6,66.67,partial,,,,50,59.52,66.67,80.7,33.33,,0,5,0,,,,,,,,,,,,1.88,29.8,29,30,47.37,moderate,1.61,-6.56,16.83,39.28,19.82B,1.9M,6.6,,,5.27,33.37,0,strong_down,-6.56% period return; PE 6.6; EPS 5.27; margin 33.37%
2026-09-01,CHEMICAL,GCWL,Ghani Chemworld Limited,unknown,15,20,high,20 scored members; high peer-count confidence,quarterly quality unavailable,46.49,46.49,v3_quarterly_quality,90,0,6,0,low,,,,23.68,50,50,57.89,50,,0,5,0,,,,,,,,,,,,1.09,17.36,29,30,84.21,low,-0.45,-4.41,63.31,13.91,3.85B,507.16K,,,,,,,down,limited data 0/6; -4.41% period return
2026-09-01,CHEMICAL,GGL,Ghani Global Holdings Limited,unknown,2,20,high,20 scored members; high peer-count confidence,,64.84,64.84,v3_quarterly_quality,100,6,6,100,complete,,,,43.42,95.24,70,75.44,33.33,63.08,5,5,100,Mar-26,2026-03-31,2026-07-25,scraped_at,154,41.91,29.51,1.41,10.62,191.02,,1.93,30.7,29,30,31.58,high,0.22,-6.49,40.09,58.51,7.91B,509.14K,2.29,0.98,0.04,9.78,31.53,0,strong_down,-6.49% period return; PE 2.29; EPS 9.78; margin 31.53%
2026-09-01,CHEMICAL,ICL,Ittehad Chemicals Limted,unknown,9,20,high,20 scored members; high peer-count confidence,,51.86,51.86,v3_quarterly_quality,100,6,6,100,complete,,,,47.37,63.81,46.67,61.4,46.67,40,5,5,100,Mar-26,2026-03-31,2026-07-25,scraped_at,154,49.29,13.39,1.15,18.11,6.66,,1.24,19.66,29,30,73.68,low,-0.73,-1.44,31.43,50.27,13.39B,50.19K,9.75,1.23,0.37,13.74,4.34,2.24,down,-1.44% period return; PE 9.75; EPS 13.74; margin 4.34%
2026-09-01,CHEMICAL,LCI,Lucky Core Industries Limited,unknown,11,20,high,20 scored members; high peer-count confidence,,51.29,51.29,v3_quarterly_quality,100,6,6,100,complete,,,,18.42,50.95,63.33,49.12,73.33,35.38,5,5,100,Mar-26,2026-03-31,2026-07-25,scraped_at,154,40.75,16.7,1.51,-6.84,-23.96,,0.88,14.03,29,30,94.74,low,-0.75,-3.94,65.95,9.03,101.29B,73.8K,10.39,1.7,0.5,21.11,8.6,4.79,down,-3.94% period return; PE 10.39; EPS 21.11; margin 8.6%
2026-09-01,CHEMICAL,LOTCHEM,Lotte Chemical Pakistan Limited,unknown,4,20,high,20 scored members; high peer-count confidence,,60.54,60.54,v3_quarterly_quality,100,6,6,100,complete,,,,50,47.62,33.33,75.44,100,69.23,5,5,100,Jun-26,2026-06-30,2026-07-25,scraped_at,63,12.77,22.2,1.79,0.4,284.98,,1.93,30.58,29,30,36.84,moderate,-1.75,0.81,24.68,49.43,41.66B,7.98M,8.88,2.05,-6.61,3.1,5.49,23.63,flat,0.81% period return; PE 8.88; EPS 3.1; margin 5.49%
2026-09-01,CHEMICAL,LPGL,Leiner Pak Gelatine Limited,unknown,17,20,high,20 scored members; high peer-count confidence,quarterly quality unavailable,45.47,45.47,v3_quarterly_quality,90,0,6,0,low,,,,42.11,50,50,21.05,50,,0,5,0,,,,,,,,,,,,1.9,30.15,29,30,42.11,moderate,-2.42,0.42,25.72,48.67,702.6M,7.84K,,,,,,,flat,limited data 0/6; 0.42% period return
2026-09-01,CHEMICAL,NRSL,Nimir Resins Limited,unknown,18,20,high,20 scored members; high peer-count confidence,,38.71,38.71,v3_quarterly_quality,100,6,6,100,complete,,,,88.16,22.38,13.33,57.89,33.33,47.69,5,5,100,Mar-26,2026-03-31,2026-07-25,scraped_at,154,66.14,8.38,1.71,27.35,13.03,,3.18,50.41,29,30,21.05,high,5.01,21.6,2.11,104.42,5.95B,856.19K,20.12,1.63,1.71,2.09,2.61,0,strong_up,21.6% period return; PE 20.12; EPS 2.09; margin 2.61%
2026-09-01,CHEMICAL,PAKOXY,Pakistan Oxygen Limited,unknown,7,20,high,20 scored members; high peer-count confidence,,53.42,53.42,v3_quarterly_quality,100,6,6,100,complete,,,,52.63,44.29,80,57.89,33.33,60,5,5,100,Mar-26,2026-03-31,2026-07-25,scraped_at,154,37.86,17.39,1.28,18.56,112.88,,1.64,26.09,29,30,52.63,moderate,-4.49,16.97,6.81,48.03,29.1B,85.58K,11.88,2.17,0.14,28.11,17.05,0,strong_up,16.97% period return; PE 11.88; EPS 28.11; margin 17.05%
2026-09-01,CHEMICAL,SARC,Sardar Chemical Industries Limited,unknown,14,20,high,20 scored members; high peer-count confidence,quarterly quality unavailable,47.83,47.83,v3_quarterly_quality,90,0,6,0,low,,,,43.42,50,50,40.35,50,,0,5,0,,,,,,,,,,,,3.21,50.95,29,30,15.79,high,-0.54,-9.5,32.94,93.89,543.06M,12.41K,,,,,,,strong_down,limited data 0/6; -9.5% period return
2026-09-01,CHEMICAL,SITC,Sitara Chemical Industries Limited,unknown,16,20,high,20 scored members; high peer-count confidence,,45.49,45.49,v3_quarterly_quality,100,6,6,100,complete,,,,31.58,54.29,63.33,42.11,40,23.08,5,5,100,Mar-26,2026-03-31,2026-07-25,scraped_at,154,97.96,7.22,0.78,1.79,118.56,,1.34,21.24,29,30,68.42,low,-0.31,-6.17,39.91,21.44,16.24B,1.85K,11.59,0.81,0.7,65.36,4.3,1.45,strong_down,weak quality 23.08 (5/5); -6.17% period return; PE 11.59; EPS 65.36
2026-09-01,CHEMICAL,WAHN,Wah Noble Chemicals Limited,unknown,3,20,high,20 scored members; high peer-count confidence,,60.72,60.72,v3_quarterly_quality,100,6,6,100,complete,,,,17.11,88.57,80,26.32,60,53.85,5,5,100,Mar-26,2026-03-31,2026-07-25,scraped_at,154,8.93,16.76,3.2,0.2,-0.43,,1,15.86,29,30,89.47,low,-3.83,-5.24,59.83,20.84,2.45B,1.11K,5.26,0.85,0.33,51.77,9.43,3.67,strong_down,-5.24% period return; PE 5.26; EPS 51.77; margin 9.43%
2026-09-01,COMMERCIAL BANKS,BIPL,BankIslami Pakistan Limited,unknown,3,3,low,3 scored members; low peer-count confidence,small sector peer group,41.88,41.88,v3_quarterly_quality,100,5,6,83.33,partial,,,,12.5,66.67,0,33.33,100,0,3,5,60,Mar-26,2026-03-31,2026-07-25,scraped_at,154,,8.97,,-17.62,-61.81,,1.51,23.89,29,30,0,high,-1.49,-2.62,67.24,11.74,29.24B,808.05K,8.06,0.6,,3.27,4.69,10.43,down,weak quality 0 (3/5); -2.62% period return; PE 8.06; EPS 3.27
2026-09-01,COMMERCIAL BANKS,FABL,Faysal Bank Limited,unknown,1,3,low,3 scored members; low peer-count confidence,small sector peer group,57.5,57.5,v3_quarterly_quality,100,5,6,83.33,partial,,,,50,66.67,50,50,50,83.33,3,5,60,Mar-26,2026-03-31,2026-07-25,scraped_at,154,,19.32,,5.31,0.24,,0.95,15.1,29,30,100,low,-0.67,-5.19,11.04,26.44,144.88B,373.69K,6.35,1.23,,15.03,11.28,6.81,strong_down,strong quality 83.33 (3/5); -5.19% period return; PE 6.35; EPS 15.03
2026-09-01,COMMERCIAL BANKS,MEBL,Meezan Bank Limited,unknown,2,3,low,3 scored members; low peer-count confidence,small sector peer group,50.63,50.63,v3_quarterly_quality,100,5,6,83.33,partial,,,,87.5,16.67,100,66.67,0,66.67,3,5,60,Mar-26,2026-03-31,2026-07-25,scraped_at,154,,32.66,,-7.48,-8.8,,1.41,22.46,29,30,50,moderate,-0.99,0.55,5.71,47.69,1.03T,637.21K,11.17,3.51,,51.25,19.32,5.15,flat,0.55% period return; PE 11.17; EPS 51.25; margin 19.32%
2026-09-01,ENGINEERING,ASL,Aisha Steel Mills Limited,unknown,5,11,moderate,11 scored members; moderate peer-count confidence,,49.89,49.89,v3_quarterly_quality,100,6,6,100,complete,,,,82.5,40,37.5,63.33,50,36.83,5,5,100,Mar-26,2026-03-31,2026-07-25,scraped_at,154,55.55,0.52,1.17,40.49,-107.59,,2.35,37.28,29,30,40,moderate,0.21,3.08,13.96,64.98,13.07B,1.64M,14.18,1.17,-1.06,0.99,1.81,0,up,3.08% period return; PE 14.18; EPS 0.99; margin 1.81%
2026-09-01,ENGINEERING,BCL,Bolan Castings Limited,unknown,10,11,moderate,11 scored members; moderate peer-count confidence,,41.56,41.56,v3_quarterly_quality,100,6,6,100,complete,,,,85,20.83,25,46.67,50,39.37,5,5,100,Mar-26,2026-03-31,2026-07-25,scraped_at,154,36.14,-4.49,1.39,-37.29,-84.09,,2.8,44.47,29,30,30,high,10.1,16.54,31.15,50.95,970.12M,84.8K,-62.37,3.05,4.44,-1.36,-1.1,0,strong_up,16.54% period return; PE -62.37; EPS -1.36; margin -1.1%
2026-09-01,ENGINEERING,BECO,Beco Steel Limited,unknown,7,11,moderate,11 scored members; moderate peer-count confidence,,46.89,46.89,v3_quarterly_quality,100,0,6,0,low,,,,20,50,50,66.67,50,47.22,4,5,80,Mar-26,2026-03-31,2026-07-25,scraped_at,154,,15.8,1.03,39.01,-12475,,2.28,36.18,29,30,60,moderate,-0.64,-12.45,1486.21,18.97,5.8B,4.95M,,,,,,,strong_down,limited data 0/6; -12.45% period return
2026-09-01,ENGINEERING,CSAP,Crescent Steel & Allied Products Limited,unknown,1,11,moderate,11 scored members; moderate peer-count confidence,,75.67,75.67,v3_quarterly_quality,100,6,6,100,complete,,,,35,83.33,93.75,73.33,87.5,60,5,5,100,Mar-26,2026-03-31,2026-07-25,scraped_at,154,16.64,4.46,2.23,-31.29,-20.36,,1.79,28.43,29,30,80,low,-1.31,-6.1,42.04,29.11,7.84B,606.37K,5.12,0.8,0.74,19.74,17.22,5.44,strong_down,-6.1% period return; PE 5.12; EPS 19.74; margin 17.22%
2026-09-01,ENGINEERING,DADX,Dadex Eternit Limited,unknown,11,11,moderate,11 scored members; moderate peer-count confidence,,35.07,35.07,v3_quarterly_quality,100,6,6,100,complete,,,,67.5,50,0,6.67,50,17.78,5,5,100,Mar-26,2026-03-31,2026-07-25,scraped_at,154,122.54,-95.74,0.92,-9.89,-15.32,,3.4,54.04,29,30,10,high,-7.88,9.09,24.13,132.49,1.07B,22.89K,-3.28,4.13,0.06,-30.29,-37.21,0,strong_up,weak quality 17.78 (5/5); 9.09% period return; PE -3.28; EPS -30.29
2026-09-01,ENGINEERING,INIL,International Industries Limited,unknown,3,11,moderate,11 scored members; moderate peer-count confidence,,67.46,67.46,v3_quarterly_quality,100,6,6,100,complete,,,,47.5,72.5,75,56.67,75,65.4,5,5,100,Mar-26,2026-03-31,2026-07-25,scraped_at,154,39.41,7.41,1.27,32.3,83.84,,2.28,36.24,29,30,50,moderate,-1.7,7,47.09,32.98,22.32B,30.75K,7.72,0.66,-2.45,21.92,2.4,4.14,strong_up,7% period return; PE 7.72; EPS 21.92; margin 2.4%
2026-09-01,ENGINEERING,ISL,International Steels Limited,unknown,2,11,moderate,11 scored members; moderate peer-count confidence,,69.62,69.62,v3_quarterly_quality,100,6,6,100,complete,,,,42.5,49.17,81.25,73.33,100,73.65,5,5,100,Mar-26,2026-03-31,2026-07-25,scraped_at,154,42.19,11.95,1.23,42.32,94.89,,2.82,44.79,29,30,20,high,-2.15,4.77,49.8,37.69,39.2B,414.17K,10.68,1.46,-2.61,8.44,3.93,5.55,up,strong quality 73.65 (5/5); 4.77% period return; PE 10.68; EPS 8.44
2026-09-01,ENGINEERING,ITTEFAQ,Ittefaq Iron Industries Limited,unknown,8,11,moderate,11 scored members; moderate peer-count confidence,,44.38,44.38,v3_quarterly_quality,100,5,6,83.33,partial,,,,35,66.67,12.5,60,50,39.68,5,5,100,Mar-26,2026-03-31,2026-07-25,scraped_at,154,43.42,-18.56,2.06,-28.47,-21.12,,1.62,25.79,29,30,90,low,-1.66,-5.89,52.11,44.52,1.2B,325.22K,-2.13,0.41,,-3.91,-27.88,0,strong_down,-5.89% period return; PE -2.13; EPS -3.91; margin -27.88%
2026-09-01,ENGINEERING,KSBP,KSB Pumps Company Limited,unknown,6,11,moderate,11 scored members; moderate peer-count confidence,,47.64,47.64,v3_quarterly_quality,100,6,6,100,complete,,,,50,16.67,68.75,33.33,62.5,63.89,4,5,80,Mar-26,2026-03-31,2026-07-25,scraped_at,154,,5.24,1.63,10.42,1.85,,1.99,31.54,29,30,70,low,-3.09,-1.45,14.45,48.61,7.13B,49.7K,31.26,1.65,3.25,7.38,3.01,0.43,down,-1.45% period return; PE 31.26; EPS 7.38; margin 3.01%
2026-09-01,ENGINEERING,MSCL,Metropolitan Steel Corporation Limited,unknown,9,11,moderate,11 scored members; moderate peer-count confidence,quarterly quality unavailable,44.31,44.31,v3_quarterly_quality,90,0,6,0,low,,,,42.5,50,50,10,50,,0,5,0,,,,,,,,,,,,3.73,59.19,29,30,0,high,-2.18,0,99.87,93.2,721.16M,37.86K,,,,,,,flat,limited data 0/6; 0% period return
2026-09-01,ENGINEERING,MUGHAL,Mughal Iron & Steel Industries Limited,unknown,4,11,moderate,11 scored members; moderate peer-count confidence,,53.51,53.51,v3_quarterly_quality,100,6,6,100,complete,,,,42.5,50.83,56.25,73.33,50,58.41,5,5,100,Mar-26,2026-03-31,2026-07-25,scraped_at,154,102.57,8.83,1.33,-8.82,148.44,,1.53,24.23,29,30,100,low,-0.87,-4.41,45.56,32.73,26.28B,498.5K,12.29,0.87,0.84,6.37,2.8,0,down,-4.41% period return; PE 12.29; EPS 6.37; margin 2.8%
2026-09-01,FERTILIZER,EFERT,Engro Fertilizers Limited,unknown,3,3,low,3 scored members; low peer-count confidence,small sector peer group,27.12,27.12,v3_quarterly_quality,100,6,6,100,complete,,,,37.5,16.67,0,33.33,50,40,5,5,100,Mar-26,2026-03-31,2026-07-25,scraped_at,154,158.53,53.58,0.77,14.76,-1.49,,1.08,17.19,29,30,100,low,2.01,-2.74,42.21,2.86,247.23B,1.14M,11.62,5.64,-1.52,15.94,9.36,6.62,down,-2.74% period return; PE 11.62; EPS 15.94; margin 9.36%
2026-09-01,FERTILIZER,FATIMA,Fatima Fertilizer Company Limited,unknown,2,3,low,3 scored members; low peer-count confidence,small sector peer group,46.04,46.04,v3_quarterly_quality,100,6,6,100,complete,,,,62.5,66.67,50,50,0,50,5,5,100,Mar-26,2026-03-31,2026-07-25,scraped_at,154,38.63,22.65,1.5,11.62,1.49,,1.75,27.84,29,30,0,high,-1.17,-1.4,24.27,29.28,325.79B,1.51M,7.15,1.76,0.19,21.7,15.66,6.12,down,-1.4% period return; PE 7.15; EPS 21.7; margin 15.66%
2026-09-01,FERTILIZER,FFC,Fauji Fertilizer Company Limited,unknown,1,3,low,3 scored members; low peer-count confidence,small sector peer group,76.83,76.83,v3_quarterly_quality,100,6,6,100,complete,,,,50,66.67,100,66.67,100,60,5,5,100,Mar-26,2026-03-31,2026-07-25,scraped_at,154,28.16,33.61,1.23,21.91,-3.55,,1.18,18.8,29,30,50,moderate,-0.05,-3.56,23.99,28.32,794.99B,462.43K,8.99,2.9,0.13,61.43,16.53,7.42,down,-3.56% period return; PE 8.99; EPS 61.43; margin 16.53%
2026-09-01,FOOD & PERSONAL CARE PRODUCTS,BBFL,Big Bird Foods Limited,unknown,7,23,high,23 scored members; high peer-count confidence,,56.93,56.93,v3_quarterly_quality,100,0,6,0,low,,,,72.08,50,50,68.18,50,68,5,5,100,Mar-26,2026-03-31,2026-07-25,scraped_at,154,25.12,17.2,1.84,47.11,13.71,,2.06,32.71,29,30,40.91,moderate,-0.28,0.14,34.69,25.24,12.73B,698.31K,,,,,,,flat,limited data 0/6; 0.14% period return
2026-09-01,FOOD & PERSONAL CARE PRODUCTS,BFAGRO,Barkat Frisian Agro Limited,unknown,11,23,high,23 scored members; high peer-count confidence,quarterly quality unavailable,50.76,50.76,v3_quarterly_quality,90,0,6,0,low,,,,52.54,50,50,53.03,50,,0,5,0,,,,,,,,,,,,1.04,16.44,29,30,68.18,low,0.03,-3.17,49.06,13.81,10.24B,60.75K,,,,,,,down,limited data 0/6; -3.17% period return
2026-09-01,FOOD & PERSONAL CARE PRODUCTS,BNL,Bunnys Limited,unknown,10,23,high,23 scored members; high peer-count confidence,,52.12,52.12,v3_quarterly_quality,100,6,6,100,complete,,,,25.87,65.2,43.33,63.64,53.33,62.48,5,5,100,Mar-26,2026-03-31,2026-07-25,scraped_at,154,39.91,17.26,1.16,7.95,199.33,,2.07,32.83,29,30,36.36,moderate,-0.64,-3.43,2653.71,3.16,4.14B,1.08M,9.29,1.41,0.56,0.67,5.69,0,down,-3.43% period return; PE 9.29; EPS 0.67; margin 5.69%
2026-09-01,FOOD & PERSONAL CARE PRODUCTS,CLOV,Clover Pakistan Limited,unknown,22,23,high,23 scored members; high peer-count confidence,quarterly quality unavailable,42.82,42.82,v3_quarterly_quality,90,6,6,100,complete,,,,4.71,57.14,33.33,62.12,53.33,,0,5,0,,,,,,,,,,,,2.79,44.28,29,30,18.18,high,-2.5,-22.21,1238.97,0.46,2.58B,2.66M,10.84,3.54,-0.27,0.61,4.44,0,strong_down,-22.21% period return; PE 10.84; EPS 0.61; margin 4.44%
2026-09-01,FOOD & PERSONAL CARE PRODUCTS,COLG,Colgate-Palmolive (Pakistan) Limited,unknown,1,23,high,23 scored members; high peer-count confidence,,71.87,71.87,v3_quarterly_quality,100,6,6,100,complete,,,,73.27,49.27,86.67,54.55,93.33,71.08,5,5,100,Mar-26,2026-03-31,2026-07-25,scraped_at,154,2.5,48.34,2.49,3.43,-7.88,,0.58,9.24,29,30,90.91,low,1.5,-2.21,9.52,14.26,291.26B,7.52K,15.63,7,0.33,76.74,14.88,5.33,down,strong quality 71.08 (5/5); -2.21% period return; PE 15.63; EPS 76.74
2026-09-01,FOOD & PERSONAL CARE PRODUCTS,FCEPL,Frieslandcampina Engro Pakistan Limited,unknown,4,23,high,23 scored members; high peer-count confidence,,62.18,62.18,v3_quarterly_quality,100,6,6,100,complete,,,,97.67,34.43,60,69.7,73.33,52.86,5,5,100,Mar-26,2026-03-31,2026-07-25,scraped_at,154,22.92,20.39,1.04,1.47,31.75,,3.2,50.79,29,30,9.09,high,4.29,42.46,1.32,144.97,119.93B,3.06M,20.78,6.42,0.55,7.53,5.21,2.24,strong_up,42.46% period return; PE 20.78; EPS 7.53; margin 5.21%
2026-09-01,FOOD & PERSONAL CARE PRODUCTS,FFL,Fauji Foods Limited,unknown,16,23,high,23 scored members; high peer-count confidence,,47.22,47.22,v3_quarterly_quality,100,6,6,100,complete,,,,38.53,52.38,23.33,66.67,53.33,63.49,5,5,100,Mar-26,2026-03-31,2026-07-25,scraped_at,154,2.85,11.16,1.15,14.15,23.81,,1.28,20.35,29,30,63.64,moderate,-0.96,-3.61,54.39,10.71,39.06B,2.23M,40.13,3.47,0.02,0.39,3.18,0,down,-3.61% period return; PE 40.13; EPS 0.39; margin 3.18%
2026-09-01,FOOD & PERSONAL CARE PRODUCTS,GDL,Ghani Dairies Limited,unknown,17,23,high,23 scored members; high peer-count confidence,quarterly quality unavailable,47.21,47.21,v3_quarterly_quality,90,0,6,0,low,,,,31.22,50,50,53.03,50,,0,5,0,,,,,,,,,,,,1.83,29.09,29,30,54.55,moderate,-1.21,-2.34,93.1,1.12,7.34B,296.92K,,,,,,,down,limited data 0/6; -2.34% period return
2026-09-01,FOOD & PERSONAL CARE PRODUCTS,GIL,Good Luck Industries Ltd.,unknown,21,23,high,23 scored members; high peer-count confidence,,44.82,44.82,v3_quarterly_quality,100,6,6,100,complete,,,,67.05,33.33,36.67,1.52,66.67,56.15,4,5,80,Mar-26,2026-03-31,2026-07-25,scraped_at,154,,0.2,2.44,5.81,100,,0,0,29,30,97.73,low,,0,-100,,0,0,66.03,0,-14.54,15.14,0.25,0.3,flat,0% period return; PE 66.03; EPS 15.14; margin 0.25%
2026-09-01,FOOD & PERSONAL CARE PRODUCTS,ISIL,Ismail Industries Limited,unknown,18,23,high,23 scored members; high peer-count confidence,,47.08,47.08,v3_quarterly_quality,100,6,6,100,complete,,,,40.21,37.18,60,39.39,60,38.11,5,5,100,Mar-26,2026-03-31,2026-07-25,scraped_at,154,168,15.62,1.24,0.01,-2.16,,0.94,14.9,29,30,72.73,low,-2.66,-2.92,27.15,8.06,123.69B,40.25,29.82,4.47,0.47,62.5,3.31,0.27,down,-2.92% period return; PE 29.82; EPS 62.5; margin 3.31%
2026-09-01,FOOD & PERSONAL CARE PRODUCTS,MFFL,Mitchells Fruit Farms Limited,unknown,12,23,high,23 scored members; high peer-count confidence,quarterly quality unavailable,49.91,49.91,v3_quarterly_quality,90,0,6,0,low,,,,60.55,50,50,33.33,50,,0,5,0,,,,,,,,,,,,1.91,30.33,29,30,50,moderate,-0.85,-2.37,36.59,24.24,3.97B,7.86K,,,,,,,down,limited data 0/6; -2.37% period return
2026-09-01,FOOD & PERSONAL CARE PRODUCTS,MFL,Matco Foods Limited,unknown,8,23,high,23 scored members; high peer-count confidence,,53.06,53.06,v3_quarterly_quality,100,6,6,100,complete,,,,25.76,90.11,36.67,53.03,53.33,33.7,5,5,100,Mar-26,2026-03-31,2026-07-25,scraped_at,154,157.49,4.98,1.1,-16.67,542.17,,2.65,42.07,29,30,22.73,high,-1.01,-3.56,113.74,6.79,4.91B,466.43K,9.7,0.45,0.2,4.13,1.98,0,down,-3.56% period return; PE 9.7; EPS 4.13; margin 1.98%
2026-09-01,FOOD & PERSONAL CARE PRODUCTS,NESTLE,Nestle Pakistan Limited,unknown,6,23,high,23 scored members; high peer-count confidence,,60.69,60.69,v3_quarterly_quality,100,6,6,100,complete,,,,58.06,19.41,80,53.03,100,58.21,5,5,100,Jun-26,2026-06-30,2026-07-25,scraped_at,63,10.73,75.51,0.88,9.63,10.78,,0.71,11.25,29,30,86.36,low,1.01,-3.07,15.5,7.61,341.61B,271.75,20.34,17.4,1.45,370.4,8.2,7.26,down,-3.07% period return; PE 20.34; EPS 370.4; margin 8.2%
2026-09-01,FOOD & PERSONAL CARE PRODUCTS,PREMA,At-Tahur Limited,unknown,2,23,high,23 scored members; high peer-count confidence,,63.15,63.15,v3_quarterly_quality,100,6,6,100,complete,,,,58.12,70.88,63.33,69.7,53.33,64.1,5,5,100,Mar-26,2026-03-31,2026-07-25,scraped_at,154,23.25,9.44,1.39,16.81,29.13,,3.41,54.21,29,30,4.55,high,-1.57,0.61,63.09,50.3,7.56B,3.85M,12.64,1.25,0.28,2.73,9.01,0,flat,0.61% period return; PE 12.64; EPS 2.73; margin 9.01%
2026-09-01,FOOD & PERSONAL CARE PRODUCTS,QUICE,Quice Food Industries Limited,unknown,15,23,high,23 scored members; high peer-count confidence,quarterly quality unavailable,48.26,48.26,v3_quarterly_quality,90,0,6,0,low,,,,37.55,50,50,53.03,50,,0,5,0,,,,,,,,,,,,2.13,33.79,29,30,31.82,high,-2.99,-13.98,55.92,269.25,2.91B,76.04K,,,,,,,strong_down,limited data 0/6; -13.98% period return
2026-09-01,FOOD & PERSONAL CARE PRODUCTS,RMPL,Rafhan Maize Products Company Limited,unknown,3,23,high,23 scored members; high peer-count confidence,,62.79,62.79,v3_quarterly_quality,100,6,6,100,complete,,,,62.66,42.86,90,34.85,80,51.9,5,5,100,Mar-26,2026-03-31,2026-07-25,scraped_at,154,27.78,22.4,1.85,2.53,-13.25,,0.78,12.42,29,30,77.27,low,0.2,0.24,46.33,9.06,85.63B,36.75,12.62,2.76,3.15,734.36,9.04,4.68,flat,0.24% period return; PE 12.62; EPS 734.36; margin 9.04%
2026-09-01,FOOD & PERSONAL CARE PRODUCTS,SCL,Shield Corporation Limited,unknown,23,23,high,23 scored members; high peer-count confidence,,33.01,33.01,v3_quarterly_quality,100,6,6,100,complete,,,,70.02,29.12,0,13.64,53.33,32.01,5,5,100,Mar-26,2026-03-31,2026-07-25,scraped_at,154,221.61,-70.65,1.15,-12.29,2233.33,,0,0,29,30,97.73,low,0.01,0,49.99,134.4,2.93B,0,-13.91,9.44,1.05,-53.91,-8.05,0,flat,0% period return; PE -13.91; EPS -53.91; margin -8.05%
2026-09-01,FOOD & PERSONAL CARE PRODUCTS,TOMCL,The Organic Meat Company Limited,unknown,19,23,high,23 scored members; high peer-count confidence,,46.72,46.72,v3_quarterly_quality,100,6,6,100,complete,,,,44.32,43.04,36.67,68.18,53.33,44.89,5,5,100,Mar-26,2026-03-31,2026-07-25,scraped_at,154,7.87,4.82,4.37,-10.07,-51.64,,3.14,49.83,29,30,13.64,high,-1.99,-1.81,108.61,28.48,7.14B,1.27M,19.77,1.09,2.12,1.84,2.74,0,down,-1.81% period return; PE 19.77; EPS 1.84; margin 2.74%
2026-09-01,FOOD & PERSONAL CARE PRODUCTS,TREET,Treet Corporation Limited,unknown,14,23,high,23 scored members; high peer-count confidence,,48.36,48.36,v3_quarterly_quality,100,6,6,100,complete,,,,50.97,63.19,20,71.21,53.33,31.3,5,5,100,Mar-26,2026-03-31,2026-07-25,scraped_at,154,103.11,4.99,1.01,3.17,9.62,,1.92,30.52,29,30,45.45,moderate,-1.61,0.26,59.14,18.93,8.63B,1.92M,17.96,1.06,0.51,1.29,1.81,0,flat,0.26% period return; PE 17.96; EPS 1.29; margin 1.81%
2026-09-01,FOOD & PERSONAL CARE PRODUCTS,UNITY,Unity Foods Limited,unknown,9,23,high,23 scored members; high peer-count confidence,quarterly fundamentals stale,52.95,52.95,v3_quarterly_quality,100,6,6,100,complete,,,,21.21,95.05,30,80.3,53.33,13.08,5,5,100,Sep-25,2025-09-30,2026-07-25,scraped_at,336,239.45,9.32,1.01,-2.15,-160.06,,3.61,57.34,29,30,0,high,-7.03,-8.89,223.25,21.44,10.89B,16.38M,5.7,0.58,0.11,1.6,2.34,0,strong_down,weak quality 13.08 (5/5); -8.89% period return; PE 5.7; EPS 1.6
2026-09-01,FOOD & PERSONAL CARE PRODUCTS,UPFL,Unilever Pakistan Foods Limited,unknown,5,23,high,23 scored members; high peer-count confidence,,61.36,61.36,v3_quarterly_quality,100,6,6,100,complete,,,,62.28,17.4,100,43.94,86.67,59.38,2,5,40,Mar-26,2026-03-31,2026-07-25,scraped_at,154,,,,22.21,-6.5,,0.78,12.35,29,30,81.82,low,-1.26,1.36,31.41,13.66,163.36B,129.5,22.7,22.62,0.78,1129.54,15.56,5.31,up,1.36% period return; PE 22.7; EPS 1129.54; margin 15.56%
2026-09-01,FOOD & PERSONAL CARE PRODUCTS,WAHDAT,Wahdat Poultry Farm Limited,unknown,20,23,high,23 scored members; high peer-count confidence,quarterly quality unavailable,46.5,46.5,v3_quarterly_quality,90,0,6,0,low,,,,30.03,50,50,48.48,50,,0,5,0,,,,,,,,,,,,1.54,24.47,29,30,59.09,moderate,-1.45,-3.63,39.08,1.36,5.25B,184.27K,,,,,,,down,limited data 0/6; -3.63% period return
2026-09-01,FOOD & PERSONAL CARE PRODUCTS,ZIL,ZIL Limited,unknown,13,23,high,23 scored members; high peer-count confidence,,49.75,49.75,v3_quarterly_quality,100,0,6,0,low,,,,66.45,50,50,16.67,50,56.12,5,5,100,Mar-26,2026-03-31,2026-07-25,scraped_at,154,15.95,3.59,1.14,14.89,168.42,,2.18,34.63,29,30,27.27,high,1.38,1.65,103.48,18.27,2.17B,362.25,,,,,,,up,limited data 0/6; 1.65% period return
2026-09-01,GLASS & CERAMICS,FRCL,Frontier Ceramics Limited,unknown,4,7,moderate,7 scored members; moderate peer-count confidence,,51.93,51.93,v3_quarterly_quality,100,0,6,0,low,,,,87.5,50,50,22.22,50,40.83,4,5,80,Mar-26,2026-03-31,2026-07-25,scraped_at,154,,12.62,0.77,11.07,-1112,,3.78,59.94,29,30,0,high,0.44,-1.68,20.47,145.68,3.72B,666,,,,,,,down,limited data 0/6; -1.68% period return
2026-09-01,GLASS & CERAMICS,GGGL,Ghani Global Glass Limited,unknown,7,7,moderate,7 scored members; moderate peer-count confidence,,29.88,29.88,v3_quarterly_quality,100,6,6,100,complete,,,,12.5,33.33,25,50,25,46.67,5,5,100,Mar-26,2026-03-31,2026-07-25,scraped_at,154,49.24,4.77,1.08,-3.04,-54.15,,1.14,18.05,29,30,83.33,low,-1.83,-10.85,79.75,20.15,1.93B,556.45K,15.03,0.66,0.71,0.54,4.51,0,strong_down,-10.85% period return; PE 15.03; EPS 0.54; margin 4.51%
2026-09-01,GLASS & CERAMICS,GHGL,Ghani Glass Limited,unknown,1,7,moderate,7 scored members; moderate peer-count confidence,,84.02,84.02,v3_quarterly_quality,100,6,6,100,complete,,,,83.33,80.56,75,77.78,100,86,5,5,100,Mar-26,2026-03-31,2026-07-25,scraped_at,154,0.09,15.69,2.75,4.32,-0.02,,2.04,32.33,29,30,33.33,moderate,-0.72,5.36,25.87,49.42,41.5B,1.17M,5.74,0.99,0.2,7.23,14.94,8.43,strong_up,strong quality 86 (5/5); 5.36% period return; PE 5.74; EPS 7.23
2026-09-01,GLASS & CERAMICS,GVGL,Ghani Value Glass Limited,unknown,3,7,moderate,7 scored members; moderate peer-count confidence,,55.96,55.96,v3_quarterly_quality,100,5,6,83.33,partial,,,,45.83,27.78,75,38.89,75,82.5,4,5,80,Mar-26,2026-03-31,2026-07-25,scraped_at,154,,21.2,1.98,13.59,-4.69,,0.99,15.64,29,30,100,low,-1.36,-0.7,37.63,23.16,8.06B,2.72K,8.09,1.6,,6.64,15.54,5.58,flat,strong quality 82.5 (4/5); -0.7% period return; PE 8.09; EPS 6.64
2026-09-01,GLASS & CERAMICS,KCL,Karam Ceramics Limited,unknown,5,7,moderate,7 scored members; moderate peer-count confidence,,47.68,47.68,v3_quarterly_quality,100,0,6,0,low,,,,70.83,50,50,38.89,50,6.67,5,5,100,Mar-26,2026-03-31,2026-07-25,scraped_at,154,346.72,-948.91,0.47,-22.12,-27.29,,1.71,27.17,29,30,50,moderate,-0.6,-0.6,35.77,25.31,2.1B,311,,,,,,,flat,limited data 0/6; weak quality 6.67 (5/5); -0.6% period return
2026-09-01,GLASS & CERAMICS,STCL,Shabbir Tiles & Ceramics Limited,unknown,6,7,moderate,7 scored members; moderate peer-count confidence,,29.96,29.96,v3_quarterly_quality,100,6,6,100,complete,,,,4.17,58.33,0,55.56,25,42,5,5,100,Mar-26,2026-03-31,2026-07-25,scraped_at,154,92.83,-42.43,0.92,-12.96,553.79,,1.19,18.85,29,30,66.67,moderate,-2.14,-8.78,92.46,17.89,2.41B,51.06K,-2.5,1.38,0.12,-4.03,-8,0,strong_down,-8.78% period return; PE -2.5; EPS -4.03; margin -8%
2026-09-01,GLASS & CERAMICS,TGL,Tariq Glass Industries Limited,unknown,2,7,moderate,7 scored members; moderate peer-count confidence,,56.04,56.04,v3_quarterly_quality,100,6,6,100,complete,,,,45.83,50,75,66.67,50,50,2,5,40,Mar-26,2026-03-31,2026-07-25,scraped_at,154,,,,-4.37,-4.33,,2.04,32.45,29,30,16.67,high,-0.89,-6.06,61.68,40.85,31.04B,93.21K,7.36,1.27,0.24,24.49,13.38,3.88,strong_down,-6.06% period return; PE 7.36; EPS 24.49; margin 13.38%
2026-09-01,INSURANCE,PAKQATAR,Pak Qatar Family Takaful Limited,unknown,2,2,low,2 scored members; low peer-count confidence,quarterly quality unavailable; small sector peer group,48.15,48.15,v3_quarterly_quality,90,0,6,0,low,,,,50,50,50,33.33,50,,0,5,0,,,,,,,,,,,,1.4,22.23,29,30,100,low,-0.41,-7.64,51.94,26.97,4.46B,276.52K,,,,,,,strong_down,limited data 0/6; -7.64% period return
2026-09-01,INSURANCE,PQGTL,Pak Qatar General Takaful Limited,unknown,1,2,low,2 scored members; low peer-count confidence,quarterly quality unavailable; small sector peer group,51.85,51.85,v3_quarterly_quality,90,0,6,0,low,,,,50,50,50,66.67,50,,0,5,0,,,,,,,,,,,,1.58,25.1,29,30,0,high,-5.79,-9.47,50.11,28.68,1.33B,349.5K,,,,,,,strong_down,limited data 0/6; -9.47% period return
2026-09-01,INV. BANKS / INV. COS. / SECURITIES COS.,ENGROH,Engro Holdings Limited,unknown,1,1,low,1 scored members; low peer-count confidence,quarterly quality unavailable; volatility history insufficient; small sector peer group,50,50,v3_quarterly_quality,90,5,6,83.33,partial,,,,50,50,50,50,50,,0,5,0,Mar-26,2026-03-31,2026-07-25,scraped_at,154,134.15,39.96,0.88,56.06,200.48,,1.66,26.33,29,30,,unknown,-0.51,-3.66,13.03,28.03,322.28B,1.36M,8.2,,0.48,32.62,6.44,0,down,-3.66% period return; PE 8.2; EPS 32.62; margin 6.44%
2026-09-01,LEATHER & TANNERIES,BATA,Bata Pakistan Limited,unknown,4,4,low,4 scored members; low peer-count confidence,small sector peer group,25.78,25.78,v3_quarterly_quality,100,6,6,100,complete,,,,33.33,66.67,0,11.11,0,30,5,5,100,Mar-26,2026-03-31,2026-07-25,scraped_at,154,102.55,-66.17,1.09,-4.6,-414.59,,0.58,9.24,29,30,100,low,-0.24,-4.88,80.7,0.56,6.65B,1.01K,-2.7,2.23,0.12,-325.72,-13.32,0,down,weak quality 30 (5/5); -4.88% period return; PE -2.7; EPS -325.72
2026-09-01,LEATHER & TANNERIES,LEUL,Leather Up Limited,unknown,2,4,low,4 scored members; low peer-count confidence,quarterly quality unavailable; small sector peer group,56.48,56.48,v3_quarterly_quality,90,0,6,0,low,,,,100,50,50,33.33,50,,0,5,0,,,,,,,,,,,,4.74,75.26,29,30,33.33,moderate,0,51.17,0,154.15,392.82M,147.58K,,,,,,,strong_up,limited data 0/6; 51.17% period return
2026-09-01,LEATHER & TANNERIES,SGF,Service GlobalFootwear Limited,unknown,1,4,low,4 scored members; low peer-count confidence,small sector peer group,67.92,67.92,v3_quarterly_quality,100,6,6,100,complete,,,,58.33,50,75,66.67,100,50,5,5,100,Mar-26,2026-03-31,2026-07-25,scraped_at,154,109.95,28.57,1.04,8.2,189.19,,2.34,37.19,29,30,66.67,moderate,-1.1,0.59,21.94,62.72,24.09B,1.14M,7.36,2.3,0.41,15.81,17.64,1.72,flat,0.59% period return; PE 7.36; EPS 15.81; margin 17.64%
2026-09-01,LEATHER & TANNERIES,SRVI,Service Industries Limited,unknown,3,4,low,4 scored members; low peer-count confidence,small sector peer group,46.31,46.31,v3_quarterly_quality,100,6,6,100,complete,,,,8.33,16.67,75,88.89,50,70,5,5,100,Mar-26,2026-03-31,2026-07-25,scraped_at,154,161.89,47.78,1.1,23.48,160.34,,16.87,267.85,29,30,0,high,-1.95,-90.54,1156.63,1.6,92.13B,271.15K,12.3,3.02,0.12,15.95,6.13,0.89,strong_down,strong quality 70 (5/5); -90.54% period return; PE 12.3; EPS 15.95
2026-09-01,MISCELLANEOUS,AKGL,Al-Khair Gadoon Limited,unknown,8,12,moderate,12 scored members; moderate peer-count confidence,quarterly quality unavailable,46.84,46.84,v3_quarterly_quality,90,0,6,0,low,,,,52.27,50,50,18.18,50,,0,5,0,,,,,,,,,,,,7.03,111.67,29,30,0,high,0.12,4.93,82.4,18.73,570M,9.57K,,,,,,,up,limited data 0/6; 4.93% period return
2026-09-01,MISCELLANEOUS,ECOP,Ecopack Limited,unknown,1,12,moderate,12 scored members; moderate peer-count confidence,,74.14,74.14,v3_quarterly_quality,100,6,6,100,complete,,,,63.64,88.89,50,75.76,100,48,5,5,100,Mar-26,2026-03-31,2026-07-25,scraped_at,154,70.11,21.56,1.11,-3.15,1.36,,1.67,26.44,29,30,70,low,2.42,-0.26,48.7,45.36,2.37B,79.67K,6.41,1.31,0.15,7.67,5.37,4.07,flat,-0.26% period return; PE 6.41; EPS 7.67; margin 5.37%
2026-09-01,MISCELLANEOUS,GEMPACRA,The Pakistan Credit Rating Agency Ltd,unknown,6,12,moderate,12 scored members; moderate peer-count confidence,quarterly quality unavailable,50.38,50.38,v3_quarterly_quality,90,0,6,0,low,,,,61.36,50,50,36.36,50,,0,5,0,,,,,,,,,,,,4.03,63.96,29,30,40,moderate,0,-1.79,39.56,59.59,2.62B,4.5K,,,,,,,down,limited data 0/6; -1.79% period return
2026-09-01,MISCELLANEOUS,GOC,GOC (Pak) Limited.,unknown,11,12,moderate,12 scored members; moderate peer-count confidence,,39.46,39.46,v3_quarterly_quality,100,6,6,100,complete,,,,70.45,33.33,33.33,27.27,33.33,45,4,5,80,Mar-26,2026-03-31,2026-07-25,scraped_at,154,,4.29,8.19,-19.32,-70.87,,3.54,56.17,29,30,50,moderate,2.22,-5.36,35.23,125.69,1.28B,1.69K,41.94,1.78,1.45,4.14,6.12,0.58,strong_down,-5.36% period return; PE 41.94; EPS 4.14; margin 6.12%
2026-09-01,MISCELLANEOUS,MWMP,Mandviwala Mauser Plastic Industries,unknown,9,12,moderate,12 scored members; moderate peer-count confidence,quarterly quality unavailable,46.8,46.8,v3_quarterly_quality,90,0,6,0,low,,,,31.82,50,50,48.48,50,,0,5,0,,,,,,,,,,,,2,31.73,29,30,60,moderate,-1.71,-4.93,194.79,61.08,1.67B,12.96K,,,,,,,down,limited data 0/6; -4.93% period return
2026-09-01,MISCELLANEOUS,OML,Olympia Mills Limited,unknown,10,12,moderate,12 scored members; moderate peer-count confidence,quarterly quality unavailable,45.08,45.08,v3_quarterly_quality,90,0,6,0,low,,,,29.55,50,50,36.36,50,,0,5,0,,,,,,,,,,,,6.47,102.69,29,30,10,high,-2.16,-35.6,117.47,233.72,1.03B,21.71K,,,,,,,strong_down,limited data 0/6; -35.6% period return
2026-09-01,MISCELLANEOUS,PSEL,Pakistan Services Limited,unknown,12,12,moderate,12 scored members; moderate peer-count confidence,quarterly fundamentals stale,28.2,28.2,v3_quarterly_quality,100,6,6,100,complete,,,,50,33.33,16.67,63.64,0,26.67,5,5,100,Mar-25,2025-03-31,2026-07-25,scraped_at,519,24.93,0.37,0.32,26.52,-120.42,,1.03,16.28,29,30,90,low,1.93,0.73,82.27,12.27,29.17B,179,160.74,0.65,5.49,5.58,1.22,0,flat,weak quality 26.67 (5/5); 0.73% period return; PE 160.74; EPS 5.58
2026-09-01,MISCELLANEOUS,SHFA,Shifa International Hospitals Limited,unknown,2,12,moderate,12 scored members; moderate peer-count confidence,,65.03,65.03,v3_quarterly_quality,100,6,6,100,complete,,,,43.18,44.44,100,75.76,66.67,65.33,5,5,100,Mar-26,2026-03-31,2026-07-25,scraped_at,154,13.32,14.19,1.3,11.81,22.07,,1.05,16.73,29,30,80,low,-0.93,-7.5,28.16,13.19,30.35B,12.52K,11.69,1.83,0.24,41.05,8.72,1.04,strong_down,-7.5% period return; PE 11.69; EPS 41.05; margin 8.72%
2026-09-01,MISCELLANEOUS,TISL,Tasdeeq Information Services Limited,unknown,5,12,moderate,12 scored members; moderate peer-count confidence,quarterly quality unavailable; volatility history insufficient,50.55,50.55,v3_quarterly_quality,90,0,6,0,low,,,,34.09,50,50,78.79,50,,0,5,0,,,,,,,,,,,,,,6,30,,unknown,-1.56,-12.71,23.1,0.32,3B,18.19M,,,,,,,strong_down,limited data 0/6; -12.71% period return
2026-09-01,MISCELLANEOUS,UBDL,United Brands Limited,unknown,7,12,moderate,12 scored members; moderate peer-count confidence,,49.42,49.42,v3_quarterly_quality,100,0,6,0,low,,,,54.55,50,50,42.42,50,45,4,5,80,Mar-26,2026-03-31,2026-07-25,scraped_at,154,,20.62,0.68,-78.17,140,,4.23,67.09,29,30,20,high,-4.61,5.08,31.41,40.63,2.58B,42.56K,,,,,,,strong_up,limited data 0/6; 5.08% period return
2026-09-01,MISCELLANEOUS,UDLI,UDL International Limited,unknown,4,12,moderate,12 scored members; moderate peer-count confidence,quarterly quality unavailable,50.88,50.88,v3_quarterly_quality,90,0,6,0,low,,,,52.27,50,50,54.55,50,,0,5,0,,,,,,,,,,,,4.2,66.69,29,30,30,high,-1.37,-3.18,42.14,97.14,630.06M,72.66K,,,,,,,down,limited data 0/6; -3.18% period return
2026-09-01,MISCELLANEOUS,UDPL,United Distributors Pakistan Limited,unknown,3,12,moderate,12 scored members; moderate peer-count confidence,,53.28,53.28,v3_quarterly_quality,100,0,6,0,low,,,,56.82,50,50,54.55,50,68,5,5,100,Mar-26,2026-03-31,2026-07-25,scraped_at,154,8.65,89.11,2.33,-21.87,-11.05,,0.91,14.51,29,30,100,low,-0.34,-0.27,41.31,57.36,4.22B,10.36K,,,,,,,flat,limited data 0/6; -0.27% period return
2026-09-01,MODARABAS,BFMOD,B.F. Modaraba,unknown,9,19,high,19 scored members; high peer-count confidence,quarterly quality unavailable,48.41,48.41,v3_quarterly_quality,90,0,6,0,low,,,,52.78,50,50,31.48,50,,0,5,0,,,,,,,,,,,,2.81,44.61,29,30,66.67,moderate,2.25,11.34,58.21,99.59,184.5M,219.42K,,,,,,,strong_up,limited data 0/6; 11.34% period return
2026-09-01,MODARABAS,FANM,First Al-Noor Modaraba,unknown,3,19,high,19 scored members; high peer-count confidence,quarterly quality unavailable,53.91,53.91,v3_quarterly_quality,90,0,6,0,low,,,,72.22,50,50,51.85,50,,0,5,0,,,,,,,,,,,,5.74,91.19,29,30,27.78,high,1.37,18.34,18.38,144.47,240.01M,1.93M,,,,,,,strong_up,limited data 0/6; 18.34% period return
2026-09-01,MODARABAS,FECM,First Elite Capital Modaraba,unknown,11,19,high,19 scored members; high peer-count confidence,quarterly quality unavailable,48.2,48.2,v3_quarterly_quality,90,0,6,0,low,,,,41.67,50,50,46.3,50,,0,5,0,,,,,,,,,,,,4.75,75.46,29,30,38.89,moderate,-6.14,36.17,110.79,130.38,306.97M,64.14K,,,,,,,strong_up,limited data 0/6; 36.17% period return
2026-09-01,MODARABAS,FEM,First Equity Modaraba,unknown,8,19,high,19 scored members; high peer-count confidence,quarterly quality unavailable,48.53,48.53,v3_quarterly_quality,90,0,6,0,low,,,,37.5,50,50,55.56,50,,0,5,0,,,,,,,,,,,,3.75,59.56,29,30,55.56,moderate,-2.71,0.35,54.18,95.57,602.01M,156.05K,,,,,,,flat,limited data 0/6; 0.35% period return
2026-09-01,MODARABAS,FFLM,First Fidelity Leasing Modaraba,unknown,13,19,high,19 scored members; high peer-count confidence,quarterly quality unavailable,47.58,47.58,v3_quarterly_quality,90,0,6,0,low,,,,30.56,50,50,57.41,50,,0,5,0,,,,,,,,,,,,4.52,71.71,29,30,44.44,moderate,-4.64,-7.48,94.92,217.5,369M,629.8K,,,,,,,strong_down,limited data 0/6; -7.48% period return
2026-09-01,MODARABAS,FHAM,First Habib Modaraba,unknown,1,19,high,19 scored members; high peer-count confidence,quarterly quality unavailable,73.1,73.1,v3_quarterly_quality,90,6,6,100,complete,,,,41.67,100,87.5,70.37,50,,0,5,0,,,,,,,,,,,,0.88,13.93,29,30,100,low,-0.46,-3.62,21.51,20.37,3.6B,14.7K,4.81,0.58,0.12,6.75,15.08,6.92,down,-3.62% period return; PE 4.81; EPS 6.75; margin 15.08%
2026-09-01,MODARABAS,FIBLM,First IBL Modaraba,unknown,10,19,high,19 scored members; high peer-count confidence,quarterly quality unavailable,48.3,48.3,v3_quarterly_quality,90,6,6,100,complete,,,,69.44,27.78,75,61.11,25,,0,5,0,,,,,,,,,,,,7.65,121.46,29,30,0,high,14.94,28.06,38.55,129.88,398.83M,2.15M,19.63,1.6,0.48,0.94,43.94,0,strong_up,28.06% period return; PE 19.63; EPS 0.94; margin 43.94%
2026-09-01,MODARABAS,FIMM,First Imrooz Modaraba,unknown,15,19,high,19 scored members; high peer-count confidence,quarterly quality unavailable,45.99,45.99,v3_quarterly_quality,90,0,6,0,low,,,,44.44,50,50,22.22,50,,0,5,0,,,,,,,,,,,,2.42,38.41,29,30,88.89,low,4.36,9.58,81.47,26.39,657.45M,27,,,,,,,strong_up,limited data 0/6; 9.58% period return
2026-09-01,MODARABAS,FPJM,First Punjab Modaraba,unknown,19,19,high,19 scored members; high peer-count confidence,quarterly quality unavailable,37.58,37.58,v3_quarterly_quality,90,6,6,100,complete,,,,95.83,33.33,0,61.11,25,,0,5,0,,,,,,,,,,,,6.93,110,29,30,11.11,high,21.08,119.12,11.08,442.46,795.39M,1.97M,-7.26,-1.71,0.84,-3.22,-38.72,0,strong_up,119.12% period return; PE -7.26; EPS -3.22; margin -38.72%
2026-09-01,MODARABAS,FPRM,First Paramount Modaraba,unknown,18,19,high,19 scored members; high peer-count confidence,quarterly quality unavailable,41.46,41.46,v3_quarterly_quality,90,0,6,0,low,,,,11.11,50,50,31.48,50,,0,5,0,,,,,,,,,,,,2.42,38.45,29,30,83.33,low,-7.82,-5.84,55.02,15.25,151.12M,132.95K,,,,,,,strong_down,limited data 0/6; -5.84% period return
2026-09-01,MODARABAS,FTMM,First Treet Manufacturing Modaraba,unknown,17,19,high,19 scored members; high peer-count confidence,quarterly quality unavailable,43.72,43.72,v3_quarterly_quality,90,6,6,100,complete,,,,44.44,27.78,25,57.41,75,,0,5,0,,,,,,,,,,,,4.18,66.36,29,30,50,moderate,-9.98,24.33,19.17,78.9,3.9B,327.18K,40.21,1.4,-2,0.5,2.47,7.53,strong_up,24.33% period return; PE 40.21; EPS 0.5; margin 2.47%
2026-09-01,MODARABAS,FTSM,First Tri-Star Modaraba,unknown,7,19,high,19 scored members; high peer-count confidence,quarterly quality unavailable,51.65,51.65,v3_quarterly_quality,90,0,6,0,low,,,,61.11,50,50,48.15,50,,0,5,0,,,,,,,,,,,,7.63,121.09,29,30,5.56,high,-5.17,43.38,43,295.05,963.13M,76.36K,,,,,,,strong_up,limited data 0/6; 43.38% period return
2026-09-01,MODARABAS,GEMBCEM,Burj Clean Energy Modaraba(GEM),unknown,14,19,high,19 scored members; high peer-count confidence,quarterly quality unavailable,46.06,46.06,v3_quarterly_quality,90,0,6,0,low,,,,37.5,50,50,33.33,50,,0,5,0,,,,,,,,,,,,2.52,40.03,29,30,77.78,low,-2.59,2.26,28.32,17.22,1.13B,850,,,,,,,up,limited data 0/6; 2.26% period return
2026-09-01,MODARABAS,OLPM,OLP Modaraba,unknown,2,19,high,19 scored members; high peer-count confidence,quarterly quality unavailable,69.6,69.6,v3_quarterly_quality,90,6,6,100,complete,,,,58.33,61.11,62.5,61.11,100,,0,5,0,,,,,,,,,,,,1.53,24.26,29,30,94.44,low,-0.46,3.48,0.46,36.16,1.17B,3.97K,7.53,0.88,-1.82,3.44,9.88,9.66,up,3.48% period return; PE 7.53; EPS 3.44; margin 9.88%
2026-09-01,MODARABAS,ORM,Orient Rental Mod,unknown,16,19,high,19 scored members; high peer-count confidence,quarterly quality unavailable,45.78,45.78,v3_quarterly_quality,90,0,6,0,low,,,,33.33,50,50,37.04,50,,0,5,0,,,,,,,,,,,,2.71,43.03,29,30,72.22,low,-1.14,-3.5,48.72,22.72,846.75M,48.14K,,,,,,,down,limited data 0/6; -3.5% period return
2026-09-01,MODARABAS,PIM,Popular Islamic Modaraba,unknown,5,19,high,19 scored members; high peer-count confidence,quarterly quality unavailable,52.55,52.55,v3_quarterly_quality,90,0,6,0,low,,,,76.39,50,50,33.33,50,,0,5,0,,,,,,,,,,,,6.4,101.66,29,30,16.67,high,-2.89,129.7,14.3,224.5,1.05B,61.29K,,,,,,,strong_up,limited data 0/6; 129.7% period return
2026-09-01,MODARABAS,SINDM,Sindh Modaraba,unknown,4,19,high,19 scored members; high peer-count confidence,quarterly quality unavailable,53.88,53.88,v3_quarterly_quality,90,0,6,0,low,,,,70.83,50,50,53.7,50,,0,5,0,,,,,,,,,,,,3.75,59.53,29,30,61.11,moderate,1.62,30.46,31.75,131.75,1.41B,321.5K,,,,,,,strong_up,limited data 0/6; 30.46% period return
2026-09-01,MODARABAS,TRSM,Trust Modaraba,unknown,12,19,high,19 scored members; high peer-count confidence,quarterly quality unavailable,48.15,48.15,v3_quarterly_quality,90,0,6,0,low,,,,27.78,50,50,66.67,50,,0,5,0,,,,,,,,,,,,6.28,99.65,29,30,22.22,high,-0.64,-21.54,319.5,113.5,508.98M,465.21K,,,,,,,strong_down,limited data 0/6; -21.54% period return
2026-09-01,MODARABAS,WASL,Wasl Mobility Modaraba,unknown,6,19,high,19 scored members; high peer-count confidence,quarterly quality unavailable,52.13,52.13,v3_quarterly_quality,90,0,6,0,low,,,,43.06,50,50,79.63,50,,0,5,0,,,,,,,,,,,,5.71,90.58,29,30,33.33,moderate,-2.93,-4.19,4.07,53.83,1.07B,2.32M,,,,,,,down,limited data 0/6; -4.19% period return
2026-09-01,OIL & GAS EXPLORATION COMPANIES,MARI,Mari Energies Limited,unknown,2,3,low,3 scored members; low peer-count confidence,small sector peer group,51.42,51.42,v3_quarterly_quality,100,6,6,100,complete,,,,25,33.33,100,33.33,50,60,5,5,100,Mar-26,2026-03-31,2026-07-25,scraped_at,154,3.56,25.08,2.83,6.37,-4.88,,1.22,19.31,29,30,100,low,-0.5,1.87,19.79,21.87,796.82B,350.76K,9.17,2.47,0.39,72.36,45.33,4.07,up,1.87% period return; PE 9.17; EPS 72.36; margin 45.33%
2026-09-01,OIL & GAS EXPLORATION COMPANIES,OGDC,Oil & Gas Development Company Limited,unknown,1,3,low,3 scored members; low peer-count confidence,small sector peer group,58.54,58.54,v3_quarterly_quality,100,6,6,100,complete,,,,87.5,16.67,50,50,100,62.5,4,5,80,Mar-26,2026-03-31,2026-07-25,scraped_at,154,,11.26,9.52,-8.45,-7.12,,1.42,22.58,29,30,50,moderate,0.51,3.95,6.12,39.25,1.43T,3.51M,9.17,1.01,0.79,36.17,39.85,4.82,up,3.95% period return; PE 9.17; EPS 36.17; margin 39.85%
2026-09-01,OIL & GAS EXPLORATION COMPANIES,PPL,Pakistan Petroleum Limited,unknown,3,3,low,3 scored members; low peer-count confidence,small sector peer group,36.12,36.12,v3_quarterly_quality,100,5,6,83.33,partial,,,,37.5,83.33,0,66.67,0,30,5,5,100,Mar-26,2026-03-31,2026-07-25,scraped_at,154,0.21,10.85,4.61,-9.39,-12.05,,2.03,32.23,29,30,0,high,-1.59,4.93,22.55,30.47,631.92B,4.37M,8.01,0.85,,28.99,33.84,3.66,up,weak quality 30 (5/5); 4.93% period return; PE 8.01; EPS 28.99
2026-09-01,OIL & GAS MARKETING COMPANIES,BPL,Burshane LPG (Pakistan) Limited,unknown,5,7,moderate,7 scored members; moderate peer-count confidence,,46.24,46.24,v3_quarterly_quality,100,0,6,0,low,,,,45.83,50,50,16.67,50,52,5,5,100,Mar-26,2026-03-31,2026-07-25,scraped_at,154,69.79,49.16,0.64,74.83,-279.25,,2.24,35.49,29,30,16.67,high,0.02,-9.77,58.76,154.87,1.15B,10.88K,,,,,,,strong_down,limited data 0/6; -9.77% period return
2026-09-01,OIL & GAS MARKETING COMPANIES,HTL,Hi-Tech Lubricants Limited,unknown,6,7,moderate,7 scored members; moderate peer-count confidence,,35.73,35.73,v3_quarterly_quality,100,6,6,100,complete,,,,37.5,27.78,66.67,22.22,0,76,5,5,100,Mar-26,2026-03-31,2026-07-25,scraped_at,154,53.18,8.44,1.04,9.35,187.57,,1.81,28.74,29,30,66.67,moderate,-1.23,0.35,65.42,29.64,5.6B,104.61K,10.51,0.85,1.01,3.83,1.49,0,flat,strong quality 76 (5/5); 0.35% period return; PE 10.51; EPS 3.83
2026-09-01,OIL & GAS MARKETING COMPANIES,PSO,Pakistan State Oil Company Limited,unknown,1,7,moderate,7 scored members; moderate peer-count confidence,,79.42,79.42,v3_quarterly_quality,100,6,6,100,complete,,,,62.5,100,83.33,94.44,66.67,56,5,5,100,Mar-26,2026-03-31,2026-07-25,scraped_at,154,128.97,16.66,0.99,-5.67,146.72,,2.11,33.55,29,30,33.33,moderate,-0.09,5.02,38.87,14,171.32B,2.86M,3.94,0.59,0.03,92.73,1.35,2.74,strong_up,5.02% period return; PE 3.94; EPS 92.73; margin 1.35%
2026-09-01,OIL & GAS MARKETING COMPANIES,SNGP,Sui Northern Gas Pipelines Limited,unknown,2,7,moderate,7 scored members; moderate peer-count confidence,,61.52,61.52,v3_quarterly_quality,100,6,6,100,complete,,,,41.67,55.56,50,77.78,100,36,5,5,100,Mar-26,2026-03-31,2026-07-25,scraped_at,154,282.41,19.43,0.94,-15.41,-20.88,,2.03,32.29,29,30,50,moderate,-0.19,-3.94,40.2,22.25,64.51B,2.1M,4.43,0.82,-0.79,22.94,1.17,2.95,down,-3.94% period return; PE 4.43; EPS 22.94; margin 1.17%
2026-09-01,OIL & GAS MARKETING COMPANIES,SPSL,Sitara Petroleum Service Limited,unknown,4,7,moderate,7 scored members; moderate peer-count confidence,quarterly quality unavailable,48.07,48.07,v3_quarterly_quality,90,0,6,0,low,,,,45.83,50,50,38.89,50,,0,5,0,,,,,,,,,,,,1.76,27.88,29,30,83.33,low,0.06,-2.46,44.22,0.68,27.32B,1.77M,,,,,,,down,limited data 0/6; -2.46% period return
2026-09-01,OIL & GAS MARKETING COMPANIES,SSGC,Sui Southern Gas Company Limited,unknown,7,7,moderate,7 scored members; moderate peer-count confidence,,28.93,28.93,v3_quarterly_quality,100,6,6,100,complete,,,,70.83,16.67,0,66.67,33.33,8,5,5,100,Mar-26,2026-03-31,2026-07-25,scraped_at,154,1118.34,-19.65,0.85,-19,-131.7,,2.53,40.17,29,30,0,high,0.87,7.75,65.46,46.9,24.61B,7.42M,-9.75,1.87,88,-2.87,-0.65,1.79,strong_up,weak quality 8 (5/5); 7.75% period return; PE -9.75; EPS -2.87
2026-09-01,OIL & GAS MARKETING COMPANIES,WAFI,Wafi Energy Pakistan Limited,unknown,3,7,moderate,7 scored members; moderate peer-count confidence,,49.91,49.91,v3_quarterly_quality,100,0,6,0,low,,,,45.83,50,50,33.33,50,72,5,5,100,Mar-26,2026-03-31,2026-07-25,scraped_at,154,63.31,19.5,0.96,20.02,25.38,,1.65,26.13,29,30,100,low,0.72,-2.71,49.04,4.46,37.34B,246.26K,,,,,,,down,limited data 0/6; strong quality 72 (5/5); -2.71% period return
2026-09-01,"PAPER, BOARD & PACKAGING",CEPB,Century Paper & Board Mills Limited,unknown,10,10,moderate,10 scored members; moderate peer-count confidence,,30.99,30.99,v3_quarterly_quality,100,6,6,100,complete,,,,30.56,33.33,12.5,66.67,25,39.05,5,5,100,Mar-26,2026-03-31,2026-07-25,scraped_at,154,80.66,-6.04,1.32,0.35,2980.77,,2.41,38.33,29,30,44.44,moderate,0,-6.74,69.51,12.04,11.07B,510.77K,-183.67,0.83,12.15,-0.15,-0.15,0,strong_down,-6.74% period return; PE -183.67; EPS -0.15; margin -0.15%
2026-09-01,"PAPER, BOARD & PACKAGING",CPPL,Cherat Packaging Limited,unknown,2,10,moderate,10 scored members; moderate peer-count confidence,,72.99,72.99,v3_quarterly_quality,100,6,6,100,complete,,,,66.67,68.06,68.75,70.37,100,51.9,5,5,100,Mar-26,2026-03-31,2026-07-25,scraped_at,154,44.82,0.82,1.72,10.36,-82.59,,2.56,40.67,29,30,33.33,moderate,-2.97,11.46,12.48,72.22,5.48B,351.14K,8.41,0.56,-2.55,13.26,4.31,3.58,strong_up,11.46% period return; PE 8.41; EPS 13.26; margin 4.31%
2026-09-01,"PAPER, BOARD & PACKAGING",GEMPAPL,Pak Agro Packaging Limited(GEM),unknown,6,10,moderate,10 scored members; moderate peer-count confidence,quarterly quality unavailable,47.58,47.58,v3_quarterly_quality,90,0,6,0,low,,,,41.67,50,50,40.74,50,,0,5,0,,,,,,,,,,,,1.76,27.95,29,30,55.56,moderate,0,-0.19,73.24,16.67,210M,30.75K,,,,,,,flat,limited data 0/6; -0.19% period return
2026-09-01,"PAPER, BOARD & PACKAGING",IPAK,International Packaging Films Limited,unknown,4,10,moderate,10 scored members; moderate peer-count confidence,,56.1,56.1,v3_quarterly_quality,100,5,6,83.33,partial,,,,77.78,33.33,62.5,74.07,50,61.9,3,5,60,Mar-26,2026-03-31,2026-07-25,scraped_at,154,,13.68,,16.65,-393.74,,1.34,21.31,29,30,88.89,low,-0.18,1.63,5.43,80.45,27.89B,596.46K,9.96,2.18,,3.81,7.22,1.51,up,1.63% period return; PE 9.96; EPS 3.81; margin 7.22%
2026-09-01,"PAPER, BOARD & PACKAGING",MACFL,MACPAC Films Limited,unknown,8,10,moderate,10 scored members; moderate peer-count confidence,,38.29,38.29,v3_quarterly_quality,100,6,6,100,complete,,,,33.33,16.39,43.75,70.37,37.5,59.05,5,5,100,Mar-26,2026-03-31,2026-07-25,scraped_at,154,39.64,5.7,1.14,10.84,50.59,,5.75,91.22,29,30,0,high,-2.9,-19.75,75.73,191.5,3.37B,3.38M,26.69,1.45,6.56,2.13,1.96,0.88,strong_down,-19.75% period return; PE 26.69; EPS 2.13; margin 1.96%
2026-09-01,"PAPER, BOARD & PACKAGING",MERIT,Merit Packaging Limited,unknown,9,10,moderate,10 scored members; moderate peer-count confidence,,35.31,35.31,v3_quarterly_quality,100,6,6,100,complete,,,,41.67,70.83,0,25.93,25,37.62,5,5,100,Mar-26,2026-03-31,2026-07-25,scraped_at,154,21.64,-14.33,1.23,-43.52,23.67,,1.54,24.39,29,30,77.78,low,-3.3,-1.53,52.07,36.06,1.93B,37.03K,-5.53,0.82,0.01,-1.75,-10.52,0,down,-1.53% period return; PE -5.53; EPS -1.75; margin -10.52%
2026-09-01,"PAPER, BOARD & PACKAGING",PKGS,Packages Limited,unknown,5,10,moderate,10 scored members; moderate peer-count confidence,,49.3,49.3,v3_quarterly_quality,100,6,6,100,complete,,,,47.22,36.94,68.75,44.44,62.5,22.86,5,5,100,Mar-26,2026-03-31,2026-07-25,scraped_at,154,152.24,1.56,0.97,8.46,-173.62,,1.17,18.6,29,30,100,low,-0.69,-2.72,10.1,24.05,69.41B,29.15K,21.36,1,1,36.35,1.59,2.06,down,weak quality 22.86 (5/5); -2.72% period return; PE 21.36; EPS 36.35
2026-09-01,"PAPER, BOARD & PACKAGING",PPP,Pakistan Paper Products Limited,unknown,1,10,moderate,10 scored members; moderate peer-count confidence,quarterly quality unavailable,75.82,75.82,v3_quarterly_quality,90,6,6,100,complete,,,,80.56,72.78,87.5,29.63,87.5,,0,5,0,,,,,,,,,,,,2.66,42.22,29,30,22.22,high,3.16,7.05,30.64,56.45,1.14B,13.68K,8.06,0.63,0.32,17.67,7.84,3.51,strong_up,7.05% period return; PE 8.06; EPS 17.67; margin 7.84%
2026-09-01,"PAPER, BOARD & PACKAGING",RPL,Roshan Packages Limited,unknown,7,10,moderate,10 scored members; moderate peer-count confidence,,39.97,39.97,v3_quarterly_quality,100,6,6,100,complete,,,,50,50,25,44.44,25,55.24,5,5,100,Mar-26,2026-03-31,2026-07-25,scraped_at,154,24.14,0.17,1.51,13.02,-85.15,,1.55,24.53,29,30,66.67,moderate,0.5,-3.88,55.69,34.08,2.28B,124.14K,127.7,0.26,-34.3,0.13,0.16,0,down,-3.88% period return; PE 127.7; EPS 0.13; margin 0.16%
2026-09-01,"PAPER, BOARD & PACKAGING",SPEL,SPEL Limited,unknown,3,10,moderate,10 scored members; moderate peer-count confidence,,65.86,65.86,v3_quarterly_quality,100,6,6,100,complete,,,,33.33,68.33,81.25,48.15,75,77.14,5,5,100,Mar-26,2026-03-31,2026-07-25,scraped_at,154,10.93,19.23,3.26,3.92,16.01,,2.71,43.08,29,30,11.11,high,0.18,-7.22,87.3,35.46,8.9B,188.59K,7.43,1.22,0.17,6,12.08,2.24,strong_down,strong quality 77.14 (5/5); -7.22% period return; PE 7.43; EPS 6
2026-09-01,PHARMACEUTICALS,ABOT,Abbott Laboratories (Pakistan) Limited,unknown,4,14,moderate,14 scored members; moderate peer-count confidence,,64.73,64.73,v3_quarterly_quality,100,6,6,100,complete,,,,76.92,58.48,72.73,61.54,54.55,69.64,5,5,100,Mar-26,2026-03-31,2026-07-25,scraped_at,154,1.55,27.67,2.21,9.01,56.29,,1.24,19.71,29,30,61.54,moderate,1.18,1.56,38.44,14.73,92.22B,164.61K,10.77,2.87,0.78,87.47,11.12,4.25,up,1.56% period return; PE 10.77; EPS 87.47; margin 11.12%
2026-09-01,PHARMACEUTICALS,AGP,AGP Limited,unknown,5,14,moderate,14 scored members; moderate peer-count confidence,quarterly quality unavailable,56.15,56.15,v3_quarterly_quality,90,6,6,100,complete,,,,32.69,56.67,50,69.23,72.73,,0,5,0,,,,,,,,,,,,1.41,22.37,29,30,30.77,high,2.57,-12,53.79,3.83,47.1B,487.37K,12.59,3.14,0.24,13.36,13.5,4.76,strong_down,-12% period return; PE 12.59; EPS 13.36; margin 13.5%
2026-09-01,PHARMACEUTICALS,BFBIO,BF Biosciences Limited,unknown,7,14,moderate,14 scored members; moderate peer-count confidence,,52.78,52.78,v3_quarterly_quality,100,0,6,0,low,,,,63.46,50,50,51.28,50,56.36,5,5,100,Mar-26,2026-03-31,2026-07-25,scraped_at,154,34.92,12.13,1.99,78.75,52.17,,1.48,23.46,29,30,15.38,high,0.03,2.36,34.79,6.49,11.66B,178.1K,,,,,,,up,limited data 0/6; 2.36% period return
2026-09-01,PHARMACEUTICALS,CPHL,Citi Pharma Ltd.,unknown,8,14,moderate,14 scored members; moderate peer-count confidence,,47.25,47.25,v3_quarterly_quality,100,5,6,83.33,partial,,,,38.46,53.03,27.27,79.49,63.64,20.91,5,5,100,Mar-26,2026-03-31,2026-07-25,scraped_at,154,34.39,10.07,1.28,6.68,32.01,,1.34,21.33,29,30,46.15,moderate,-1.47,-0.43,40.99,6.77,16.89B,1.08M,15.4,1.54,,4.8,7.92,4.73,flat,weak quality 20.91 (5/5); -0.43% period return; PE 15.4; EPS 4.8
2026-09-01,PHARMACEUTICALS,FEROZ,Ferozsons Laboratories Limited,unknown,9,14,moderate,14 scored members; moderate peer-count confidence,,44.27,44.27,v3_quarterly_quality,100,6,6,100,complete,,,,59.62,52.73,22.73,48.72,27.27,72.73,2,5,40,Mar-26,2026-03-31,2026-07-25,scraped_at,154,,,,24.85,36.19,,1.57,24.97,29,30,7.69,high,0.56,-7.99,33.06,21.83,15.52B,7.26K,16.48,1.2,0.73,21.66,4.15,1.12,strong_down,-7.99% period return; PE 16.48; EPS 21.66; margin 4.15%
2026-09-01,PHARMACEUTICALS,GLAXO,GlaxoSmithKline Pakistan Limited,unknown,1,14,moderate,14 scored members; moderate peer-count confidence,,73.54,73.54,v3_quarterly_quality,100,6,6,100,complete,,,,42.31,81.82,77.27,66.67,90.91,64.36,5,5,100,Mar-26,2026-03-31,2026-07-25,scraped_at,154,1.13,32.59,2.14,10.13,29.79,,1.11,17.55,29,30,76.92,low,-1.64,-5.26,38.5,13.3,105.76B,388.53K,10.16,3.07,0.19,32.69,15.51,5.72,strong_down,-5.26% period return; PE 10.16; EPS 32.69; margin 15.51%
2026-09-01,PHARMACEUTICALS,HALEON,Haleon Pakistan Limited,unknown,6,14,moderate,14 scored members; moderate peer-count confidence,,55.01,55.01,v3_quarterly_quality,100,6,6,100,complete,,,,44.23,48.18,86.36,48.72,45.45,50.91,5,5,100,Mar-26,2026-03-31,2026-07-25,scraped_at,154,1.78,46.61,1.51,8.63,24.12,,0.81,12.88,29,30,92.31,low,0.63,-6.01,40.37,9.85,84.22B,62.32K,12.75,5.19,0.21,56.41,16.05,4.17,strong_down,-6.01% period return; PE 12.75; EPS 56.41; margin 16.05%
2026-09-01,PHARMACEUTICALS,HINOON,Highnoon Laboratories Limited,unknown,3,14,moderate,14 scored members; moderate peer-count confidence,,67.35,67.35,v3_quarterly_quality,100,6,6,100,complete,,,,69.23,50,81.82,64.1,81.82,53.27,5,5,100,Mar-26,2026-03-31,2026-07-25,scraped_at,154,4.4,33.44,3.01,7.98,22.1,,1.21,19.18,29,30,69.23,low,-0.7,-5.1,31.83,22.89,49.19B,18.27K,12.42,3.82,0.29,74.76,14,5.39,strong_down,-5.1% period return; PE 12.42; EPS 74.76; margin 14%
2026-09-01,PHARMACEUTICALS,HPL,Hoechst Pakistan Limited,unknown,2,14,moderate,14 scored members; moderate peer-count confidence,,70.14,70.14,v3_quarterly_quality,100,6,6,100,complete,,,,65.38,63.03,81.82,20.51,100,61.64,5,5,100,Mar-26,2026-03-31,2026-07-25,scraped_at,154,3.62,38.81,1.62,10.74,48.22,,0.92,14.63,29,30,84.62,low,-0.96,1.25,20.96,12.24,38.99B,353.75,10.4,4.56,0.23,388.64,11.95,5.94,up,1.25% period return; PE 10.4; EPS 388.64; margin 11.95%
2026-09-01,PHARMACEUTICALS,IBLHL,IBL HealthCare Limited,unknown,14,14,moderate,14 scored members; moderate peer-count confidence,,28.33,28.33,v3_quarterly_quality,100,6,6,100,complete,,,,48.08,30.61,9.09,35.9,18.18,44.18,5,5,100,Mar-26,2026-03-31,2026-07-25,scraped_at,154,15.82,10,1.99,25.72,-702.5,,1.87,29.75,29,30,0,high,-0.06,-5.57,84.76,29.03,4.58B,87.5K,19.04,1.84,4.83,2.44,5.36,0,strong_down,-5.57% period return; PE 19.04; EPS 2.44; margin 5.36%
2026-09-01,PHARMACEUTICALS,LIVEN,Liven Pharma Limited,unknown,10,14,moderate,14 scored members; moderate peer-count confidence,quarterly quality unavailable,42.98,42.98,v3_quarterly_quality,90,0,6,0,low,,,,32.69,50,50,12.82,50,,0,5,0,,,,,,,,,,,,1.25,19.91,29,30,53.85,moderate,-0.97,-5.77,121.1,20.96,3.8B,11.22K,,,,,,,strong_down,limited data 0/6; -5.77% period return
2026-09-01,PHARMACEUTICALS,MACTER,Macter International Limited,unknown,11,14,moderate,14 scored members; moderate peer-count confidence,,38.01,38.01,v3_quarterly_quality,100,6,6,100,complete,,,,23.08,50.3,31.82,41.03,36.36,42.36,5,5,100,Mar-26,2026-03-31,2026-07-25,scraped_at,154,22.38,19.08,1.87,21.11,21.26,,0.72,11.38,29,30,100,low,-1.87,-3.98,64.96,5.39,12.32B,4.99K,15.1,3.05,0.28,17.8,6.82,1.41,down,-3.98% period return; PE 15.1; EPS 17.8; margin 6.82%
2026-09-01,PHARMACEUTICALS,OTSU,Otsuka Pakistan Limited,unknown,12,14,moderate,14 scored members; moderate peer-count confidence,,37.49,37.49,v3_quarterly_quality,100,6,6,100,complete,,,,69.23,24.85,50,25.64,18.18,46.91,5,5,100,Mar-26,2026-03-31,2026-07-25,scraped_at,154,113.36,38.63,1.1,12.37,957.58,,1.41,22.46,29,30,23.08,high,-2.22,0.66,11.15,57.34,4.97B,6.93K,14.27,4.62,1.89,28.78,8.39,0,flat,0.66% period return; PE 14.27; EPS 28.78; margin 8.39%
2026-09-01,PHARMACEUTICALS,SEARL,The Searle Company Limited,unknown,13,14,moderate,14 scored members; moderate peer-count confidence,,30.49,30.49,v3_quarterly_quality,100,6,6,100,complete,,,,34.62,30.3,9.09,92.31,18.18,30.36,5,5,100,Mar-26,2026-03-31,2026-07-25,scraped_at,154,22.68,3.57,1.7,23.62,-158.27,,1.4,22.21,29,30,38.46,moderate,-1.05,-5.34,59.83,12.6,50.58B,1.87M,42.23,1.47,173.74,2.04,6.01,0,strong_down,-5.34% period return; PE 42.23; EPS 2.04; margin 6.01%
2026-09-01,POWER GENERATION & DISTRIBUTION,EPQL,Engro Powergen Qadirpur Limited,unknown,3,7,moderate,7 scored members; moderate peer-count confidence,,53.85,53.85,v3_quarterly_quality,100,6,6,100,complete,,,,20.83,50,33.33,55.56,100,60,5,5,100,Mar-26,2026-03-31,2026-07-25,scraped_at,154,17.52,5.12,1.48,-9.89,-68.99,,1.46,23.24,29,30,100,low,-1.12,-7.36,41.79,10.63,7.99B,173.32K,11.05,0.69,-4.82,2.23,5.69,11.15,strong_down,-7.36% period return; PE 11.05; EPS 2.23; margin 5.69%
2026-09-01,POWER GENERATION & DISTRIBUTION,GEMMEL,Mughal Energy Limited(GEM),unknown,4,7,moderate,7 scored members; moderate peer-count confidence,quarterly quality unavailable,51.77,51.77,v3_quarterly_quality,90,0,6,0,low,,,,79.17,50,50,22.22,50,,0,5,0,,,,,,,,,,,,4.09,64.9,29,30,16.67,high,-0.17,28.13,11.91,82.46,6.76B,1.58K,,,,,,,strong_up,limited data 0/6; 28.13% period return
2026-09-01,POWER GENERATION & DISTRIBUTION,HUBC,The Hub Power Company Limited,unknown,1,7,moderate,7 scored members; moderate peer-count confidence,,68.29,68.29,v3_quarterly_quality,100,6,6,100,complete,,,,54.17,50,100,83.33,66.67,60,5,5,100,Mar-26,2026-03-31,2026-07-25,scraped_at,154,30.86,20.57,1.55,-30.45,-14.03,,1.62,25.78,29,30,66.67,moderate,-0.11,-4.75,19.36,29.01,271.69B,3.77M,5.47,1.15,-3.58,38.26,69.78,9.55,down,-4.75% period return; PE 5.47; EPS 38.26; margin 69.78%
2026-09-01,POWER GENERATION & DISTRIBUTION,KEL,K-Electric Limited,unknown,7,7,moderate,7 scored members; moderate peer-count confidence,quarterly fundamentals stale,30.62,30.62,v3_quarterly_quality,100,5,6,83.33,partial,,,,70.83,16.67,0,66.67,33.33,25,5,5,100,Jun-24,2024-06-30,2026-07-25,scraped_at,793,235.41,3.69,0.7,18.38,-113.36,,1.51,24.02,29,30,83.33,low,0.14,-0.68,32.14,45.88,200.21B,15.66M,17.39,1.74,,0.42,2.19,0,flat,weak quality 25 (5/5); -0.68% period return; PE 17.39; EPS 0.42
2026-09-01,POWER GENERATION & DISTRIBUTION,KOHE,Kohinoor Energy Limited,unknown,2,7,moderate,7 scored members; moderate peer-count confidence,,59.29,59.29,v3_quarterly_quality,100,6,6,100,complete,,,,54.17,83.33,66.67,33.33,33.33,70,5,5,100,Mar-26,2026-03-31,2026-07-25,scraped_at,154,17.97,15.65,2.79,-19.16,-26.43,,2.07,32.82,29,30,50,moderate,0,0.19,50.96,26.2,2.64B,134.65K,3.95,0.58,-0.38,3.94,15.83,0,flat,strong quality 70 (5/5); 0.19% period return; PE 3.95; EPS 3.94
2026-09-01,POWER GENERATION & DISTRIBUTION,SEL,Sitara Energy Limited,unknown,6,7,moderate,7 scored members; moderate peer-count confidence,,46.21,46.21,v3_quarterly_quality,100,0,6,0,low,,,,45.83,50,50,33.33,50,35,5,5,100,Mar-26,2026-03-31,2026-07-25,scraped_at,154,28.58,27,1.02,-88.02,-760,,2.42,38.49,29,30,33.33,moderate,-0.44,-4.23,67.5,96.39,519.3M,6.6K,,,,,,,down,limited data 0/6; -4.23% period return
2026-09-01,POWER GENERATION & DISTRIBUTION,SGPL,S.G. Power Limited,unknown,5,7,moderate,7 scored members; moderate peer-count confidence,quarterly quality unavailable,47.07,47.07,v3_quarterly_quality,90,0,6,0,low,,,,25,50,50,61.11,50,,0,5,0,,,,,,,,,,,,13.23,210.08,29,30,0,high,-7.17,-59.65,349.1,201.89,512.53M,4.82M,,,,,,,strong_down,limited data 0/6; -59.65% period return
2026-09-01,PROPERTY,BRRG,B.R.R Guardian Limited,unknown,2,2,low,2 scored members; low peer-count confidence,quarterly quality unavailable; small sector peer group,43.98,43.98,v3_quarterly_quality,90,0,6,0,low,,,,25,50,50,33.33,50,,0,5,0,,,,,,,,,,,,2.5,39.71,29,30,0,high,3.15,-4.38,17.15,58,4.36B,63.12K,,,,,,,down,limited data 0/6; -4.38% period return
2026-09-01,PROPERTY,JVDC,Javedan Corporation Limited,unknown,1,2,low,2 scored members; low peer-count confidence,quarterly quality unavailable; small sector peer group,59.72,59.72,v3_quarterly_quality,90,6,6,100,complete,,,,75,50,50,100,50,,0,5,0,Mar-26,2026-03-31,2026-07-25,scraped_at,154,24.84,15.4,1.62,54.82,68.62,,1.56,24.82,29,30,100,low,-0.3,0.21,13.26,122.12,55.11B,574.36K,13.57,1.99,-0.01,10.67,38.34,3.46,flat,0.21% period return; PE 13.57; EPS 10.67; margin 38.34%
2026-09-01,REAL ESTATE INVESTMENT TRUST,DCR,Dolmen City REIT,unknown,1,4,low,4 scored members; low peer-count confidence,quarterly quality unavailable; small sector peer group,54.78,54.78,v3_quarterly_quality,90,5,6,83.33,partial,,,,75,50,50,55.56,50,,0,5,0,,,,,,,,,,,,1,15.85,29,30,33.33,moderate,0.1,6.46,4.32,34.13,89.48B,728.54K,17.41,1.18,,2.31,78.71,6.41,strong_up,6.46% period return; PE 17.41; EPS 2.31; margin 78.71%
2026-09-01,REAL ESTATE INVESTMENT TRUST,IREIT,Image Reit,unknown,3,4,low,4 scored members; low peer-count confidence,quarterly quality unavailable; small sector peer group,48.15,48.15,v3_quarterly_quality,90,0,6,0,low,,,,50,50,50,33.33,50,,0,5,0,,,,,,,,,,,,0.37,5.89,29,30,100,low,0.5,-0.25,62.31,10.74,2.22B,291.28K,,,,,,,flat,limited data 0/6; -0.25% period return
2026-09-01,REAL ESTATE INVESTMENT TRUST,SRR,Signature Residency Reit,unknown,4,4,low,4 scored members; low peer-count confidence,quarterly quality unavailable; small sector peer group,45.52,45.52,v3_quarterly_quality,90,0,6,0,low,,,,41.67,50,50,22.22,50,,0,5,0,,,,,,,,,,,,0.64,10.22,29,30,66.67,moderate,0.12,1.83,25.6,9.57,551.76M,59.31K,,,,,,,up,limited data 0/6; 1.83% period return
2026-09-01,REAL ESTATE INVESTMENT TRUST,TPLRF1,TPL REIT Fund I,unknown,2,4,low,4 scored members; low peer-count confidence,quarterly quality unavailable; small sector peer group,51.54,51.54,v3_quarterly_quality,90,0,6,0,low,,,,33.33,50,50,88.89,50,,0,5,0,,,,,,,,,,,,1.87,29.76,29,30,0,high,0.2,-6.65,87.27,30.93,18.02B,3.92M,,,,,,,strong_down,limited data 0/6; -6.65% period return
2026-09-01,REFINERY,ATRL,Attock Refinery Limited,unknown,1,4,low,4 scored members; low peer-count confidence,small sector peer group,74.03,74.03,v3_quarterly_quality,100,6,6,100,complete,,,,41.67,61.11,100,66.67,100,58.33,4,5,80,Mar-26,2026-03-31,2026-07-25,scraped_at,154,,13.37,1.96,-12.38,148.1,,3.04,48.22,29,30,100,low,-0.71,22.19,2.48,99.37,126.92B,1.4M,4.87,0.68,-0.01,244.45,7.63,1.47,strong_up,22.19% period return; PE 4.87; EPS 244.45; margin 7.63%
2026-09-01,REFINERY,CNERGY,Cnergyico PK  Limited,unknown,4,4,low,4 scored members; low peer-count confidence,small sector peer group,41.67,41.67,v3_quarterly_quality,100,6,6,100,complete,,,,33.33,44.44,16.67,55.56,66.67,33.33,5,5,100,Mar-26,2026-03-31,2026-07-25,scraped_at,154,11.58,7.14,0.78,11.87,-2235.8,,3.62,57.4,29,30,66.67,moderate,-2.91,35.14,5,155.54,82.4B,156.25M,5.39,0.37,0.09,2.78,4.49,0,strong_up,35.14% period return; PE 5.39; EPS 2.78; margin 4.49%
2026-09-01,REFINERY,NRL,National Refinery Limited,unknown,3,4,low,4 scored members; low peer-count confidence,small sector peer group,47.42,47.42,v3_quarterly_quality,100,6,6,100,complete,,,,58.33,44.44,33.33,22.22,66.67,53.33,5,5,100,Mar-26,2026-03-31,2026-07-25,scraped_at,154,114.88,16.31,0.82,25.2,-138.19,,3.77,59.78,29,30,33.33,moderate,0.75,25.4,3.62,116.47,44.83B,5.63M,7.27,0.79,0.02,77.09,1.4,0,strong_up,25.4% period return; PE 7.27; EPS 77.09; margin 1.4%
2026-09-01,REFINERY,PRL,Pakistan Refinery Limited,unknown,2,4,low,4 scored members; low peer-count confidence,small sector peer group,57.06,57.06,v3_quarterly_quality,100,6,6,100,complete,,,,66.67,50,50,55.56,66.67,56.67,5,5,100,Mar-26,2026-03-31,2026-07-25,scraped_at,154,99.64,39.5,1.08,-0.34,-307.08,,4.15,65.84,29,30,0,high,-1.34,65.37,3.74,352.07,66.07B,38.23M,4.19,1.54,0.03,25.05,4.5,0,strong_up,65.37% period return; PE 4.19; EPS 25.05; margin 4.5%
2026-09-01,SUGAR & ALLIED INDUSTRIES,ADAMS,Adam Sugar Mills Limited,unknown,9,18,high,18 scored members; high peer-count confidence,quarterly quality unavailable,55.05,55.05,v3_quarterly_quality,90,6,6,100,complete,,,,41.18,57.41,32.35,37.25,94.12,,0,5,0,,,,,,,,,,,,1.79,28.43,29,30,70.59,low,-6.17,0.71,39.39,14.01,1.13B,2.67K,-11,0.18,1.09,-5.93,-1.01,6.13,flat,0.71% period return; PE -11; EPS -5.93; margin -1.01%
2026-09-01,SUGAR & ALLIED INDUSTRIES,ALNRS,Al-Noor Sugar Mills Limited,unknown,7,18,high,18 scored members; high peer-count confidence,,55.1,55.1,v3_quarterly_quality,100,6,6,100,complete,,,,61.76,45.49,50,45.1,70.59,58.33,5,5,100,Mar-26,2026-03-31,2026-07-25,scraped_at,154,119.02,3.99,1.09,-10.22,-88.21,,1.85,29.37,29,30,64.71,moderate,-2.21,-3.65,16.86,44.69,2.52B,774,15.05,0.36,-5.4,8.19,0.99,3.25,down,-3.65% period return; PE 15.05; EPS 8.19; margin 0.99%
2026-09-01,SUGAR & ALLIED INDUSTRIES,BAFS,Baba Farid Sugar Mills Limited,unknown,14,18,high,18 scored members; high peer-count confidence,,43.1,43.1,v3_quarterly_quality,100,6,6,100,complete,,,,69.12,35.29,23.53,41.18,52.94,45,5,5,100,Mar-26,2026-03-31,2026-07-25,scraped_at,154,175.49,35.06,1.02,-14.78,-249.48,,4.02,63.79,29,30,17.65,high,1.59,-15.19,24.8,186.42,4.9B,1.24K,-46.12,2.7,-26.49,-11.24,-2.1,0.39,strong_down,-15.19% period return; PE -46.12; EPS -11.24; margin -2.1%
2026-09-01,SUGAR & ALLIED INDUSTRIES,CHAS,Chashma Sugar Mills Limited,unknown,16,18,high,18 scored members; high peer-count confidence,,42.12,42.12,v3_quarterly_quality,100,6,6,100,complete,,,,48.53,62.75,5.88,49.02,47.06,36.67,5,5,100,Mar-26,2026-03-31,2026-07-25,scraped_at,154,213.15,-12.74,0.81,4.75,-64.43,,3.25,51.54,29,30,29.41,high,-0.25,-13.28,90.15,50.69,2.42B,5.11K,-1.6,0.24,-0.06,-52.68,-4.41,0,strong_down,-13.28% period return; PE -1.6; EPS -52.68; margin -4.41%
2026-09-01,SUGAR & ALLIED INDUSTRIES,FRSM,Faran Sugar Mills Limited,unknown,6,18,high,18 scored members; high peer-count confidence,,58.12,58.12,v3_quarterly_quality,100,6,6,100,complete,,,,36.76,79.02,70.59,54.9,47.06,38.33,5,5,100,Jun-26,2026-06-30,2026-07-25,scraped_at,63,225.64,17.99,0.67,5.98,-170.27,,2.22,35.31,29,30,52.94,moderate,-4.72,-4.35,52.6,21.57,1.64B,3.63K,4.14,0.75,0.01,10.06,3.35,0,down,-4.35% period return; PE 4.14; EPS 10.06; margin 3.35%
2026-09-01,SUGAR & ALLIED INDUSTRIES,HRPL,Habib Rice Product Limited.,unknown,13,18,high,18 scored members; high peer-count confidence,quarterly quality unavailable,44.11,44.11,v3_quarterly_quality,90,6,6,100,complete,,,,63.24,48.69,17.65,50.98,47.06,,0,5,0,,,,,,,,,,,,1.48,23.55,29,30,82.35,low,-0.67,5.71,66.67,34.46,888M,238.85K,-7.19,1.19,0.3,-3.09,-5.61,0,strong_up,5.71% period return; PE -7.19; EPS -3.09; margin -5.61%
2026-09-01,SUGAR & ALLIED INDUSTRIES,JDWS,JDW Sugar Mills Limited,unknown,2,18,high,18 scored members; high peer-count confidence,,71.8,71.8,v3_quarterly_quality,100,6,6,100,complete,,,,63.24,57.1,97.06,43.14,88.24,66.67,5,5,100,Mar-26,2026-03-31,2026-07-25,scraped_at,154,172.13,27.39,1.09,-6.4,23.88,,0.73,11.64,29,30,100,low,-1.1,-1.35,11.62,14.74,51.71B,55.5,5.51,1.37,0.19,162.29,7.18,5.59,down,-1.35% period return; PE 5.51; EPS 162.29; margin 7.18%
2026-09-01,SUGAR & ALLIED INDUSTRIES,JSML,Jauharabad Sugar Mills Limited,unknown,11,18,high,18 scored members; high peer-count confidence,quarterly quality unavailable,49.08,49.08,v3_quarterly_quality,90,6,6,100,complete,,,,30.88,49.15,52.94,72.55,47.06,,0,5,0,,,,,,,,,,,,2.74,43.54,29,30,41.18,moderate,-0.95,-12.15,161.25,17.16,1.93B,27.63K,14.45,0.21,0.75,3.91,1.36,0,strong_down,-12.15% period return; PE 14.45; EPS 3.91; margin 1.36%
2026-09-01,SUGAR & ALLIED INDUSTRIES,KPUS,Khairpur Sugar Mills Limited,unknown,18,18,high,18 scored members; high peer-count confidence,,33.9,33.9,v3_quarterly_quality,100,6,6,100,complete,,,,45.59,0,50,43.14,47.06,33.33,5,5,100,Mar-26,2026-03-31,2026-07-25,scraped_at,154,86.3,1.86,1.07,-23.97,-357.14,,5.09,80.8,29,30,0,high,-0.46,-25.28,234.89,639.32,13.63B,1.15K,149.81,3.4,5.68,5.68,1.21,0,strong_down,-25.28% period return; PE 149.81; EPS 5.68; margin 1.21%
2026-09-01,SUGAR & ALLIED INDUSTRIES,MIRKS,Mirpurkhas Sugar Mills Limited,unknown,12,18,high,18 scored members; high peer-count confidence,,44.45,44.45,v3_quarterly_quality,100,6,6,100,complete,,,,58.82,47.06,17.65,72.55,47.06,36.67,5,5,100,Mar-26,2026-03-31,2026-07-25,scraped_at,154,400.65,0.11,0.83,6.42,-100.15,,1.62,25.75,29,30,76.47,low,-3.83,0.09,35.74,46.32,2.17B,9.92K,-5.28,0.87,-0.11,-6.17,-3.48,0,flat,0.09% period return; PE -5.28; EPS -6.17; margin -3.48%
2026-09-01,SUGAR & ALLIED INDUSTRIES,MRNS,Mehran Sugar Mills Limited,unknown,1,18,high,18 scored members; high peer-count confidence,,73.37,73.37,v3_quarterly_quality,100,5,6,83.33,partial,,,,36.76,61.76,91.18,78.43,100,63.33,5,5,100,Mar-26,2026-03-31,2026-07-25,scraped_at,154,64.9,36.16,1.38,-17.92,-317.43,,1.26,19.95,29,30,88.24,low,-2.76,-3.98,54.11,16.59,4.57B,12.41K,3.17,0.93,,19.23,11.82,10.66,down,-3.98% period return; PE 3.17; EPS 19.23; margin 11.82%
2026-09-01,SUGAR & ALLIED INDUSTRIES,NONS,Noon Sugar Mills Limited,unknown,4,18,high,18 scored members; high peer-count confidence,,61.37,61.37,v3_quarterly_quality,100,6,6,100,complete,,,,50,59.13,70.59,45.1,76.47,51.67,5,5,100,Mar-26,2026-03-31,2026-07-25,scraped_at,154,317.23,32.44,0.82,17.04,-184.11,,1.9,30.14,29,30,58.82,moderate,2.58,-5.74,85.17,21.17,1.4B,7.73K,4.53,0.74,0.67,18.72,2.44,4.71,strong_down,-5.74% period return; PE 4.53; EPS 18.72; margin 2.44%
2026-09-01,SUGAR & ALLIED INDUSTRIES,PMRS,The Premier Sugar Mills,unknown,17,18,high,18 scored members; high peer-count confidence,quarterly quality unavailable,39.87,39.87,v3_quarterly_quality,90,6,6,100,complete,,,,41.18,60.78,11.76,27.45,47.06,,0,5,0,,,,,,,,,,,,3.81,60.54,29,30,23.53,high,-1.42,-9.38,94.64,47.93,1.61B,1.47K,-1.9,0.35,-0.05,-226.21,-2.28,0,strong_down,-9.38% period return; PE -1.9; EPS -226.21; margin -2.28%
2026-09-01,SUGAR & ALLIED INDUSTRIES,SANSM,Sanghar Sugar Mills Limited,unknown,5,18,high,18 scored members; high peer-count confidence,quarterly quality unavailable,60.98,60.98,v3_quarterly_quality,90,6,6,100,complete,,,,60.29,71.2,70.59,45.1,47.06,,0,5,0,,,,,,,,,,,,3.14,49.91,29,30,35.29,moderate,-3.77,-6,21.92,134.01,1.46B,544.75,7.52,0.45,0.07,16.24,3.1,0,strong_down,-6% period return; PE 7.52; EPS 16.24; margin 3.1%
2026-09-01,SUGAR & ALLIED INDUSTRIES,SASML,Sindh Abadgars Sugar Mills Limited,unknown,15,18,high,18 scored members; high peer-count confidence,,42.41,42.41,v3_quarterly_quality,100,6,6,100,complete,,,,51.47,39.22,14.71,45.1,58.82,56.67,5,5,100,Mar-26,2026-03-31,2026-07-25,scraped_at,154,107.67,2.14,1.05,6.94,-119.28,,4.39,69.76,29,30,11.76,high,-1.78,-9.92,40.58,103.39,3.48B,208.25,-24.23,1.39,-14,-13.78,-3.02,0.6,strong_down,-9.92% period return; PE -24.23; EPS -13.78; margin -3.02%
2026-09-01,SUGAR & ALLIED INDUSTRIES,SHSML,Shahmurad Sugar Mills Limited,unknown,3,18,high,18 scored members; high peer-count confidence,,64.97,64.97,v3_quarterly_quality,100,6,6,100,complete,,,,47.06,54.79,85.29,56.86,82.35,50,5,5,100,Mar-26,2026-03-31,2026-07-25,scraped_at,154,64.44,6.98,1.52,-23.25,-6800,,1.22,19.3,29,30,94.12,low,-1.58,-2.75,46.44,15,7.92B,99,10.22,0.61,0.38,36.69,3.58,5.33,down,-2.75% period return; PE 10.22; EPS 36.69; margin 3.58%
2026-09-01,SUGAR & ALLIED INDUSTRIES,TCORP,Tariq Corporation Limited,unknown,10,18,high,18 scored members; high peer-count confidence,,49.36,49.36,v3_quarterly_quality,100,6,6,100,complete,,,,36.76,50.2,47.06,64.71,47.06,60,5,5,100,Mar-26,2026-03-31,2026-07-25,scraped_at,154,23.81,1.51,0.82,8.22,-89.38,,2.72,43.15,29,30,47.06,moderate,-1.2,-14.89,61.2,26.57,1.62B,69.32K,12.17,0.42,-0.75,1.62,1.24,0,strong_down,-14.89% period return; PE 12.17; EPS 1.62; margin 1.24%
2026-09-01,SUGAR & ALLIED INDUSTRIES,TICL,The Thal Industries Corporation Limited,unknown,8,18,high,18 scored members; high peer-count confidence,,55.06,55.06,v3_quarterly_quality,100,6,6,100,complete,,,,57.35,20.96,91.18,47.06,64.71,53.33,5,5,100,Mar-26,2026-03-31,2026-07-25,scraped_at,154,85.56,22.96,1.33,-12.94,-2236.72,,4.64,73.7,29,30,5.88,high,-10.71,-3.56,26.09,118.38,18.11B,1.77K,11.21,1.46,1.35,107.5,4.88,0.83,down,-3.56% period return; PE 11.21; EPS 107.5; margin 4.88%
2026-09-01,SYNTHETIC & RAYON,GATI,Gatron (Industries) Limited,unknown,2,5,moderate,5 scored members; moderate peer-count confidence,,61.23,61.23,v3_quarterly_quality,100,6,6,100,complete,,,,68.75,58.33,25,66.67,100,46.67,5,5,100,Mar-26,2026-03-31,2026-07-25,scraped_at,154,117.6,-9.44,0.99,8.75,-22.77,,3.16,50.09,29,30,75,low,-0.89,11.57,48.42,49.72,10.18B,19.31K,-8.78,0.86,-6.08,-10.67,-4.01,0,strong_up,11.57% period return; PE -8.78; EPS -10.67; margin -4.01%
2026-09-01,SYNTHETIC & RAYON,IBFL,Ibrahim Fibres Limited,unknown,4,5,moderate,5 scored members; moderate peer-count confidence,,57.92,57.92,v3_quarterly_quality,100,6,6,100,complete,,,,25,50,50,50,100,66.67,5,5,100,Mar-26,2026-03-31,2026-07-25,scraped_at,154,27.12,-0.8,2.48,-7.85,-115.06,,2.93,46.48,29,30,100,low,-2.22,-10.79,51.8,48.25,81.27B,261.25,-57.62,1.43,-16.38,-4.54,-1.34,0,strong_down,-10.79% period return; PE -57.62; EPS -4.54; margin -1.34%
2026-09-01,SYNTHETIC & RAYON,NSRM,The National Silk & Rayon Mills Limited,unknown,1,5,moderate,5 scored members; moderate peer-count confidence,quarterly quality unavailable,71.53,71.53,v3_quarterly_quality,90,6,6,100,complete,,,,37.5,58.33,100,41.67,100,,0,5,0,,,,,,,,,,,,4.74,75.21,29,30,0,high,-1.47,-16.91,71.02,152.17,3.29B,620.5,31.22,2.06,0.18,6.79,4.51,0,strong_down,-16.91% period return; PE 31.22; EPS 6.79; margin 4.51%
2026-09-01,SYNTHETIC & RAYON,PSYL,Pakistan Synthetics Limited,unknown,3,5,moderate,5 scored members; moderate peer-count confidence,,58.85,58.85,v3_quarterly_quality,100,6,6,100,complete,,,,81.25,0,75,50,100,66.67,5,5,100,Mar-26,2026-03-31,2026-07-25,scraped_at,154,105.13,9.76,1.14,-8.22,-3.69,,3.52,55.84,29,30,50,moderate,1.03,-8.48,28.18,135.86,17.1B,515.75,36.43,3.4,0.96,3.38,3.07,0,strong_down,-8.48% period return; PE 36.43; EPS 3.38; margin 3.07%
2026-09-01,SYNTHETIC & RAYON,RUPL,Rupali Polyester Limited,unknown,5,5,moderate,5 scored members; moderate peer-count confidence,,55.12,55.12,v3_quarterly_quality,100,6,6,100,complete,,,,37.5,83.33,0,66.67,100,20,5,5,100,Mar-26,2026-03-31,2026-07-25,scraped_at,154,51.88,-12.36,0.68,-58.74,-40.3,,4.08,64.82,29,30,25,high,-2.81,3.67,37.59,34.57,1.06B,46.61K,-1.49,0.19,0.03,-20.94,-21.91,0,up,weak quality 20 (5/5); 3.67% period return; PE -1.49; EPS -20.94
2026-09-01,TECHNOLOGY & COMMUNICATION,AIRLINK,Air Link Communication Limited,unknown,2,13,moderate,13 scored members; moderate peer-count confidence,,61.87,61.87,v3_quarterly_quality,100,5,6,83.33,partial,,,,58.33,50,62.5,58.33,100,22.86,5,5,100,Mar-26,2026-03-31,2026-07-25,scraped_at,154,177.16,31.51,1.15,-28.81,25.93,,1.74,27.63,29,30,83.33,low,-1.02,-2.37,50.06,12.38,52.42B,756.46K,9.46,2.86,,14.02,6.35,6.79,down,weak quality 22.86 (5/5); -2.37% period return; PE 9.46; EPS 14.02
2026-09-01,TECHNOLOGY & COMMUNICATION,AVN,Avanceon Limited,unknown,12,13,moderate,13 scored members; moderate peer-count confidence,quarterly quality unavailable,40.66,40.66,v3_quarterly_quality,90,6,6,100,complete,,,,29.17,33.33,12.5,63.89,75,,0,5,0,,,,,,,,,,,,1.82,28.82,29,30,75,low,-2.69,-5.93,83.01,11.96,12.75B,1.14M,54.79,0.87,-11.22,0.54,1.25,3.37,strong_down,-5.93% period return; PE 54.79; EPS 0.54; margin 1.25%
2026-09-01,TECHNOLOGY & COMMUNICATION,ITANZ,Itanz Technologies Limited,unknown,9,13,moderate,13 scored members; moderate peer-count confidence,quarterly quality unavailable,48.8,48.8,v3_quarterly_quality,90,0,6,0,low,,,,35.42,50,50,61.11,50,,0,5,0,,,,,,,,,,,,3.88,61.52,29,30,8.33,high,-2.62,-22.46,7.01,1.89,4.53B,2M,,,,,,,strong_down,limited data 0/6; -22.46% period return
2026-09-01,TECHNOLOGY & COMMUNICATION,NETSOL,NetSol Technologies Limited,unknown,1,13,moderate,13 scored members; moderate peer-count confidence,,67.67,67.67,v3_quarterly_quality,100,6,6,100,complete,,,,60.42,83.33,100,61.11,25,66.67,5,5,100,Mar-26,2026-03-31,2026-07-25,scraped_at,154,19.69,24.15,3.35,40.82,265.13,,1.61,25.58,29,30,91.67,low,-3.56,-0.16,34.8,39.29,10.97B,1.26M,3.78,0.87,0.09,32.29,21.96,0,flat,-0.16% period return; PE 3.78; EPS 32.29; margin 21.96%
2026-09-01,TECHNOLOGY & COMMUNICATION,OCTOPUS,Octopus Digital Limited,unknown,10,13,moderate,13 scored members; moderate peer-count confidence,,48.08,48.08,v3_quarterly_quality,100,0,6,0,low,,,,41.67,50,50,33.33,50,60,5,5,100,Mar-26,2026-03-31,2026-07-25,scraped_at,154,0.93,3.47,5.15,-20.09,113.33,,1.22,19.4,29,30,100,low,-1.4,-6.04,91.24,21.44,4.68B,550.47K,,,,,,,strong_down,limited data 0/6; -6.04% period return
2026-09-01,TECHNOLOGY & COMMUNICATION,PAKD,Pak Datacom Limited,unknown,7,13,moderate,13 scored members; moderate peer-count confidence,,49.21,49.21,v3_quarterly_quality,100,0,6,0,low,,,,64.58,50,50,25,50,45.24,5,5,100,Mar-26,2026-03-31,2026-07-25,scraped_at,154,7,3.81,4,-10.84,-71.13,,2.27,36.06,29,30,50,moderate,-2.52,1.68,74.58,46.89,1.48B,9.37K,,,,,,,up,limited data 0/6; 1.68% period return
2026-09-01,TECHNOLOGY & COMMUNICATION,QTECH,Quantum Data Technologies Limited,unknown,5,13,moderate,13 scored members; moderate peer-count confidence,quarterly quality unavailable,50.81,50.81,v3_quarterly_quality,90,0,6,0,low,,,,60.42,50,50,41.67,50,,0,5,0,,,,,,,,,,,,3.56,56.58,29,30,16.67,high,-1.2,-17.72,46.26,71.08,4.8B,910K,,,,,,,strong_down,limited data 0/6; -17.72% period return
2026-09-01,TECHNOLOGY & COMMUNICATION,SELECT,Select Technologies Limited,unknown,8,13,moderate,13 scored members; moderate peer-count confidence,quarterly quality unavailable,48.84,48.84,v3_quarterly_quality,90,0,6,0,low,,,,54.17,50,50,33.33,50,,0,5,0,,,,,,,,,,,,2.81,44.59,29,30,33.33,moderate,-2.17,-3.07,22.23,5.65,24.44B,276.43K,,,,,,,down,limited data 0/6; -3.07% period return
2026-09-01,TECHNOLOGY & COMMUNICATION,STL,Supernet Technologies Limited,unknown,11,13,moderate,13 scored members; moderate peer-count confidence,quarterly quality unavailable,43.29,43.29,v3_quarterly_quality,90,0,6,0,low,,,,20.83,50,50,33.33,50,,0,5,0,,,,,,,,,,,,6.21,98.65,29,30,0,high,-0.28,-35.67,8932.01,0.98,2.66B,438.25K,,,,,,,strong_down,limited data 0/6; -35.67% period return
2026-09-01,TECHNOLOGY & COMMUNICATION,SYM,Symmetry Group Limited,unknown,3,13,moderate,13 scored members; moderate peer-count confidence,,54.69,54.69,v3_quarterly_quality,100,0,6,0,low,,,,89.58,50,50,52.78,50,34.76,5,5,100,Mar-26,2026-03-31,2026-07-25,scraped_at,154,22.86,18.91,3.46,-21.22,36.3,,2.44,38.68,29,30,41.67,moderate,1.1,6.38,32.71,42.51,3.66B,764.49K,,,,,,,strong_up,limited data 0/6; 6.38% period return
2026-09-01,TECHNOLOGY & COMMUNICATION,SYS,Systems Limited,unknown,4,13,moderate,13 scored members; moderate peer-count confidence,,54.09,54.09,v3_quarterly_quality,100,6,6,100,complete,,,,66.67,25,62.5,97.22,50,56.19,5,5,100,Mar-26,2026-03-31,2026-07-25,scraped_at,154,10.31,23.25,2.76,22.65,37.83,,2.05,32.56,29,30,58.33,moderate,2.27,-4.06,36.55,20.51,188.18B,3.98M,15.9,3.04,0.2,8.03,12.79,1.57,down,-4.06% period return; PE 15.9; EPS 8.03; margin 12.79%
2026-09-01,TECHNOLOGY & COMMUNICATION,TELE,Telecard Limited,unknown,13,13,moderate,13 scored members; moderate peer-count confidence,,34.35,34.35,v3_quarterly_quality,100,6,6,100,complete,,,,31.25,50,12.5,66.67,25,30,5,5,100,Mar-26,2026-03-31,2026-07-25,scraped_at,154,14.23,8.24,1.98,-4.7,-237.34,,1.88,29.91,29,30,66.67,moderate,-3.74,-8.75,82.51,24.12,2.61B,2.37M,15.21,0.59,0.64,0.51,1.67,0,strong_down,weak quality 30 (5/5); -8.75% period return; PE 15.21; EPS 0.51
2026-09-01,TECHNOLOGY & COMMUNICATION,ZAL,Zarea Limited,unknown,6,13,moderate,13 scored members; moderate peer-count confidence,,50.19,50.19,v3_quarterly_quality,100,0,6,0,low,,,,37.5,50,50,27.78,50,92.86,4,5,80,Mar-26,2026-03-31,2026-07-25,scraped_at,154,,38.28,5.22,178.13,91.19,,2.9,46.09,29,30,25,high,-1.8,-9.26,102.39,39.04,10.31B,194.33K,,,,,,,strong_down,limited data 0/6; strong quality 92.86 (4/5); -9.26% period return
2026-09-01,TEXTILE COMPOSITE,AHTM,Ahmad Hassan Textile Mills Limited,unknown,7,25,high,25 scored members; high peer-count confidence,,63.73,63.73,v3_quarterly_quality,100,6,6,100,complete,,,,78.12,53.37,62.5,33.33,87.5,53.33,5,5,100,Mar-26,2026-03-31,2026-07-25,scraped_at,154,29.39,4.51,1.41,-8.33,71.43,,3.93,62.46,29,30,8.33,high,3.57,3.47,32.17,69.17,859.86M,199.25,8.02,0.36,-2.82,12.65,2.07,1.48,up,3.47% period return; PE 8.02; EPS 12.65; margin 2.07%
2026-09-01,TEXTILE COMPOSITE,ANL,Azgard Nine Limited,unknown,8,25,high,25 scored members; high peer-count confidence,quarterly quality unavailable,57.91,57.91,v3_quarterly_quality,90,6,6,100,complete,,,,48.96,64.64,43.75,73.61,62.5,,0,5,0,,,,,,,,,,,,1.41,22.39,29,30,100,low,1.73,-2.15,37.14,24.72,4.85B,190.21K,6.24,0.32,0.38,1.6,1.96,0,down,-2.15% period return; PE 6.24; EPS 1.6; margin 1.96%
2026-09-01,TEXTILE COMPOSITE,ANTM,AN Textile Mills Limited,unknown,9,25,high,25 scored members; high peer-count confidence,quarterly quality unavailable,57.54,57.54,v3_quarterly_quality,90,0,6,0,low,,,,98.96,50,50,44.44,50,,0,5,0,,,,,,,,,,,,4.65,73.78,29,30,4.17,high,5.51,49.36,0,269.63,743.05M,23.54K,,,,,,,strong_up,limited data 0/6; 49.36% period return
2026-09-01,TEXTILE COMPOSITE,BHAT,Bhanero Textile Mills Limited,unknown,14,25,high,25 scored members; high peer-count confidence,,47.61,47.61,v3_quarterly_quality,100,6,6,100,complete,,,,51.04,39.89,56.25,25,62.5,37.33,5,5,100,Mar-26,2026-03-31,2026-07-25,scraped_at,154,105.72,0.84,1.51,-1.92,-148.66,,2.6,41.2,29,30,58.33,moderate,-0.06,-1.22,26.9,12.87,2.49B,113.5,27.23,0.23,3.84,30.09,0.28,0,down,-1.22% period return; PE 27.23; EPS 30.09; margin 0.28%
2026-09-01,TEXTILE COMPOSITE,BTL,Blessed Textiles Limited,unknown,25,25,high,25 scored members; high peer-count confidence,,34.34,34.34,v3_quarterly_quality,100,5,6,83.33,partial,,,,39.58,35.42,9.38,27.78,62.5,24,5,5,100,Mar-26,2026-03-31,2026-07-25,scraped_at,154,173.28,-2.96,1.23,-6.22,-50.65,,2.7,42.89,29,30,45.83,moderate,-0.33,-9.85,75.44,227.48,5.79B,10,-25.25,0.76,,-35.67,-0.77,0,strong_down,weak quality 24 (5/5); -9.85% period return; PE -25.25; EPS -35.67
2026-09-01,TEXTILE COMPOSITE,CRTM,The Crescent Textile Mills Limited,unknown,19,25,high,25 scored members; high peer-count confidence,,45.27,45.27,v3_quarterly_quality,100,6,6,100,complete,,,,58.33,34.29,31.25,66.67,62.5,25.33,5,5,100,Mar-26,2026-03-31,2026-07-25,scraped_at,154,77.18,1.05,0.8,-2.84,-109.63,,1.44,22.82,29,30,95.83,low,-0.28,-3.73,36.3,326.51,7.08B,2.74K,54.14,0.55,-7.27,1.31,0.69,0,down,weak quality 25.33 (5/5); -3.73% period return; PE 54.14; EPS 1.31
2026-09-01,TEXTILE COMPOSITE,FASM,Faisal Spinning Mills Limited,unknown,22,25,high,25 scored members; high peer-count confidence,,41.62,41.62,v3_quarterly_quality,100,6,6,100,complete,,,,56.25,58.33,3.12,36.11,62.5,18.67,5,5,100,Mar-26,2026-03-31,2026-07-25,scraped_at,154,178.53,-4.75,1.17,-3.9,-52.6,,3.05,48.45,29,30,29.17,high,-0.99,3.17,29.29,36.95,3.29B,122.5,-6.22,0.31,-1.58,-52.85,-1.19,0,up,weak quality 18.67 (5/5); 3.17% period return; PE -6.22; EPS -52.85
2026-09-01,TEXTILE COMPOSITE,FML,Feroze1888 Mills Limited,unknown,24,25,high,25 scored members; high peer-count confidence,,38.63,38.63,v3_quarterly_quality,100,6,6,100,complete,,,,26.04,25,21.88,66.67,62.5,49.33,5,5,100,Mar-26,2026-03-31,2026-07-25,scraped_at,154,100.3,0.54,1.05,6.62,53.33,,1.94,30.86,29,30,75,low,-1.69,-7.17,61.74,47.08,20B,64.91K,108.75,0.59,-22.86,0.46,0.27,0,strong_down,-7.17% period return; PE 108.75; EPS 0.46; margin 0.27%
2026-09-01,TEXTILE COMPOSITE,FZCM,Fazal Cloth Mills Limited,unknown,20,25,high,25 scored members; high peer-count confidence,,45.07,45.07,v3_quarterly_quality,100,6,6,100,complete,,,,58.33,35.9,31.25,48.61,62.5,37.33,5,5,100,Mar-26,2026-03-31,2026-07-25,scraped_at,154,101.25,0.19,1.42,-1.62,-95.68,,2.69,42.65,29,30,50,moderate,0.04,-0.39,30.74,37.45,7.65B,1.46K,84.51,0.16,40.45,3.02,0.1,0,flat,-0.39% period return; PE 84.51; EPS 3.02; margin 0.1%
2026-09-01,TEXTILE COMPOSITE,GATM,Gul Ahmed Textile Mills Limited,unknown,16,25,high,25 scored members; high peer-count confidence,,46.71,46.71,v3_quarterly_quality,100,6,6,100,complete,,,,21.88,48.34,40.62,80.56,62.5,26.67,5,5,100,Mar-26,2026-03-31,2026-07-25,scraped_at,154,152.96,3.87,1.1,-7.54,-59.01,,1.73,27.42,29,30,83.33,low,-1.33,-11.11,71.88,43.52,17.52B,399.51K,8.72,0.34,0.74,2.72,1.18,0,strong_down,weak quality 26.67 (5/5); -11.11% period return; PE 8.72; EPS 2.72
2026-09-01,TEXTILE COMPOSITE,GFIL,Ghazi Fabrics International Limited,unknown,12,25,high,25 scored members; high peer-count confidence,quarterly quality unavailable,48.98,48.98,v3_quarterly_quality,90,0,6,0,low,,,,53.12,50,50,36.11,50,,0,5,0,,,,,,,,,,,,1.49,23.65,29,30,91.67,low,-3.65,-6.6,21.31,139.67,946.43M,3.85K,,,,,,,strong_down,limited data 0/6; -6.6% period return
2026-09-01,TEXTILE COMPOSITE,HAEL,Hala Enterprises Limited,unknown,18,25,high,25 scored members; high peer-count confidence,quarterly quality unavailable,45.76,45.76,v3_quarterly_quality,90,0,6,0,low,,,,37.5,50,50,30.56,50,,0,5,0,,,,,,,,,,,,2.9,46.02,29,30,37.5,moderate,-4.63,-3.27,42.76,78.34,345.57M,2.27K,,,,,,,down,limited data 0/6; -3.27% period return
2026-09-01,TEXTILE COMPOSITE,HAFL,Hafiz Limited,unknown,21,25,high,25 scored members; high peer-count confidence,quarterly quality unavailable,44.85,44.85,v3_quarterly_quality,90,0,6,0,low,,,,46.88,50,50,8.33,50,,0,5,0,,,,,,,,,,,,2.62,41.54,29,30,54.17,moderate,-0.16,-8.33,32.46,67.58,570.28M,34.67,,,,,,,strong_down,limited data 0/6; -8.33% period return
2026-09-01,TEXTILE COMPOSITE,ILP,Interloop Limited,unknown,5,25,high,25 scored members; high peer-count confidence,,68.18,68.18,v3_quarterly_quality,100,6,6,100,complete,,,,61.46,37.53,75,90.28,93.75,68,5,5,100,Mar-26,2026-03-31,2026-07-25,scraped_at,154,146.2,20.56,1.18,3.9,125.56,,1.7,26.99,29,30,87.5,low,-2.59,1.5,4.07,57.54,148.83B,1.09M,12.8,2.44,0.21,8.3,6.45,2.83,up,1.5% period return; PE 12.8; EPS 8.3; margin 6.45%
2026-09-01,TEXTILE COMPOSITE,KHYT,Khyber Textile Mills Limited,unknown,17,25,high,25 scored members; high peer-count confidence,quarterly quality unavailable,46.16,46.16,v3_quarterly_quality,90,0,6,0,low,,,,51.04,50,50,13.89,50,,0,5,0,,,,,,,,,,,,2.52,40.02,29,30,66.67,moderate,5.37,-11.59,40.99,68.63,2.34B,41.5,,,,,,,strong_down,limited data 0/6; -11.59% period return
2026-09-01,TEXTILE COMPOSITE,KTML,Kohinoor Textile Mills Limited,unknown,1,25,high,25 scored members; high peer-count confidence,,70.78,70.78,v3_quarterly_quality,100,6,6,100,complete,,,,36.46,67.8,84.38,87.5,75,77.33,5,5,100,Mar-26,2026-03-31,2026-07-25,scraped_at,154,52.83,13.19,1.69,4.85,-33.09,,2.83,44.88,29,30,41.67,moderate,1.83,-1.32,602.28,17.31,58.48B,1.01M,2.94,0.63,0.1,14.77,13.86,0.92,down,strong quality 77.33 (5/5); -1.32% period return; PE 2.94; EPS 14.77
2026-09-01,TEXTILE COMPOSITE,MEHT,Mehmood Textile Mills Limited,unknown,6,25,high,25 scored members; high peer-count confidence,,64.94,64.94,v3_quarterly_quality,100,6,6,100,complete,,,,9.37,95.35,71.88,72.22,62.5,56,5,5,100,Mar-26,2026-03-31,2026-07-25,scraped_at,154,160.41,6.32,1.1,5.88,87.89,,3.01,47.7,29,30,33.33,moderate,-1.04,-25.6,160.49,1.09,4.22B,56.15K,3.54,0.22,0.09,39.74,1.87,0,strong_down,-25.6% period return; PE 3.54; EPS 39.74; margin 1.87%
2026-09-01,TEXTILE COMPOSITE,NML,Nishat Mills Limited,unknown,3,25,high,25 scored members; high peer-count confidence,,69.84,69.84,v3_quarterly_quality,100,6,6,100,complete,,,,38.54,58.78,84.38,91.67,81.25,70.67,5,5,100,Mar-26,2026-03-31,2026-07-25,scraped_at,154,55,7.3,1.43,-2.23,892.57,,1.73,27.44,29,30,79.17,low,0.2,-3.08,45.34,19.49,50.42B,1.01M,4.29,0.29,1.49,33.41,5.75,1.39,down,strong quality 70.67 (5/5); -3.08% period return; PE 4.29; EPS 33.41
2026-09-01,TEXTILE COMPOSITE,REDCO,Redco Textiles Limited,unknown,13,25,high,25 scored members; high peer-count confidence,quarterly quality unavailable,48.86,48.86,v3_quarterly_quality,90,0,6,0,low,,,,55.21,50,50,31.94,50,,0,5,0,,,,,,,,,,,,3.43,54.45,29,30,20.83,high,-3.08,-0.23,34.98,100.87,1.48B,4.57K,,,,,,,flat,limited data 0/6; -0.23% period return
2026-09-01,TEXTILE COMPOSITE,REWM,Reliance Weaving Mills Limited,unknown,15,25,high,25 scored members; high peer-count confidence,,47.27,47.27,v3_quarterly_quality,100,0,6,0,low,,,,37.5,50,50,52.78,50,38.67,5,5,100,Mar-26,2026-03-31,2026-07-25,scraped_at,154,223.18,6.29,0.96,-2.78,265.93,,3.14,49.85,29,30,25,high,-5.08,-1.28,47.86,71.9,5.09B,120,,,,,,,down,limited data 0/6; -1.28% period return
2026-09-01,TEXTILE COMPOSITE,SAPT,Sapphire Textile Mills Limited,unknown,2,25,high,25 scored members; high peer-count confidence,,70.5,70.5,v3_quarterly_quality,100,6,6,100,complete,,,,61.46,69.11,93.75,43.06,68.75,72,5,5,100,Mar-26,2026-03-31,2026-07-25,scraped_at,154,68.79,12.17,1.77,-1.42,2.65,,2.43,38.64,29,30,70.83,low,0,0.85,11.5,23.74,31.24B,7.5,3.72,0.38,0.24,387.04,5.77,0.69,flat,strong quality 72 (5/5); 0.85% period return; PE 3.72; EPS 387.04
2026-09-01,TEXTILE COMPOSITE,STML,Shams Textile Mills Limited,unknown,23,25,high,25 scored members; high peer-count confidence,quarterly quality unavailable,41.07,41.07,v3_quarterly_quality,90,6,6,100,complete,,,,46.88,45.27,6.25,48.61,62.5,,0,5,0,,,,,,,,,,,,5.21,82.64,29,30,0,high,-2.84,-2.21,42.04,117.32,428.11M,10.54K,-7.08,0.56,0.53,-6.99,-1.76,0,down,-2.21% period return; PE -7.08; EPS -6.99; margin -1.76%
2026-09-01,TEXTILE COMPOSITE,SURC,Suraj Cotton Mills Limited,unknown,4,25,high,25 scored members; high peer-count confidence,,69.16,69.16,v3_quarterly_quality,100,6,6,100,complete,,,,52.08,46.75,75,63.89,100,82.67,5,5,100,Mar-26,2026-03-31,2026-07-25,scraped_at,154,28.8,10,2.08,0.87,65.39,,3.78,60.08,29,30,16.67,high,0.26,-13.86,23.02,67.19,7.18B,8.47K,5.04,0.49,0.85,29.17,5.06,3.4,strong_down,strong quality 82.67 (5/5); -13.86% period return; PE 5.04; EPS 29.17
2026-09-01,TEXTILE COMPOSITE,TOWL,Towellers Limited,unknown,10,25,high,25 scored members; high peer-count confidence,,55.49,55.49,v3_quarterly_quality,100,0,6,0,low,,,,69.79,50,50,62.5,50,62.67,5,5,100,Mar-26,2026-03-31,2026-07-25,scraped_at,154,9.35,1.52,2.02,-1.51,-79.73,,2.57,40.74,29,30,62.5,moderate,3.02,16.68,35.81,55.98,2.45B,232.98K,,,,,,,strong_up,limited data 0/6; 16.68% period return
2026-09-01,TEXTILE COMPOSITE,ZAHID,Zahidjee Textile Mills Limited,unknown,11,25,high,25 scored members; high peer-count confidence,quarterly quality unavailable,50.88,50.88,v3_quarterly_quality,90,6,6,100,complete,,,,55.21,34.22,59.38,45.83,62.5,,0,5,0,,,,,,,,,,,,3.86,61.32,29,30,12.5,high,2.45,-6,46.67,113.8,13.38B,9.55K,8.81,0.61,0.64,7.93,3.96,0,strong_down,-6% period return; PE 8.81; EPS 7.93; margin 3.96%
2026-09-01,TEXTILE SPINNING,ARCTM,Arctic Textile Mills Limited,unknown,15,24,high,24 scored members; high peer-count confidence,quarterly quality unavailable,48.99,48.99,v3_quarterly_quality,90,0,6,0,low,,,,43.48,50,50,50.72,50,,0,5,0,,,,,,,,,,,,6.67,105.87,29,30,8.7,high,-5.91,2.54,53.59,75.31,557.56M,125.06K,,,,,,,up,limited data 0/6; 2.54% period return
2026-09-01,TEXTILE SPINNING,ASTM,Asim Textile Mills Limited,unknown,8,24,high,24 scored members; high peer-count confidence,quarterly quality unavailable,56.28,56.28,v3_quarterly_quality,90,0,6,0,low,,,,71.74,50,50,73.91,50,,0,5,0,,,,,,,,,,,,7.12,113.01,29,30,4.35,high,-11.99,226.03,23.5,1047.08,2.09B,418.45K,,,,,,,strong_up,limited data 0/6; 226.03% period return
2026-09-01,TEXTILE SPINNING,AWTX,Allawasaya Tex. & Finishing Mills Ltd,unknown,17,24,high,24 scored members; high peer-count confidence,,47.6,47.6,v3_quarterly_quality,100,6,6,100,complete,,,,39.13,26.67,70,18.84,70,51.82,5,5,100,Mar-26,2026-03-31,2026-07-25,scraped_at,154,59.16,0.62,0.96,19.68,-102.79,,0.18,2.81,29,30,100,low,-9.09,0.95,10,26.07,1.28B,0,162.8,1.02,-20.03,9.84,0.15,0,flat,0.95% period return; PE 162.8; EPS 9.84; margin 0.15%
2026-09-01,TEXTILE SPINNING,CCM,Crescent Cotton Mills Limited,unknown,9,24,high,24 scored members; high peer-count confidence,quarterly quality unavailable,55.89,55.89,v3_quarterly_quality,90,6,6,100,complete,,,,28.26,63.33,50,62.32,70,,0,5,0,,,,,,,,,,,,3.76,59.63,29,30,47.83,moderate,-2.15,-12.23,53.03,30.84,1.02B,5.72K,15.2,0.15,-0.78,2.96,-0.18,0,strong_down,-12.23% period return; PE 15.2; EPS 2.96; margin -0.18%
2026-09-01,TEXTILE SPINNING,CFL,Crescent Fibres Limited,unknown,12,24,high,24 scored members; high peer-count confidence,,50.22,50.22,v3_quarterly_quality,100,6,6,100,complete,,,,61.96,66.67,15,42.03,70,30.56,3,5,60,Mar-26,2026-03-31,2026-07-25,scraped_at,154,,-17.15,,-27.31,-21.19,,2.46,39.04,29,30,91.3,low,6.35,10.01,46.46,39.54,797.1M,49.33,-1.29,0.21,0.04,-49.59,-18.39,0,strong_up,10.01% period return; PE -1.29; EPS -49.59; margin -18.39%
2026-09-01,TEXTILE SPINNING,DFSM,Dewan Farooque Spinning Mills Limited,unknown,14,24,high,24 scored members; high peer-count confidence,,49.14,49.14,v3_quarterly_quality,100,0,6,0,low,,,,30.43,50,50,84.06,50,36.67,5,5,100,Mar-26,2026-03-31,2026-07-25,scraped_at,154,9.08,-0.87,0.08,-45.68,-77.89,,3.27,51.92,29,30,69.57,low,-3.52,-20.11,152.07,272.8,1.37B,187.81K,,,,,,,strong_down,limited data 0/6; -20.11% period return
2026-09-01,TEXTILE SPINNING,DINT,Din Textile Mills Limited,unknown,11,24,high,24 scored members; high peer-count confidence,,50.51,50.51,v3_quarterly_quality,100,6,6,100,complete,,,,33.7,53.33,40,75.36,70,25.91,5,5,100,Mar-26,2026-03-31,2026-07-25,scraped_at,154,271.86,-2.94,0.98,-24.92,-79.98,,3.82,60.58,29,30,43.48,moderate,-0.97,-11.18,58.94,46.03,3.17B,189.56K,-15.44,0.45,-1.6,-3.91,-0.63,0,strong_down,weak quality 25.91 (5/5); -11.18% period return; PE -15.44; EPS -3.91
2026-09-01,TEXTILE SPINNING,DMC,D.M. Corporation Limited.,unknown,16,24,high,24 scored members; high peer-count confidence,quarterly quality unavailable,48.99,48.99,v3_quarterly_quality,90,0,6,0,low,,,,52.17,50,50,37.68,50,,0,5,0,,,,,,,,,,,,2.3,36.48,29,30,95.65,low,0.04,-4.31,99.18,279.94,539.27M,493.5,,,,,,,down,limited data 0/6; -4.31% period return
2026-09-01,TEXTILE SPINNING,ELCM,Elahi Cotton Mills Limited,unknown,23,24,high,24 scored members; high peer-count confidence,quarterly quality unavailable,40.08,40.08,v3_quarterly_quality,90,6,6,100,complete,,,,44.57,30,30,18.84,70,,0,5,0,,,,,,,,,,,,4.07,64.54,29,30,39.13,moderate,0.31,-7.09,71.23,59.17,260.74M,407,-8.3,3.84,0.13,-24.15,-3.34,0,strong_down,-7.09% period return; PE -8.3; EPS -24.15; margin -3.34%
2026-09-01,TEXTILE SPINNING,ELSM,Ellcot Spinning Mills Limited,unknown,3,24,high,24 scored members; high peer-count confidence,,66.74,66.74,v3_quarterly_quality,100,6,6,100,complete,,,,72.83,46.67,65,59.42,100,52.12,5,5,100,Mar-26,2026-03-31,2026-07-25,scraped_at,154,103.83,0.97,2.05,-3.1,-79.71,,5.15,81.76,29,30,26.09,high,9.87,1.38,9.31,57.09,1.7B,1.37K,39.13,0.39,-34.37,3.97,0.28,2.57,up,1.38% period return; PE 39.13; EPS 3.97; margin 0.28%
2026-09-01,TEXTILE SPINNING,GADT,Gadoon Textile Mills Limited,unknown,1,24,high,24 scored members; high peer-count confidence,,70.37,70.37,v3_quarterly_quality,100,6,6,100,complete,,,,59.78,60,90,78.26,80,45.76,5,5,100,Mar-26,2026-03-31,2026-07-25,scraped_at,154,118.05,5.02,0.84,-1.91,-51.31,,3.43,54.47,29,30,60.87,moderate,-0.95,6.97,36.18,50.65,9.08B,20.46K,3.45,0.34,0.29,93.78,3.49,1.54,strong_up,6.97% period return; PE 3.45; EPS 93.78; margin 3.49%
2026-09-01,TEXTILE SPINNING,IDEAL,Ideal Dynamics Limited,unknown,13,24,high,24 scored members; high peer-count confidence,quarterly quality unavailable,49.76,49.76,v3_quarterly_quality,90,0,6,0,low,,,,67.39,50,50,21.74,50,,0,5,0,,,,,,,,,,,,5.66,89.81,29,30,13.04,high,0,22.01,78.94,211.17,486.18M,1.49K,,,,,,,strong_up,limited data 0/6; 22.01% period return
2026-09-01,TEXTILE SPINNING,IDRT,Idrees Textile Mills Limited,unknown,19,24,high,24 scored members; high peer-count confidence,,47.21,47.21,v3_quarterly_quality,100,0,6,0,low,,,,54.35,50,50,34.78,50,30.76,5,5,100,Mar-26,2026-03-31,2026-07-25,scraped_at,154,141.8,-11.63,0.94,-15.52,-24.77,,2.61,41.4,29,30,86.96,low,1.07,2.51,79.49,96.43,753.02M,16.89K,,,,,,,up,limited data 0/6; 2.51% period return
2026-09-01,TEXTILE SPINNING,JATM,J.A. Textile Mills Limited,unknown,18,24,high,24 scored members; high peer-count confidence,quarterly quality unavailable,47.54,47.54,v3_quarterly_quality,90,0,6,0,low,,,,43.48,50,50,37.68,50,,0,5,0,,,,,,,,,,,,7.95,126.15,29,30,0,high,-1.45,-7.53,92.09,169.82,496.74M,35.08K,,,,,,,strong_down,limited data 0/6; -7.53% period return
2026-09-01,TEXTILE SPINNING,JDMT,Janana De Malucho Textile Mills Limited,unknown,20,24,high,24 scored members; high peer-count confidence,,46.54,46.54,v3_quarterly_quality,100,0,6,0,low,,,,34.78,50,50,56.52,50,31.67,5,5,100,Mar-26,2026-03-31,2026-07-25,scraped_at,154,23.07,-7.06,0.25,-91.76,-59.42,,4.34,68.93,29,30,34.78,moderate,-5.97,-16.64,46.81,126.56,941.66M,8.23K,,,,,,,strong_down,limited data 0/6; -16.64% period return
2026-09-01,TEXTILE SPINNING,KOHTM,Kohat Textile Mills Limited,unknown,2,24,high,24 scored members; high peer-count confidence,,69.44,69.44,v3_quarterly_quality,100,6,6,100,complete,,,,47.83,43.33,90,84.06,90,70.3,5,5,100,Mar-26,2026-03-31,2026-07-25,scraped_at,154,79.38,6.55,1.05,-0.13,-1.27,,3.65,57.98,29,30,52.17,moderate,-2.87,-1.15,73.65,202.32,2.52B,143.63K,8.15,0.52,0.2,14.85,3.65,1.65,down,strong quality 70.3 (5/5); -1.15% period return; PE 8.15; EPS 14.85
2026-09-01,TEXTILE SPINNING,MQTM,Maqbool Textile Mills Limited,unknown,22,24,high,24 scored members; high peer-count confidence,quarterly quality unavailable,45.27,45.27,v3_quarterly_quality,90,6,6,100,complete,,,,41.3,53.33,10,52.17,70,,0,5,0,,,,,,,,,,,,5.33,84.66,29,30,21.74,high,-5.19,-3.22,41.16,60.6,531.95M,169.15K,-0.36,1.68,0.01,-79.43,-17.35,0,down,-3.22% period return; PE -0.36; EPS -79.43; margin -17.35%
2026-09-01,TEXTILE SPINNING,NATM,Nadeem Textile Mills Limited,unknown,24,24,high,24 scored members; high peer-count confidence,,37.67,37.67,v3_quarterly_quality,100,6,6,100,complete,,,,26.09,50,5,33.33,70,29.24,5,5,100,Mar-26,2026-03-31,2026-07-25,scraped_at,154,100.02,-47.36,0.55,-64.62,0.97,,2.67,42.35,29,30,82.61,low,-6.24,-11.92,26.65,1.36,1.6B,2.43K,-1.4,0.73,0.04,-53.59,-51.27,0,strong_down,weak quality 29.24 (5/5); -11.92% period return; PE -1.4; EPS -53.59
2026-09-01,TEXTILE SPINNING,SERT,Service Industries Textiles Limited,unknown,21,24,high,24 scored members; high peer-count confidence,quarterly quality unavailable,46.03,46.03,v3_quarterly_quality,90,0,6,0,low,,,,31.52,50,50,42.03,50,,0,5,0,,,,,,,,,,,,4.71,74.74,29,30,30.43,high,-3.5,-7.94,92.9,103.53,603.9M,31.27K,,,,,,,strong_down,limited data 0/6; -7.94% period return
2026-09-01,TEXTILE SPINNING,SHCM,Shadman Cotton Mills Limited,unknown,10,24,high,24 scored members; high peer-count confidence,quarterly quality unavailable,51.33,51.33,v3_quarterly_quality,90,0,6,0,low,,,,65.22,50,50,39.13,50,,0,5,0,,,,,,,,,,,,5.6,88.88,29,30,17.39,high,1.04,20.24,60.65,96.99,1.06B,9.46K,,,,,,,strong_up,limited data 0/6; 20.24% period return
2026-09-01,TEXTILE SPINNING,SHDT,Shadab Textile Mills Limited,unknown,5,24,high,24 scored members; high peer-count confidence,,57.27,57.27,v3_quarterly_quality,100,0,6,0,low,,,,57.61,50,50,75.36,50,85.91,5,5,100,Mar-26,2026-03-31,2026-07-25,scraped_at,154,37.62,14.29,1.3,3.24,53.85,,3.13,49.71,29,30,73.91,low,-1.66,3.69,31.27,56.31,1.3B,85.92K,,,,,,,up,limited data 0/6; strong quality 85.91 (5/5); 3.69% period return
2026-09-01,TEXTILE SPINNING,SNAI,Sana Industries Limited,unknown,4,24,high,24 scored members; high peer-count confidence,quarterly quality unavailable,61.92,61.92,v3_quarterly_quality,90,6,6,100,complete,,,,46.74,50,85,52.17,70,,0,5,0,,,,,,,,,,,,2.69,42.72,29,30,78.26,low,-5.14,-0.24,19.03,47.52,736.31M,3.96K,5.64,1.03,-0.58,6.54,5.84,0,flat,-0.24% period return; PE 5.64; EPS 6.54; margin 5.84%
2026-09-01,TEXTILE SPINNING,SZTM,Shahzad Textile Mills Limited,unknown,6,24,high,24 scored members; high peer-count confidence,,56.87,56.87,v3_quarterly_quality,100,0,6,0,low,,,,76.09,50,50,42.03,50,87.58,5,5,100,Mar-26,2026-03-31,2026-07-25,scraped_at,154,36.66,8.34,1.19,7.01,345.59,,3.32,52.67,29,30,65.22,moderate,2.18,4.5,38.3,155.58,1.65B,4.8K,,,,,,,up,limited data 0/6; strong quality 87.58 (5/5); 4.5% period return
2026-09-01,TEXTILE SPINNING,TATM,Tata Textile Mills Limited,unknown,7,24,high,24 scored members; high peer-count confidence,,56.72,56.72,v3_quarterly_quality,100,0,6,0,low,,,,69.57,50,50,73.91,50,63.94,5,5,100,Mar-26,2026-03-31,2026-07-25,scraped_at,154,89.18,2.38,1.31,-11.32,-4.28,,3.46,54.88,29,30,56.52,moderate,-2.43,28.98,32.57,104.77,9.4B,123.45K,,,,,,,strong_up,limited data 0/6; 28.98% period return
2026-09-01,TEXTILE WEAVING,ASHT,Ashfaq Textile Mills Limited,unknown,2,4,low,4 scored members; low peer-count confidence,quarterly quality unavailable; small sector peer group,53.55,53.55,v3_quarterly_quality,90,0,6,0,low,,,,75,50,50,44.44,50,,0,5,0,,,,,,,,,,,,7.92,125.78,29,30,0,high,4.29,15.74,78.94,186.8,1.82B,31.25K,,,,,,,strong_up,limited data 0/6; 15.74% period return
2026-09-01,TEXTILE WEAVING,ICCI,ICC Industries Limited,unknown,3,4,low,4 scored members; low peer-count confidence,quarterly quality unavailable; small sector peer group,47.99,47.99,v3_quarterly_quality,90,0,6,0,low,,,,41.67,50,50,44.44,50,,0,5,0,,,,,,,,,,,,3.47,55.11,29,30,33.33,moderate,-2.8,8.72,22.84,69.34,437.42M,40.39K,,,,,,,strong_up,limited data 0/6; 8.72% period return
2026-09-01,TEXTILE WEAVING,STJT,Shahtaj Textile Limited,unknown,1,4,low,4 scored members; low peer-count confidence,quarterly quality unavailable; small sector peer group,72.99,72.99,v3_quarterly_quality,90,6,6,100,complete,,,,58.33,50,100,44.44,100,,0,5,0,,,,,,,,,,,,3.41,54.16,29,30,66.67,moderate,-4.67,14.14,4.9,151.24,1.7B,2.8K,6.35,0.69,0.6,27.72,4.42,3.13,strong_up,14.14% period return; PE 6.35; EPS 27.72; margin 4.42%
2026-09-01,TEXTILE WEAVING,ZTL,Zephyr Textiles Limited,unknown,4,4,low,4 scored members; low peer-count confidence,quarterly quality unavailable; small sector peer group,26.7,26.7,v3_quarterly_quality,90,6,6,100,complete,,,,25,50,0,77.78,0,,0,5,0,,,,,,,,,,,,3.09,49.06,29,30,100,low,-1.26,-3.45,48.45,69.13,979.98M,59.7K,-20.15,0.39,2.69,-0.82,-0.65,0,down,-3.45% period return; PE -20.15; EPS -0.82; margin -0.65%
2026-09-01,TRANSPORT,BLUEX,Blue-Ex Limited,unknown,4,4,low,4 scored members; low peer-count confidence,quarterly quality unavailable; small sector peer group,43.98,43.98,v3_quarterly_quality,90,0,6,0,low,,,,25,50,50,33.33,50,,0,5,0,,,,,,,,,,,,2.48,39.31,29,30,66.67,moderate,-0.75,-5.26,1113.96,35.92,1.89B,1.43M,,,,,,,strong_down,limited data 0/6; -5.26% period return
2026-09-01,TRANSPORT,PIBTL,Pakistan International Bulk Terminal,unknown,1,4,low,4 scored members; low peer-count confidence,small sector peer group,79,79,v3_quarterly_quality,100,6,6,100,complete,,,,83.33,50,100,100,100,40,5,5,100,Mar-26,2026-03-31,2026-07-25,scraped_at,154,36.51,12.14,0.89,47.84,859.81,,1.53,24.29,29,30,100,low,1.54,-3.45,39.3,37.76,29.45B,15.1M,13.99,1.67,7.78,1.18,14.81,0,down,-3.45% period return; PE 13.99; EPS 1.18; margin 14.81%
2026-09-01,TRANSPORT,PICT,Pakistan International Container,unknown,3,4,low,4 scored members; low peer-count confidence,quarterly quality unavailable; small sector peer group,44.29,44.29,v3_quarterly_quality,90,6,6,100,complete,,,,41.67,50,0,11.11,100,,0,5,0,,,,,,,,,,,,4.56,72.41,29,30,0,high,-2.68,-23.24,41.06,84.36,4.76B,429.87K,-26.3,3.66,1.29,-1.66,-1809.22,0,strong_down,-23.24% period return; PE -26.3; EPS -1.66; margin -1809.22%
2026-09-01,TRANSPORT,SLGL,Secure Logistics-Trax Group Limited,unknown,2,4,low,4 scored members; low peer-count confidence,small sector peer group,51.56,51.56,v3_quarterly_quality,100,0,6,0,low,,,,50,50,50,55.56,50,60,5,5,100,Mar-26,2026-03-31,2026-07-25,scraped_at,154,6.05,13.16,1.26,28.38,8.9,,3,47.67,29,30,33.33,moderate,-0.26,-2.4,71.63,18.77,6.51B,1.74M,,,,,,,down,limited data 0/6; -2.4% period return
2026-09-01,VANASPATI & ALLIED INDUSTRIES,POML,Punjab Oil Mills Limited,unknown,2,2,low,2 scored members; low peer-count confidence,small sector peer group,49.08,49.08,v3_quarterly_quality,100,0,6,0,low,,,,75,50,50,33.33,50,20,5,5,100,Mar-26,2026-03-31,2026-07-25,scraped_at,154,35.56,-2.2,1.14,7.01,50,,1.83,29.04,29,30,0,high,-0.87,-9.81,40.47,38.47,1.22B,2.2K,,,,,,,strong_down,limited data 0/6; weak quality 20 (5/5); -9.81% period return
2026-09-01,VANASPATI & ALLIED INDUSTRIES,SSOM,S.S.Oil Mills Limited,unknown,1,2,low,2 scored members; low peer-count confidence,small sector peer group,50.92,50.92,v3_quarterly_quality,100,0,6,0,low,,,,25,50,50,66.67,50,80,5,5,100,Mar-26,2026-03-31,2026-07-25,scraped_at,154,43.92,19.67,2.14,63.97,150.79,,1.15,18.21,29,30,100,low,-2.16,-1.61,61.5,28.74,2.56B,13.86K,,,,,,,down,limited data 0/6; strong quality 80 (5/5); -1.61% period return
2026-09-01,WOOLLEN,BNWM,Bannu Woollen Mills Limited,unknown,1,1,low,1 scored members; low peer-count confidence,quarterly quality unavailable; volatility history insufficient; small sector peer group,50,50,v3_quarterly_quality,90,6,6,100,complete,,,,50,50,50,50,50,,0,5,0,Mar-26,2026-03-31,2026-07-25,scraped_at,154,11.31,-2.81,2.13,30.26,-208.43,,1.35,21.39,29,30,,unknown,-0.06,-0.12,23.11,34.82,640.82M,5.66K,-7.03,0.19,-0.3,-9.58,-7,0,flat,-0.12% period return; PE -7.03; EPS -9.58; margin -7%
2026-09-02,APPAREL,IMAGE,Image Pakistan Limited,unknown,1,3,low,3 scored members; low peer-count confidence,quarterly quality unavailable; small sector peer group,81.02,81.02,v3_quarterly_quality,90,5,6,83.33,partial,,,,25,83.33,100,83.33,100,,0,5,0,Mar-26,2026-03-31,2026-07-25,scraped_at,155,23.71,17.59,3.38,1.38,18.21,,0.95,15.06,29,30,100,low,0.11,-2.12,23.56,38.26,6.05B,299.88K,7.52,1.25,,3.49,17.93,7.61,down,-2.12% period return; PE 7.52; EPS 3.49; margin 17.93%
2026-09-02,APPAREL,INKL,International Knitwear Limited,unknown,2,3,low,3 scored members; low peer-count confidence,quarterly quality unavailable; small sector peer group,52.31,52.31,v3_quarterly_quality,90,0,6,0,low,,,,75,50,50,33.33,50,,0,5,0,,,,,,,,,,,,2.8,44.37,29,30,0,high,3.39,5.65,29.58,137.17,940.8M,185.87K,,,,,,,strong_up,limited data 0/6; 5.65% period return
2026-09-02,APPAREL,STYLERS,Stylers International Limited,unknown,3,3,low,3 scored members; low peer-count confidence,quarterly quality unavailable; small sector peer group,16.67,16.67,v3_quarterly_quality,90,5,6,83.33,partial,,,,50,16.67,0,33.33,0,,0,5,0,,,,,,,,,,,,1.37,21.73,29,30,50,moderate,-0.92,-0.94,11.82,40.33,24.7B,8.27K,22.19,1.81,,2.28,5.99,2.97,flat,-0.94% period return; PE 22.19; EPS 2.28; margin 5.99%
2026-09-02,AUTOMOBILE ASSEMBLER,AGTL,Al-Ghazi Tractors Limited,unknown,6,7,moderate,7 scored members; moderate peer-count confidence,,32.83,32.83,v3_quarterly_quality,100,6,6,100,complete,,,,25,63.89,41.67,11.11,0,36.67,5,5,100,Mar-26,2026-03-31,2026-07-25,scraped_at,155,18.34,19.3,1.8,-17.24,-30.08,,1.41,22.45,29,30,83.33,low,-1.29,-5.58,41.83,21.67,20.31B,20.49K,7.27,1.7,0.72,48.19,10.51,0,strong_down,-5.58% period return; PE 7.27; EPS 48.19; margin 10.51%
2026-09-02,AUTOMOBILE ASSEMBLER,GAL,Ghandhara Automobiles Limited,unknown,2,7,moderate,7 scored members; moderate peer-count confidence,,63.08,63.08,v3_quarterly_quality,100,6,6,100,complete,,,,75,61.11,75,72.22,33.33,76.67,5,5,100,Mar-26,2026-03-31,2026-07-25,scraped_at,155,4.18,39.42,1.75,187.06,160.65,,2.04,32.42,29,30,16.67,high,-2.38,5.75,5.82,118.55,36.25B,512.92K,5.42,1.89,0,117.24,12.52,1.57,strong_up,strong quality 76.67 (5/5); 5.75% period return; PE 5.42; EPS 117.24
2026-09-02,AUTOMOBILE ASSEMBLER,GHNI,Ghandhara Industries Limited,unknown,5,7,moderate,7 scored members; moderate peer-count confidence,,51.72,51.72,v3_quarterly_quality,100,6,6,100,complete,,,,66.67,50,66.67,55.56,16.67,70,5,5,100,Mar-26,2026-03-31,2026-07-25,scraped_at,155,0.22,43.96,1.5,118.4,102.87,,1.8,28.61,29,30,50,moderate,-1.64,4.48,7.38,116.56,54.44B,124.21K,7.87,2.96,0.03,162.33,11.84,0.78,up,strong quality 70 (5/5); 4.48% period return; PE 7.87; EPS 162.33
2026-09-02,AUTOMOBILE ASSEMBLER,HCAR,Honda Atlas Cars (Pakistan) Limited,unknown,4,7,moderate,7 scored members; moderate peer-count confidence,,52.9,52.9,v3_quarterly_quality,100,6,6,100,complete,,,,54.17,55.56,25,55.56,83.33,36.67,5,5,100,Mar-26,2026-03-31,2026-07-25,scraped_at,155,24.82,13.34,1.5,56.64,19.34,,2.56,40.71,29,30,0,high,-0.26,-3.58,36.83,57.57,33.19B,1.03M,6.79,1.25,32.55,34.25,3.68,3.87,down,-3.58% period return; PE 6.79; EPS 34.25; margin 3.68%
2026-09-02,AUTOMOBILE ASSEMBLER,HINO,Hinopak Motors Limited,unknown,7,7,moderate,7 scored members; moderate peer-count confidence,,29.21,29.21,v3_quarterly_quality,100,6,6,100,complete,,,,37.5,36.11,0,5.56,50,40,5,5,100,Mar-26,2026-03-31,2026-07-25,scraped_at,155,36.06,9.11,1.51,6.42,234.57,,1.58,25.16,29,30,66.67,moderate,0.74,-11.85,65.25,29.4,8.49B,4.32K,25.42,1.35,9.26,13.47,3.24,3.19,strong_down,-11.85% period return; PE 25.42; EPS 13.47; margin 3.24%
2026-09-02,AUTOMOBILE ASSEMBLER,MTL,Millat Tractors Limited,unknown,3,7,moderate,7 scored members; moderate peer-count confidence,,54.47,54.47,v3_quarterly_quality,100,6,6,100,complete,,,,41.67,22.22,58.33,83.33,100,26.67,5,5,100,Mar-26,2026-03-31,2026-07-25,scraped_at,155,155.6,80.74,1.11,-9.24,3.31,,1.08,17.2,29,30,100,low,0.99,0.65,110.95,8.23,120.49B,142.69K,16.33,15.58,0.94,18.49,12.64,5.8,flat,weak quality 26.67 (5/5); 0.65% period return; PE 16.33; EPS 18.49
2026-09-02,AUTOMOBILE ASSEMBLER,SAZEW,Sazgar Engineering Works Limited,unknown,1,7,moderate,7 scored members; moderate peer-count confidence,,66.33,66.33,v3_quarterly_quality,100,6,6,100,complete,,,,50,61.11,83.33,72.22,66.67,63.33,5,5,100,Mar-26,2026-03-31,2026-07-25,scraped_at,155,3.24,63.19,1.59,36.34,12.35,,1.9,30.23,29,30,33.33,moderate,0.34,-4.16,32.9,23.11,113.11B,160.52K,4.79,2.63,0,390.51,12.31,3.74,down,-4.16% period return; PE 4.79; EPS 390.51; margin 12.31%
2026-09-02,AUTOMOBILE PARTS & ACCESSORIES,AGIL,Agriauto Industries Limited,unknown,1,8,moderate,8 scored members; moderate peer-count confidence,,72.08,72.08,v3_quarterly_quality,100,6,6,100,complete,,,,67.86,61.11,83.33,76.19,66.67,90,5,5,100,Mar-26,2026-03-31,2026-07-25,scraped_at,155,21.59,13.94,1.8,57.36,2242.11,,2.37,37.66,29,30,14.29,high,-4.04,7.31,20.66,35.4,5.91B,277.41K,6.63,0.88,0.53,24.75,5.37,1.07,strong_up,strong quality 90 (5/5); 7.31% period return; PE 6.63; EPS 24.75
2026-09-02,AUTOMOBILE PARTS & ACCESSORIES,ATBA,Atlas Battery Limited,unknown,8,8,moderate,8 scored members; moderate peer-count confidence,,30.31,30.31,v3_quarterly_quality,100,6,6,100,complete,,,,32.14,38.89,8.33,47.62,33.33,26.67,5,5,100,Mar-26,2026-03-31,2026-07-25,scraped_at,155,111.04,0.97,1.41,-5.22,-87.29,,1.6,25.39,29,30,57.14,moderate,-0.36,-11.3,61.7,6.11,6.28B,16.58K,-16.93,0.83,1.64,-10.59,-1.06,0,strong_down,weak quality 26.67 (5/5); -11.3% period return; PE -16.93; EPS -10.59
2026-09-02,AUTOMOBILE PARTS & ACCESSORIES,BWHL,Baluchistan Wheels Limited,unknown,2,8,moderate,8 scored members; moderate peer-count confidence,,71.88,71.88,v3_quarterly_quality,100,6,6,100,complete,,,,71.43,50,83.33,33.33,100,86.67,5,5,100,Mar-26,2026-03-31,2026-07-25,scraped_at,155,0.52,16.44,5.6,14.6,29.04,,1.64,26.04,29,30,42.86,moderate,-0.52,-3.72,13.72,34.9,3.02B,14.35K,9.68,1.26,0.07,23.44,10.72,8.82,down,strong quality 86.67 (5/5); -3.72% period return; PE 9.68; EPS 23.44
2026-09-02,AUTOMOBILE PARTS & ACCESSORIES,EXIDE,Exide Pakistan Limited,unknown,5,8,moderate,8 scored members; moderate peer-count confidence,,51.8,51.8,v3_quarterly_quality,100,5,6,83.33,partial,,,,50,58.33,66.67,23.81,50,40,5,5,100,Mar-26,2026-03-31,2026-07-25,scraped_at,155,79.02,6.07,1.59,-17.83,-29.64,,1.07,16.99,29,30,85.71,low,-0.83,-3.39,58.13,29.08,3.66B,6.39K,10.91,0.48,,43.18,1.88,1.06,down,-3.39% period return; PE 10.91; EPS 43.18; margin 1.88%
2026-09-02,AUTOMOBILE PARTS & ACCESSORIES,GTYR,Ghandhara Tyre & Rubber Company Limited,unknown,7,8,moderate,8 scored members; moderate peer-count confidence,,35.24,35.24,v3_quarterly_quality,100,6,6,100,complete,,,,28.57,66.67,8.33,42.86,33.33,16.67,5,5,100,Mar-26,2026-03-31,2026-07-25,scraped_at,155,77.29,-11.68,0.94,-17.46,-922.34,,2.85,45.27,29,30,0,high,-1.74,-13.41,66.26,29.69,3.52B,220.99K,-3.5,0.61,0.38,-8.26,-5.97,0,strong_down,weak quality 16.67 (5/5); -13.41% period return; PE -3.5; EPS -8.26
2026-09-02,AUTOMOBILE PARTS & ACCESSORIES,LOADS,Loads Limited,unknown,6,8,moderate,8 scored members; moderate peer-count confidence,,39.43,39.43,v3_quarterly_quality,100,6,6,100,complete,,,,32.14,27.78,50,66.67,33.33,43.33,5,5,100,Mar-26,2026-03-31,2026-07-25,scraped_at,155,48.84,5.85,0.79,26.53,-67.71,,1.47,23.3,29,30,71.43,low,-0.77,-5.56,75.19,18.02,4.79B,835.14K,12.09,0.92,-0.01,1.07,4.28,0,strong_down,-5.56% period return; PE 12.09; EPS 1.07; margin 4.28%
2026-09-02,AUTOMOBILE PARTS & ACCESSORIES,PTL,Panther Tyres Ltd.,unknown,4,8,moderate,8 scored members; moderate peer-count confidence,,55.28,55.28,v3_quarterly_quality,100,5,6,83.33,partial,,,,42.86,47.22,50,57.14,83.33,46.67,5,5,100,Mar-26,2026-03-31,2026-07-25,scraped_at,155,151.8,13.5,1.01,10.89,422.71,,1.7,27.04,29,30,28.57,high,-2.59,-1.66,23.19,15.26,8.98B,130.97K,8.36,1.11,,6.4,3.09,7.48,down,-1.66% period return; PE 8.36; EPS 6.4; margin 3.09%
2026-09-02,AUTOMOBILE PARTS & ACCESSORIES,SLM,Service Long March Tyres Limited,unknown,3,8,moderate,8 scored members; moderate peer-count confidence,quarterly quality unavailable,56.02,56.02,v3_quarterly_quality,90,0,6,0,low,,,,75,50,50,66.67,50,,0,5,0,,,,,,,,,,,,1.01,16.06,29,30,100,low,-0.21,-1.52,9.6,9.11,186.68B,1.98M,,,,,,,down,limited data 0/6; -1.52% period return
2026-09-02,CABLE & ELECTRICAL GOODS,EMCO,Emco Industries Limited,unknown,5,5,moderate,5 scored members; moderate peer-count confidence,,41.31,41.31,v3_quarterly_quality,100,0,6,0,low,,,,18.75,50,50,25,50,35,5,5,100,Mar-26,2026-03-31,2026-07-25,scraped_at,155,58.93,2.86,1.42,13.22,272,,2.52,40.07,29,30,25,high,-4.94,-19.52,95.51,31.67,1.44B,66.6K,,,,,,,strong_down,limited data 0/6; -19.52% period return
2026-09-02,CABLE & ELECTRICAL GOODS,FCL,Fast Cables Limited,unknown,4,5,moderate,5 scored members; moderate peer-count confidence,,53.12,53.12,v3_quarterly_quality,100,0,6,0,low,,,,87.5,50,50,50,50,25,5,5,100,Mar-26,2026-03-31,2026-07-25,scraped_at,155,91.28,9.32,1.32,-3.31,-18.54,,2.54,40.31,29,30,0,high,-0.59,13.06,10.84,36.59,17.3B,3.4M,,,,,,,strong_up,limited data 0/6; weak quality 25 (5/5); 13.06% period return
2026-09-02,CABLE & ELECTRICAL GOODS,PAEL,Pak Elektron Limited,unknown,1,5,moderate,5 scored members; moderate peer-count confidence,,68.96,68.96,v3_quarterly_quality,100,6,6,100,complete,,,,37.5,66.67,50,91.67,100,75,5,5,100,Mar-26,2026-03-31,2026-07-25,scraped_at,155,40.64,8.35,2.04,26.26,57.33,,1.91,30.39,29,30,75,low,-0.68,-10.65,70.04,18.68,35.09B,6.41M,8.57,0.67,0.3,4.43,5.83,0,strong_down,strong quality 75 (5/5); -10.65% period return; PE 8.57; EPS 4.43
2026-09-02,CABLE & ELECTRICAL GOODS,SIEM,Siemens (Pakistan) Engineering,unknown,3,5,moderate,5 scored members; moderate peer-count confidence,,55.52,55.52,v3_quarterly_quality,100,6,6,100,complete,,,,81.25,16.67,50,16.67,100,75,5,5,100,Mar-26,2026-03-31,2026-07-25,scraped_at,155,6.99,4.18,1.84,745.62,146.67,,1.68,26.72,29,30,100,low,2.66,7.33,6.93,21.89,13.42B,871.8,357.45,2.18,-17.79,4.55,0.48,0,strong_up,strong quality 75 (5/5); 7.33% period return; PE 357.45; EPS 4.55
2026-09-02,CABLE & ELECTRICAL GOODS,WAVES,Waves Corporation Limited,unknown,2,5,moderate,5 scored members; moderate peer-count confidence,,61.08,61.08,v3_quarterly_quality,100,6,6,100,complete,,,,25,66.67,50,66.67,100,40,5,5,100,Mar-26,2026-03-31,2026-07-25,scraped_at,155,57.46,3.98,1.88,17.59,-55.67,,2.44,38.76,29,30,50,moderate,-1.71,-9.43,72.96,8.77,2.76B,5.11M,9.76,0.28,-2.04,1,5.91,0,strong_down,-9.43% period return; PE 9.76; EPS 1; margin 5.91%
2026-09-02,CEMENT,ACPL,Attock Cement Pakistan Limited,unknown,14,16,high,16 scored members; high peer-count confidence,,37.37,37.37,v3_quarterly_quality,100,6,6,100,complete,,,,45,19.44,50,22.22,50,35.38,5,5,100,Mar-26,2026-03-31,2026-07-25,scraped_at,155,53.86,12.58,0.79,40.26,8.39,,1.16,18.43,29,30,100,low,-0.83,-0.81,40.08,13.18,31.89B,47.17K,11.06,1.34,0.8,20.97,6.74,0.43,flat,-0.81% period return; PE 11.06; EPS 20.97; margin 6.74%
2026-09-02,CEMENT,CHCC,Cherat Cement Company Limited,unknown,6,16,high,16 scored members; high peer-count confidence,,59.55,59.55,v3_quarterly_quality,100,6,6,100,complete,,,,46.67,34.31,89.29,64.44,71.43,53.85,5,5,100,Mar-26,2026-03-31,2026-07-25,scraped_at,155,13.51,20.62,2.58,-0.65,-4.23,,2.34,37.08,29,30,53.33,moderate,-0.79,-9.44,30.82,32.5,57.92B,195.54K,7.98,1.47,0.68,37.34,19.88,1.84,strong_down,-9.44% period return; PE 7.98; EPS 37.34; margin 19.88%
2026-09-02,CEMENT,DCL,Dewan Cement Limited,unknown,13,16,high,16 scored members; high peer-count confidence,,43.29,43.29,v3_quarterly_quality,100,6,6,100,complete,,,,26.67,83.33,0,51.11,42.86,47.69,5,5,100,Mar-26,2026-03-31,2026-07-25,scraped_at,155,9.74,-4.7,0.64,13.61,381.93,,1.47,23.31,29,30,86.67,low,-2.5,-11.58,66.94,47.81,5.32B,1.15M,-4.12,0.22,0.04,-2.37,-4.8,0,strong_down,-11.58% period return; PE -4.12; EPS -2.37; margin -4.8%
2026-09-02,CEMENT,DGKC,D.G. Khan Cement Company Limited,unknown,2,16,high,16 scored members; high peer-count confidence,,64.21,64.21,v3_quarterly_quality,100,6,6,100,complete,,,,53.33,71.76,64.29,84.44,57.14,55.38,5,5,100,Mar-26,2026-03-31,2026-07-25,scraped_at,155,22.26,11.39,1.9,8.28,193.13,,2.57,40.73,29,30,33.33,moderate,-1.42,-6.18,36.18,39.55,88.71B,3.28M,7.51,0.72,0.26,26.98,13.49,0.49,strong_down,-6.18% period return; PE 7.51; EPS 26.98; margin 13.49%
2026-09-02,CEMENT,DNCC,Dandot Cement Company Limited,unknown,16,16,high,16 scored members; high peer-count confidence,quarterly quality unavailable,29.24,29.24,v3_quarterly_quality,90,6,6,100,complete,,,,30,35.71,7.14,28.89,42.86,,0,5,0,,,,,,,,,,,,2.53,40.14,29,30,40,moderate,-0.06,-7.46,75.44,14.29,5.06B,118.15K,-40.71,2.44,-0.28,-0.39,-1.76,0,strong_down,-7.46% period return; PE -40.71; EPS -0.39; margin -1.76%
2026-09-02,CEMENT,FCCL,Fauji Cement Company Limited,unknown,5,16,high,16 scored members; high peer-count confidence,,60.07,60.07,v3_quarterly_quality,100,6,6,100,complete,,,,61.67,51.04,46.43,84.44,78.57,46.15,5,5,100,Mar-26,2026-03-31,2026-07-25,scraped_at,155,34.61,16.83,1.32,4.34,38.78,,2.33,36.96,29,30,60,moderate,-1.42,-4.69,17.94,46.94,130.69B,3.59M,8.89,1.42,0.08,5.99,16.04,2.82,down,-4.69% period return; PE 8.89; EPS 5.99; margin 16.04%
2026-09-02,CEMENT,FECTC,Fecto Cement Limited,unknown,4,16,high,16 scored members; high peer-count confidence,,60.25,60.25,v3_quarterly_quality,100,6,6,100,complete,,,,38.33,79.4,39.29,22.22,92.86,60,5,5,100,Mar-26,2026-03-31,2026-07-25,scraped_at,155,25.14,16.34,1.75,15.83,31.29,,3.32,52.66,29,30,6.67,high,-1.93,-3.36,88.31,44.38,5.21B,73.11K,7.86,1.02,0.07,13.22,5.31,3.85,down,-3.36% period return; PE 7.86; EPS 13.22; margin 5.31%
2026-09-02,CEMENT,FLYNG,Flying Cement Company Limited,unknown,15,16,high,16 scored members; high peer-count confidence,,30.78,30.78,v3_quarterly_quality,100,6,6,100,complete,,,,31.67,27.84,17.86,20,42.86,49.23,5,5,100,Mar-26,2026-03-31,2026-07-25,scraped_at,155,39.24,7.14,0.31,93.28,1051.28,,1.97,31.2,29,30,66.67,moderate,-0.44,-7.33,49.44,7.42,28.36B,41.47K,31.6,2.2,0.12,1.29,5.99,0,strong_down,-7.33% period return; PE 31.6; EPS 1.29; margin 5.99%
2026-09-02,CEMENT,GWLC,Gharibwal Cement Limited,unknown,7,16,high,16 scored members; high peer-count confidence,,59.26,59.26,v3_quarterly_quality,100,6,6,100,complete,,,,66.67,61.48,39.29,28.89,85.71,60,5,5,100,Mar-26,2026-03-31,2026-07-25,scraped_at,155,3.02,10.17,2.43,9.68,53.9,,2.52,40.04,29,30,46.67,moderate,0.75,4.52,48.5,35.48,21.01B,319.98K,7.78,0.77,0.53,6.74,12.64,2.86,up,4.52% period return; PE 7.78; EPS 6.74; margin 12.64%
2026-09-02,CEMENT,KOHC,Kohat Cement Company Limited,unknown,11,16,high,16 scored members; high peer-count confidence,,48,48,v3_quarterly_quality,100,6,6,100,complete,,,,38.33,31.5,75,51.11,42.86,56.92,5,5,100,Mar-26,2026-03-31,2026-07-25,scraped_at,155,9.07,18.8,3.34,0.34,-15.84,,2.59,41.19,29,30,26.67,high,-0.95,-6.59,38.18,23.81,84.23B,280.99K,8.62,1.52,0.3,10.62,25.96,0,strong_down,-6.59% period return; PE 8.62; EPS 10.62; margin 25.96%
2026-09-02,CEMENT,LUCK,Lucky Cement Limited,unknown,1,16,high,16 scored members; high peer-count confidence,,68.47,68.47,v3_quarterly_quality,100,6,6,100,complete,,,,58.33,65.75,89.29,73.33,64.29,52.31,5,5,100,Mar-26,2026-03-31,2026-07-25,scraped_at,155,47.39,21.57,1.81,12.95,12.54,,1.53,24.26,29,30,80,low,-0.75,-4.68,23.69,26.27,627.12B,1.21M,7.04,1.46,0.14,60.78,17.24,1.17,down,-4.68% period return; PE 7.04; EPS 60.78; margin 17.24%
2026-09-02,CEMENT,MLCF,Maple Leaf Cement Factory Limited,unknown,8,16,high,16 scored members; high peer-count confidence,,57.23,57.23,v3_quarterly_quality,100,6,6,100,complete,,,,70,53.88,57.14,91.11,42.86,41.54,5,5,100,Mar-26,2026-03-31,2026-07-25,scraped_at,155,42.57,14.75,1.51,10.63,22.41,,2.63,41.7,29,30,20,high,-0.57,-0.01,36.48,37.24,102.07B,8.25M,8.59,1.23,0.22,11.34,13.96,0,flat,-0.01% period return; PE 8.59; EPS 11.34; margin 13.96%
2026-09-02,CEMENT,PIOC,Pioneer Cement Limited,unknown,3,16,high,16 scored members; high peer-count confidence,,61.37,61.37,v3_quarterly_quality,100,6,6,100,complete,,,,30,50.52,78.57,42.22,100,43.08,5,5,100,Mar-26,2026-03-31,2026-07-25,scraped_at,155,15.05,11.35,1.02,13.71,8.44,,1.87,29.69,29,30,73.33,low,-0.98,-6.43,67.36,27.71,58.02B,203.05K,8.8,1.17,0.24,29.03,17.09,3.91,strong_down,-6.43% period return; PE 8.8; EPS 29.03; margin 17.09%
2026-09-02,CEMENT,POWER,Power Cement Limited,unknown,12,16,high,16 scored members; high peer-count confidence,,46.93,46.93,v3_quarterly_quality,100,6,6,100,complete,,,,76.67,47.71,28.57,64.44,42.86,27.69,5,5,100,Mar-26,2026-03-31,2026-07-25,scraped_at,155,72.89,12.51,0.88,25.81,-356.85,,2.67,42.42,29,30,13.33,high,-1.69,6.3,10.53,50.37,28.55B,1.99M,9.87,1.21,0.16,2.24,8.78,0,strong_up,weak quality 27.69 (5/5); 6.3% period return; PE 9.87; EPS 2.24
2026-09-02,CEMENT,SMCPL,Safe Mix Concrete Limited,unknown,10,16,high,16 scored members; high peer-count confidence,quarterly quality unavailable,48.36,48.36,v3_quarterly_quality,90,0,6,0,low,,,,61.67,50,50,17.78,50,,0,5,0,,,,,,,,,,,,1.25,19.86,29,30,93.33,low,0.25,-3.95,42.82,35.77,1B,13.3K,,,,,,,down,limited data 0/6; -3.95% period return
2026-09-02,CEMENT,THCCL,Thatta Cement Company Limited,unknown,9,16,high,16 scored members; high peer-count confidence,,55.38,55.38,v3_quarterly_quality,100,6,6,100,complete,,,,65,36.32,67.86,73.33,42.86,70.77,5,5,100,Mar-26,2026-03-31,2026-07-25,scraped_at,155,39.37,34.04,1.6,47.62,55.01,,3.48,55.17,29,30,0,high,-2.15,13.42,39.19,67.7,37.08B,5.92M,10.27,3.64,0.06,7.24,24.4,0,strong_up,strong quality 70.77 (5/5); 13.42% period return; PE 10.27; EPS 7.24
2026-09-02,CHEMICAL,ARPL,Archroma Pakistan Limited,unknown,7,20,high,20 scored members; high peer-count confidence,,54.06,54.06,v3_quarterly_quality,100,6,6,100,complete,,,,59.21,23.81,63.33,36.84,86.67,55.38,5,5,100,Mar-26,2026-03-31,2026-07-25,scraped_at,155,79.26,28.64,1.21,10.6,511.57,,1.57,24.88,29,30,57.89,moderate,0.48,0.8,14.34,31.86,14.81B,5.16K,9.22,2.74,64.29,46.47,5.66,7,flat,0.8% period return; PE 9.22; EPS 46.47; margin 5.66%
2026-09-02,CHEMICAL,BERG,Berger Paints Pakistan Limited,unknown,13,20,high,20 scored members; high peer-count confidence,,49.52,49.52,v3_quarterly_quality,100,5,6,83.33,partial,,,,63.16,50,36.67,63.16,53.33,32.31,5,5,100,Mar-26,2026-03-31,2026-07-25,scraped_at,155,41.36,8.09,1.43,1.37,2.01,,5.75,91.28,29,30,0,high,-7.82,47.1,11.11,94.28,3.85B,1.87M,12.59,1.01,,12.44,3.37,3.19,strong_up,47.1% period return; PE 12.59; EPS 12.44; margin 3.37%
2026-09-02,CHEMICAL,BIFO,Biafo Industries Limited,unknown,6,20,high,20 scored members; high peer-count confidence,,55.15,55.15,v3_quarterly_quality,100,6,6,100,complete,,,,38.16,35.71,60,52.63,80,72.31,5,5,100,Mar-26,2026-03-31,2026-07-25,scraped_at,155,15.55,13.32,2.17,36.64,152.6,,1.97,31.27,29,30,26.32,high,0.12,-10.89,62.2,53.16,5.62B,77.25K,12.87,1.72,0.59,9.41,12.78,6.19,strong_down,strong quality 72.31 (5/5); -10.89% period return; PE 12.87; EPS 9.41
2026-09-02,CHEMICAL,BUXL,Buxly Paints Limited,unknown,19,20,high,20 scored members; high peer-count confidence,quarterly quality unavailable,37.62,37.62,v3_quarterly_quality,90,6,6,100,complete,,,,97.37,30,0,50.88,33.33,,0,5,0,,,,,,,,,,,,5.7,90.49,29,30,5.26,high,10,442.4,0,666.39,1.47B,115.89K,-59.53,9,0.6,-17.12,-4.42,0,strong_up,442.4% period return; PE -59.53; EPS -17.12; margin -4.42%
2026-09-02,CHEMICAL,DAAG,Data Agro Limited,unknown,12,20,high,20 scored members; high peer-count confidence,quarterly quality unavailable,51.27,51.27,v3_quarterly_quality,90,0,6,0,low,,,,81.58,50,50,14.04,50,,0,5,0,,,,,,,,,,,,4.47,71.02,29,30,10.53,high,0,44.12,9.01,112.13,441.24M,53.71K,,,,,,,strong_up,limited data 0/6; 44.12% period return
2026-09-02,CHEMICAL,DOL,Descon Oxychem Limited,unknown,10,20,high,20 scored members; high peer-count confidence,,52.53,52.53,v3_quarterly_quality,100,6,6,100,complete,,,,43.42,40.48,43.33,45.61,93.33,40,5,5,100,Mar-26,2026-03-31,2026-07-25,scraped_at,155,3.58,11.18,1.76,-16.51,-53.87,,1.11,17.58,29,30,78.95,low,0,-0.53,36.67,18.3,5.25B,75.67K,11.78,1.75,-3.92,2.55,8.79,13.33,flat,-0.53% period return; PE 11.78; EPS 2.55; margin 8.79%
2026-09-02,CHEMICAL,DYNO,Dynea Pakistan Limited,unknown,1,20,high,20 scored members; high peer-count confidence,,66.77,66.77,v3_quarterly_quality,100,6,6,100,complete,,,,65.79,62.38,73.33,56.14,66.67,76.92,5,5,100,Mar-26,2026-03-31,2026-07-25,scraped_at,155,4.09,20.19,3.37,16.19,28.68,,0.82,12.98,29,30,100,low,-0.24,2.69,5.08,37.3,6.59B,5.21K,6.33,1.21,0.69,55.14,7.33,4.65,up,strong quality 76.92 (5/5); 2.69% period return; PE 6.33; EPS 55.14
2026-09-02,CHEMICAL,EPCL,Engro Polymer & Chemicals Limited,unknown,20,20,high,20 scored members; high peer-count confidence,,34.92,34.92,v3_quarterly_quality,100,6,6,100,complete,,,,52.63,35.71,6.67,70.18,33.33,30.77,5,5,100,Mar-26,2026-03-31,2026-07-25,scraped_at,155,209.99,-11.37,1.11,6.92,3080,,1.53,24.29,29,30,63.16,moderate,-0.45,1.38,11.33,30.77,32.1B,2.03M,33.45,1.46,-2.99,1.06,1.2,0,up,1.38% period return; PE 33.45; EPS 1.06; margin 1.2%
2026-09-02,CHEMICAL,GCIL,Ghani Chemical Industries Limited,unknown,9,20,high,20 scored members; high peer-count confidence,quarterly quality unavailable,52.96,52.96,v3_quarterly_quality,90,4,6,66.67,partial,,,,30.26,59.52,66.67,82.46,33.33,,0,5,0,,,,,,,,,,,,1.87,29.73,29,30,47.37,moderate,-2.54,-8.34,19.1,36.63,19.45B,2.11M,6.47,,,5.27,33.37,0,strong_down,-8.34% period return; PE 6.47; EPS 5.27; margin 33.37%
2026-09-02,CHEMICAL,GCWL,Ghani Chemworld Limited,unknown,16,20,high,20 scored members; high peer-count confidence,quarterly quality unavailable,44.52,44.52,v3_quarterly_quality,90,0,6,0,low,,,,11.84,50,50,57.89,50,,0,5,0,,,,,,,,,,,,1.07,17.06,29,30,84.21,low,-2.43,-5.21,64.7,6.04,3.82B,452.66K,,,,,,,strong_down,limited data 0/6; -5.21% period return
2026-09-02,CHEMICAL,GGL,Ghani Global Holdings Limited,unknown,2,20,high,20 scored members; high peer-count confidence,,63.46,63.46,v3_quarterly_quality,100,6,6,100,complete,,,,34.21,95.24,70,75.44,33.33,63.08,5,5,100,Mar-26,2026-03-31,2026-07-25,scraped_at,155,41.91,29.51,1.41,10.62,191.02,,1.96,31.1,29,30,36.84,moderate,-1.35,-8.49,43.16,55.11,7.74B,518.14K,2.24,0.96,0.04,9.78,31.53,0,strong_down,-8.49% period return; PE 2.24; EPS 9.78; margin 31.53%
2026-09-02,CHEMICAL,ICL,Ittehad Chemicals Limted,unknown,8,20,high,20 scored members; high peer-count confidence,,53.44,53.44,v3_quarterly_quality,100,6,6,100,complete,,,,57.89,63.81,46.67,61.4,46.67,40,5,5,100,Mar-26,2026-03-31,2026-07-25,scraped_at,155,49.29,13.39,1.15,18.11,6.66,,1.24,19.71,29,30,73.68,low,0.66,-0.74,30.5,45.02,13.49B,46.12K,9.82,1.23,0.37,13.74,4.34,2.22,flat,-0.74% period return; PE 9.82; EPS 13.74; margin 4.34%
2026-09-02,CHEMICAL,LCI,Lucky Core Industries Limited,unknown,11,20,high,20 scored members; high peer-count confidence,,52.49,52.49,v3_quarterly_quality,100,6,6,100,complete,,,,23.68,53.33,63.33,47.37,73.33,35.38,5,5,100,Mar-26,2026-03-31,2026-07-25,scraped_at,155,40.75,16.7,1.51,-6.84,-23.96,,0.87,13.74,29,30,94.74,low,-0.39,-4.46,66.87,8.44,100.74B,66.9K,10.33,1.7,0.5,21.11,8.6,4.81,down,-4.46% period return; PE 10.33; EPS 21.11; margin 8.6%
2026-09-02,CHEMICAL,LOTCHEM,Lotte Chemical Pakistan Limited,unknown,4,20,high,20 scored members; high peer-count confidence,,59.75,59.75,v3_quarterly_quality,100,6,6,100,complete,,,,44.74,47.62,33.33,75.44,100,69.23,5,5,100,Jun-26,2026-06-30,2026-07-25,scraped_at,64,12.77,22.2,1.79,0.4,284.98,,1.97,31.23,29,30,31.58,high,-2.33,-1.58,27.7,45.9,40.67B,7.19M,8.67,2.01,-6.44,3.1,5.49,24.2,down,-1.58% period return; PE 8.67; EPS 3.1; margin 5.49%
2026-09-02,CHEMICAL,LPGL,Leiner Pak Gelatine Limited,unknown,15,20,high,20 scored members; high peer-count confidence,quarterly quality unavailable,44.59,44.59,v3_quarterly_quality,90,0,6,0,low,,,,36.84,50,50,21.05,50,,0,5,0,,,,,,,,,,,,1.93,30.68,29,30,42.11,moderate,-4.74,-1.98,28.79,45.12,685.8M,7.86K,,,,,,,down,limited data 0/6; -1.98% period return
2026-09-02,CHEMICAL,NRSL,Nimir Resins Limited,unknown,18,20,high,20 scored members; high peer-count confidence,,37.71,37.71,v3_quarterly_quality,100,6,6,100,complete,,,,93.42,15.24,13.33,57.89,33.33,47.69,5,5,100,Mar-26,2026-03-31,2026-07-25,scraped_at,155,66.14,8.38,1.71,27.35,13.03,,3.54,56.13,29,30,15.79,high,10.55,33.76,0,124.85,6.55B,1.21M,22.13,1.8,1.79,2.09,2.61,0,strong_up,33.76% period return; PE 22.13; EPS 2.09; margin 2.61%
2026-09-02,CHEMICAL,PAKOXY,Pakistan Oxygen Limited,unknown,5,20,high,20 scored members; high peer-count confidence,,56.82,56.82,v3_quarterly_quality,100,6,6,100,complete,,,,77.63,44.29,80,54.39,33.33,60,5,5,100,Mar-26,2026-03-31,2026-07-25,scraped_at,155,37.86,17.39,1.28,18.56,112.88,,1.61,25.63,29,30,52.63,moderate,0.56,18,5.87,49.33,29.35B,69.78K,11.98,2.19,0.14,28.11,17.05,0,strong_up,18% period return; PE 11.98; EPS 28.11; margin 17.05%
2026-09-02,CHEMICAL,SARC,Sardar Chemical Industries Limited,unknown,14,20,high,20 scored members; high peer-count confidence,quarterly quality unavailable,47.17,47.17,v3_quarterly_quality,90,0,6,0,low,,,,39.47,50,50,40.35,50,,0,5,0,,,,,,,,,,,,3.16,50.1,29,30,21.05,high,-1.01,-10.02,33.7,92.78,539.94M,11.74K,,,,,,,strong_down,limited data 0/6; -10.02% period return
2026-09-02,CHEMICAL,SITC,Sitara Chemical Industries Limited,unknown,17,20,high,20 scored members; high peer-count confidence,,44.51,44.51,v3_quarterly_quality,100,6,6,100,complete,,,,25,54.29,63.33,42.11,40,23.08,5,5,100,Mar-26,2026-03-31,2026-07-25,scraped_at,155,97.96,7.22,0.78,1.79,118.56,,1.33,21.1,29,30,68.42,low,-0.63,-7.08,41.28,10.01,16.08B,1.81K,11.48,0.81,0.7,65.36,4.3,1.47,strong_down,weak quality 23.08 (5/5); -7.08% period return; PE 11.48; EPS 65.36
2026-09-02,CHEMICAL,WAHN,Wah Noble Chemicals Limited,unknown,3,20,high,20 scored members; high peer-count confidence,,61.71,61.71,v3_quarterly_quality,100,6,6,100,complete,,,,23.68,88.57,80,26.32,60,53.85,5,5,100,Mar-26,2026-03-31,2026-07-25,scraped_at,155,8.93,16.76,3.2,0.2,-0.43,,1,15.8,29,30,89.47,low,-2.09,-4.89,59.25,21.28,2.46B,1.46K,5.28,0.85,0.33,51.77,9.43,3.66,down,-4.89% period return; PE 5.28; EPS 51.77; margin 9.43%
2026-09-02,COMMERCIAL BANKS,BIPL,BankIslami Pakistan Limited,unknown,3,3,low,3 scored members; low peer-count confidence,small sector peer group,45.63,45.63,v3_quarterly_quality,100,5,6,83.33,partial,,,,37.5,66.67,0,33.33,100,0,3,5,60,Mar-26,2026-03-31,2026-07-25,scraped_at,155,,8.97,,-17.62,-61.81,,1.51,24.03,29,30,0,high,-0.08,-3.69,69.1,10.51,28.91B,700.33K,7.98,0.6,,3.27,4.69,10.54,down,weak quality 0 (3/5); -3.69% period return; PE 7.98; EPS 3.27
2026-09-02,COMMERCIAL BANKS,FABL,Faysal Bank Limited,unknown,1,3,low,3 scored members; low peer-count confidence,small sector peer group,55.63,55.63,v3_quarterly_quality,100,5,6,83.33,partial,,,,37.5,66.67,50,50,50,83.33,3,5,60,Mar-26,2026-03-31,2026-07-25,scraped_at,155,,19.32,,5.31,0.24,,0.97,15.46,29,30,100,low,-1.3,-6.44,12.51,24.78,142.98B,399.95K,6.27,1.21,,15.03,11.28,6.9,strong_down,strong quality 83.33 (3/5); -6.44% period return; PE 6.27; EPS 15.03
2026-09-02,COMMERCIAL BANKS,MEBL,Meezan Bank Limited,unknown,2,3,low,3 scored members; low peer-count confidence,small sector peer group,48.75,48.75,v3_quarterly_quality,100,5,6,83.33,partial,,,,75,16.67,100,66.67,0,66.67,3,5,60,Mar-26,2026-03-31,2026-07-25,scraped_at,155,,32.66,,-7.48,-8.8,,1.45,23.04,29,30,50,moderate,-1.45,-1.13,7.51,45.22,1.02T,693.89K,10.98,3.46,,51.25,19.32,5.24,down,-1.13% period return; PE 10.98; EPS 51.25; margin 19.32%
2026-09-02,ENGINEERING,ASL,Aisha Steel Mills Limited,unknown,5,11,moderate,11 scored members; moderate peer-count confidence,,51.02,51.02,v3_quarterly_quality,100,6,6,100,complete,,,,90,40,37.5,63.33,50,36.83,5,5,100,Mar-26,2026-03-31,2026-07-25,scraped_at,155,55.55,0.52,1.17,40.49,-107.59,,2.41,38.25,29,30,40,moderate,4.43,7.34,9.44,71.8,13.61B,2.2M,14.77,1.22,-1.06,0.99,1.81,0,strong_up,7.34% period return; PE 14.77; EPS 0.99; margin 1.81%
2026-09-02,ENGINEERING,BCL,Bolan Castings Limited,unknown,10,11,moderate,11 scored members; moderate peer-count confidence,,38.52,38.52,v3_quarterly_quality,100,6,6,100,complete,,,,62.5,20.83,25,50,50,39.37,5,5,100,Mar-26,2026-03-31,2026-07-25,scraped_at,155,36.14,-4.49,1.39,-37.29,-84.09,,2.87,45.56,29,30,20,high,-4.41,13.3,34.9,46.75,943.16M,335.28K,-60.64,2.96,4.88,-1.36,-1.1,0,strong_up,13.3% period return; PE -60.64; EPS -1.36; margin -1.1%
2026-09-02,ENGINEERING,BECO,Beco Steel Limited,unknown,9,11,moderate,11 scored members; moderate peer-count confidence,,45.01,45.01,v3_quarterly_quality,100,0,6,0,low,,,,7.5,50,50,66.67,50,47.22,4,5,80,Mar-26,2026-03-31,2026-07-25,scraped_at,155,,15.8,1.03,39.01,-12475,,2.29,36.4,29,30,50,moderate,-1.52,-14.34,1521.15,16.41,5.67B,4.92M,,,,,,,strong_down,limited data 0/6; -14.34% period return
2026-09-02,ENGINEERING,CSAP,Crescent Steel & Allied Products Limited,unknown,1,11,moderate,11 scored members; moderate peer-count confidence,,77.42,77.42,v3_quarterly_quality,100,6,6,100,complete,,,,30,83.33,93.75,73.33,100,60,5,5,100,Mar-26,2026-03-31,2026-07-25,scraped_at,155,16.64,4.46,2.23,-31.29,-20.36,,1.85,29.34,29,30,80,low,-1.48,-8.62,45.95,25.65,7.63B,533.13K,4.98,0.77,0.73,19.74,17.22,5.59,strong_down,-8.62% period return; PE 4.98; EPS 19.74; margin 17.22%
2026-09-02,ENGINEERING,DADX,Dadex Eternit Limited,unknown,11,11,moderate,11 scored members; moderate peer-count confidence,,35.07,35.07,v3_quarterly_quality,100,6,6,100,complete,,,,67.5,50,0,6.67,50,17.78,5,5,100,Mar-26,2026-03-31,2026-07-25,scraped_at,155,122.54,-95.74,0.92,-9.89,-15.32,,3.42,54.32,29,30,10,high,-7.73,7.34,26.15,128.77,1.05B,18.58K,-3.23,4.06,0.05,-30.29,-37.21,0,strong_up,weak quality 17.78 (5/5); 7.34% period return; PE -3.23; EPS -30.29
2026-09-02,ENGINEERING,INIL,International Industries Limited,unknown,3,11,moderate,11 scored members; moderate peer-count confidence,,68.21,68.21,v3_quarterly_quality,100,6,6,100,complete,,,,52.5,72.5,75,56.67,75,65.4,5,5,100,Mar-26,2026-03-31,2026-07-25,scraped_at,155,39.41,7.41,1.27,32.3,83.84,,2.28,36.25,29,30,60,moderate,-0.02,6.5,47.78,32.36,22.22B,33.12K,7.69,0.65,-2.44,21.92,2.4,4.15,strong_up,6.5% period return; PE 7.69; EPS 21.92; margin 2.4%
2026-09-02,ENGINEERING,ISL,International Steels Limited,unknown,2,11,moderate,11 scored members; moderate peer-count confidence,,71.49,71.49,v3_quarterly_quality,100,6,6,100,complete,,,,55,49.17,81.25,73.33,100,73.65,5,5,100,Mar-26,2026-03-31,2026-07-25,scraped_at,155,42.19,11.95,1.23,42.32,94.89,,2.81,44.62,29,30,30,high,0.28,4.05,50.84,36.75,38.93B,365.3K,10.61,1.45,-2.54,8.44,3.93,5.59,up,strong quality 73.65 (5/5); 4.05% period return; PE 10.61; EPS 8.44
2026-09-02,ENGINEERING,ITTEFAQ,Ittefaq Iron Industries Limited,unknown,8,11,moderate,11 scored members; moderate peer-count confidence,,45.18,45.18,v3_quarterly_quality,100,5,6,83.33,partial,,,,42.5,66.67,12.5,56.67,50,39.68,5,5,100,Mar-26,2026-03-31,2026-07-25,scraped_at,155,43.42,-18.56,2.06,-28.47,-21.12,,1.6,25.37,29,30,90,low,0.12,-6.34,52.84,43.83,1.19B,296.19K,-2.12,0.41,,-3.91,-27.88,0,strong_down,-6.34% period return; PE -2.12; EPS -3.91; margin -27.88%
2026-09-02,ENGINEERING,KSBP,KSB Pumps Company Limited,unknown,6,11,moderate,11 scored members; moderate peer-count confidence,,48.01,48.01,v3_quarterly_quality,100,6,6,100,complete,,,,52.5,16.67,68.75,33.33,62.5,63.89,4,5,80,Mar-26,2026-03-31,2026-07-25,scraped_at,155,,5.24,1.63,10.42,1.85,,1.99,31.62,29,30,70,low,-3.75,-3.51,16.89,45.52,6.98B,47.15K,30.61,1.61,3.17,7.38,3.01,0.44,down,-3.51% period return; PE 30.61; EPS 7.38; margin 3.01%
2026-09-02,ENGINEERING,MSCL,Metropolitan Steel Corporation Limited,unknown,7,11,moderate,11 scored members; moderate peer-count confidence,quarterly quality unavailable,45.56,45.56,v3_quarterly_quality,90,0,6,0,low,,,,50,50,50,10,50,,0,5,0,,,,,,,,,,,,3.73,59.25,29,30,0,high,-0.69,-1.03,101.95,91.2,713.72M,33.28K,,,,,,,down,limited data 0/6; -1.03% period return
2026-09-02,ENGINEERING,MUGHAL,Mughal Iron & Steel Industries Limited,unknown,4,11,moderate,11 scored members; moderate peer-count confidence,,53.13,53.13,v3_quarterly_quality,100,6,6,100,complete,,,,40,50.83,56.25,73.33,50,58.41,5,5,100,Mar-26,2026-03-31,2026-07-25,scraped_at,155,102.57,8.83,1.33,-8.82,148.44,,1.54,24.38,29,30,100,low,-0.67,-5.42,47.12,31.32,26B,443.66K,12.16,0.86,0.83,6.37,2.8,0,strong_down,-5.42% period return; PE 12.16; EPS 6.37; margin 2.8%
2026-09-02,FERTILIZER,EFERT,Engro Fertilizers Limited,unknown,3,3,low,3 scored members; low peer-count confidence,small sector peer group,30.67,30.67,v3_quarterly_quality,100,6,6,100,complete,,,,50,16.67,0,50,50,40,5,5,100,Mar-26,2026-03-31,2026-07-25,scraped_at,155,158.53,53.58,0.77,14.76,-1.49,,1.21,19.19,29,30,50,moderate,2.9,0,38.32,5.75,254.19B,1.57M,11.94,5.8,-1.54,15.94,9.36,6.44,flat,0% period return; PE 11.94; EPS 15.94; margin 9.36%
2026-09-02,FERTILIZER,FATIMA,Fatima Fertilizer Company Limited,unknown,2,3,low,3 scored members; low peer-count confidence,small sector peer group,42.5,42.5,v3_quarterly_quality,100,6,6,100,complete,,,,50,66.67,50,33.33,0,50,5,5,100,Mar-26,2026-03-31,2026-07-25,scraped_at,155,38.63,22.65,1.5,11.62,1.49,,1.78,28.32,29,30,0,high,-1.72,-3.19,26.57,26.94,319.89B,1.34M,7.02,1.73,0.18,21.7,15.66,6.24,down,-3.19% period return; PE 7.02; EPS 21.7; margin 15.66%
2026-09-02,FERTILIZER,FFC,Fauji Fertilizer Company Limited,unknown,1,3,low,3 scored members; low peer-count confidence,small sector peer group,76.83,76.83,v3_quarterly_quality,100,6,6,100,complete,,,,50,66.67,100,66.67,100,60,5,5,100,Mar-26,2026-03-31,2026-07-25,scraped_at,155,28.16,33.61,1.23,21.91,-3.55,,1.17,18.59,29,30,100,low,-0.06,-4.21,24.84,24.56,789.59B,454.68K,8.93,2.88,0.13,61.43,16.53,7.47,down,-4.21% period return; PE 8.93; EPS 61.43; margin 16.53%
2026-09-02,FOOD & PERSONAL CARE PRODUCTS,BBFL,Big Bird Foods Limited,unknown,8,23,high,23 scored members; high peer-count confidence,,56.58,56.58,v3_quarterly_quality,100,0,6,0,low,,,,69.75,50,50,68.18,50,68,5,5,100,Mar-26,2026-03-31,2026-07-25,scraped_at,155,25.12,17.2,1.84,47.11,13.71,,1.69,26.83,29,30,54.55,moderate,-0.4,-1.22,36.55,23.53,12.55B,773.37K,,,,,,,down,limited data 0/6; -1.22% period return
2026-09-02,FOOD & PERSONAL CARE PRODUCTS,BFAGRO,Barkat Frisian Agro Limited,unknown,15,23,high,23 scored members; high peer-count confidence,quarterly quality unavailable,48.56,48.56,v3_quarterly_quality,90,0,6,0,low,,,,38.31,50,50,54.55,50,,0,5,0,,,,,,,,,,,,1.07,17.05,29,30,68.18,low,-1.7,-4.95,51.87,11.71,10.05B,76.87K,,,,,,,down,limited data 0/6; -4.95% period return
2026-09-02,FOOD & PERSONAL CARE PRODUCTS,BNL,Bunnys Limited,unknown,9,23,high,23 scored members; high peer-count confidence,,52.45,52.45,v3_quarterly_quality,100,6,6,100,complete,,,,28.03,65.2,43.33,63.64,53.33,62.48,5,5,100,Mar-26,2026-03-31,2026-07-25,scraped_at,155,39.91,17.26,1.16,7.95,199.33,,2.01,31.93,29,30,36.36,moderate,-0.65,-4.05,2671.59,2.5,4.12B,1.02M,9.23,1.4,0.56,0.67,5.69,0,down,-4.05% period return; PE 9.23; EPS 0.67; margin 5.69%
2026-09-02,FOOD & PERSONAL CARE PRODUCTS,CLOV,Clover Pakistan Limited,unknown,22,23,high,23 scored members; high peer-count confidence,quarterly quality unavailable,42.62,42.62,v3_quarterly_quality,90,6,6,100,complete,,,,3.52,57.14,33.33,62.12,53.33,,0,5,0,,,,,,,,,,,,2.8,44.5,29,30,18.18,high,-3.43,-23.97,1270.02,1.09,2.52B,2.41M,10.59,3.46,-0.27,0.61,4.44,0,strong_down,-23.97% period return; PE 10.59; EPS 0.61; margin 4.44%
2026-09-02,FOOD & PERSONAL CARE PRODUCTS,COLG,Colgate-Palmolive (Pakistan) Limited,unknown,1,23,high,23 scored members; high peer-count confidence,,70.07,70.07,v3_quarterly_quality,100,6,6,100,complete,,,,60.23,49.27,86.67,56.06,93.33,71.08,5,5,100,Mar-26,2026-03-31,2026-07-25,scraped_at,155,2.5,48.34,2.49,3.43,-7.88,,0.62,9.82,29,30,90.91,low,-0.86,-3.43,10.91,12.83,287.62B,8.19K,15.44,6.91,0.34,76.74,14.88,5.4,down,strong quality 71.08 (5/5); -3.43% period return; PE 15.44; EPS 76.74
2026-09-02,FOOD & PERSONAL CARE PRODUCTS,FCEPL,Frieslandcampina Engro Pakistan Limited,unknown,6,23,high,23 scored members; high peer-count confidence,,58.74,58.74,v3_quarterly_quality,100,6,6,100,complete,,,,75.05,34.25,60,69.7,73.33,52.86,5,5,100,Mar-26,2026-03-31,2026-07-25,scraped_at,155,22.92,20.39,1.04,1.47,31.75,,3.37,53.5,29,30,9.09,high,-3.2,35.77,6.31,133.46,114.29B,2.91M,19.8,6.12,0.56,7.53,5.21,2.35,strong_up,35.77% period return; PE 19.8; EPS 7.53; margin 5.21%
2026-09-02,FOOD & PERSONAL CARE PRODUCTS,FFL,Fauji Foods Limited,unknown,19,23,high,23 scored members; high peer-count confidence,,46.33,46.33,v3_quarterly_quality,100,6,6,100,complete,,,,32.58,52.38,23.33,66.67,53.33,63.49,5,5,100,Mar-26,2026-03-31,2026-07-25,scraped_at,155,2.85,11.16,1.15,14.15,23.81,,1.32,20.93,29,30,63.64,moderate,-1.49,-5.6,57.64,8.43,38.25B,2.22M,39.31,3.4,0.02,0.39,3.18,0,strong_down,-5.6% period return; PE 39.31; EPS 0.39; margin 3.18%
2026-09-02,FOOD & PERSONAL CARE PRODUCTS,GDL,Ghani Dairies Limited,unknown,21,23,high,23 scored members; high peer-count confidence,quarterly quality unavailable,43.88,43.88,v3_quarterly_quality,90,0,6,0,low,,,,10.23,50,50,54.55,50,,0,5,0,,,,,,,,,,,,1.89,30.06,29,30,50,moderate,-4.12,-5.6,99.76,0.43,7.09B,445.62K,,,,,,,strong_down,limited data 0/6; -5.6% period return
2026-09-02,FOOD & PERSONAL CARE PRODUCTS,GIL,Good Luck Industries Ltd.,unknown,20,23,high,23 scored members; high peer-count confidence,,45.33,45.33,v3_quarterly_quality,100,6,6,100,complete,,,,70.45,33.33,36.67,1.52,66.67,56.15,4,5,80,Mar-26,2026-03-31,2026-07-25,scraped_at,155,,0.2,2.44,5.81,100,,0,0,29,30,97.73,low,,0,-100,,0,0,66.03,0,-14.54,15.14,0.25,0.3,flat,0% period return; PE 66.03; EPS 15.14; margin 0.25%
2026-09-02,FOOD & PERSONAL CARE PRODUCTS,ISIL,Ismail Industries Limited,unknown,11,23,high,23 scored members; high peer-count confidence,,50.46,50.46,v3_quarterly_quality,100,6,6,100,complete,,,,63.8,37.18,60,37.88,60,38.11,5,5,100,Mar-26,2026-03-31,2026-07-25,scraped_at,155,168,15.62,1.24,0.01,-2.16,,0.87,13.87,29,30,72.73,low,0.43,-2.92,27.15,8.06,123.69B,32.8,29.82,4.47,0.45,62.5,3.31,0.27,down,-2.92% period return; PE 29.82; EPS 62.5; margin 3.31%
2026-09-02,FOOD & PERSONAL CARE PRODUCTS,MFFL,Mitchells Fruit Farms Limited,unknown,17,23,high,23 scored members; high peer-count confidence,quarterly quality unavailable,47.01,47.01,v3_quarterly_quality,90,0,6,0,low,,,,44.16,50,50,31.82,50,,0,5,0,,,,,,,,,,,,1.97,31.31,29,30,45.45,moderate,-3.03,-5.07,40.47,20.81,3.86B,7.32K,,,,,,,strong_down,limited data 0/6; -5.07% period return
2026-09-02,FOOD & PERSONAL CARE PRODUCTS,MFL,Matco Foods Limited,unknown,10,23,high,23 scored members; high peer-count confidence,,51.48,51.48,v3_quarterly_quality,100,6,6,100,complete,,,,16.23,90.11,36.67,51.52,53.33,33.7,5,5,100,Mar-26,2026-03-31,2026-07-25,scraped_at,155,157.49,4.98,1.1,-16.67,542.17,,2.67,42.36,29,30,22.73,high,-3.38,-5.27,117.59,4.9,4.82B,403.29K,9.53,0.45,0.2,4.13,1.98,0,strong_down,-5.27% period return; PE 9.53; EPS 4.13; margin 1.98%
2026-09-02,FOOD & PERSONAL CARE PRODUCTS,NESTLE,Nestle Pakistan Limited,unknown,5,23,high,23 scored members; high peer-count confidence,,60.39,60.39,v3_quarterly_quality,100,6,6,100,complete,,,,59.04,17.03,80,54.55,100,58.21,5,5,100,Jun-26,2026-06-30,2026-07-25,scraped_at,64,10.73,75.51,0.88,9.63,10.78,,0.7,11.15,29,30,86.36,low,-0.13,-2.98,15.39,7.71,341.93B,295.4,20.36,17.41,1.47,370.4,8.2,7.25,down,-2.98% period return; PE 20.36; EPS 370.4; margin 8.2%
2026-09-02,FOOD & PERSONAL CARE PRODUCTS,PREMA,At-Tahur Limited,unknown,2,23,high,23 scored members; high peer-count confidence,,64.66,64.66,v3_quarterly_quality,100,6,6,100,complete,,,,64.23,73.26,63.33,69.7,53.33,64.1,5,5,100,Mar-26,2026-03-31,2026-07-25,scraped_at,155,23.25,9.44,1.39,16.81,29.13,,3.41,54.13,29,30,4.55,high,-0.18,-0.79,65.39,48.22,7.45B,3.76M,12.47,1.23,0.27,2.73,9.01,0,flat,-0.79% period return; PE 12.47; EPS 2.73; margin 9.01%
2026-09-02,FOOD & PERSONAL CARE PRODUCTS,QUICE,Quice Food Industries Limited,unknown,14,23,high,23 scored members; high peer-count confidence,quarterly quality unavailable,48.89,48.89,v3_quarterly_quality,90,0,6,0,low,,,,42.32,50,50,51.52,50,,0,5,0,,,,,,,,,,,,2.15,34.09,29,30,27.27,high,-1.93,-15.64,58.99,262.12,2.85B,68.61K,,,,,,,strong_down,limited data 0/6; -15.64% period return
2026-09-02,FOOD & PERSONAL CARE PRODUCTS,RMPL,Rafhan Maize Products Company Limited,unknown,4,23,high,23 scored members; high peer-count confidence,,61.61,61.61,v3_quarterly_quality,100,6,6,100,complete,,,,57.79,40.48,90,36.36,80,51.9,5,5,100,Mar-26,2026-03-31,2026-07-25,scraped_at,155,27.78,22.4,1.85,2.53,-13.25,,0.77,12.27,29,30,81.82,low,-1.04,0.37,46.14,9.21,85.74B,37.4,12.64,2.76,3.16,734.36,9.04,4.68,flat,0.37% period return; PE 12.64; EPS 734.36; margin 9.04%
2026-09-02,FOOD & PERSONAL CARE PRODUCTS,SCL,Shield Corporation Limited,unknown,23,23,high,23 scored members; high peer-count confidence,,34.05,34.05,v3_quarterly_quality,100,6,6,100,complete,,,,76.95,29.12,0,13.64,53.33,32.01,5,5,100,Mar-26,2026-03-31,2026-07-25,scraped_at,155,221.61,-70.65,1.15,-12.29,2233.33,,0,0,29,30,97.73,low,0.01,0,49.99,134.4,2.93B,0,-13.91,9.44,1.05,-53.91,-8.05,0,flat,0% period return; PE -13.91; EPS -53.91; margin -8.05%
2026-09-02,FOOD & PERSONAL CARE PRODUCTS,TOMCL,The Organic Meat Company Limited,unknown,18,23,high,23 scored members; high peer-count confidence,,46.93,46.93,v3_quarterly_quality,100,6,6,100,complete,,,,45.73,43.04,36.67,68.18,53.33,44.89,5,5,100,Mar-26,2026-03-31,2026-07-25,scraped_at,155,7.87,4.82,4.37,-10.07,-51.64,,3.15,49.93,29,30,13.64,high,-1.42,-4.1,113.6,25.48,6.97B,1.19M,19.3,1.06,2.06,1.84,2.74,0,down,-4.1% period return; PE 19.3; EPS 1.84; margin 2.74%
2026-09-02,FOOD & PERSONAL CARE PRODUCTS,TREET,Treet Corporation Limited,unknown,16,23,high,23 scored members; high peer-count confidence,,48.04,48.04,v3_quarterly_quality,100,6,6,100,complete,,,,48.81,63.19,20,71.21,53.33,31.3,5,5,100,Mar-26,2026-03-31,2026-07-25,scraped_at,155,103.11,4.99,1.01,3.17,9.62,,2,31.73,29,30,40.91,moderate,-1.44,-2.67,63.93,15.45,8.37B,1.79M,17.43,1.03,0.5,1.29,1.81,0,down,-2.67% period return; PE 17.43; EPS 1.29; margin 1.81%
2026-09-02,FOOD & PERSONAL CARE PRODUCTS,UNITY,Unity Foods Limited,unknown,7,23,high,23 scored members; high peer-count confidence,quarterly fundamentals stale,56.7,56.7,v3_quarterly_quality,100,6,6,100,complete,,,,46.21,95.05,30,80.3,53.33,13.08,5,5,100,Sep-25,2025-09-30,2026-07-25,scraped_at,337,239.45,9.32,1.01,-2.15,-160.06,,3.62,57.4,29,30,0,high,2.34,-8.09,220.43,22.5,10.99B,14.78M,5.75,0.59,0.1,1.6,2.34,0,strong_down,weak quality 13.08 (5/5); -8.09% period return; PE 5.75; EPS 1.6
2026-09-02,FOOD & PERSONAL CARE PRODUCTS,UPFL,Unilever Pakistan Foods Limited,unknown,3,23,high,23 scored members; high peer-count confidence,,63.68,63.68,v3_quarterly_quality,100,6,6,100,complete,,,,77.76,17.4,100,43.94,86.67,59.38,2,5,40,Mar-26,2026-03-31,2026-07-25,scraped_at,155,,,,22.21,-6.5,,0.78,12.35,29,30,77.27,low,1.55,1.25,31.56,13.53,163.17B,117.4,22.68,22.6,0.77,1129.54,15.56,5.32,up,1.25% period return; PE 22.68; EPS 1129.54; margin 15.56%
2026-09-02,FOOD & PERSONAL CARE PRODUCTS,WAHDAT,Wahdat Poultry Farm Limited,unknown,13,23,high,23 scored members; high peer-count confidence,quarterly quality unavailable,49.82,49.82,v3_quarterly_quality,90,0,6,0,low,,,,49.95,50,50,48.48,50,,0,5,0,,,,,,,,,,,,1.54,24.43,29,30,59.09,moderate,0.32,-4.25,39.97,2.84,5.22B,248.51K,,,,,,,down,limited data 0/6; -4.25% period return
2026-09-02,FOOD & PERSONAL CARE PRODUCTS,ZIL,ZIL Limited,unknown,12,23,high,23 scored members; high peer-count confidence,,50.13,50.13,v3_quarterly_quality,100,0,6,0,low,,,,70.02,50,50,15.15,50,56.12,5,5,100,Mar-26,2026-03-31,2026-07-25,scraped_at,155,15.95,3.59,1.14,14.89,168.42,,2.11,33.54,29,30,31.82,high,2.69,1.65,103.48,18.27,2.17B,292.4,,,,,,,up,limited data 0/6; 1.65% period return
2026-09-02,GLASS & CERAMICS,FRCL,Frontier Ceramics Limited,unknown,5,7,moderate,7 scored members; moderate peer-count confidence,,46.31,46.31,v3_quarterly_quality,100,0,6,0,low,,,,50,50,50,22.22,50,40.83,4,5,80,Mar-26,2026-03-31,2026-07-25,scraped_at,155,,12.62,0.77,11.07,-1112,,4.17,66.21,29,30,0,high,-3.27,-11,33.09,122.39,3.37B,1.61K,,,,,,,strong_down,limited data 0/6; -11% period return
2026-09-02,GLASS & CERAMICS,GGGL,Ghani Global Glass Limited,unknown,7,7,moderate,7 scored members; moderate peer-count confidence,,29.25,29.25,v3_quarterly_quality,100,6,6,100,complete,,,,8.33,33.33,25,50,25,46.67,5,5,100,Mar-26,2026-03-31,2026-07-25,scraped_at,155,49.24,4.77,1.08,-3.04,-54.15,,1.04,16.52,29,30,83.33,low,-3.04,-11.63,81.33,19.1,1.92B,501.78K,14.9,0.65,0.71,0.54,4.51,0,strong_down,-11.63% period return; PE 14.9; EPS 0.54; margin 4.51%
2026-09-02,GLASS & CERAMICS,GHGL,Ghani Glass Limited,unknown,1,7,moderate,7 scored members; moderate peer-count confidence,,84.02,84.02,v3_quarterly_quality,100,6,6,100,complete,,,,83.33,80.56,75,77.78,100,86,5,5,100,Mar-26,2026-03-31,2026-07-25,scraped_at,155,0.09,15.69,2.75,4.32,-0.02,,2.04,32.35,29,30,33.33,moderate,-1.74,4.72,25.3,48.52,41.25B,1.03M,5.71,0.98,0.2,7.23,14.94,8.48,up,strong quality 86 (5/5); 4.72% period return; PE 5.71; EPS 7.23
2026-09-02,GLASS & CERAMICS,GVGL,Ghani Value Glass Limited,unknown,2,7,moderate,7 scored members; moderate peer-count confidence,,58.46,58.46,v3_quarterly_quality,100,5,6,83.33,partial,,,,62.5,27.78,75,38.89,75,82.5,4,5,80,Mar-26,2026-03-31,2026-07-25,scraped_at,155,,21.2,1.98,13.59,-4.69,,1.02,16.2,29,30,100,low,0.93,0.65,35.79,24.83,8.17B,3.45K,8.2,1.62,,6.64,15.54,5.51,flat,strong quality 82.5 (4/5); 0.65% period return; PE 8.2; EPS 6.64
2026-09-02,GLASS & CERAMICS,KCL,Karam Ceramics Limited,unknown,4,7,moderate,7 scored members; moderate peer-count confidence,,46.43,46.43,v3_quarterly_quality,100,0,6,0,low,,,,62.5,50,50,38.89,50,6.67,5,5,100,Mar-26,2026-03-31,2026-07-25,scraped_at,155,346.72,-948.91,0.47,-22.12,-27.29,,1.71,27.17,29,30,50,moderate,-0.6,-0.6,35.77,25.31,2.1B,311,,,,,,,flat,limited data 0/6; weak quality 6.67 (5/5); -0.6% period return
2026-09-02,GLASS & CERAMICS,STCL,Shabbir Tiles & Ceramics Limited,unknown,6,7,moderate,7 scored members; moderate peer-count confidence,,36.14,36.14,v3_quarterly_quality,100,6,6,100,complete,,,,41.67,58.33,0,61.11,25,42,5,5,100,Mar-26,2026-03-31,2026-07-25,scraped_at,155,92.83,-42.43,0.92,-12.96,553.79,,1.38,21.93,29,30,66.67,moderate,1.46,-5.52,85.82,22.11,2.5B,125.61K,-2.59,1.43,0.12,-4.03,-8,0,strong_down,-5.52% period return; PE -2.59; EPS -4.03; margin -8%
2026-09-02,GLASS & CERAMICS,TGL,Tariq Glass Industries Limited,unknown,3,7,moderate,7 scored members; moderate peer-count confidence,,54.86,54.86,v3_quarterly_quality,100,6,6,100,complete,,,,41.67,50,75,61.11,50,50,2,5,40,Mar-26,2026-03-31,2026-07-25,scraped_at,155,,,,-4.37,-4.33,,2.09,33.17,29,30,16.67,high,-2.51,-8.56,66.1,37.1,30.21B,98.61K,7.17,1.23,0.24,24.49,13.38,3.99,strong_down,-8.56% period return; PE 7.17; EPS 24.49; margin 13.38%
2026-09-02,INSURANCE,PAKQATAR,Pak Qatar Family Takaful Limited,unknown,2,2,low,2 scored members; low peer-count confidence,quarterly quality unavailable; small sector peer group,39.81,39.81,v3_quarterly_quality,90,0,6,0,low,,,,0,50,50,33.33,50,,0,5,0,,,,,,,,,,,,1.43,22.64,29,30,100,low,1.28,-9.36,54.82,24.61,4.38B,253.89K,,,,,,,strong_down,limited data 0/6; -9.36% period return
2026-09-02,INSURANCE,PQGTL,Pak Qatar General Takaful Limited,unknown,1,2,low,2 scored members; low peer-count confidence,quarterly quality unavailable; small sector peer group,60.19,60.19,v3_quarterly_quality,90,0,6,0,low,,,,100,50,50,66.67,50,,0,5,0,,,,,,,,,,,,1.59,25.31,29,30,0,high,2.23,-8.72,48.87,29.76,1.34B,314.03K,,,,,,,strong_down,limited data 0/6; -8.72% period return
2026-09-02,INV. BANKS / INV. COS. / SECURITIES COS.,ENGROH,Engro Holdings Limited,unknown,1,1,low,1 scored members; low peer-count confidence,quarterly quality unavailable; volatility history insufficient; small sector peer group,50,50,v3_quarterly_quality,90,5,6,83.33,partial,,,,50,50,50,50,50,,0,5,0,Mar-26,2026-03-31,2026-07-25,scraped_at,155,134.15,39.96,0.88,56.06,200.48,,1.63,25.88,29,30,,unknown,0.89,-3.57,12.92,28.15,322.59B,1.41M,8.21,,0.49,32.62,6.44,0,down,-3.57% period return; PE 8.21; EPS 32.62; margin 6.44%
2026-09-02,LEATHER & TANNERIES,BATA,Bata Pakistan Limited,unknown,4,4,low,4 scored members; low peer-count confidence,small sector peer group,28.28,28.28,v3_quarterly_quality,100,6,6,100,complete,,,,50,66.67,0,11.11,0,30,5,5,100,Mar-26,2026-03-31,2026-07-25,scraped_at,155,102.55,-66.17,1.09,-4.6,-414.59,,0.59,9.33,29,30,100,low,0.23,-4.75,80.46,1.04,6.66B,932.4,-2.71,2.24,0.12,-325.72,-13.32,0,down,weak quality 30 (5/5); -4.75% period return; PE -2.71; EPS -325.72
2026-09-02,LEATHER & TANNERIES,LEUL,Leather Up Limited,unknown,2,4,low,4 scored members; low peer-count confidence,quarterly quality unavailable; small sector peer group,52.31,52.31,v3_quarterly_quality,90,0,6,0,low,,,,75,50,50,33.33,50,,0,5,0,,,,,,,,,,,,4.7,74.55,29,30,33.33,moderate,-8.46,52.16,9.29,155.82,395.4M,223.22K,,,,,,,strong_up,limited data 0/6; 52.16% period return
2026-09-02,LEATHER & TANNERIES,SGF,Service GlobalFootwear Limited,unknown,1,4,low,4 scored members; low peer-count confidence,small sector peer group,69.17,69.17,v3_quarterly_quality,100,6,6,100,complete,,,,66.67,50,75,66.67,100,50,5,5,100,Mar-26,2026-03-31,2026-07-25,scraped_at,155,109.95,28.57,1.04,8.2,189.19,,2.36,37.53,29,30,66.67,moderate,-0.82,-1.4,24.4,59.5,23.62B,947.57K,7.22,2.25,0.4,15.81,17.64,1.75,down,-1.4% period return; PE 7.22; EPS 15.81; margin 17.64%
2026-09-02,LEATHER & TANNERIES,SRVI,Service Industries Limited,unknown,3,4,low,4 scored members; low peer-count confidence,small sector peer group,46.31,46.31,v3_quarterly_quality,100,6,6,100,complete,,,,8.33,16.67,75,88.89,50,70,5,5,100,Mar-26,2026-03-31,2026-07-25,scraped_at,155,161.89,47.78,1.1,23.48,160.34,,16.85,267.45,29,30,0,high,-2.57,-90.84,1196.98,0.52,89.27B,245.65K,11.91,2.92,0.12,15.95,6.13,0.92,strong_down,strong quality 70 (5/5); -90.84% period return; PE 11.91; EPS 15.95
2026-09-02,MISCELLANEOUS,AKGL,Al-Khair Gadoon Limited,unknown,9,12,moderate,12 scored members; moderate peer-count confidence,quarterly quality unavailable,47.22,47.22,v3_quarterly_quality,90,0,6,0,low,,,,54.55,50,50,18.18,50,,0,5,0,,,,,,,,,,,,7.08,112.34,29,30,0,high,-0.32,10.11,73.83,24.58,598.1M,7.97K,,,,,,,strong_up,limited data 0/6; 10.11% period return
2026-09-02,MISCELLANEOUS,ECOP,Ecopack Limited,unknown,1,12,moderate,12 scored members; moderate peer-count confidence,,72.44,72.44,v3_quarterly_quality,100,6,6,100,complete,,,,52.27,88.89,50,75.76,100,48,5,5,100,Mar-26,2026-03-31,2026-07-25,scraped_at,155,70.11,21.56,1.11,-3.15,1.36,,1.68,26.71,29,30,70,low,0.98,-1.68,48.56,43.29,2.34B,79.06K,6.31,1.29,0.15,7.67,5.37,4.13,down,-1.68% period return; PE 6.31; EPS 7.67; margin 5.37%
2026-09-02,MISCELLANEOUS,GEMPACRA,The Pakistan Credit Rating Agency Ltd,unknown,4,12,moderate,12 scored members; moderate peer-count confidence,quarterly quality unavailable,53.41,53.41,v3_quarterly_quality,90,0,6,0,low,,,,79.55,50,50,36.36,50,,0,5,0,,,,,,,,,,,,4.13,65.64,29,30,40,moderate,2.11,2.8,33.33,67.05,2.74B,3.5K,,,,,,,up,limited data 0/6; 2.8% period return
2026-09-02,MISCELLANEOUS,GOC,GOC (Pak) Limited.,unknown,11,12,moderate,12 scored members; moderate peer-count confidence,,35.37,35.37,v3_quarterly_quality,100,6,6,100,complete,,,,43.18,33.33,33.33,27.27,33.33,45,4,5,80,Mar-26,2026-03-31,2026-07-25,scraped_at,155,,4.29,8.19,-19.32,-70.87,,3.23,51.26,29,30,50,moderate,-6.06,-7.91,38.97,119.61,1.24B,1.74K,40.81,1.73,1.5,4.14,6.12,0.59,strong_down,-7.91% period return; PE 40.81; EPS 4.14; margin 6.12%
2026-09-02,MISCELLANEOUS,MWMP,Mandviwala Mauser Plastic Industries,unknown,7,12,moderate,12 scored members; moderate peer-count confidence,quarterly quality unavailable,49.83,49.83,v3_quarterly_quality,90,0,6,0,low,,,,50,50,50,48.48,50,,0,5,0,,,,,,,,,,,,2.02,32.01,29,30,60,moderate,5.54,-6.56,199.91,58.33,1.64B,12.64K,,,,,,,strong_down,limited data 0/6; -6.56% period return
2026-09-02,MISCELLANEOUS,OML,Olympia Mills Limited,unknown,10,12,moderate,12 scored members; moderate peer-count confidence,quarterly quality unavailable,46.97,46.97,v3_quarterly_quality,90,0,6,0,low,,,,40.91,50,50,36.36,50,,0,5,0,,,,,,,,,,,,6.13,97.39,29,30,10,high,-0.48,-38.95,129.4,216.36,979.44M,20.66K,,,,,,,strong_down,limited data 0/6; -38.95% period return
2026-09-02,MISCELLANEOUS,PSEL,Pakistan Services Limited,unknown,12,12,moderate,12 scored members; moderate peer-count confidence,quarterly fundamentals stale,24.79,24.79,v3_quarterly_quality,100,6,6,100,complete,,,,27.27,33.33,16.67,63.64,0,26.67,5,5,100,Mar-25,2025-03-31,2026-07-25,scraped_at,520,24.93,0.37,0.32,26.52,-120.42,,1.08,17.2,29,30,80,low,-2.72,-1.19,85.82,10.12,28.62B,333.6,157.67,0.64,5.5,5.58,1.22,0,down,weak quality 26.67 (5/5); -1.19% period return; PE 157.67; EPS 5.58
2026-09-02,MISCELLANEOUS,SHFA,Shifa International Hospitals Limited,unknown,2,12,moderate,12 scored members; moderate peer-count confidence,,65.03,65.03,v3_quarterly_quality,100,6,6,100,complete,,,,43.18,44.44,100,75.76,66.67,65.33,5,5,100,Mar-26,2026-03-31,2026-07-25,scraped_at,155,13.32,14.19,1.3,11.81,22.07,,1.04,16.57,29,30,90,low,-1.36,-7.44,28.08,13.26,30.37B,12.47K,11.7,1.83,0.24,41.05,8.72,1.04,strong_down,-7.44% period return; PE 11.7; EPS 41.05; margin 8.72%
2026-09-02,MISCELLANEOUS,TISL,Tasdeeq Information Services Limited,unknown,6,12,moderate,12 scored members; moderate peer-count confidence,quarterly quality unavailable; volatility history insufficient,50.55,50.55,v3_quarterly_quality,90,0,6,0,low,,,,34.09,50,50,78.79,50,,0,5,0,,,,,,,,,,,,,,7,30,,unknown,-1.61,-15.47,27.12,2,2.91B,15.95M,,,,,,,strong_down,limited data 0/6; -15.47% period return
2026-09-02,MISCELLANEOUS,UBDL,United Brands Limited,unknown,8,12,moderate,12 scored members; moderate peer-count confidence,,49.42,49.42,v3_quarterly_quality,100,0,6,0,low,,,,54.55,50,50,42.42,50,45,4,5,80,Mar-26,2026-03-31,2026-07-25,scraped_at,155,,20.62,0.68,-78.17,140,,4.21,66.88,29,30,20,high,-3.36,6.42,29.75,42.43,2.62B,51.93K,,,,,,,strong_up,limited data 0/6; 6.42% period return
2026-09-02,MISCELLANEOUS,UDLI,UDL International Limited,unknown,5,12,moderate,12 scored members; moderate peer-count confidence,quarterly quality unavailable,51.26,51.26,v3_quarterly_quality,90,0,6,0,low,,,,54.55,50,50,54.55,50,,0,5,0,,,,,,,,,,,,4.2,66.64,29,30,30,high,-1.15,-2.97,41.82,97.58,631.47M,70.38K,,,,,,,down,limited data 0/6; -2.97% period return
2026-09-02,MISCELLANEOUS,UDPL,United Distributors Pakistan Limited,unknown,3,12,moderate,12 scored members; moderate peer-count confidence,,54.64,54.64,v3_quarterly_quality,100,0,6,0,low,,,,65.91,50,50,54.55,50,68,5,5,100,Mar-26,2026-03-31,2026-07-25,scraped_at,155,8.65,89.11,2.33,-21.87,-11.05,,0.9,14.3,29,30,100,low,1.82,-0.53,41.68,56.95,4.21B,8.74K,,,,,,,flat,limited data 0/6; -0.53% period return
2026-09-02,MODARABAS,BFMOD,B.F. Modaraba,unknown,14,19,high,19 scored members; high peer-count confidence,quarterly quality unavailable,46.32,46.32,v3_quarterly_quality,90,0,6,0,low,,,,40.28,50,50,31.48,50,,0,5,0,,,,,,,,,,,,2.76,43.74,29,30,72.22,low,-2.85,8.16,62.85,93.9,179.24M,180.1K,,,,,,,strong_up,limited data 0/6; 8.16% period return
2026-09-02,MODARABAS,FANM,First Al-Noor Modaraba,unknown,4,19,high,19 scored members; high peer-count confidence,quarterly quality unavailable,52.03,52.03,v3_quarterly_quality,90,0,6,0,low,,,,59.72,50,50,53.7,50,,0,5,0,,,,,,,,,,,,5.7,90.47,29,30,33.33,moderate,-6.29,13.67,23.25,134.82,230.54M,1.65M,,,,,,,strong_up,limited data 0/6; 13.67% period return
2026-09-02,MODARABAS,FECM,First Elite Capital Modaraba,unknown,5,19,high,19 scored members; high peer-count confidence,quarterly quality unavailable,51.95,51.95,v3_quarterly_quality,90,0,6,0,low,,,,66.67,50,50,42.59,50,,0,5,0,,,,,,,,,,,,4.78,75.84,29,30,38.89,moderate,6.35,34,114.19,126.72,302.1M,56.45K,,,,,,,strong_up,limited data 0/6; 34% period return
2026-09-02,MODARABAS,FEM,First Equity Modaraba,unknown,12,19,high,19 scored members; high peer-count confidence,quarterly quality unavailable,46.91,46.91,v3_quarterly_quality,90,0,6,0,low,,,,27.78,50,50,55.56,50,,0,5,0,,,,,,,,,,,,3.81,60.42,29,30,61.11,moderate,-7.27,-2.97,59.46,89.1,582.08M,128.33K,,,,,,,down,limited data 0/6; -2.97% period return
2026-09-02,MODARABAS,FFLM,First Fidelity Leasing Modaraba,unknown,6,19,high,19 scored members; high peer-count confidence,quarterly quality unavailable,51.03,51.03,v3_quarterly_quality,90,0,6,0,low,,,,50,50,50,59.26,50,,0,5,0,,,,,,,,,,,,4.5,71.43,29,30,44.44,moderate,1.05,-4.04,87.92,229.32,382.74M,600.95K,,,,,,,down,limited data 0/6; -4.04% period return
2026-09-02,MODARABAS,FHAM,First Habib Modaraba,unknown,1,19,high,19 scored members; high peer-count confidence,quarterly quality unavailable,74.72,74.72,v3_quarterly_quality,90,6,6,100,complete,,,,51.39,100,87.5,70.37,50,,0,5,0,,,,,,,,,,,,0.81,12.86,29,30,100,low,0.43,-3.17,20.95,20.93,3.62B,16.4K,4.84,0.58,0.12,6.75,15.08,6.89,down,-3.17% period return; PE 4.84; EPS 6.75; margin 15.08%
2026-09-02,MODARABAS,FIBLM,First IBL Modaraba,unknown,18,19,high,19 scored members; high peer-count confidence,quarterly quality unavailable,44.16,44.16,v3_quarterly_quality,90,6,6,100,complete,,,,45.83,27.78,75,59.26,25,,0,5,0,,,,,,,,,,,,7.54,119.69,29,30,5.56,high,-9.31,18.66,49.53,113,369.56M,1.83M,18.19,1.48,0.57,0.94,43.94,0,strong_up,18.66% period return; PE 18.19; EPS 0.94; margin 43.94%
2026-09-02,MODARABAS,FIMM,First Imrooz Modaraba,unknown,13,19,high,19 scored members; high peer-count confidence,quarterly quality unavailable,46.68,46.68,v3_quarterly_quality,90,0,6,0,low,,,,48.61,50,50,22.22,50,,0,5,0,,,,,,,,,,,,2.42,38.41,29,30,83.33,low,5.87,9.58,81.47,26.39,657.45M,43.75,,,,,,,strong_up,limited data 0/6; 9.58% period return
2026-09-02,MODARABAS,FPJM,First Punjab Modaraba,unknown,19,19,high,19 scored members; high peer-count confidence,quarterly quality unavailable,37.78,37.78,v3_quarterly_quality,90,6,6,100,complete,,,,95.83,33.33,0,62.96,25,,0,5,0,,,,,,,,,,,,6.82,108.34,29,30,16.67,high,2.27,141.05,0.97,496.75,874.99M,1.62M,-7.99,-1.89,1.08,-3.22,-38.72,0,strong_up,141.05% period return; PE -7.99; EPS -3.22; margin -38.72%
2026-09-02,MODARABAS,FPRM,First Paramount Modaraba,unknown,15,19,high,19 scored members; high peer-count confidence,quarterly quality unavailable,45.86,45.86,v3_quarterly_quality,90,0,6,0,low,,,,37.5,50,50,31.48,50,,0,5,0,,,,,,,,,,,,2.4,38.12,29,30,88.89,low,2.91,-5.76,54.88,15.35,151.26M,118.38K,,,,,,,strong_down,limited data 0/6; -5.76% period return
2026-09-02,MODARABAS,FTMM,First Treet Manufacturing Modaraba,unknown,17,19,high,19 scored members; high peer-count confidence,quarterly quality unavailable,44.65,44.65,v3_quarterly_quality,90,6,6,100,complete,,,,50,27.78,25,57.41,75,,0,5,0,,,,,,,,,,,,4.41,70.05,29,30,50,moderate,-3.53,15.85,27.89,66.7,3.63B,286.26K,37.46,1.3,-1.8,0.5,2.47,8.08,strong_up,15.85% period return; PE 37.46; EPS 0.5; margin 2.47%
2026-09-02,MODARABAS,FTSM,First Tri-Star Modaraba,unknown,8,19,high,19 scored members; high peer-count confidence,quarterly quality unavailable,50.75,50.75,v3_quarterly_quality,90,0,6,0,low,,,,56.94,50,50,46.3,50,,0,5,0,,,,,,,,,,,,7.92,125.73,29,30,0,high,-6.91,29.05,58.89,255.56,866.84M,76.46K,,,,,,,strong_up,limited data 0/6; 29.05% period return
2026-09-02,MODARABAS,GEMBCEM,Burj Clean Energy Modaraba(GEM),unknown,11,19,high,19 scored members; high peer-count confidence,quarterly quality unavailable,47.43,47.43,v3_quarterly_quality,90,0,6,0,low,,,,44.44,50,50,35.19,50,,0,5,0,,,,,,,,,,,,2.52,40.03,29,30,77.78,low,0,2.26,28.32,17.22,1.13B,900,,,,,,,up,limited data 0/6; 2.26% period return
2026-09-02,MODARABAS,OLPM,OLP Modaraba,unknown,2,19,high,19 scored members; high peer-count confidence,quarterly quality unavailable,69.37,69.37,v3_quarterly_quality,90,6,6,100,complete,,,,56.94,61.11,62.5,61.11,100,,0,5,0,,,,,,,,,,,,1.66,26.36,29,30,94.44,low,0.32,0,11.56,31.58,1.13B,10.46K,7.28,0.85,-1.89,3.44,9.88,10,flat,0% period return; PE 7.28; EPS 3.44; margin 9.88%
2026-09-02,MODARABAS,ORM,Orient Rental Mod,unknown,16,19,high,19 scored members; high peer-count confidence,quarterly quality unavailable,45.52,45.52,v3_quarterly_quality,90,0,6,0,low,,,,30.56,50,50,38.89,50,,0,5,0,,,,,,,,,,,,2.77,43.9,29,30,66.67,moderate,-2.31,-6.07,52.78,19.46,824.25M,71.77K,,,,,,,strong_down,limited data 0/6; -6.07% period return
2026-09-02,MODARABAS,PIM,Popular Islamic Modaraba,unknown,3,19,high,19 scored members; high peer-count confidence,quarterly quality unavailable,52.55,52.55,v3_quarterly_quality,90,0,6,0,low,,,,76.39,50,50,33.33,50,,0,5,0,,,,,,,,,,,,6.83,108.42,29,30,11.11,high,-0.42,106.75,26.99,192.08,944M,59.12K,,,,,,,strong_up,limited data 0/6; 106.75% period return
2026-09-02,MODARABAS,SINDM,Sindh Modaraba,unknown,7,19,high,19 scored members; high peer-count confidence,quarterly quality unavailable,50.87,50.87,v3_quarterly_quality,90,0,6,0,low,,,,52.78,50,50,53.7,50,,0,5,0,,,,,,,,,,,,3.88,61.63,29,30,55.56,moderate,-7.16,22.62,40.16,117.84,1.32B,268.08K,,,,,,,strong_up,limited data 0/6; 22.62% period return
2026-09-02,MODARABAS,TRSM,Trust Modaraba,unknown,10,19,high,19 scored members; high peer-count confidence,quarterly quality unavailable,47.69,47.69,v3_quarterly_quality,90,0,6,0,low,,,,25,50,50,66.67,50,,0,5,0,,,,,,,,,,,,6.29,99.88,29,30,22.22,high,-2.46,-23.47,330.07,108.25,496.47M,461.53K,,,,,,,strong_down,limited data 0/6; -23.47% period return
2026-09-02,MODARABAS,WASL,Wasl Mobility Modaraba,unknown,9,19,high,19 scored members; high peer-count confidence,quarterly quality unavailable,50.51,50.51,v3_quarterly_quality,90,0,6,0,low,,,,33.33,50,50,79.63,50,,0,5,0,,,,,,,,,,,,5.74,91.16,29,30,27.78,high,-3.31,-7.23,7.48,1.58,1.03B,2.03M,,,,,,,strong_down,limited data 0/6; -7.23% period return
2026-09-02,OIL & GAS EXPLORATION COMPANIES,MARI,Mari Energies Limited,unknown,2,3,low,3 scored members; low peer-count confidence,small sector peer group,53.29,53.29,v3_quarterly_quality,100,6,6,100,complete,,,,37.5,33.33,100,33.33,50,60,5,5,100,Mar-26,2026-03-31,2026-07-25,scraped_at,155,3.56,25.08,2.83,6.37,-4.88,,1.21,19.26,29,30,100,low,-0.21,1.29,20.47,21.18,792.3B,347.69K,9.12,2.46,0.39,72.36,45.33,4.09,up,1.29% period return; PE 9.12; EPS 72.36; margin 45.33%
2026-09-02,OIL & GAS EXPLORATION COMPANIES,OGDC,Oil & Gas Development Company Limited,unknown,1,3,low,3 scored members; low peer-count confidence,small sector peer group,62.71,62.71,v3_quarterly_quality,100,6,6,100,complete,,,,87.5,33.33,50,50,100,62.5,4,5,80,Mar-26,2026-03-31,2026-07-25,scraped_at,155,,11.26,9.52,-8.45,-7.12,,1.44,22.84,29,30,50,moderate,-0.62,2.93,7.17,37.88,1.41T,3.28M,9.08,1,0.79,36.17,39.85,4.87,up,2.93% period return; PE 9.08; EPS 36.17; margin 39.85%
2026-09-02,OIL & GAS EXPLORATION COMPANIES,PPL,Pakistan Petroleum Limited,unknown,3,3,low,3 scored members; low peer-count confidence,small sector peer group,34.25,34.25,v3_quarterly_quality,100,5,6,83.33,partial,,,,25,83.33,0,66.67,0,30,5,5,100,Mar-26,2026-03-31,2026-07-25,scraped_at,155,0.21,10.85,4.61,-9.39,-12.05,,2.06,32.74,29,30,0,high,-1.29,2.55,25.39,27.51,617.58B,4.27M,7.83,0.83,,28.99,33.84,3.75,up,weak quality 30 (5/5); 2.55% period return; PE 7.83; EPS 28.99
2026-09-02,OIL & GAS MARKETING COMPANIES,BPL,Burshane LPG (Pakistan) Limited,unknown,3,7,moderate,7 scored members; moderate peer-count confidence,,48.12,48.12,v3_quarterly_quality,100,0,6,0,low,,,,58.33,50,50,16.67,50,52,5,5,100,Mar-26,2026-03-31,2026-07-25,scraped_at,155,69.79,49.16,0.64,74.83,-279.25,,2.31,36.62,29,30,16.67,high,0.17,-6.95,53.96,162.82,1.18B,19.46K,,,,,,,strong_down,limited data 0/6; -6.95% period return
2026-09-02,OIL & GAS MARKETING COMPANIES,HTL,Hi-Tech Lubricants Limited,unknown,6,7,moderate,7 scored members; moderate peer-count confidence,,36.35,36.35,v3_quarterly_quality,100,6,6,100,complete,,,,41.67,27.78,66.67,22.22,0,76,5,5,100,Mar-26,2026-03-31,2026-07-25,scraped_at,155,53.18,8.44,1.04,9.35,187.57,,1.81,28.67,29,30,66.67,moderate,-1.67,-1.27,68.14,27.54,5.51B,98.08K,10.34,0.84,1,3.83,1.49,0,down,strong quality 76 (5/5); -1.27% period return; PE 10.34; EPS 3.83
2026-09-02,OIL & GAS MARKETING COMPANIES,PSO,Pakistan State Oil Company Limited,unknown,1,7,moderate,7 scored members; moderate peer-count confidence,,81.29,81.29,v3_quarterly_quality,100,6,6,100,complete,,,,75,100,83.33,94.44,66.67,56,5,5,100,Mar-26,2026-03-31,2026-07-25,scraped_at,155,128.97,16.66,0.99,-5.67,146.72,,2.13,33.84,29,30,33.33,moderate,-0.13,3.49,40.91,12.35,168.84B,2.57M,3.88,0.58,0.03,92.73,1.35,2.78,up,3.49% period return; PE 3.88; EPS 92.73; margin 1.35%
2026-09-02,OIL & GAS MARKETING COMPANIES,SNGP,Sui Northern Gas Pipelines Limited,unknown,2,7,moderate,7 scored members; moderate peer-count confidence,,63.39,63.39,v3_quarterly_quality,100,6,6,100,complete,,,,54.17,55.56,50,77.78,100,36,5,5,100,Mar-26,2026-03-31,2026-07-25,scraped_at,155,282.41,19.43,0.94,-15.41,-20.88,,1.99,31.54,29,30,50,moderate,-0.45,-5.79,42.96,19.89,63.26B,1.87M,4.35,0.8,-0.79,22.94,1.17,3.01,strong_down,-5.79% period return; PE 4.35; EPS 22.94; margin 1.17%
2026-09-02,OIL & GAS MARKETING COMPANIES,SPSL,Sitara Petroleum Service Limited,unknown,4,7,moderate,7 scored members; moderate peer-count confidence,quarterly quality unavailable,47.38,47.38,v3_quarterly_quality,90,0,6,0,low,,,,41.67,50,50,38.89,50,,0,5,0,,,,,,,,,,,,1.7,26.96,29,30,83.33,low,-0.49,-3.36,45.56,0.69,27.06B,1.74M,,,,,,,down,limited data 0/6; -3.36% period return
2026-09-02,OIL & GAS MARKETING COMPANIES,SSGC,Sui Southern Gas Company Limited,unknown,7,7,moderate,7 scored members; moderate peer-count confidence,,26.43,26.43,v3_quarterly_quality,100,6,6,100,complete,,,,54.17,16.67,0,66.67,33.33,8,5,5,100,Mar-26,2026-03-31,2026-07-25,scraped_at,155,1118.34,-19.65,0.85,-19,-131.7,,2.42,38.44,29,30,0,high,-1.44,5.28,69.34,43.53,24.05B,6.95M,-9.53,1.83,88,-2.87,-0.65,1.83,strong_up,weak quality 8 (5/5); 5.28% period return; PE -9.53; EPS -2.87
2026-09-02,OIL & GAS MARKETING COMPANIES,WAFI,Wafi Energy Pakistan Limited,unknown,5,7,moderate,7 scored members; moderate peer-count confidence,,46.78,46.78,v3_quarterly_quality,100,0,6,0,low,,,,25,50,50,33.33,50,72,5,5,100,Mar-26,2026-03-31,2026-07-25,scraped_at,155,63.31,19.5,0.96,20.02,25.38,,1.55,24.62,29,30,100,low,-1.97,-4.61,52,1.82,36.61B,207.7K,,,,,,,down,limited data 0/6; strong quality 72 (5/5); -4.61% period return
2026-09-02,"PAPER, BOARD & PACKAGING",CEPB,Century Paper & Board Mills Limited,unknown,10,10,moderate,10 scored members; moderate peer-count confidence,,28.49,28.49,v3_quarterly_quality,100,6,6,100,complete,,,,13.89,33.33,12.5,66.67,25,39.05,5,5,100,Mar-26,2026-03-31,2026-07-25,scraped_at,155,80.66,-6.04,1.32,0.35,2980.77,,2.42,38.43,29,30,44.44,moderate,-1.31,-8.12,72.07,10.37,10.9B,445.29K,-180.93,0.82,12.14,-0.15,-0.15,0,strong_down,-8.12% period return; PE -180.93; EPS -0.15; margin -0.15%
2026-09-02,"PAPER, BOARD & PACKAGING",CPPL,Cherat Packaging Limited,unknown,2,10,moderate,10 scored members; moderate peer-count confidence,,73.55,73.55,v3_quarterly_quality,100,6,6,100,complete,,,,61.11,73.61,68.75,70.37,100,51.9,5,5,100,Mar-26,2026-03-31,2026-07-25,scraped_at,155,44.82,0.82,1.72,10.36,-82.59,,2.66,42.16,29,30,33.33,moderate,-1.85,6.86,17.31,65.12,5.25B,341.24K,8.07,0.54,-2.42,13.26,4.31,3.74,strong_up,6.86% period return; PE 8.07; EPS 13.26; margin 4.31%
2026-09-02,"PAPER, BOARD & PACKAGING",GEMPAPL,Pak Agro Packaging Limited(GEM),unknown,6,10,moderate,10 scored members; moderate peer-count confidence,quarterly quality unavailable,46.76,46.76,v3_quarterly_quality,90,0,6,0,low,,,,41.67,50,50,33.33,50,,0,5,0,,,,,,,,,,,,1.76,27.95,29,30,55.56,moderate,0,-0.19,57.14,16.67,210M,21.33K,,,,,,,flat,limited data 0/6; -0.19% period return
2026-09-02,"PAPER, BOARD & PACKAGING",IPAK,International Packaging Films Limited,unknown,4,10,moderate,10 scored members; moderate peer-count confidence,,57.35,57.35,v3_quarterly_quality,100,5,6,83.33,partial,,,,86.11,33.33,62.5,74.07,50,61.9,3,5,60,Mar-26,2026-03-31,2026-07-25,scraped_at,155,,13.68,,16.65,-393.74,,1.39,22.06,29,30,88.89,low,2.16,4.02,3.01,73.69,28.54B,567.72K,10.2,2.23,,3.81,7.22,1.47,up,4.02% period return; PE 10.2; EPS 3.81; margin 7.22%
2026-09-02,"PAPER, BOARD & PACKAGING",MACFL,MACPAC Films Limited,unknown,7,10,moderate,10 scored members; moderate peer-count confidence,,41.21,41.21,v3_quarterly_quality,100,6,6,100,complete,,,,52.78,16.39,43.75,70.37,37.5,59.05,5,5,100,Mar-26,2026-03-31,2026-07-25,scraped_at,155,39.64,5.7,1.14,10.84,50.59,,6.03,95.8,29,30,0,high,7.91,-11.72,59.75,220.65,3.71B,3.35M,29.36,1.59,6.05,2.13,1.96,0.8,strong_down,-11.72% period return; PE 29.36; EPS 2.13; margin 1.96%
2026-09-02,"PAPER, BOARD & PACKAGING",MERIT,Merit Packaging Limited,unknown,8,10,moderate,10 scored members; moderate peer-count confidence,,36.4,36.4,v3_quarterly_quality,100,6,6,100,complete,,,,58.33,66.67,0,22.22,25,37.62,5,5,100,Mar-26,2026-03-31,2026-07-25,scraped_at,155,21.64,-14.33,1.23,-43.52,23.67,,1.54,24.4,29,30,77.78,low,0.84,-1.83,52.54,35.63,1.93B,37.88K,-5.51,0.82,0.01,-1.75,-10.52,0,down,-1.83% period return; PE -5.51; EPS -1.75; margin -10.52%
2026-09-02,"PAPER, BOARD & PACKAGING",PKGS,Packages Limited,unknown,5,10,moderate,10 scored members; moderate peer-count confidence,,49.3,49.3,v3_quarterly_quality,100,6,6,100,complete,,,,47.22,36.94,68.75,44.44,62.5,22.86,5,5,100,Mar-26,2026-03-31,2026-07-25,scraped_at,155,152.24,1.56,0.97,8.46,-173.62,,1.14,18.15,29,30,100,low,-0.75,-3.64,11.15,22.87,68.75B,24.46K,21.16,0.99,0.98,36.35,1.59,2.08,down,weak quality 22.86 (5/5); -3.64% period return; PE 21.16; EPS 36.35
2026-09-02,"PAPER, BOARD & PACKAGING",PPP,Pakistan Paper Products Limited,unknown,1,10,moderate,10 scored members; moderate peer-count confidence,quarterly quality unavailable,76.44,76.44,v3_quarterly_quality,90,6,6,100,complete,,,,86.11,67.22,87.5,40.74,87.5,,0,5,0,,,,,,,,,,,,3.22,51.09,29,30,11.11,high,11.83,17.75,18.76,72.1,1.25B,124.65K,8.86,0.69,0.32,17.67,7.84,3.19,strong_up,17.75% period return; PE 8.86; EPS 17.67; margin 7.84%
2026-09-02,"PAPER, BOARD & PACKAGING",RPL,Roshan Packages Limited,unknown,9,10,moderate,10 scored members; moderate peer-count confidence,,36.22,36.22,v3_quarterly_quality,100,6,6,100,complete,,,,25,50,25,44.44,25,55.24,5,5,100,Mar-26,2026-03-31,2026-07-25,scraped_at,155,24.14,0.17,1.51,13.02,-85.15,,1.59,25.2,29,30,66.67,moderate,-2.78,-5.97,59.15,31.17,2.23B,129.98K,124.92,0.25,-34.33,0.13,0.16,0,strong_down,-5.97% period return; PE 124.92; EPS 0.13; margin 0.16%
2026-09-02,"PAPER, BOARD & PACKAGING",SPEL,SPEL Limited,unknown,3,10,moderate,10 scored members; moderate peer-count confidence,,65.03,65.03,v3_quarterly_quality,100,6,6,100,complete,,,,27.78,68.33,81.25,48.15,75,77.14,5,5,100,Mar-26,2026-03-31,2026-07-25,scraped_at,155,10.93,19.23,3.26,3.92,16.01,,2.7,42.81,29,30,22.22,high,0.37,-8.66,90.25,33.36,8.77B,176.94K,7.32,1.2,0.17,6,12.08,2.28,strong_down,strong quality 77.14 (5/5); -8.66% period return; PE 7.32; EPS 6
2026-09-02,PHARMACEUTICALS,ABOT,Abbott Laboratories (Pakistan) Limited,unknown,4,14,moderate,14 scored members; moderate peer-count confidence,,62.14,62.14,v3_quarterly_quality,100,6,6,100,complete,,,,59.62,58.48,72.73,61.54,54.55,69.64,5,5,100,Mar-26,2026-03-31,2026-07-25,scraped_at,155,1.55,27.67,2.21,9.01,56.29,,1.26,19.98,29,30,53.85,moderate,-1.01,0.31,40.16,13.32,91.09B,134.42K,10.64,2.84,0.78,87.47,11.12,4.3,flat,0.31% period return; PE 10.64; EPS 87.47; margin 11.12%
2026-09-02,PHARMACEUTICALS,AGP,AGP Limited,unknown,6,14,moderate,14 scored members; moderate peer-count confidence,quarterly quality unavailable,53.47,53.47,v3_quarterly_quality,90,6,6,100,complete,,,,11.54,59.7,50,69.23,72.73,,0,5,0,,,,,,,,,,,,1.48,23.49,29,30,30.77,high,-1.21,-14.72,58.68,0.62,45.64B,472.06K,12.21,3.04,0.24,13.36,13.5,4.91,strong_down,-14.72% period return; PE 12.21; EPS 13.36; margin 13.5%
2026-09-02,PHARMACEUTICALS,BFBIO,BF Biosciences Limited,unknown,7,14,moderate,14 scored members; moderate peer-count confidence,,52.21,52.21,v3_quarterly_quality,100,0,6,0,low,,,,59.62,50,50,51.28,50,56.36,5,5,100,Mar-26,2026-03-31,2026-07-25,scraped_at,155,34.92,12.13,1.99,78.75,52.17,,1.49,23.64,29,30,23.08,high,-0.32,1.22,36.31,5.31,11.53B,156.79K,,,,,,,up,limited data 0/6; 1.22% period return
2026-09-02,PHARMACEUTICALS,CPHL,Citi Pharma Ltd.,unknown,8,14,moderate,14 scored members; moderate peer-count confidence,,51,51,v3_quarterly_quality,100,5,6,83.33,partial,,,,63.46,53.03,27.27,79.49,63.64,20.91,5,5,100,Mar-26,2026-03-31,2026-07-25,scraped_at,155,34.39,10.07,1.28,6.68,32.01,,1.29,20.52,29,30,46.15,moderate,1.73,0,40.39,7.23,16.97B,978.67K,15.47,1.55,,4.8,7.92,4.71,flat,weak quality 20.91 (5/5); 0% period return; PE 15.47; EPS 4.8
2026-09-02,PHARMACEUTICALS,FEROZ,Ferozsons Laboratories Limited,unknown,10,14,moderate,14 scored members; moderate peer-count confidence,,44.59,44.59,v3_quarterly_quality,100,6,6,100,complete,,,,63.46,52.73,22.73,46.15,27.27,72.73,2,5,40,Mar-26,2026-03-31,2026-07-25,scraped_at,155,,,,24.85,36.19,,1.57,24.91,29,30,15.38,high,1.16,-8.48,33.78,21.18,15.43B,7.42K,16.39,1.19,0.73,21.66,4.15,1.13,strong_down,-8.48% period return; PE 16.39; EPS 21.66; margin 4.15%
2026-09-02,PHARMACEUTICALS,GLAXO,GlaxoSmithKline Pakistan Limited,unknown,1,14,moderate,14 scored members; moderate peer-count confidence,,72.96,72.96,v3_quarterly_quality,100,6,6,100,complete,,,,38.46,81.82,77.27,66.67,90.91,64.36,5,5,100,Mar-26,2026-03-31,2026-07-25,scraped_at,155,1.13,32.59,2.14,10.13,29.79,,1.14,18.12,29,30,76.92,low,-1.01,-7.08,41.22,11.12,103.72B,340.21K,9.96,3.01,0.19,32.69,15.51,5.83,strong_down,-7.08% period return; PE 9.96; EPS 32.69; margin 15.51%
2026-09-02,PHARMACEUTICALS,HALEON,Haleon Pakistan Limited,unknown,5,14,moderate,14 scored members; moderate peer-count confidence,,55.29,55.29,v3_quarterly_quality,100,6,6,100,complete,,,,46.15,48.18,86.36,48.72,45.45,50.91,5,5,100,Mar-26,2026-03-31,2026-07-25,scraped_at,155,1.78,46.61,1.51,8.63,24.12,,0.81,12.81,29,30,92.31,low,-0.26,-6.19,40.64,9.64,84.06B,53.62K,12.73,5.18,0.21,56.41,16.05,4.18,strong_down,-6.19% period return; PE 12.73; EPS 56.41; margin 16.05%
2026-09-02,PHARMACEUTICALS,HINOON,Highnoon Laboratories Limited,unknown,3,14,moderate,14 scored members; moderate peer-count confidence,,66.05,66.05,v3_quarterly_quality,100,6,6,100,complete,,,,67.31,46.97,81.82,61.54,81.82,53.27,5,5,100,Mar-26,2026-03-31,2026-07-25,scraped_at,155,4.4,33.44,3.01,7.98,22.1,,1.21,19.18,29,30,69.23,low,-0.9,-5.39,32.23,22.51,49.04B,17.08K,12.38,3.81,0.29,74.76,14,5.4,strong_down,-5.39% period return; PE 12.38; EPS 74.76; margin 14%
2026-09-02,PHARMACEUTICALS,HPL,Hoechst Pakistan Limited,unknown,2,14,moderate,14 scored members; moderate peer-count confidence,,71.41,71.41,v3_quarterly_quality,100,6,6,100,complete,,,,78.85,60,81.82,20.51,100,61.64,5,5,100,Mar-26,2026-03-31,2026-07-25,scraped_at,155,3.62,38.81,1.62,10.74,48.22,,0.93,14.81,29,30,84.62,low,0.1,0.43,21.94,11.33,38.68B,369.4,10.32,4.52,0.23,388.64,11.95,5.99,flat,0.43% period return; PE 10.32; EPS 388.64; margin 11.95%
2026-09-02,PHARMACEUTICALS,IBLHL,IBL HealthCare Limited,unknown,14,14,moderate,14 scored members; moderate peer-count confidence,,26.59,26.59,v3_quarterly_quality,100,6,6,100,complete,,,,36.54,30.61,9.09,35.9,18.18,44.18,5,5,100,Mar-26,2026-03-31,2026-07-25,scraped_at,155,15.82,10,1.99,25.72,-702.5,,1.86,29.45,29,30,0,high,-1.17,-7.36,88.33,26.58,4.49B,79.97K,18.68,1.8,4.79,2.44,5.36,0,strong_down,-7.36% period return; PE 18.68; EPS 2.44; margin 5.36%
2026-09-02,PHARMACEUTICALS,LIVEN,Liven Pharma Limited,unknown,9,14,moderate,14 scored members; moderate peer-count confidence,quarterly quality unavailable,45.26,45.26,v3_quarterly_quality,90,0,6,0,low,,,,48.08,50,50,10.26,50,,0,5,0,,,,,,,,,,,,1.24,19.75,29,30,61.54,moderate,0.88,-6.78,123.49,19.66,3.76B,10.14K,,,,,,,strong_down,limited data 0/6; -6.78% period return
2026-09-02,PHARMACEUTICALS,MACTER,Macter International Limited,unknown,11,14,moderate,14 scored members; moderate peer-count confidence,,39.56,39.56,v3_quarterly_quality,100,6,6,100,complete,,,,38.46,47.27,31.82,41.03,36.36,42.36,5,5,100,Mar-26,2026-03-31,2026-07-25,scraped_at,155,22.38,19.08,1.87,21.11,21.26,,0.74,11.75,29,30,100,low,-0.2,-5.16,67,4.1,12.17B,4.63K,14.92,3.01,0.27,17.8,6.82,1.43,strong_down,-5.16% period return; PE 14.92; EPS 17.8; margin 6.82%
2026-09-02,PHARMACEUTICALS,OTSU,Otsuka Pakistan Limited,unknown,12,14,moderate,14 scored members; moderate peer-count confidence,,38.73,38.73,v3_quarterly_quality,100,6,6,100,complete,,,,67.31,27.88,50,33.33,18.18,46.91,5,5,100,Mar-26,2026-03-31,2026-07-25,scraped_at,155,113.36,38.63,1.1,12.37,957.58,,1.6,25.38,29,30,7.69,high,-6.16,-3.85,16.37,50.29,4.75B,17.4K,13.63,4.41,1.86,28.78,8.39,0,down,-3.85% period return; PE 13.63; EPS 28.78; margin 8.39%
2026-09-02,PHARMACEUTICALS,SEARL,The Searle Company Limited,unknown,13,14,moderate,14 scored members; moderate peer-count confidence,,28.47,28.47,v3_quarterly_quality,100,6,6,100,complete,,,,21.15,30.3,9.09,92.31,18.18,30.36,5,5,100,Mar-26,2026-03-31,2026-07-25,scraped_at,155,22.68,3.57,1.7,23.62,-158.27,,1.43,22.78,29,30,38.46,moderate,-1.6,-7.38,63.35,10.17,49.49B,1.86M,41.32,1.44,170.29,2.04,6.01,0,strong_down,-7.38% period return; PE 41.32; EPS 2.04; margin 6.01%
2026-09-02,POWER GENERATION & DISTRIBUTION,EPQL,Engro Powergen Qadirpur Limited,unknown,4,7,moderate,7 scored members; moderate peer-count confidence,,53.85,53.85,v3_quarterly_quality,100,6,6,100,complete,,,,20.83,50,33.33,55.56,100,60,5,5,100,Mar-26,2026-03-31,2026-07-25,scraped_at,155,17.52,5.12,1.48,-9.89,-68.99,,1.52,24.06,29,30,83.33,low,-2.27,-9.5,45.15,8.07,7.8B,204.48K,10.8,0.67,-4.74,2.23,5.69,11.41,strong_down,-9.5% period return; PE 10.8; EPS 2.23; margin 5.69%
2026-09-02,POWER GENERATION & DISTRIBUTION,GEMMEL,Mughal Energy Limited(GEM),unknown,3,7,moderate,7 scored members; moderate peer-count confidence,quarterly quality unavailable,53.86,53.86,v3_quarterly_quality,90,0,6,0,low,,,,91.67,50,50,22.22,50,,0,5,0,,,,,,,,,,,,4.08,64.81,29,30,16.67,high,11.33,28.93,11.21,83.61,6.81B,1.88K,,,,,,,strong_up,limited data 0/6; 28.93% period return
2026-09-02,POWER GENERATION & DISTRIBUTION,HUBC,The Hub Power Company Limited,unknown,1,7,moderate,7 scored members; moderate peer-count confidence,,68.29,68.29,v3_quarterly_quality,100,6,6,100,complete,,,,54.17,50,100,83.33,66.67,60,5,5,100,Mar-26,2026-03-31,2026-07-25,scraped_at,155,30.86,20.57,1.55,-30.45,-14.03,,1.62,25.76,29,30,66.67,moderate,-0.05,-5.68,20.53,26.86,269.04B,3.42M,5.42,1.14,-3.54,38.26,69.78,9.64,strong_down,-5.68% period return; PE 5.42; EPS 38.26; margin 69.78%
2026-09-02,POWER GENERATION & DISTRIBUTION,KEL,K-Electric Limited,unknown,7,7,moderate,7 scored members; moderate peer-count confidence,quarterly fundamentals stale,27.5,27.5,v3_quarterly_quality,100,5,6,83.33,partial,,,,50,16.67,0,66.67,33.33,25,5,5,100,Jun-24,2024-06-30,2026-07-25,scraped_at,794,235.41,3.69,0.7,18.38,-113.36,,1.48,23.52,29,30,100,low,-1.39,-2.47,34.55,43.26,196.62B,15.44M,17.07,1.71,,0.42,2.19,0,down,weak quality 25 (5/5); -2.47% period return; PE 17.07; EPS 0.42
2026-09-02,POWER GENERATION & DISTRIBUTION,KOHE,Kohinoor Energy Limited,unknown,2,7,moderate,7 scored members; moderate peer-count confidence,,57.42,57.42,v3_quarterly_quality,100,6,6,100,complete,,,,41.67,83.33,66.67,33.33,33.33,70,5,5,100,Mar-26,2026-03-31,2026-07-25,scraped_at,155,17.97,15.65,2.79,-19.16,-26.43,,2.07,32.9,29,30,50,moderate,-0.06,-0.58,52.14,25.22,2.62B,136.22K,3.92,0.58,-0.36,3.94,15.83,0,flat,strong quality 70 (5/5); -0.58% period return; PE 3.92; EPS 3.94
2026-09-02,POWER GENERATION & DISTRIBUTION,SEL,Sitara Energy Limited,unknown,5,7,moderate,7 scored members; moderate peer-count confidence,,49.33,49.33,v3_quarterly_quality,100,0,6,0,low,,,,66.67,50,50,33.33,50,35,5,5,100,Mar-26,2026-03-31,2026-07-25,scraped_at,155,28.58,27,1.02,-88.02,-760,,2.57,40.74,29,30,33.33,moderate,1.36,-0.07,60.54,101.28,541.83M,6.99K,,,,,,,flat,limited data 0/6; -0.07% period return
2026-09-02,POWER GENERATION & DISTRIBUTION,SGPL,S.G. Power Limited,unknown,6,7,moderate,7 scored members; moderate peer-count confidence,quarterly quality unavailable,47.07,47.07,v3_quarterly_quality,90,0,6,0,low,,,,25,50,50,61.11,50,,0,5,0,,,,,,,,,,,,13.18,209.2,29,30,0,high,-6.68,-62.35,381.25,181.72,478.29M,4.13M,,,,,,,strong_down,limited data 0/6; -62.35% period return
2026-09-02,PROPERTY,BRRG,B.R.R Guardian Limited,unknown,2,2,low,2 scored members; low peer-count confidence,quarterly quality unavailable; small sector peer group,39.81,39.81,v3_quarterly_quality,90,0,6,0,low,,,,0,50,50,33.33,50,,0,5,0,,,,,,,,,,,,2.27,36.02,29,30,0,high,-3.31,-4.38,17.15,58,4.36B,50.52K,,,,,,,down,limited data 0/6; -4.38% period return
2026-09-02,PROPERTY,JVDC,Javedan Corporation Limited,unknown,1,2,low,2 scored members; low peer-count confidence,quarterly quality unavailable; small sector peer group,63.89,63.89,v3_quarterly_quality,90,6,6,100,complete,,,,100,50,50,100,50,,0,5,0,Mar-26,2026-03-31,2026-07-25,scraped_at,155,24.84,15.4,1.62,54.82,68.62,,1.57,24.84,29,30,100,low,-0.4,-1.96,15.76,117.31,53.92B,518.33K,13.27,1.94,-0.01,10.67,38.34,3.53,down,-1.96% period return; PE 13.27; EPS 10.67; margin 38.34%
2026-09-02,REAL ESTATE INVESTMENT TRUST,DCR,Dolmen City REIT,unknown,1,4,low,4 scored members; low peer-count confidence,quarterly quality unavailable; small sector peer group,57.56,57.56,v3_quarterly_quality,90,5,6,83.33,partial,,,,91.67,50,50,55.56,50,,0,5,0,,,,,,,,,,,,1,15.92,29,30,33.33,moderate,0.82,7.22,3.58,35.1,90.13B,833.23K,17.54,1.18,,2.31,78.71,6.37,strong_up,7.22% period return; PE 17.54; EPS 2.31; margin 78.71%
2026-09-02,REAL ESTATE INVESTMENT TRUST,IREIT,Image Reit,unknown,4,4,low,4 scored members; low peer-count confidence,quarterly quality unavailable; small sector peer group,42.75,42.75,v3_quarterly_quality,90,0,6,0,low,,,,25,50,50,22.22,50,,0,5,0,,,,,,,,,,,,0.39,6.24,29,30,100,low,-0.25,-0.99,63.53,9.92,2.2B,264.97K,,,,,,,flat,limited data 0/6; -0.99% period return
2026-09-02,REAL ESTATE INVESTMENT TRUST,SRR,Signature Residency Reit,unknown,2,4,low,4 scored members; low peer-count confidence,quarterly quality unavailable; small sector peer group,50.93,50.93,v3_quarterly_quality,90,0,6,0,low,,,,66.67,50,50,33.33,50,,0,5,0,,,,,,,,,,,,0.71,11.28,29,30,66.67,moderate,1.86,3.59,23.46,11.47,561.33M,289.71K,,,,,,,up,limited data 0/6; 3.59% period return
2026-09-02,REAL ESTATE INVESTMENT TRUST,TPLRF1,TPL REIT Fund I,unknown,3,4,low,4 scored members; low peer-count confidence,quarterly quality unavailable; small sector peer group,48.77,48.77,v3_quarterly_quality,90,0,6,0,low,,,,16.67,50,50,88.89,50,,0,5,0,,,,,,,,,,,,1.85,29.3,29,30,0,high,-1.44,-8.65,91.36,28.13,17.63B,3.32M,,,,,,,strong_down,limited data 0/6; -8.65% period return
2026-09-02,REFINERY,ATRL,Attock Refinery Limited,unknown,1,4,low,4 scored members; low peer-count confidence,small sector peer group,72.78,72.78,v3_quarterly_quality,100,6,6,100,complete,,,,33.33,61.11,100,66.67,100,58.33,4,5,80,Mar-26,2026-03-31,2026-07-25,scraped_at,155,,13.37,1.96,-12.38,148.1,,3.07,48.67,29,30,100,low,-1.97,19.84,5.52,95.53,124.48B,1.4M,4.78,0.67,-0.01,244.45,7.63,1.5,strong_up,19.84% period return; PE 4.78; EPS 244.45; margin 7.63%
2026-09-02,REFINERY,CNERGY,Cnergyico PK  Limited,unknown,3,4,low,4 scored members; low peer-count confidence,small sector peer group,45.42,45.42,v3_quarterly_quality,100,6,6,100,complete,,,,58.33,44.44,16.67,55.56,66.67,33.33,5,5,100,Mar-26,2026-03-31,2026-07-25,scraped_at,155,11.58,7.14,0.78,11.87,-2235.8,,3.66,58.08,29,30,66.67,moderate,-1.94,32.07,7.44,149.74,80.53B,149.98M,5.27,0.36,0.09,2.78,4.49,0,strong_up,32.07% period return; PE 5.27; EPS 2.78; margin 4.49%
2026-09-02,REFINERY,NRL,National Refinery Limited,unknown,4,4,low,4 scored members; low peer-count confidence,small sector peer group,39.92,39.92,v3_quarterly_quality,100,6,6,100,complete,,,,8.33,44.44,33.33,22.22,66.67,53.33,5,5,100,Mar-26,2026-03-31,2026-07-25,scraped_at,155,114.88,16.31,0.82,25.2,-138.19,,4,63.52,29,30,33.33,moderate,-4.28,17.32,10.76,102.53,41.95B,5.84M,6.8,0.74,0.02,77.09,1.4,0,strong_up,17.32% period return; PE 6.8; EPS 77.09; margin 1.4%
2026-09-02,REFINERY,PRL,Pakistan Refinery Limited,unknown,2,4,low,4 scored members; low peer-count confidence,small sector peer group,62.06,62.06,v3_quarterly_quality,100,6,6,100,complete,,,,100,50,50,55.56,66.67,56.67,5,5,100,Mar-26,2026-03-31,2026-07-25,scraped_at,155,99.64,39.5,1.08,-0.34,-307.08,,4.17,66.13,29,30,0,high,1.34,66.18,3.24,354.27,66.4B,38.12M,4.21,1.55,0.03,25.05,4.5,0,strong_up,66.18% period return; PE 4.21; EPS 25.05; margin 4.5%
2026-09-02,SUGAR & ALLIED INDUSTRIES,ADAMS,Adam Sugar Mills Limited,unknown,8,18,high,18 scored members; high peer-count confidence,quarterly quality unavailable,55.3,55.3,v3_quarterly_quality,90,6,6,100,complete,,,,42.65,57.41,32.35,37.25,94.12,,0,5,0,,,,,,,,,,,,1.78,28.2,29,30,70.59,low,-6.26,1.23,38.67,14.6,1.13B,2.29K,-11.06,0.18,1.05,-5.93,-1.01,6.1,up,1.23% period return; PE -11.06; EPS -5.93; margin -1.01%
2026-09-02,SUGAR & ALLIED INDUSTRIES,ALNRS,Al-Noor Sugar Mills Limited,unknown,7,18,high,18 scored members; high peer-count confidence,,56.86,56.86,v3_quarterly_quality,100,6,6,100,complete,,,,73.53,45.49,50,45.1,70.59,58.33,5,5,100,Mar-26,2026-03-31,2026-07-25,scraped_at,155,119.02,3.99,1.09,-10.22,-88.21,,1.85,29.39,29,30,64.71,moderate,0.01,-4.6,18.02,43.27,2.5B,650.5,14.9,0.35,-5.4,8.19,0.99,3.28,down,-4.6% period return; PE 14.9; EPS 8.19; margin 0.99%
2026-09-02,SUGAR & ALLIED INDUSTRIES,BAFS,Baba Farid Sugar Mills Limited,unknown,17,18,high,18 scored members; high peer-count confidence,,40.48,40.48,v3_quarterly_quality,100,6,6,100,complete,,,,52.94,35.29,23.53,39.22,52.94,45,5,5,100,Mar-26,2026-03-31,2026-07-25,scraped_at,155,175.49,35.06,1.02,-14.78,-249.48,,3.71,58.85,29,30,17.65,high,-4.09,-18.66,30.11,174.71,4.7B,1.07K,-44.24,2.59,-27.42,-11.24,-2.1,0.4,strong_down,-18.66% period return; PE -44.24; EPS -11.24; margin -2.1%
2026-09-02,SUGAR & ALLIED INDUSTRIES,CHAS,Chashma Sugar Mills Limited,unknown,16,18,high,18 scored members; high peer-count confidence,,40.58,40.58,v3_quarterly_quality,100,6,6,100,complete,,,,38.24,62.75,5.88,49.02,47.06,36.67,5,5,100,Mar-26,2026-03-31,2026-07-25,scraped_at,155,213.15,-12.74,0.81,4.75,-64.43,,3.26,51.76,29,30,23.53,high,-0.01,-15.6,95.39,46.65,2.36B,5.71K,-1.56,0.23,-0.05,-52.68,-4.41,0,strong_down,-15.6% period return; PE -1.56; EPS -52.68; margin -4.41%
2026-09-02,SUGAR & ALLIED INDUSTRIES,FRSM,Faran Sugar Mills Limited,unknown,6,18,high,18 scored members; high peer-count confidence,,57.78,57.78,v3_quarterly_quality,100,6,6,100,complete,,,,33.82,80.98,70.59,50.98,47.06,38.33,5,5,100,Jun-26,2026-06-30,2026-07-25,scraped_at,64,225.64,17.99,0.67,5.98,-170.27,,2.31,36.7,29,30,52.94,moderate,-4.31,-8.02,58.7,16.89,1.58B,5.28K,3.98,0.72,0.01,10.06,3.35,0,strong_down,-8.02% period return; PE 3.98; EPS 10.06; margin 3.35%
2026-09-02,SUGAR & ALLIED INDUSTRIES,HRPL,Habib Rice Product Limited.,unknown,13,18,high,18 scored members; high peer-count confidence,quarterly quality unavailable,43.37,43.37,v3_quarterly_quality,90,6,6,100,complete,,,,58.82,48.69,17.65,50.98,47.06,,0,5,0,,,,,,,,,,,,1.43,22.77,29,30,82.35,low,-1.36,4,69.41,32.28,873.6M,222.67K,-7.07,1.17,0.31,-3.09,-5.61,0,up,4% period return; PE -7.07; EPS -3.09; margin -5.61%
2026-09-02,SUGAR & ALLIED INDUSTRIES,JDWS,JDW Sugar Mills Limited,unknown,2,18,high,18 scored members; high peer-count confidence,,72.68,72.68,v3_quarterly_quality,100,6,6,100,complete,,,,69.12,57.1,97.06,43.14,88.24,66.67,5,5,100,Mar-26,2026-03-31,2026-07-25,scraped_at,155,172.13,27.39,1.09,-6.4,23.88,,0.74,11.78,29,30,100,low,1.12,-0.8,11,15.38,52B,59.8,5.55,1.38,0.19,162.29,7.18,5.56,flat,-0.8% period return; PE 5.55; EPS 162.29; margin 7.18%
2026-09-02,SUGAR & ALLIED INDUSTRIES,JSML,Jauharabad Sugar Mills Limited,unknown,12,18,high,18 scored members; high peer-count confidence,quarterly quality unavailable,46.14,46.14,v3_quarterly_quality,90,6,6,100,complete,,,,13.24,49.15,52.94,72.55,47.06,,0,5,0,,,,,,,,,,,,2.75,43.65,29,30,41.18,moderate,-6.86,-13.33,164.81,15.58,1.9B,25.64K,14.26,0.2,0.74,3.91,1.36,0,strong_down,-13.33% period return; PE 14.26; EPS 3.91; margin 1.36%
2026-09-02,SUGAR & ALLIED INDUSTRIES,KPUS,Khairpur Sugar Mills Limited,unknown,18,18,high,18 scored members; high peer-count confidence,,33.19,33.19,v3_quarterly_quality,100,6,6,100,complete,,,,38.24,0,50,47.06,47.06,33.33,5,5,100,Mar-26,2026-03-31,2026-07-25,scraped_at,155,86.3,1.86,1.07,-23.97,-357.14,,4.84,76.88,29,30,0,high,-1.82,-26.74,241.58,624.83,13.36B,1.21K,146.87,3.34,5.64,5.68,1.21,0,strong_down,-26.74% period return; PE 146.87; EPS 5.68; margin 1.21%
2026-09-02,SUGAR & ALLIED INDUSTRIES,MIRKS,Mirpurkhas Sugar Mills Limited,unknown,11,18,high,18 scored members; high peer-count confidence,,47.76,47.76,v3_quarterly_quality,100,6,6,100,complete,,,,80.88,47.06,17.65,72.55,47.06,36.67,5,5,100,Mar-26,2026-03-31,2026-07-25,scraped_at,155,400.65,0.11,0.83,6.42,-100.15,,1.64,25.99,29,30,76.47,low,2.71,1.23,34.21,47.98,2.19B,10.73K,-5.34,0.88,-0.1,-6.17,-3.48,0,up,1.23% period return; PE -5.34; EPS -6.17; margin -3.48%
2026-09-02,SUGAR & ALLIED INDUSTRIES,MRNS,Mehran Sugar Mills Limited,unknown,1,18,high,18 scored members; high peer-count confidence,,74.47,74.47,v3_quarterly_quality,100,5,6,83.33,partial,,,,44.12,61.76,91.18,78.43,100,63.33,5,5,100,Mar-26,2026-03-31,2026-07-25,scraped_at,155,64.9,36.16,1.38,-17.92,-317.43,,1.25,19.91,29,30,88.24,low,-2.42,-4.77,55.39,15.63,4.53B,13.96K,3.15,0.92,,19.23,11.82,10.74,down,-4.77% period return; PE 3.15; EPS 19.23; margin 11.82%
2026-09-02,SUGAR & ALLIED INDUSTRIES,NONS,Noon Sugar Mills Limited,unknown,5,18,high,18 scored members; high peer-count confidence,,59.34,59.34,v3_quarterly_quality,100,6,6,100,complete,,,,39.71,57.17,70.59,45.1,76.47,51.67,5,5,100,Mar-26,2026-03-31,2026-07-25,scraped_at,155,317.23,32.44,0.82,17.04,-184.11,,1.89,30.05,29,30,58.82,moderate,-1.95,-6.32,86.31,20.42,1.39B,6.87K,4.5,0.74,0.68,18.72,2.44,4.74,strong_down,-6.32% period return; PE 4.5; EPS 18.72; margin 2.44%
2026-09-02,SUGAR & ALLIED INDUSTRIES,PMRS,The Premier Sugar Mills,unknown,14,18,high,18 scored members; high peer-count confidence,quarterly quality unavailable,41.53,41.53,v3_quarterly_quality,90,6,6,100,complete,,,,54.41,58.82,11.76,27.45,47.06,,0,5,0,,,,,,,,,,,,3.24,51.46,29,30,29.41,high,3.35,-9.38,94.64,47.93,1.61B,1.18K,-1.9,0.35,-0.05,-226.21,-2.28,0,strong_down,-9.38% period return; PE -1.9; EPS -226.21; margin -2.28%
2026-09-02,SUGAR & ALLIED INDUSTRIES,SANSM,Sanghar Sugar Mills Limited,unknown,4,18,high,18 scored members; high peer-count confidence,quarterly quality unavailable,63.43,63.43,v3_quarterly_quality,90,6,6,100,complete,,,,75,71.2,70.59,45.1,47.06,,0,5,0,,,,,,,,,,,,3.14,49.91,29,30,35.29,moderate,-0.02,-6,21.92,134.01,1.46B,459.6,7.52,0.45,0.07,16.24,3.1,0,strong_down,-6% period return; PE 7.52; EPS 16.24; margin 3.1%
2026-09-02,SUGAR & ALLIED INDUSTRIES,SASML,Sindh Abadgars Sugar Mills Limited,unknown,15,18,high,18 scored members; high peer-count confidence,,40.86,40.86,v3_quarterly_quality,100,6,6,100,complete,,,,41.18,39.22,14.71,45.1,58.82,56.67,5,5,100,Mar-26,2026-03-31,2026-07-25,scraped_at,155,107.67,2.14,1.05,6.94,-119.28,,4.21,66.91,29,30,11.76,high,-8.25,-9.92,40.58,103.39,3.48B,174.2,-24.23,1.39,-13.36,-13.78,-3.02,0.6,strong_down,-9.92% period return; PE -24.23; EPS -13.78; margin -3.02%
2026-09-02,SUGAR & ALLIED INDUSTRIES,SHSML,Shahmurad Sugar Mills Limited,unknown,3,18,high,18 scored members; high peer-count confidence,,66.3,66.3,v3_quarterly_quality,100,6,6,100,complete,,,,55.88,54.79,85.29,56.86,82.35,50,5,5,100,Mar-26,2026-03-31,2026-07-25,scraped_at,155,64.44,6.98,1.52,-23.25,-6800,,1.21,19.2,29,30,94.12,low,1.33,-2.75,46.44,15,7.92B,89.4,10.22,0.61,0.38,36.69,3.58,5.33,down,-2.75% period return; PE 10.22; EPS 36.69; margin 3.58%
2026-09-02,SUGAR & ALLIED INDUSTRIES,TCORP,Tariq Corporation Limited,unknown,10,18,high,18 scored members; high peer-count confidence,,48.89,48.89,v3_quarterly_quality,100,6,6,100,complete,,,,32.35,50.2,47.06,66.67,47.06,60,5,5,100,Mar-26,2026-03-31,2026-07-25,scraped_at,155,23.81,1.51,0.82,8.22,-89.38,,2.73,43.3,29,30,47.06,moderate,-2.44,-14.12,59.75,27.72,1.64B,60.78K,12.28,0.43,-0.76,1.62,1.24,0,strong_down,-14.12% period return; PE 12.28; EPS 1.62; margin 1.24%
2026-09-02,SUGAR & ALLIED INDUSTRIES,TICL,The Thal Industries Corporation Limited,unknown,9,18,high,18 scored members; high peer-count confidence,,54.84,54.84,v3_quarterly_quality,100,6,6,100,complete,,,,55.88,20.96,91.18,47.06,64.71,53.33,5,5,100,Mar-26,2026-03-31,2026-07-25,scraped_at,155,85.56,22.96,1.33,-12.94,-2236.72,,4.4,69.91,29,30,5.88,high,-4.45,-7.88,32.02,108.58,17.3B,1.69K,10.71,1.4,1.22,107.5,4.88,0.87,strong_down,-7.88% period return; PE 10.71; EPS 107.5; margin 4.88%
2026-09-02,SYNTHETIC & RAYON,GATI,Gatron (Industries) Limited,unknown,3,5,moderate,5 scored members; moderate peer-count confidence,,60.29,60.29,v3_quarterly_quality,100,6,6,100,complete,,,,62.5,58.33,25,66.67,100,46.67,5,5,100,Mar-26,2026-03-31,2026-07-25,scraped_at,155,117.6,-9.44,0.99,8.75,-22.77,,3.14,49.77,29,30,75,low,-0.16,11.39,44.37,49.48,10.17B,27.38K,-8.77,0.86,-6.09,-10.67,-4.01,0,strong_up,11.39% period return; PE -8.77; EPS -10.67; margin -4.01%
2026-09-02,SYNTHETIC & RAYON,IBFL,Ibrahim Fibres Limited,unknown,2,5,moderate,5 scored members; moderate peer-count confidence,,61.67,61.67,v3_quarterly_quality,100,6,6,100,complete,,,,50,50,50,50,100,66.67,5,5,100,Mar-26,2026-03-31,2026-07-25,scraped_at,155,27.12,-0.8,2.48,-7.85,-115.06,,2.92,46.41,29,30,100,low,0.91,-9.89,50.28,49.75,82.09B,254.2,-58.2,1.45,-16.03,-4.54,-1.34,0,strong_down,-9.89% period return; PE -58.2; EPS -4.54; margin -1.34%
2026-09-02,SYNTHETIC & RAYON,NSRM,The National Silk & Rayon Mills Limited,unknown,1,5,moderate,5 scored members; moderate peer-count confidence,quarterly quality unavailable,71.53,71.53,v3_quarterly_quality,90,6,6,100,complete,,,,37.5,58.33,100,41.67,100,,0,5,0,,,,,,,,,,,,4.44,70.55,29,30,0,high,-0.54,-16.91,71.02,152.17,3.29B,510.4,31.22,2.06,0.18,6.79,4.51,0,strong_down,-16.91% period return; PE 31.22; EPS 6.79; margin 4.51%
2026-09-02,SYNTHETIC & RAYON,PSYL,Pakistan Synthetics Limited,unknown,4,5,moderate,5 scored members; moderate peer-count confidence,,56.04,56.04,v3_quarterly_quality,100,6,6,100,complete,,,,62.5,0,75,50,100,66.67,5,5,100,Mar-26,2026-03-31,2026-07-25,scraped_at,155,105.13,9.76,1.14,-8.22,-3.69,,3.37,53.52,29,30,50,moderate,-0.78,-4.22,22.49,146.82,17.89B,492.6,38.12,3.56,0.94,3.38,3.07,0,down,-4.22% period return; PE 38.12; EPS 3.38; margin 3.07%
2026-09-02,SYNTHETIC & RAYON,RUPL,Rupali Polyester Limited,unknown,5,5,moderate,5 scored members; moderate peer-count confidence,,55.12,55.12,v3_quarterly_quality,100,6,6,100,complete,,,,37.5,83.33,0,66.67,100,20,5,5,100,Mar-26,2026-03-31,2026-07-25,scraped_at,155,51.88,-12.36,0.68,-58.74,-40.3,,4.12,65.45,29,30,25,high,-5.39,0.57,41.83,30.55,1.03B,57.53K,-1.44,0.18,0.03,-20.94,-21.91,0,flat,weak quality 20 (5/5); 0.57% period return; PE -1.44; EPS -20.94
2026-09-02,TECHNOLOGY & COMMUNICATION,AIRLINK,Air Link Communication Limited,unknown,2,13,moderate,13 scored members; moderate peer-count confidence,,61.87,61.87,v3_quarterly_quality,100,5,6,83.33,partial,,,,58.33,50,62.5,58.33,100,22.86,5,5,100,Mar-26,2026-03-31,2026-07-25,scraped_at,155,177.16,31.51,1.15,-28.81,25.93,,1.72,27.32,29,30,83.33,low,-0.2,-3.01,51.06,11.64,52.07B,660.11K,9.4,2.84,,14.02,6.35,6.83,down,weak quality 22.86 (5/5); -3.01% period return; PE 9.4; EPS 14.02
2026-09-02,TECHNOLOGY & COMMUNICATION,AVN,Avanceon Limited,unknown,11,13,moderate,13 scored members; moderate peer-count confidence,quarterly quality unavailable,41.98,41.98,v3_quarterly_quality,90,6,6,100,complete,,,,25,41.67,12.5,61.11,75,,0,5,0,,,,,,,,,,,,1.84,29.2,29,30,75,low,-2.02,-7.74,86.6,9.81,12.5B,987.83K,53.74,0.85,-11.22,0.54,1.25,3.44,strong_down,-7.74% period return; PE 53.74; EPS 0.54; margin 1.25%
2026-09-02,TECHNOLOGY & COMMUNICATION,ITANZ,Itanz Technologies Limited,unknown,8,13,moderate,13 scored members; moderate peer-count confidence,quarterly quality unavailable,49.85,49.85,v3_quarterly_quality,90,0,6,0,low,,,,41.67,50,50,61.11,50,,0,5,0,,,,,,,,,,,,3.88,61.65,29,30,8.33,high,-1.21,-23.86,5.25,5.72,4.45B,1.91M,,,,,,,strong_down,limited data 0/6; -23.86% period return
2026-09-02,TECHNOLOGY & COMMUNICATION,NETSOL,NetSol Technologies Limited,unknown,1,13,moderate,13 scored members; moderate peer-count confidence,,68.65,68.65,v3_quarterly_quality,100,6,6,100,complete,,,,68.75,83.33,100,58.33,25,66.67,5,5,100,Mar-26,2026-03-31,2026-07-25,scraped_at,155,19.69,24.15,3.35,40.82,265.13,,1.64,25.96,29,30,91.67,low,-1.09,-2.04,37.39,36.66,10.76B,1.09M,3.71,0.86,0.09,32.29,21.96,0,down,-2.04% period return; PE 3.71; EPS 32.29; margin 21.96%
2026-09-02,TECHNOLOGY & COMMUNICATION,OCTOPUS,Octopus Digital Limited,unknown,10,13,moderate,13 scored members; moderate peer-count confidence,,44.99,44.99,v3_quarterly_quality,100,0,6,0,low,,,,22.92,50,50,30.56,50,60,5,5,100,Mar-26,2026-03-31,2026-07-25,scraped_at,155,0.93,3.47,5.15,-20.09,113.33,,1.34,21.28,29,30,100,low,-3.44,-9.06,97.59,17.54,4.53B,480.89K,,,,,,,strong_down,limited data 0/6; -9.06% period return
2026-09-02,TECHNOLOGY & COMMUNICATION,PAKD,Pak Datacom Limited,unknown,6,13,moderate,13 scored members; moderate peer-count confidence,,52.02,52.02,v3_quarterly_quality,100,0,6,0,low,,,,83.33,50,50,25,50,45.24,5,5,100,Mar-26,2026-03-31,2026-07-25,scraped_at,155,7,3.81,4,-10.84,-71.13,,2.88,45.67,29,30,33.33,moderate,11.58,11.85,58.71,61.58,1.63B,72.31K,,,,,,,strong_up,limited data 0/6; 11.85% period return
2026-09-02,TECHNOLOGY & COMMUNICATION,QTECH,Quantum Data Technologies Limited,unknown,4,13,moderate,13 scored members; moderate peer-count confidence,quarterly quality unavailable,52.47,52.47,v3_quarterly_quality,90,0,6,0,low,,,,66.67,50,50,47.22,50,,0,5,0,,,,,,,,,,,,3.68,58.43,29,30,16.67,high,4.45,-14.05,40.02,78.7,5.02B,1.48M,,,,,,,strong_down,limited data 0/6; -14.05% period return
2026-09-02,TECHNOLOGY & COMMUNICATION,SELECT,Select Technologies Limited,unknown,9,13,moderate,13 scored members; moderate peer-count confidence,quarterly quality unavailable,47.45,47.45,v3_quarterly_quality,90,0,6,0,low,,,,45.83,50,50,33.33,50,,0,5,0,,,,,,,,,,,,2.82,44.71,29,30,41.67,moderate,-1.49,-4.65,24.26,3.92,24.04B,263.39K,,,,,,,down,limited data 0/6; -4.65% period return
2026-09-02,TECHNOLOGY & COMMUNICATION,STL,Supernet Technologies Limited,unknown,12,13,moderate,13 scored members; moderate peer-count confidence,quarterly quality unavailable,40.86,40.86,v3_quarterly_quality,90,0,6,0,low,,,,6.25,50,50,33.33,50,,0,5,0,,,,,,,,,,,,6.2,98.43,29,30,0,high,-1.34,-36.53,9054.27,2.65,2.62B,543.74K,,,,,,,strong_down,limited data 0/6; -36.53% period return
2026-09-02,TECHNOLOGY & COMMUNICATION,SYM,Symmetry Group Limited,unknown,5,13,moderate,13 scored members; moderate peer-count confidence,,52.19,52.19,v3_quarterly_quality,100,0,6,0,low,,,,72.92,50,50,52.78,50,34.76,5,5,100,Mar-26,2026-03-31,2026-07-25,scraped_at,155,22.86,18.91,3.46,-21.22,36.3,,2.43,38.52,29,30,50,moderate,-1.32,5.47,33.86,41.29,3.63B,746.35K,,,,,,,strong_up,limited data 0/6; 5.47% period return
2026-09-02,TECHNOLOGY & COMMUNICATION,SYS,Systems Limited,unknown,3,13,moderate,13 scored members; moderate peer-count confidence,,52.88,52.88,v3_quarterly_quality,100,6,6,100,complete,,,,60.42,25,62.5,94.44,50,56.19,5,5,100,Mar-26,2026-03-31,2026-07-25,scraped_at,155,10.31,23.25,2.76,22.65,37.83,,2.04,32.37,29,30,58.33,moderate,-0.25,-4.99,37.89,19.34,186.36B,3.52M,15.75,3.02,0.2,8.03,12.79,1.58,down,-4.99% period return; PE 15.75; EPS 8.03; margin 12.79%
2026-09-02,TECHNOLOGY & COMMUNICATION,TELE,Telecard Limited,unknown,13,13,moderate,13 scored members; moderate peer-count confidence,,38.66,38.66,v3_quarterly_quality,100,6,6,100,complete,,,,56.25,50,12.5,72.22,25,30,5,5,100,Mar-26,2026-03-31,2026-07-25,scraped_at,155,14.23,8.24,1.98,-4.7,-237.34,,1.93,30.57,29,30,66.67,moderate,2.2,-6.86,78.81,26.69,2.67B,3.54M,15.52,0.61,0.61,0.51,1.67,0,strong_down,weak quality 30 (5/5); -6.86% period return; PE 15.52; EPS 0.51
2026-09-02,TECHNOLOGY & COMMUNICATION,ZAL,Zarea Limited,unknown,7,13,moderate,13 scored members; moderate peer-count confidence,,50.81,50.81,v3_quarterly_quality,100,0,6,0,low,,,,41.67,50,50,27.78,50,92.86,4,5,80,Mar-26,2026-03-31,2026-07-25,scraped_at,155,,38.28,5.22,178.13,91.19,,2.91,46.17,29,30,25,high,-0.59,-10.44,105.06,37.24,10.18B,197.52K,,,,,,,strong_down,limited data 0/6; strong quality 92.86 (4/5); -10.44% period return
2026-09-02,TEXTILE COMPOSITE,AHTM,Ahmad Hassan Textile Mills Limited,unknown,7,25,high,25 scored members; high peer-count confidence,,62.63,62.63,v3_quarterly_quality,100,6,6,100,complete,,,,70.83,53.37,62.5,33.33,87.5,53.33,5,5,100,Mar-26,2026-03-31,2026-07-25,scraped_at,155,29.39,4.51,1.41,-8.33,71.43,,3.41,54.15,29,30,20.83,high,3.57,3.47,32.17,69.17,859.86M,173,8.02,0.36,-2.82,12.65,2.07,1.48,up,3.47% period return; PE 8.02; EPS 12.65; margin 2.07%
2026-09-02,TEXTILE COMPOSITE,ANL,Azgard Nine Limited,unknown,9,25,high,25 scored members; high peer-count confidence,quarterly quality unavailable,56.52,56.52,v3_quarterly_quality,90,6,6,100,complete,,,,40.62,64.64,43.75,73.61,62.5,,0,5,0,,,,,,,,,,,,1.36,21.67,29,30,100,low,-0.2,-3.23,38.66,23.35,4.8B,184.74K,6.17,0.31,0.38,1.6,1.96,0,down,-3.23% period return; PE 6.17; EPS 1.6; margin 1.96%
2026-09-02,TEXTILE COMPOSITE,ANTM,AN Textile Mills Limited,unknown,10,25,high,25 scored members; high peer-count confidence,quarterly quality unavailable,53.38,53.38,v3_quarterly_quality,90,0,6,0,low,,,,73.96,50,50,44.44,50,,0,5,0,,,,,,,,,,,,4.56,72.4,29,30,4.17,high,-3.82,58,3.97,291.01,786.03M,24.12K,,,,,,,strong_up,limited data 0/6; 58% period return
2026-09-02,TEXTILE COMPOSITE,BHAT,Bhanero Textile Mills Limited,unknown,14,25,high,25 scored members; high peer-count confidence,,47.75,47.75,v3_quarterly_quality,100,6,6,100,complete,,,,51.04,39.89,56.25,26.39,62.5,37.33,5,5,100,Mar-26,2026-03-31,2026-07-25,scraped_at,155,105.72,0.84,1.51,-1.92,-148.66,,2.6,41.2,29,30,54.17,moderate,-0.06,-1.22,26.9,12.87,2.49B,113.5,27.23,0.23,3.84,30.09,0.28,0,down,-1.22% period return; PE 27.23; EPS 30.09; margin 0.28%
2026-09-02,TEXTILE COMPOSITE,BTL,Blessed Textiles Limited,unknown,25,25,high,25 scored members; high peer-count confidence,,36.24,36.24,v3_quarterly_quality,100,5,6,83.33,partial,,,,53.12,35.42,9.38,26.39,62.5,24,5,5,100,Mar-26,2026-03-31,2026-07-25,scraped_at,155,173.28,-2.96,1.23,-6.22,-50.65,,2.7,42.89,29,30,45.83,moderate,10.91,-9.85,75.44,227.48,5.79B,13.25,-25.25,0.76,,-35.67,-0.77,0,strong_down,weak quality 24 (5/5); -9.85% period return; PE -25.25; EPS -35.67
2026-09-02,TEXTILE COMPOSITE,CRTM,The Crescent Textile Mills Limited,unknown,16,25,high,25 scored members; high peer-count confidence,,46.52,46.52,v3_quarterly_quality,100,6,6,100,complete,,,,66.67,34.29,31.25,66.67,62.5,25.33,5,5,100,Mar-26,2026-03-31,2026-07-25,scraped_at,155,77.18,1.05,0.8,-2.84,-109.63,,1.4,22.22,29,30,95.83,low,2.83,-3.51,35.99,327.47,7.1B,2.36K,54.26,0.56,-7.35,1.31,0.69,0,down,weak quality 25.33 (5/5); -3.51% period return; PE 54.26; EPS 1.31
2026-09-02,TEXTILE COMPOSITE,FASM,Faisal Spinning Mills Limited,unknown,23,25,high,25 scored members; high peer-count confidence,,42.21,42.21,v3_quarterly_quality,100,6,6,100,complete,,,,64.58,56.25,3.12,34.72,62.5,18.67,5,5,100,Mar-26,2026-03-31,2026-07-25,scraped_at,155,178.53,-4.75,1.17,-3.9,-52.6,,3.02,47.89,29,30,25,high,3.69,3.17,29.29,36.95,3.29B,108.8,-6.22,0.31,-1.56,-52.85,-1.19,0,up,weak quality 18.67 (5/5); 3.17% period return; PE -6.22; EPS -52.85
2026-09-02,TEXTILE COMPOSITE,FML,Feroze1888 Mills Limited,unknown,24,25,high,25 scored members; high peer-count confidence,,38.37,38.37,v3_quarterly_quality,100,6,6,100,complete,,,,20.83,27.08,21.88,66.67,62.5,49.33,5,5,100,Mar-26,2026-03-31,2026-07-25,scraped_at,155,100.3,0.54,1.05,6.62,53.33,,1.94,30.78,29,30,75,low,-3.69,-9.14,65.24,43.96,19.58B,63.46K,106.45,0.58,-23.02,0.46,0.27,0,strong_down,-9.14% period return; PE 106.45; EPS 0.46; margin 0.27%
2026-09-02,TEXTILE COMPOSITE,FZCM,Fazal Cloth Mills Limited,unknown,22,25,high,25 scored members; high peer-count confidence,,42.26,42.26,v3_quarterly_quality,100,6,6,100,complete,,,,39.58,35.9,31.25,48.61,62.5,37.33,5,5,100,Mar-26,2026-03-31,2026-07-25,scraped_at,155,101.25,0.19,1.42,-1.62,-95.68,,2.67,42.33,29,30,50,moderate,-1.17,-2.32,33.33,34.78,7.5B,1.27K,82.87,0.15,40.84,3.02,0.1,0,down,-2.32% period return; PE 82.87; EPS 3.02; margin 0.1%
2026-09-02,TEXTILE COMPOSITE,GATM,Gul Ahmed Textile Mills Limited,unknown,17,25,high,25 scored members; high peer-count confidence,,46.38,46.38,v3_quarterly_quality,100,6,6,100,complete,,,,23.96,45.78,40.62,80.56,62.5,26.67,5,5,100,Mar-26,2026-03-31,2026-07-25,scraped_at,155,152.96,3.87,1.1,-7.54,-59.01,,1.71,27.21,29,30,83.33,low,-0.42,-11.79,73.19,42.42,17.39B,398.69K,8.65,0.34,0.73,2.72,1.18,0,strong_down,weak quality 26.67 (5/5); -11.79% period return; PE 8.65; EPS 2.72
2026-09-02,TEXTILE COMPOSITE,GFIL,Ghazi Fabrics International Limited,unknown,11,25,high,25 scored members; high peer-count confidence,quarterly quality unavailable,51.04,51.04,v3_quarterly_quality,90,0,6,0,low,,,,64.58,50,50,37.5,50,,0,5,0,,,,,,,,,,,,1.49,23.65,29,30,91.67,low,-0.07,-6.63,21.35,139.59,946.11M,5.84K,,,,,,,strong_down,limited data 0/6; -6.63% period return
2026-09-02,TEXTILE COMPOSITE,HAEL,Hala Enterprises Limited,unknown,18,25,high,25 scored members; high peer-count confidence,quarterly quality unavailable,46.26,46.26,v3_quarterly_quality,90,0,6,0,low,,,,39.58,50,50,31.94,50,,0,5,0,,,,,,,,,,,,2.79,44.3,29,30,41.67,moderate,-2.15,-3.89,43.68,77.2,343.36M,3.37K,,,,,,,down,limited data 0/6; -3.89% period return
2026-09-02,TEXTILE COMPOSITE,HAFL,Hafiz Limited,unknown,21,25,high,25 scored members; high peer-count confidence,quarterly quality unavailable,45.37,45.37,v3_quarterly_quality,90,0,6,0,low,,,,50,50,50,8.33,50,,0,5,0,,,,,,,,,,,,2.59,41.1,29,30,58.33,moderate,0.05,-8.33,32.46,67.58,570.28M,32,,,,,,,strong_down,limited data 0/6; -8.33% period return
2026-09-02,TEXTILE COMPOSITE,ILP,Interloop Limited,unknown,4,25,high,25 scored members; high peer-count confidence,,67.57,67.57,v3_quarterly_quality,100,6,6,100,complete,,,,58.33,37.53,75,88.89,93.75,68,5,5,100,Mar-26,2026-03-31,2026-07-25,scraped_at,155,146.2,20.56,1.18,3.9,125.56,,1.7,27,29,30,87.5,low,-0.85,-0.48,6.14,54.47,145.93B,958.2K,12.55,2.39,0.21,8.3,6.45,2.88,flat,-0.48% period return; PE 12.55; EPS 8.3; margin 6.45%
2026-09-02,TEXTILE COMPOSITE,KHYT,Khyber Textile Mills Limited,unknown,20,25,high,25 scored members; high peer-count confidence,quarterly quality unavailable,45.47,45.47,v3_quarterly_quality,90,0,6,0,low,,,,46.88,50,50,13.89,50,,0,5,0,,,,,,,,,,,,2.5,39.64,29,30,66.67,moderate,3.93,-11.59,40.99,68.63,2.34B,33.4,,,,,,,strong_down,limited data 0/6; -11.59% period return
2026-09-02,TEXTILE COMPOSITE,KTML,Kohinoor Textile Mills Limited,unknown,2,25,high,25 scored members; high peer-count confidence,,68.92,68.92,v3_quarterly_quality,100,6,6,100,complete,,,,25,67.8,84.38,86.11,75,77.33,5,5,100,Mar-26,2026-03-31,2026-07-25,scraped_at,155,52.83,13.19,1.69,4.85,-33.09,,2.83,44.99,29,30,37.5,moderate,-0.58,-2.89,613.62,15.45,57.55B,840.86K,2.89,0.62,0.1,14.77,13.86,0.94,down,strong quality 77.33 (5/5); -2.89% period return; PE 2.89; EPS 14.77
2026-09-02,TEXTILE COMPOSITE,MEHT,Mehmood Textile Mills Limited,unknown,6,25,high,25 scored members; high peer-count confidence,,64.63,64.63,v3_quarterly_quality,100,6,6,100,complete,,,,7.29,95.35,71.88,72.22,62.5,56,5,5,100,Mar-26,2026-03-31,2026-07-25,scraped_at,155,160.41,6.32,1.1,5.88,87.89,,2.99,47.49,29,30,29.17,high,-0.61,-26.32,163.03,0.11,4.17B,53.61K,3.5,0.22,0.09,39.74,1.87,0,strong_down,-26.32% period return; PE 3.5; EPS 39.74; margin 1.87%
2026-09-02,TEXTILE COMPOSITE,NML,Nishat Mills Limited,unknown,3,25,high,25 scored members; high peer-count confidence,,68.57,68.57,v3_quarterly_quality,100,6,6,100,complete,,,,29.17,58.78,84.38,93.06,81.25,70.67,5,5,100,Mar-26,2026-03-31,2026-07-25,scraped_at,155,55,7.3,1.43,-2.23,892.57,,1.72,27.33,29,30,79.17,low,-0.58,-4.58,47.62,17.64,49.64B,1.01M,4.22,0.29,1.49,33.41,5.75,1.42,down,strong quality 70.67 (5/5); -4.58% period return; PE 4.22; EPS 33.41
2026-09-02,TEXTILE COMPOSITE,REDCO,Redco Textiles Limited,unknown,15,25,high,25 scored members; high peer-count confidence,quarterly quality unavailable,46.8,46.8,v3_quarterly_quality,90,0,6,0,low,,,,43.75,50,50,30.56,50,,0,5,0,,,,,,,,,,,,3.48,55.21,29,30,16.67,high,-3.65,-3.33,39.31,94.63,1.43B,4.46K,,,,,,,down,limited data 0/6; -3.33% period return
2026-09-02,TEXTILE COMPOSITE,REWM,Reliance Weaving Mills Limited,unknown,13,25,high,25 scored members; high peer-count confidence,,50.72,50.72,v3_quarterly_quality,100,0,6,0,low,,,,61.46,50,50,51.39,50,38.67,5,5,100,Mar-26,2026-03-31,2026-07-25,scraped_at,155,223.18,6.29,0.96,-2.78,265.93,,2.56,40.6,29,30,62.5,moderate,8.52,-1.28,47.86,71.9,5.09B,105,,,,,,,down,limited data 0/6; -1.28% period return
2026-09-02,TEXTILE COMPOSITE,SAPT,Sapphire Textile Mills Limited,unknown,1,25,high,25 scored members; high peer-count confidence,,70.8,70.8,v3_quarterly_quality,100,6,6,100,complete,,,,62.5,69.11,93.75,44.44,68.75,72,5,5,100,Mar-26,2026-03-31,2026-07-25,scraped_at,155,68.79,12.17,1.77,-1.42,2.65,,2.42,38.45,29,30,70.83,low,-0,0.85,11.51,23.74,31.24B,19.2,3.72,0.38,0.24,387.04,5.77,0.69,flat,strong quality 72 (5/5); 0.85% period return; PE 3.72; EPS 387.04
2026-09-02,TEXTILE COMPOSITE,STML,Shams Textile Mills Limited,unknown,19,25,high,25 scored members; high peer-count confidence,quarterly quality unavailable,45.58,45.58,v3_quarterly_quality,90,6,6,100,complete,,,,84.38,39.02,6.25,48.61,62.5,,0,5,0,,,,,,,,,,,,5.23,83.1,29,30,0,high,9.99,7.58,29.11,139.08,470.97M,15.76K,-7.79,0.62,0.53,-6.99,-1.76,0,strong_up,7.58% period return; PE -7.79; EPS -6.99; margin -1.76%
2026-09-02,TEXTILE COMPOSITE,SURC,Suraj Cotton Mills Limited,unknown,5,25,high,25 scored members; high peer-count confidence,,67.14,67.14,v3_quarterly_quality,100,6,6,100,complete,,,,39.58,46.75,75,62.5,100,82.67,5,5,100,Mar-26,2026-03-31,2026-07-25,scraped_at,155,28.8,10,2.08,0.87,65.39,,3.81,60.41,29,30,8.33,high,-0.59,-15.6,25.55,63.82,7.04B,8.17K,4.94,0.48,0.85,29.17,5.06,3.47,strong_down,strong quality 82.67 (5/5); -15.6% period return; PE 4.94; EPS 29.17
2026-09-02,TEXTILE COMPOSITE,TOWL,Towellers Limited,unknown,8,25,high,25 scored members; high peer-count confidence,,57.97,57.97,v3_quarterly_quality,100,0,6,0,low,,,,85.42,50,50,63.89,50,62.67,5,5,100,Mar-26,2026-03-31,2026-07-25,scraped_at,155,9.35,1.52,2.02,-1.51,-79.73,,2.96,47.02,29,30,33.33,moderate,12.81,27.27,24.52,70.13,2.68B,328.48K,,,,,,,strong_up,limited data 0/6; 27.27% period return
2026-09-02,TEXTILE COMPOSITE,ZAHID,Zahidjee Textile Mills Limited,unknown,12,25,high,25 scored members; high peer-count confidence,quarterly quality unavailable,50.79,50.79,v3_quarterly_quality,90,6,6,100,complete,,,,46.88,38.87,59.38,45.83,62.5,,0,5,0,,,,,,,,,,,,3.8,60.32,29,30,12.5,high,1.4,-9.24,51.91,106.42,12.92B,9.11K,8.51,0.59,0.61,7.93,3.96,0,strong_down,-9.24% period return; PE 8.51; EPS 7.93; margin 3.96%
2026-09-02,TEXTILE SPINNING,ARCTM,Arctic Textile Mills Limited,unknown,10,24,high,24 scored members; high peer-count confidence,quarterly quality unavailable,53.14,53.14,v3_quarterly_quality,90,0,6,0,low,,,,67.39,50,50,52.17,50,,0,5,0,,,,,,,,,,,,6.77,107.49,29,30,8.7,high,3.59,9.69,43.58,87.53,596.42M,125.93K,,,,,,,strong_up,limited data 0/6; 9.69% period return
2026-09-02,TEXTILE SPINNING,ASTM,Asim Textile Mills Limited,unknown,5,24,high,24 scored members; high peer-count confidence,quarterly quality unavailable,60.45,60.45,v3_quarterly_quality,90,0,6,0,low,,,,96.74,50,50,73.91,50,,0,5,0,,,,,,,,,,,,6.95,110.35,29,30,4.35,high,12.35,245.97,16.38,1117.25,2.22B,460.96K,,,,,,,strong_up,limited data 0/6; 245.97% period return
2026-09-02,TEXTILE SPINNING,AWTX,Allawasaya Tex. & Finishing Mills Ltd,unknown,19,24,high,24 scored members; high peer-count confidence,,47.58,47.58,v3_quarterly_quality,100,6,6,100,complete,,,,38.04,26.67,70,20.29,70,51.82,5,5,100,Mar-26,2026-03-31,2026-07-25,scraped_at,155,59.16,0.62,0.96,19.68,-102.79,,0.18,2.81,29,30,100,low,-9.09,0.95,10,26.07,1.28B,0,162.8,1.02,-20.03,9.84,0.15,0,flat,0.95% period return; PE 162.8; EPS 9.84; margin 0.15%
2026-09-02,TEXTILE SPINNING,CCM,Crescent Cotton Mills Limited,unknown,8,24,high,24 scored members; high peer-count confidence,quarterly quality unavailable,54.65,54.65,v3_quarterly_quality,90,6,6,100,complete,,,,21.74,63.33,50,60.87,70,,0,5,0,,,,,,,,,,,,3.38,53.63,29,30,60.87,moderate,-1.15,-14.33,56.79,27.7,995.46M,6.5K,14.83,0.14,-0.76,2.96,-0.18,0,strong_down,-14.33% period return; PE 14.83; EPS 2.96; margin -0.18%
2026-09-02,TEXTILE SPINNING,CFL,Crescent Fibres Limited,unknown,14,24,high,24 scored members; high peer-count confidence,,48.91,48.91,v3_quarterly_quality,100,6,6,100,complete,,,,53.26,66.67,15,42.03,70,30.56,3,5,60,Mar-26,2026-03-31,2026-07-25,scraped_at,155,,-17.15,,-27.31,-21.19,,2.58,40.99,29,30,91.3,low,2.36,5.71,52.42,34.09,765.93M,339,-1.24,0.2,0.04,-49.59,-18.39,0,strong_up,5.71% period return; PE -1.24; EPS -49.59; margin -18.39%
2026-09-02,TEXTILE SPINNING,DFSM,Dewan Farooque Spinning Mills Limited,unknown,15,24,high,24 scored members; high peer-count confidence,,48.63,48.63,v3_quarterly_quality,100,0,6,0,low,,,,26.09,50,50,85.51,50,36.67,5,5,100,Mar-26,2026-03-31,2026-07-25,scraped_at,155,9.08,-0.87,0.08,-45.68,-77.89,,3.25,51.53,29,30,69.57,low,-2.96,-21.37,156.1,266.93,1.35B,182.32K,,,,,,,strong_down,limited data 0/6; -21.37% period return
2026-09-02,TEXTILE SPINNING,DINT,Din Textile Mills Limited,unknown,11,24,high,24 scored members; high peer-count confidence,,49.88,49.88,v3_quarterly_quality,100,6,6,100,complete,,,,30.43,53.33,40,73.91,70,25.91,5,5,100,Mar-26,2026-03-31,2026-07-25,scraped_at,155,271.86,-2.94,0.98,-24.92,-79.98,,3.83,60.81,29,30,43.48,moderate,0.2,-13.06,62.38,42.94,3.1B,155K,-15.11,0.44,-1.55,-3.91,-0.63,0,strong_down,weak quality 25.91 (5/5); -13.06% period return; PE -15.11; EPS -3.91
2026-09-02,TEXTILE SPINNING,DMC,D.M. Corporation Limited.,unknown,18,24,high,24 scored members; high peer-count confidence,quarterly quality unavailable,47.93,47.93,v3_quarterly_quality,90,0,6,0,low,,,,46.74,50,50,36.23,50,,0,5,0,,,,,,,,,,,,2.29,36.38,29,30,95.65,low,-0.01,-4.31,99.18,279.94,539.27M,406.4,,,,,,,down,limited data 0/6; -4.31% period return
2026-09-02,TEXTILE SPINNING,ELCM,Elahi Cotton Mills Limited,unknown,24,24,high,24 scored members; high peer-count confidence,quarterly quality unavailable,39.69,39.69,v3_quarterly_quality,90,6,6,100,complete,,,,41.3,30,30,20.29,70,,0,5,0,,,,,,,,,,,,4.07,64.62,29,30,39.13,moderate,1.1,-6.34,69.86,60.46,262.85M,589.4,-8.37,3.88,0.13,-24.15,-3.34,0,strong_down,-6.34% period return; PE -8.37; EPS -24.15; margin -3.34%
2026-09-02,TEXTILE SPINNING,ELSM,Ellcot Spinning Mills Limited,unknown,3,24,high,24 scored members; high peer-count confidence,,66.91,66.91,v3_quarterly_quality,100,6,6,100,complete,,,,73.91,46.67,65,59.42,100,52.12,5,5,100,Mar-26,2026-03-31,2026-07-25,scraped_at,155,103.83,0.97,2.05,-3.1,-79.71,,5.15,81.76,29,30,26.09,high,9.87,1.38,9.31,57.09,1.7B,1.37K,39.13,0.39,-35.31,3.97,0.28,2.57,up,1.38% period return; PE 39.13; EPS 3.97; margin 0.28%
2026-09-02,TEXTILE SPINNING,GADT,Gadoon Textile Mills Limited,unknown,2,24,high,24 scored members; high peer-count confidence,,68.9,68.9,v3_quarterly_quality,100,6,6,100,complete,,,,50,60,90,78.26,80,45.76,5,5,100,Mar-26,2026-03-31,2026-07-25,scraped_at,155,118.05,5.02,0.84,-1.91,-51.31,,3.44,54.55,29,30,56.52,moderate,-1.07,4.56,39.31,47.26,8.87B,17.9K,3.38,0.33,0.28,93.78,3.49,1.58,up,4.56% period return; PE 3.38; EPS 93.78; margin 3.49%
2026-09-02,TEXTILE SPINNING,IDEAL,Ideal Dynamics Limited,unknown,13,24,high,24 scored members; high peer-count confidence,quarterly quality unavailable,49.03,49.03,v3_quarterly_quality,90,0,6,0,low,,,,63.04,50,50,21.74,50,,0,5,0,,,,,,,,,,,,5.44,86.41,29,30,13.04,high,0,22.01,78.94,211.17,486.18M,1.49K,,,,,,,strong_up,limited data 0/6; 22.01% period return
2026-09-02,TEXTILE SPINNING,IDRT,Idrees Textile Mills Limited,unknown,21,24,high,24 scored members; high peer-count confidence,,44.6,44.6,v3_quarterly_quality,100,0,6,0,low,,,,36.96,50,50,34.78,50,30.76,5,5,100,Mar-26,2026-03-31,2026-07-25,scraped_at,155,141.8,-11.63,0.94,-15.52,-24.77,,2.61,41.5,29,30,86.96,low,-1.21,1.35,81.55,94.2,744.48M,15.79K,,,,,,,up,limited data 0/6; 1.35% period return
2026-09-02,TEXTILE SPINNING,JATM,J.A. Textile Mills Limited,unknown,20,24,high,24 scored members; high peer-count confidence,quarterly quality unavailable,46.28,46.28,v3_quarterly_quality,90,0,6,0,low,,,,35.87,50,50,37.68,50,,0,5,0,,,,,,,,,,,,7.95,126.17,29,30,0,high,-0.56,-7.86,92.77,168.86,494.98M,30.7K,,,,,,,strong_down,limited data 0/6; -7.86% period return
2026-09-02,TEXTILE SPINNING,JDMT,Janana De Malucho Textile Mills Limited,unknown,12,24,high,24 scored members; high peer-count confidence,,49.14,49.14,v3_quarterly_quality,100,0,6,0,low,,,,52.17,50,50,56.52,50,31.67,5,5,100,Mar-26,2026-03-31,2026-07-25,scraped_at,155,23.07,-7.06,0.25,-91.76,-59.42,,4.31,68.39,29,30,34.78,moderate,7.63,-17.56,48.45,124.04,931.22M,7.62K,,,,,,,strong_down,limited data 0/6; -17.56% period return
2026-09-02,TEXTILE SPINNING,KOHTM,Kohat Textile Mills Limited,unknown,1,24,high,24 scored members; high peer-count confidence,,69.46,69.46,v3_quarterly_quality,100,6,6,100,complete,,,,48.91,43.33,90,82.61,90,70.3,5,5,100,Mar-26,2026-03-31,2026-07-25,scraped_at,155,79.38,6.55,1.05,-0.13,-1.27,,3.65,57.97,29,30,47.83,moderate,-0.12,-2.84,76.68,197.15,2.47B,123.99K,8.01,0.51,0.2,14.85,3.65,1.68,down,strong quality 70.3 (5/5); -2.84% period return; PE 8.01; EPS 14.85
2026-09-02,TEXTILE SPINNING,MQTM,Maqbool Textile Mills Limited,unknown,22,24,high,24 scored members; high peer-count confidence,quarterly quality unavailable,42.92,42.92,v3_quarterly_quality,90,6,6,100,complete,,,,27.17,53.33,10,52.17,70,,0,5,0,,,,,,,,,,,,5.22,82.85,29,30,21.74,high,-6.22,-8.48,47.01,51.86,503.01M,143.17K,-0.34,1.59,0.01,-79.43,-17.35,0,strong_down,-8.48% period return; PE -0.34; EPS -79.43; margin -17.35%
2026-09-02,TEXTILE SPINNING,NATM,Nadeem Textile Mills Limited,unknown,23,24,high,24 scored members; high peer-count confidence,,42.36,42.36,v3_quarterly_quality,100,6,6,100,complete,,,,55.43,50,5,36.23,70,29.24,5,5,100,Mar-26,2026-03-31,2026-07-25,scraped_at,155,100.02,-47.36,0.55,-64.62,0.97,,2.96,46.93,29,30,78.26,low,17.39,-6.24,18.97,17.39,1.7B,2.11K,-1.49,0.77,0.04,-53.59,-51.27,0,strong_down,weak quality 29.24 (5/5); -6.24% period return; PE -1.49; EPS -53.59
2026-09-02,TEXTILE SPINNING,SERT,Service Industries Textiles Limited,unknown,17,24,high,24 scored members; high peer-count confidence,quarterly quality unavailable,48.03,48.03,v3_quarterly_quality,90,0,6,0,low,,,,43.48,50,50,42.03,50,,0,5,0,,,,,,,,,,,,4.69,74.5,29,30,30.43,high,1.88,-7.82,92.64,103.81,604.72M,25.22K,,,,,,,strong_down,limited data 0/6; -7.82% period return
2026-09-02,TEXTILE SPINNING,SHCM,Shadman Cotton Mills Limited,unknown,16,24,high,24 scored members; high peer-count confidence,quarterly quality unavailable,48.43,48.43,v3_quarterly_quality,90,0,6,0,low,,,,47.83,50,50,39.13,50,,0,5,0,,,,,,,,,,,,5.32,84.45,29,30,17.39,high,-4.63,19.98,60.99,96.56,1.06B,7.69K,,,,,,,strong_up,limited data 0/6; 19.98% period return
2026-09-02,TEXTILE SPINNING,SHDT,Shadab Textile Mills Limited,unknown,7,24,high,24 scored members; high peer-count confidence,,56.47,56.47,v3_quarterly_quality,100,0,6,0,low,,,,53.26,50,50,73.91,50,85.91,5,5,100,Mar-26,2026-03-31,2026-07-25,scraped_at,155,37.62,14.29,1.3,3.24,53.85,,3.01,47.7,29,30,73.91,low,-0.52,1.36,34.28,52.8,1.27B,78.88K,,,,,,,up,limited data 0/6; strong quality 85.91 (5/5); 1.36% period return
2026-09-02,TEXTILE SPINNING,SNAI,Sana Industries Limited,unknown,4,24,high,24 scored members; high peer-count confidence,quarterly quality unavailable,64.42,64.42,v3_quarterly_quality,90,6,6,100,complete,,,,59.78,50,85,55.07,70,,0,5,0,,,,,,,,,,,,2.69,42.72,29,30,82.61,low,7.86,-0.51,19.36,47.12,734.31M,7.59K,5.62,1.03,-0.57,6.54,5.84,0,flat,-0.51% period return; PE 5.62; EPS 6.54; margin 5.84%
2026-09-02,TEXTILE SPINNING,SZTM,Shahzad Textile Mills Limited,unknown,9,24,high,24 scored members; high peer-count confidence,,53.65,53.65,v3_quarterly_quality,100,0,6,0,low,,,,56.52,50,50,39.13,50,87.58,5,5,100,Mar-26,2026-03-31,2026-07-25,scraped_at,155,36.66,8.34,1.19,7.01,345.59,,3.32,52.69,29,30,65.22,moderate,-1.68,3.29,39.91,152.64,1.63B,5.67K,,,,,,,up,limited data 0/6; strong quality 87.58 (5/5); 3.29% period return
2026-09-02,TEXTILE SPINNING,TATM,Tata Textile Mills Limited,unknown,6,24,high,24 scored members; high peer-count confidence,,57.37,57.37,v3_quarterly_quality,100,0,6,0,low,,,,73.91,50,50,73.91,50,63.94,5,5,100,Mar-26,2026-03-31,2026-07-25,scraped_at,155,89.18,2.38,1.31,-11.32,-4.28,,3.48,55.32,29,30,52.17,moderate,1.46,24.7,37.12,97.96,9.09B,115.58K,,,,,,,strong_up,limited data 0/6; 24.7% period return
2026-09-02,TEXTILE WEAVING,ASHT,Ashfaq Textile Mills Limited,unknown,2,4,low,4 scored members; low peer-count confidence,quarterly quality unavailable; small sector peer group,50.77,50.77,v3_quarterly_quality,90,0,6,0,low,,,,58.33,50,50,44.44,50,,0,5,0,,,,,,,,,,,,7.84,124.45,29,30,0,high,-7.4,14.38,81.07,183.43,1.8B,26.54K,,,,,,,strong_up,limited data 0/6; 14.38% period return
2026-09-02,TEXTILE WEAVING,ICCI,ICC Industries Limited,unknown,3,4,low,4 scored members; low peer-count confidence,quarterly quality unavailable; small sector peer group,50.77,50.77,v3_quarterly_quality,90,0,6,0,low,,,,58.33,50,50,44.44,50,,0,5,0,,,,,,,,,,,,3.32,52.75,29,30,66.67,moderate,1.98,7.53,24.2,67.48,432.62M,35.46K,,,,,,,strong_up,limited data 0/6; 7.53% period return
2026-09-02,TEXTILE WEAVING,STJT,Shahtaj Textile Limited,unknown,1,4,low,4 scored members; low peer-count confidence,quarterly quality unavailable; small sector peer group,71.6,71.6,v3_quarterly_quality,90,6,6,100,complete,,,,50,50,100,44.44,100,,0,5,0,,,,,,,,,,,,3.94,62.59,29,30,33.33,moderate,-9.37,2.93,16.33,126.56,1.53B,2.94K,5.72,0.62,0.57,27.72,4.42,3.47,up,2.93% period return; PE 5.72; EPS 27.72; margin 4.42%
2026-09-02,TEXTILE WEAVING,ZTL,Zephyr Textiles Limited,unknown,4,4,low,4 scored members; low peer-count confidence,quarterly quality unavailable; small sector peer group,28.09,28.09,v3_quarterly_quality,90,6,6,100,complete,,,,33.33,50,0,77.78,0,,0,5,0,,,,,,,,,,,,3.09,49.08,29,30,100,low,-0.6,-3.4,48.36,69.23,980.57M,50.64K,-20.17,0.39,2.66,-0.82,-0.65,0,down,-3.4% period return; PE -20.17; EPS -0.82; margin -0.65%
2026-09-02,TRANSPORT,BLUEX,Blue-Ex Limited,unknown,4,4,low,4 scored members; low peer-count confidence,quarterly quality unavailable; small sector peer group,45.37,45.37,v3_quarterly_quality,90,0,6,0,low,,,,33.33,50,50,33.33,50,,0,5,0,,,,,,,,,,,,2.39,38.02,29,30,66.67,moderate,-0.45,-6.4,1128.72,34.29,1.87B,1.37M,,,,,,,strong_down,limited data 0/6; -6.4% period return
2026-09-02,TRANSPORT,PIBTL,Pakistan International Bulk Terminal,unknown,1,4,low,4 scored members; low peer-count confidence,small sector peer group,75.25,75.25,v3_quarterly_quality,100,6,6,100,complete,,,,58.33,50,100,100,100,40,5,5,100,Mar-26,2026-03-31,2026-07-25,scraped_at,155,36.51,12.14,0.89,47.84,859.81,,1.53,24.27,29,30,100,low,-1.94,-5.33,42.05,35.09,28.88B,12.99M,13.71,1.64,7.68,1.18,14.81,0,strong_down,-5.33% period return; PE 13.71; EPS 1.18; margin 14.81%
2026-09-02,TRANSPORT,PICT,Pakistan International Container,unknown,3,4,low,4 scored members; low peer-count confidence,quarterly quality unavailable; small sector peer group,48.46,48.46,v3_quarterly_quality,90,6,6,100,complete,,,,66.67,50,0,11.11,100,,0,5,0,,,,,,,,,,,,4.12,65.42,29,30,0,high,0.09,-23.79,42.07,83.04,4.73B,365.89K,-26.12,3.63,1.23,-1.66,-1809.22,0,strong_down,-23.79% period return; PE -26.12; EPS -1.66; margin -1809.22%
2026-09-02,TRANSPORT,SLGL,Secure Logistics-Trax Group Limited,unknown,2,4,low,4 scored members; low peer-count confidence,small sector peer group,50.31,50.31,v3_quarterly_quality,100,0,6,0,low,,,,41.67,50,50,55.56,50,60,5,5,100,Mar-26,2026-03-31,2026-07-25,scraped_at,155,6.05,13.16,1.26,28.38,8.9,,3.01,47.72,29,30,33.33,moderate,-1.05,-4.3,75.03,16.46,6.39B,1.53M,,,,,,,down,limited data 0/6; -4.3% period return
2026-09-02,VANASPATI & ALLIED INDUSTRIES,POML,Punjab Oil Mills Limited,unknown,2,2,low,2 scored members; low peer-count confidence,small sector peer group,45.33,45.33,v3_quarterly_quality,100,0,6,0,low,,,,50,50,50,33.33,50,20,5,5,100,Mar-26,2026-03-31,2026-07-25,scraped_at,155,35.56,-2.2,1.14,7.01,50,,1.92,30.52,29,30,0,high,-5.57,-13,45.62,33.57,1.17B,2.55K,,,,,,,strong_down,limited data 0/6; weak quality 20 (5/5); -13% period return
2026-09-02,VANASPATI & ALLIED INDUSTRIES,SSOM,S.S.Oil Mills Limited,unknown,1,2,low,2 scored members; low peer-count confidence,small sector peer group,54.67,54.67,v3_quarterly_quality,100,0,6,0,low,,,,50,50,50,66.67,50,80,5,5,100,Mar-26,2026-03-31,2026-07-25,scraped_at,155,43.92,19.67,2.14,63.97,150.79,,1.18,18.68,29,30,100,low,-1.2,-3.22,57.44,26.63,2.52B,15.29K,,,,,,,down,limited data 0/6; strong quality 80 (5/5); -3.22% period return
2026-09-02,WOOLLEN,BNWM,Bannu Woollen Mills Limited,unknown,1,1,low,1 scored members; low peer-count confidence,quarterly quality unavailable; volatility history insufficient; small sector peer group,50,50,v3_quarterly_quality,90,6,6,100,complete,,,,50,50,50,50,50,,0,5,0,Mar-26,2026-03-31,2026-07-25,scraped_at,155,11.31,-2.81,2.13,30.26,-208.43,,1.35,21.5,29,30,,unknown,4.6,0.76,19.01,36,646.42M,5.92K,-7.1,0.19,-0.31,-9.58,-7,0,flat,0.76% period return; PE -7.1; EPS -9.58; margin -7%
