date,sector,symbol,name,portfolio_status,sector_rank,sector_count,sector_confidence,sector_confidence_note,evidence_warning,final_score,quantitative_score,scoring_model_version,active_axis_weight_pct,data_completeness_count,data_completeness_total,data_completeness_pct,data_completeness_label,news_score,news_label,news_note,trend_score,valuation_score,profitability_score,liquidity_score,income_score,quality_score,quality_metric_count,quality_metric_total,quality_completeness_pct,quarterly_fiscal_period,quarterly_fiscal_end_date,quarterly_available_date,quarterly_date_basis,quarterly_age_days,quarterly_debt_to_equity,quarterly_roe,quarterly_current_ratio,quarterly_revenue_growth,quarterly_net_profit_growth,quarterly_quality_note,volatility_daily_pct,volatility_annualized_pct,volatility_observations,volatility_window,volatility_score,volatility_label,daily_return_pct,period_return_pct,distance_from_52w_high_pct,distance_from_52w_low_pct,market_cap,weekly_avg_volume,price_to_earnings,price_to_book,peg_ratio,eps,net_income_margin,dividend_yield,trend_label,key_reason
2026-09-17,APPAREL,IMAGE,Image Pakistan Limited,unknown,1,3,low,3 scored members; low peer-count confidence,quarterly quality unavailable; small sector peer group,83.1,83.1,v3_quarterly_quality,90,5,6,83.33,partial,,,,37.5,83.33,100,83.33,100,,0,5,0,Mar-26,2026-03-31,2026-07-25,scraped_at,170,23.71,17.59,3.38,1.38,18.21,,1.14,18.08,29,30,100,low,1.01,-7.58,20.99,32.16,5.78B,261.63K,7.19,1.19,,3.49,17.93,7.96,strong_down,-7.58% period return; PE 7.19; EPS 3.49; margin 17.93%
2026-09-17,APPAREL,INKL,International Knitwear Limited,unknown,2,3,low,3 scored members; low peer-count confidence,quarterly quality unavailable; small sector peer group,48.15,48.15,v3_quarterly_quality,90,0,6,0,low,,,,50,50,50,33.33,50,,0,5,0,,,,,,,,,,,,3.58,56.83,29,30,0,high,-3.49,7.83,24.35,141.26,980.37M,24.12K,,,,,,,strong_up,limited data 0/6; 7.83% period return
2026-09-17,APPAREL,STYLERS,Stylers International Limited,unknown,3,3,low,3 scored members; low peer-count confidence,quarterly quality unavailable; small sector peer group,18.75,18.75,v3_quarterly_quality,90,5,6,83.33,partial,,,,62.5,16.67,0,33.33,0,,0,5,0,,,,,,,,,,,,2.27,35.96,29,30,50,moderate,-2.02,-0.97,15.31,36.08,23.95B,15.28K,21.52,1.76,,2.28,5.99,3.06,flat,-0.97% period return; PE 21.52; EPS 2.28; margin 5.99%
2026-09-17,AUTOMOBILE ASSEMBLER,SAZEW,Sazgar Engineering Works Limited,unknown,1,7,moderate,7 scored members; moderate peer-count confidence,,66.47,66.47,v3_quarterly_quality,100,6,6,100,complete,,,,58.33,61.11,83.33,61.11,66.67,63.33,5,5,100,Mar-26,2026-03-31,2026-07-25,scraped_at,170,3.24,63.19,1.59,36.34,12.35,,1.84,29.22,29,30,50,moderate,0.14,-1.5,41.91,15.29,105.93B,120.97K,4.49,2.46,0,390.51,12.31,3.99,down,-1.5% period return; PE 4.49; EPS 390.51; margin 12.31%
2026-09-17,AUTOMOBILE ASSEMBLER,GAL,Ghandhara Automobiles Limited,unknown,2,7,moderate,7 scored members; moderate peer-count confidence,,64.47,64.47,v3_quarterly_quality,100,6,6,100,complete,,,,75,66.67,75,72.22,33.33,76.67,5,5,100,Mar-26,2026-03-31,2026-07-25,scraped_at,170,4.18,39.42,1.75,187.06,160.65,,2.27,36.06,29,30,0,high,0.35,-13.58,23.05,87.95,31.18B,683.09K,4.67,1.63,0,117.24,12.52,1.83,strong_down,strong quality 76.67 (5/5); -13.58% period return; PE 4.67; EPS 117.24
2026-09-17,AUTOMOBILE ASSEMBLER,HCAR,Honda Atlas Cars (Pakistan) Limited,unknown,3,7,moderate,7 scored members; moderate peer-count confidence,,54.78,54.78,v3_quarterly_quality,100,6,6,100,complete,,,,66.67,55.56,25,55.56,83.33,36.67,5,5,100,Mar-26,2026-03-31,2026-07-25,scraped_at,170,24.82,13.34,1.5,56.64,19.34,,1.92,30.47,29,30,16.67,high,1.32,-5.39,43.31,50.44,31.69B,394.4K,6.48,1.19,32.55,34.25,3.68,4.06,strong_down,-5.39% period return; PE 6.48; EPS 34.25; margin 3.68%
2026-09-17,AUTOMOBILE ASSEMBLER,MTL,Millat Tractors Limited,unknown,4,7,moderate,7 scored members; moderate peer-count confidence,,54.4,54.4,v3_quarterly_quality,100,6,6,100,complete,,,,37.5,22.22,58.33,88.89,100,26.67,5,5,100,Mar-26,2026-03-31,2026-07-25,scraped_at,170,155.6,80.74,1.11,-9.24,3.31,,0.86,13.57,29,30,100,low,-0.23,-0.54,113.53,6.92,119.04B,389.87K,16.14,15.4,0.94,18.49,12.64,5.87,flat,weak quality 26.67 (5/5); -0.54% period return; PE 16.14; EPS 18.49
2026-09-17,AUTOMOBILE ASSEMBLER,GHNI,Ghandhara Industries Limited,unknown,5,7,moderate,7 scored members; moderate peer-count confidence,,49.92,49.92,v3_quarterly_quality,100,6,6,100,complete,,,,41.67,55.56,66.67,61.11,16.67,70,5,5,100,Mar-26,2026-03-31,2026-07-25,scraped_at,170,0.22,43.96,1.5,118.4,102.87,,1.91,30.37,29,30,33.33,moderate,-4.82,-16.52,24.38,86.97,47B,203.99K,6.8,2.56,0.02,162.33,11.84,0.91,strong_down,strong quality 70 (5/5); -16.52% period return; PE 6.8; EPS 162.33
2026-09-17,AUTOMOBILE ASSEMBLER,AGTL,Al-Ghazi Tractors Limited,unknown,6,7,moderate,7 scored members; moderate peer-count confidence,,32.56,32.56,v3_quarterly_quality,100,6,6,100,complete,,,,41.67,52.78,41.67,11.11,0,36.67,5,5,100,Mar-26,2026-03-31,2026-07-25,scraped_at,170,18.34,19.3,1.8,-17.24,-30.08,,1.72,27.25,29,30,66.67,moderate,-1.41,-4.78,44.99,19.02,19.87B,17.56K,7.11,1.66,0.69,48.19,10.51,0,down,-4.78% period return; PE 7.11; EPS 48.19; margin 10.51%
2026-09-17,AUTOMOBILE ASSEMBLER,HINO,Hinopak Motors Limited,unknown,7,7,moderate,7 scored members; moderate peer-count confidence,,27.96,27.96,v3_quarterly_quality,100,6,6,100,complete,,,,29.17,36.11,0,5.56,50,40,5,5,100,Mar-26,2026-03-31,2026-07-25,scraped_at,170,36.06,9.11,1.51,6.42,234.57,,1.15,18.19,29,30,83.33,low,-1.67,-13.55,77.12,20.73,7.93B,2.01K,23.72,1.26,8.63,13.47,3.24,3.41,strong_down,-13.55% period return; PE 23.72; EPS 13.47; margin 3.24%
2026-09-17,AUTOMOBILE PARTS & ACCESSORIES,BWHL,Baluchistan Wheels Limited,unknown,1,8,moderate,8 scored members; moderate peer-count confidence,,75.45,75.45,v3_quarterly_quality,100,6,6,100,complete,,,,85.71,50,83.33,47.62,100,86.67,5,5,100,Mar-26,2026-03-31,2026-07-25,scraped_at,170,0.52,16.44,5.6,14.6,29.04,,1.19,18.94,29,30,71.43,low,-0.13,-0.68,12.41,36.47,3.06B,49.64K,9.79,1.28,0.16,23.44,10.72,8.72,flat,strong quality 86.67 (5/5); -0.68% period return; PE 9.79; EPS 23.44
2026-09-17,AUTOMOBILE PARTS & ACCESSORIES,AGIL,Agriauto Industries Limited,unknown,2,8,moderate,8 scored members; moderate peer-count confidence,,70.96,70.96,v3_quarterly_quality,100,6,6,100,complete,,,,60.71,66.67,83.33,61.9,66.67,90,5,5,100,Mar-26,2026-03-31,2026-07-25,scraped_at,170,21.59,13.94,1.8,57.36,2242.11,,2.28,36.13,29,30,14.29,high,-0.36,-2.93,34.98,21.03,5.28B,15.71K,4.39,0.73,0.34,33.43,6.92,3.41,down,strong quality 90 (5/5); -2.93% period return; PE 4.39; EPS 33.43
2026-09-17,AUTOMOBILE PARTS & ACCESSORIES,PTL,Panther Tyres Ltd.,unknown,3,8,moderate,8 scored members; moderate peer-count confidence,,57.37,57.37,v3_quarterly_quality,100,5,6,83.33,partial,,,,53.57,47.22,50,61.9,83.33,46.67,5,5,100,Mar-26,2026-03-31,2026-07-25,scraped_at,170,151.8,13.5,1.01,10.89,422.71,,1.5,23.84,29,30,42.86,moderate,1.46,-6.86,33.6,6.27,8.28B,90.09K,6.32,0.98,,7.8,3.6,8.11,strong_down,-6.86% period return; PE 6.32; EPS 7.8; margin 3.6%
2026-09-17,AUTOMOBILE PARTS & ACCESSORIES,SLM,Service Long March Tyres Limited,unknown,4,8,moderate,8 scored members; moderate peer-count confidence,quarterly quality unavailable,52.45,52.45,v3_quarterly_quality,90,0,6,0,low,,,,53.57,50,50,66.67,50,,0,5,0,,,,,,,,,,,,0.75,11.84,29,30,100,low,0,-6.24,16.41,2.73,175.77B,1.88M,,,,,,,strong_down,limited data 0/6; -6.24% period return
2026-09-17,AUTOMOBILE PARTS & ACCESSORIES,EXIDE,Exide Pakistan Limited,unknown,5,8,moderate,8 scored members; moderate peer-count confidence,,48.58,48.58,v3_quarterly_quality,100,5,6,83.33,partial,,,,28.57,58.33,66.67,23.81,50,40,5,5,100,Mar-26,2026-03-31,2026-07-25,scraped_at,170,79.02,6.07,1.59,-17.83,-29.64,,0.84,13.4,29,30,85.71,low,-1.57,-10.47,64.11,17.03,3.32B,2.35K,9.89,0.44,,43.18,1.88,1.17,strong_down,-10.47% period return; PE 9.89; EPS 43.18; margin 1.88%
2026-09-17,AUTOMOBILE PARTS & ACCESSORIES,LOADS,Loads Limited,unknown,6,8,moderate,8 scored members; moderate peer-count confidence,,44.79,44.79,v3_quarterly_quality,100,6,6,100,complete,,,,67.86,27.78,50,66.67,33.33,43.33,5,5,100,Mar-26,2026-03-31,2026-07-25,scraped_at,170,48.84,5.85,0.79,26.53,-67.71,,1.46,23.21,29,30,57.14,moderate,3.35,-2.26,74.25,18.66,4.82B,1.57M,12.15,0.92,-0.01,1.07,4.28,0,down,-2.26% period return; PE 12.15; EPS 1.07; margin 4.28%
2026-09-17,AUTOMOBILE PARTS & ACCESSORIES,GTYR,Ghandhara Tyre & Rubber Company Limited,unknown,7,8,moderate,8 scored members; moderate peer-count confidence,,35.77,35.77,v3_quarterly_quality,100,6,6,100,complete,,,,32.14,66.67,8.33,42.86,33.33,16.67,5,5,100,Mar-26,2026-03-31,2026-07-25,scraped_at,170,77.29,-11.68,0.94,-17.46,-922.34,,2.38,37.81,29,30,0,high,2.49,-24.14,83.4,10.96,3.01B,126.39K,-2.99,0.52,0.32,-8.26,-5.97,0,strong_down,weak quality 16.67 (5/5); -24.14% period return; PE -2.99; EPS -8.26
2026-09-17,AUTOMOBILE PARTS & ACCESSORIES,ATBA,Atlas Battery Limited,unknown,8,8,moderate,8 scored members; moderate peer-count confidence,,26.3,26.3,v3_quarterly_quality,100,6,6,100,complete,,,,17.86,33.33,8.33,42.86,33.33,26.67,5,5,100,Mar-26,2026-03-31,2026-07-25,scraped_at,170,111.04,0.97,1.41,-5.22,-87.29,,1.52,24.06,29,30,28.57,high,-1.12,-20.32,63.65,0.09,5.71B,6.92K,-15.41,0.76,1.81,-10.59,-1.06,0,strong_down,weak quality 26.67 (5/5); -20.32% period return; PE -15.41; EPS -10.59
2026-09-17,CABLE & ELECTRICAL GOODS,WAVES,Waves Corporation Limited,unknown,1,5,moderate,5 scored members; moderate peer-count confidence,,67.23,67.23,v3_quarterly_quality,100,6,6,100,complete,,,,43.75,83.33,50,58.33,100,40,5,5,100,Mar-26,2026-03-31,2026-07-25,scraped_at,170,57.46,3.98,1.88,17.59,-55.67,,1.56,24.72,29,30,100,low,1.72,-12.43,90.88,1.72,2.5B,1.41M,5.07,0.25,-0.71,1.75,10.1,0,strong_down,-12.43% period return; PE 5.07; EPS 1.75; margin 10.1%
2026-09-17,CABLE & ELECTRICAL GOODS,PAEL,Pak Elektron Limited,unknown,2,5,moderate,5 scored members; moderate peer-count confidence,,65.73,65.73,v3_quarterly_quality,100,6,6,100,complete,,,,43.75,50,50,91.67,100,75,5,5,100,Mar-26,2026-03-31,2026-07-25,scraped_at,170,40.64,8.35,2.04,26.26,57.33,,1.74,27.6,29,30,50,moderate,0.71,-15.08,81.16,11.4,32.94B,2.26M,8.04,0.63,0.4,4.44,5.83,0,strong_down,strong quality 75 (5/5); -15.08% period return; PE 8.04; EPS 4.44
2026-09-17,CABLE & ELECTRICAL GOODS,SIEM,Siemens (Pakistan) Engineering,unknown,3,5,moderate,5 scored members; moderate peer-count confidence,,55.52,55.52,v3_quarterly_quality,100,6,6,100,complete,,,,81.25,16.67,50,16.67,100,75,5,5,100,Mar-26,2026-03-31,2026-07-25,scraped_at,170,6.99,4.18,1.84,745.62,146.67,,1.59,25.32,29,30,75,low,0.15,5.64,8.59,20.03,13.22B,268,352.01,2.14,-18.33,4.55,0.48,0,strong_up,strong quality 75 (5/5); 5.64% period return; PE 352.01; EPS 4.55
2026-09-17,CABLE & ELECTRICAL GOODS,FCL,Fast Cables Limited,unknown,4,5,moderate,5 scored members; moderate peer-count confidence,,51.15,51.15,v3_quarterly_quality,100,0,6,0,low,,,,68.75,50,50,58.33,50,25,5,5,100,Mar-26,2026-03-31,2026-07-25,scraped_at,170,91.28,9.32,1.32,-3.31,-18.54,,2.42,38.39,29,30,25,high,-1.39,-1.96,10.31,37.25,17.38B,1.95M,,,,,,,down,limited data 0/6; weak quality 25 (5/5); -1.96% period return
2026-09-17,CABLE & ELECTRICAL GOODS,EMCO,Emco Industries Limited,unknown,5,5,moderate,5 scored members; moderate peer-count confidence,,40.38,40.38,v3_quarterly_quality,100,0,6,0,low,,,,12.5,50,50,25,50,35,5,5,100,Mar-26,2026-03-31,2026-07-25,scraped_at,170,58.93,2.86,1.42,13.22,272,,3.67,58.28,29,30,0,high,-2.35,-27.82,122.76,15.56,1.27B,81.87K,,,,,,,strong_down,limited data 0/6; -27.82% period return
2026-09-17,CEMENT,LUCK,Lucky Cement Limited,unknown,1,16,high,16 scored members; high peer-count confidence,,66.33,66.33,v3_quarterly_quality,100,6,6,100,complete,,,,48.33,63.19,89.29,73.33,64.29,52.31,5,5,100,Mar-26,2026-03-31,2026-07-25,scraped_at,170,47.39,21.57,1.81,12.95,12.54,,0.98,15.51,29,30,93.33,low,-0.48,-7.36,30.11,20.04,596.18B,1.01M,6.7,1.39,0.16,60.78,17.24,1.23,strong_down,-7.36% period return; PE 6.7; EPS 60.78; margin 17.24%
2026-09-17,CEMENT,DGKC,D.G. Khan Cement Company Limited,unknown,2,16,high,16 scored members; high peer-count confidence,,64.54,64.54,v3_quarterly_quality,100,6,6,100,complete,,,,61.67,68.99,64.29,82.22,57.14,55.38,5,5,100,Mar-26,2026-03-31,2026-07-25,scraped_at,170,22.26,11.39,1.9,8.28,193.13,,1.62,25.77,29,30,46.67,moderate,0.87,-7.93,42.15,33.69,84.99B,2.8M,7.19,0.69,0.25,26.98,13.49,0.52,strong_down,-7.93% period return; PE 7.19; EPS 26.98; margin 13.49%
2026-09-17,CEMENT,CHCC,Cherat Cement Company Limited,unknown,3,16,high,16 scored members; high peer-count confidence,,62.85,62.85,v3_quarterly_quality,100,6,6,100,complete,,,,51.67,41.85,89.29,71.11,71.43,53.85,5,5,100,Mar-26,2026-03-31,2026-07-25,scraped_at,170,13.51,20.62,2.58,-0.65,-4.23,,1.36,21.6,29,30,66.67,moderate,1.57,-13.73,40.22,20.28,52.58B,300.52K,7.25,1.33,0.6,37.34,19.88,2.03,strong_down,-13.73% period return; PE 7.25; EPS 37.34; margin 19.88%
2026-09-17,CEMENT,FECTC,Fecto Cement Limited,unknown,4,16,high,16 scored members; high peer-count confidence,,61.57,61.57,v3_quarterly_quality,100,6,6,100,complete,,,,28.33,84.95,39.29,22.22,100,60,5,5,100,Mar-26,2026-03-31,2026-07-25,scraped_at,170,25.14,16.34,1.75,15.83,31.29,,2.82,44.69,29,30,6.67,high,-0.14,-14.16,108.67,30.29,4.71B,97.45K,7.1,0.92,0.06,13.22,5.31,4.26,strong_down,-14.16% period return; PE 7.1; EPS 13.22; margin 5.31%
2026-09-17,CEMENT,PIOC,Pioneer Cement Limited,unknown,5,16,high,16 scored members; high peer-count confidence,,59.86,59.86,v3_quarterly_quality,100,6,6,100,complete,,,,40,47.74,78.57,33.33,92.86,43.08,5,5,100,Mar-26,2026-03-31,2026-07-25,scraped_at,170,15.05,11.35,1.02,13.71,8.44,,1.13,17.86,29,30,86.67,low,0.84,-9.93,76.65,20.99,54.97B,60.1K,8.34,1.11,0.23,29.03,17.09,4.13,strong_down,-9.93% period return; PE 8.34; EPS 29.03; margin 17.09%
2026-09-17,CEMENT,FCCL,Fauji Cement Company Limited,unknown,6,16,high,16 scored members; high peer-count confidence,,59.59,59.59,v3_quarterly_quality,100,6,6,100,complete,,,,75,41.12,46.43,84.44,78.57,46.15,5,5,100,Mar-26,2026-03-31,2026-07-25,scraped_at,170,34.61,16.83,1.32,4.34,38.78,,1.28,20.38,29,30,73.33,low,0.38,-4.98,18.37,46.41,130.22B,3.7M,8.86,1.42,0.08,5.99,16.04,2.83,down,-4.98% period return; PE 8.86; EPS 5.99; margin 16.04%
2026-09-17,CEMENT,THCCL,Thatta Cement Company Limited,unknown,7,16,high,16 scored members; high peer-count confidence,,54.6,54.6,v3_quarterly_quality,100,6,6,100,complete,,,,71.67,30.98,67.86,68.89,42.86,70.77,5,5,100,Mar-26,2026-03-31,2026-07-25,scraped_at,170,39.37,34.04,1.6,47.62,55.01,,3.19,50.69,29,30,0,high,-0.59,-0.16,36.94,64.2,37.68B,3.08M,10.44,3.7,0.06,7.24,24.4,0,flat,strong quality 70.77 (5/5); -0.16% period return; PE 10.44; EPS 7.24
2026-09-17,CEMENT,MLCF,Maple Leaf Cement Factory Limited,unknown,8,16,high,16 scored members; high peer-count confidence,,54.23,54.23,v3_quarterly_quality,100,6,6,100,complete,,,,60,50.7,53.57,91.11,42.86,41.54,5,5,100,Mar-26,2026-03-31,2026-07-25,scraped_at,170,42.57,14.75,1.51,10.63,22.41,,2.05,32.55,29,30,26.67,high,0.8,-6.19,42.6,31.35,97.7B,9M,8.22,1.18,0.2,11.34,13.96,0,strong_down,-6.19% period return; PE 8.22; EPS 11.34; margin 13.96%
2026-09-17,CEMENT,GWLC,Gharibwal Cement Limited,unknown,9,16,high,16 scored members; high peer-count confidence,,54.01,54.01,v3_quarterly_quality,100,6,6,100,complete,,,,48.33,55.92,39.29,17.78,85.71,60,5,5,100,Mar-26,2026-03-31,2026-07-25,scraped_at,170,3.02,10.17,2.43,9.68,53.9,,2,31.74,29,30,33.33,moderate,-0.54,-0.99,56.45,28.59,19.95B,95.01K,7.39,0.73,0.49,6.74,12.64,3.01,flat,-0.99% period return; PE 7.39; EPS 6.74; margin 12.64%
2026-09-17,CEMENT,POWER,Power Cement Limited,unknown,10,16,high,16 scored members; high peer-count confidence,,50.81,50.81,v3_quarterly_quality,100,6,6,100,complete,,,,86.67,59,28.57,60,42.86,27.69,5,5,100,Mar-26,2026-03-31,2026-07-25,scraped_at,170,72.89,12.51,0.88,25.81,-356.85,,1.8,28.63,29,30,40,moderate,0.6,0.14,12,48.4,28.17B,532.1K,7.63,1.21,0.12,2.86,11.14,0,flat,weak quality 27.69 (5/5); 0.14% period return; PE 7.63; EPS 2.86
2026-09-17,CEMENT,KOHC,Kohat Cement Company Limited,unknown,11,16,high,16 scored members; high peer-count confidence,,50.31,50.31,v3_quarterly_quality,100,6,6,100,complete,,,,45,33.88,78.57,51.11,42.86,56.92,5,5,100,Mar-26,2026-03-31,2026-07-25,scraped_at,170,9.07,18.8,3.34,0.34,-15.84,,1.27,20.16,29,30,80,low,-0.92,-6.71,40.4,21.85,82.89B,235.49K,7.75,1.41,0.27,11.64,27.76,0,strong_down,-6.71% period return; PE 7.75; EPS 11.64; margin 27.76%
2026-09-17,CEMENT,SMCPL,Safe Mix Concrete Limited,unknown,12,16,high,16 scored members; high peer-count confidence,quarterly quality unavailable,47.53,47.53,v3_quarterly_quality,90,0,6,0,low,,,,56.67,50,50,17.78,50,,0,5,0,,,,,,,,,,,,1.49,23.67,29,30,53.33,moderate,2.3,-1.79,43.25,17.44,1B,8.64K,,,,,,,down,limited data 0/6; -1.79% period return
2026-09-17,CEMENT,DCL,Dewan Cement Limited,unknown,13,16,high,16 scored members; high peer-count confidence,,45.4,45.4,v3_quarterly_quality,100,6,6,100,complete,,,,33.33,83.33,0,62.22,42.86,47.69,5,5,100,Mar-26,2026-03-31,2026-07-25,scraped_at,170,9.74,-4.7,0.64,13.61,381.93,,2.23,35.41,29,30,20,high,-1.04,-11.05,71.68,43.72,5.17B,3.91M,-4.01,0.21,0.04,-2.37,-4.8,0,strong_down,-11.05% period return; PE -4.01; EPS -2.37; margin -4.8%
2026-09-17,CEMENT,ACPL,Attock Cement Pakistan Limited,unknown,14,16,high,16 scored members; high peer-count confidence,,39.98,39.98,v3_quarterly_quality,100,6,6,100,complete,,,,53.33,22.22,50,28.89,50,35.38,5,5,100,Mar-26,2026-03-31,2026-07-25,scraped_at,170,53.86,12.58,0.79,40.26,8.39,,0.95,15.01,29,30,100,low,-0.43,2.1,41.31,12.2,31.61B,98.58K,9.25,1.28,0.65,24.86,7.71,0.43,up,2.1% period return; PE 9.25; EPS 24.86; margin 7.71%
2026-09-17,CEMENT,FLYNG,Flying Cement Company Limited,unknown,15,16,high,16 scored members; high peer-count confidence,,30.78,30.78,v3_quarterly_quality,100,6,6,100,complete,,,,31.67,27.84,17.86,20,42.86,49.23,5,5,100,Mar-26,2026-03-31,2026-07-25,scraped_at,170,39.24,7.14,0.31,93.28,1051.28,,1.44,22.79,29,30,60,moderate,7.85,-16,70.82,7.85,24.81B,21.74K,27.65,1.93,0.1,1.29,5.99,0,strong_down,-16% period return; PE 27.65; EPS 1.29; margin 5.99%
2026-09-17,CEMENT,DNCC,Dandot Cement Company Limited,unknown,16,16,high,16 scored members; high peer-count confidence,quarterly quality unavailable,26.37,26.37,v3_quarterly_quality,90,6,6,100,complete,,,,8.33,35.71,7.14,35.56,42.86,,0,5,0,,,,,,,,,,,,2.76,43.75,29,30,13.33,high,-1.82,-11.16,79.82,11.5,4.94B,164.15K,-39.72,2.38,-0.27,-0.39,-1.76,0,strong_down,-11.16% period return; PE -39.72; EPS -0.39; margin -1.76%
2026-09-17,CHEMICAL,DYNO,Dynea Pakistan Limited,unknown,1,20,high,20 scored members; high peer-count confidence,,66.77,66.77,v3_quarterly_quality,100,6,6,100,complete,,,,73.68,59.05,73.33,52.63,66.67,76.92,5,5,100,Mar-26,2026-03-31,2026-07-25,scraped_at,170,4.09,20.19,3.37,16.19,28.68,,0.99,15.75,29,30,78.95,low,1.4,-2.97,11.33,29.59,6.22B,3.88K,5.72,1.1,0.73,57.58,7.21,4.7,down,strong quality 76.92 (5/5); -2.97% period return; PE 5.72; EPS 57.58
2026-09-17,CHEMICAL,GGL,Ghani Global Holdings Limited,unknown,2,20,high,20 scored members; high peer-count confidence,,65.56,65.56,v3_quarterly_quality,100,6,6,100,complete,,,,48.68,92.86,70,80.7,33.33,63.08,5,5,100,Mar-26,2026-03-31,2026-07-25,scraped_at,170,41.91,29.51,1.41,10.62,191.02,,2.52,40,29,30,31.58,high,2.94,-18.86,65.4,34.26,6.7B,1.16M,1.94,0.83,0.04,9.78,31.53,0,strong_down,-18.86% period return; PE 1.94; EPS 9.78; margin 31.53%
2026-09-17,CHEMICAL,LOTCHEM,Lotte Chemical Pakistan Limited,unknown,3,20,high,20 scored members; high peer-count confidence,,60.86,60.86,v3_quarterly_quality,100,6,6,100,complete,,,,56.58,47.62,30,75.44,100,69.23,5,5,100,Jun-26,2026-06-30,2026-07-25,scraped_at,79,12.77,22.2,1.79,0.4,284.98,,1.25,19.86,29,30,68.42,low,0.12,-8.86,39.49,33.57,37.23B,3.3M,7.94,1.84,-5.83,3.1,5.49,26.43,strong_down,-8.86% period return; PE 7.94; EPS 3.1; margin 5.49%
2026-09-17,CHEMICAL,WAHN,Wah Noble Chemicals Limited,unknown,4,20,high,20 scored members; high peer-count confidence,,60.33,60.33,v3_quarterly_quality,100,6,6,100,complete,,,,25,86.19,80,29.82,53.33,53.85,5,5,100,Mar-26,2026-03-31,2026-07-25,scraped_at,170,8.93,16.76,3.2,0.2,-0.43,,1.73,27.39,29,30,36.84,moderate,-2.74,-8.47,66.88,15.73,2.35B,4.99K,5.04,0.81,0.31,51.77,9.43,3.84,strong_down,-8.47% period return; PE 5.04; EPS 51.77; margin 9.43%
2026-09-17,CHEMICAL,ARPL,Archroma Pakistan Limited,unknown,5,20,high,20 scored members; high peer-count confidence,,57.06,57.06,v3_quarterly_quality,100,6,6,100,complete,,,,71.05,23.81,63.33,49.12,86.67,55.38,5,5,100,Mar-26,2026-03-31,2026-07-25,scraped_at,170,79.26,28.64,1.21,10.6,511.57,,1.65,26.15,29,30,47.37,moderate,-0.63,0.1,13.9,32.38,14.87B,84.73K,9.26,2.75,65.24,46.47,5.66,6.97,flat,0.1% period return; PE 9.26; EPS 46.47; margin 5.66%
2026-09-17,CHEMICAL,PAKOXY,Pakistan Oxygen Limited,unknown,6,20,high,20 scored members; high peer-count confidence,,55.72,55.72,v3_quarterly_quality,100,6,6,100,complete,,,,78.95,41.9,80,47.37,33.33,60,5,5,100,Mar-26,2026-03-31,2026-07-25,scraped_at,170,37.86,17.39,1.28,18.56,112.88,,1.65,26.24,29,30,42.11,moderate,-1.61,17.41,6.47,48.5,29.19B,13.4K,11.92,2.18,0.15,28.11,17.05,0,strong_up,17.41% period return; PE 11.92; EPS 28.11; margin 17.05%
2026-09-17,CHEMICAL,GCIL,Ghani Chemical Industries Limited,unknown,7,20,high,20 scored members; high peer-count confidence,quarterly quality unavailable,54.94,54.94,v3_quarterly_quality,90,4,6,66.67,partial,,,,42.11,59.52,66.67,82.46,33.33,,0,5,0,,,,,,,,,,,,1.45,23.09,29,30,57.89,moderate,-1.77,-13.64,30.59,24.61,17.74B,1.45M,5.9,,,5.27,33.37,0,strong_down,-13.64% period return; PE 5.9; EPS 5.27; margin 33.37%
2026-09-17,CHEMICAL,BIFO,Biafo Industries Limited,unknown,8,20,high,20 scored members; high peer-count confidence,,53.92,53.92,v3_quarterly_quality,100,6,6,100,complete,,,,27.63,35.71,60,56.14,80,72.31,5,5,100,Mar-26,2026-03-31,2026-07-25,scraped_at,170,15.55,13.32,2.17,36.64,152.6,,1.63,25.87,29,30,52.63,moderate,-4.25,-9.46,70.72,45.51,5.34B,144.04K,12.23,1.64,0.59,9.41,12.78,6.52,strong_down,strong quality 72.31 (5/5); -9.46% period return; PE 12.23; EPS 9.41
2026-09-17,CHEMICAL,ICL,Ittehad Chemicals Limted,unknown,9,20,high,20 scored members; high peer-count confidence,,52.85,52.85,v3_quarterly_quality,100,6,6,100,complete,,,,53.95,63.81,46.67,61.4,46.67,40,5,5,100,Mar-26,2026-03-31,2026-07-25,scraped_at,170,49.29,13.39,1.15,18.11,6.66,,0.85,13.47,29,30,100,low,-0.48,-6.7,35.51,31.19,12.99B,20.01K,9.46,1.19,0.36,13.74,4.34,2.31,strong_down,-6.7% period return; PE 9.46; EPS 13.74; margin 4.34%
2026-09-17,CHEMICAL,LCI,Lucky Core Industries Limited,unknown,10,20,high,20 scored members; high peer-count confidence,,51.68,51.68,v3_quarterly_quality,100,6,6,100,complete,,,,36.84,39.52,66.67,47.37,73.33,35.38,5,5,100,Mar-26,2026-03-31,2026-07-25,scraped_at,170,40.75,16.7,1.51,-6.84,-23.96,,1.04,16.45,29,30,73.68,low,-0.83,-3.83,59.76,6.48,98.92B,81.39K,10.15,1.66,0.62,21.11,8.6,4.9,down,-3.83% period return; PE 10.15; EPS 21.11; margin 8.6%
2026-09-17,CHEMICAL,DOL,Descon Oxychem Limited,unknown,11,20,high,20 scored members; high peer-count confidence,,51.55,51.55,v3_quarterly_quality,100,6,6,100,complete,,,,64.47,28.57,36.67,47.37,93.33,40,5,5,100,Mar-26,2026-03-31,2026-07-25,scraped_at,170,3.58,11.18,1.76,-16.51,-53.87,,0.96,15.22,29,30,84.21,low,0.7,-2.44,31.25,18.38,5.25B,95.69K,13.41,1.71,-4.38,2.24,7.66,13.32,down,-2.44% period return; PE 13.41; EPS 2.24; margin 7.66%
2026-09-17,CHEMICAL,BERG,Berger Paints Pakistan Limited,unknown,12,20,high,20 scored members; high peer-count confidence,,50.1,50.1,v3_quarterly_quality,100,5,6,83.33,partial,,,,39.47,66.67,33.33,56.14,60,32.31,5,5,100,Mar-26,2026-03-31,2026-07-25,scraped_at,170,41.36,8.09,1.43,1.37,2.01,,6.41,101.78,29,30,5.26,high,-2.16,-22.07,43.5,50.43,2.98B,415.1K,9.75,0.78,,12.44,3.37,4.12,strong_down,-22.07% period return; PE 9.75; EPS 12.44; margin 3.37%
2026-09-17,CHEMICAL,SARC,Sardar Chemical Industries Limited,unknown,13,20,high,20 scored members; high peer-count confidence,quarterly quality unavailable,49.39,49.39,v3_quarterly_quality,90,0,6,0,low,,,,53.95,50,50,38.6,50,,0,5,0,,,,,,,,,,,,3.78,60.06,29,30,21.05,high,-3.36,-4.6,42.31,81.13,507.3M,12.22K,,,,,,,down,limited data 0/6; -4.6% period return
2026-09-17,CHEMICAL,SITC,Sitara Chemical Industries Limited,unknown,14,20,high,20 scored members; high peer-count confidence,,46.73,46.73,v3_quarterly_quality,100,6,6,100,complete,,,,47.37,50.48,63.33,40.35,40,23.08,5,5,100,Mar-26,2026-03-31,2026-07-25,scraped_at,170,97.96,7.22,0.78,1.79,118.56,,0.9,14.24,29,30,89.47,low,-0.3,-6.45,35.54,8.18,15.81B,754.2,11.29,0.79,0.69,65.36,4.3,1.49,strong_down,weak quality 23.08 (5/5); -6.45% period return; PE 11.29; EPS 65.36
2026-09-17,CHEMICAL,DAAG,Data Agro Limited,unknown,15,20,high,20 scored members; high peer-count confidence,quarterly quality unavailable,46.32,46.32,v3_quarterly_quality,90,0,6,0,low,,,,56.58,50,50,7.02,50,,0,5,0,,,,,,,,,,,,4.97,78.93,29,30,10.53,high,-3.75,2.75,43.69,61.94,336.84M,9.42K,,,,,,,up,limited data 0/6; 2.75% period return
2026-09-17,CHEMICAL,GCWL,Ghani Chemworld Limited,unknown,16,20,high,20 scored members; high peer-count confidence,quarterly quality unavailable,45.98,45.98,v3_quarterly_quality,90,0,6,0,low,,,,17.11,50,50,63.16,50,,0,5,0,,,,,,,,,,,,0.86,13.62,29,30,94.74,low,-1.62,-12.27,79.51,6.38,3.5B,502.17K,,,,,,,strong_down,limited data 0/6; -12.27% period return
2026-09-17,CHEMICAL,NRSL,Nimir Resins Limited,unknown,17,20,high,20 scored members; high peer-count confidence,,41.74,41.74,v3_quarterly_quality,100,6,6,100,complete,,,,76.32,34.29,23.33,56.14,33.33,47.69,5,5,100,Mar-26,2026-03-31,2026-07-25,scraped_at,170,66.14,8.38,1.71,27.35,13.03,,4.81,76.33,29,30,15.79,high,-0.38,-0.78,33.33,77.96,5.18B,988.96K,10.3,1.24,0.92,3.56,4.11,0,flat,-0.78% period return; PE 10.3; EPS 3.56; margin 4.11%
2026-09-17,CHEMICAL,LPGL,Leiner Pak Gelatine Limited,unknown,18,20,high,20 scored members; high peer-count confidence,quarterly quality unavailable,41.23,41.23,v3_quarterly_quality,90,0,6,0,low,,,,13.16,50,50,26.32,50,,0,5,0,,,,,,,,,,,,2.74,43.43,29,30,26.32,high,-3.88,-24.93,64.53,12.86,533.33M,27.69K,,,,,,,strong_down,limited data 0/6; -24.93% period return
2026-09-17,CHEMICAL,EPCL,Engro Polymer & Chemicals Limited,unknown,19,20,high,20 scored members; high peer-count confidence,,35.97,35.97,v3_quarterly_quality,100,6,6,100,complete,,,,67.11,33.33,6.67,64.91,33.33,30.77,5,5,100,Mar-26,2026-03-31,2026-07-25,scraped_at,170,209.99,-11.37,1.11,6.92,3080,,1.44,22.8,29,30,63.16,moderate,-0.03,-1.54,18.04,23.32,30.28B,420.21K,31.54,1.37,-2.78,1.06,1.2,0,down,-1.54% period return; PE 31.54; EPS 1.06; margin 1.2%
2026-09-17,CHEMICAL,BUXL,Buxly Paints Limited,unknown,20,20,high,20 scored members; high peer-count confidence,quarterly quality unavailable,31.38,31.38,v3_quarterly_quality,90,6,6,100,complete,,,,50,36.67,0,49.12,33.33,,0,5,0,,,,,,,,,,,,9.47,150.41,29,30,0,high,-11.7,41.15,108.54,331.46,826.46M,109.48K,-33.52,5.07,0.41,-17.12,-4.42,0,strong_up,41.15% period return; PE -33.52; EPS -17.12; margin -4.42%
2026-09-17,COMMERCIAL BANKS,FABL,Faysal Bank Limited,unknown,1,3,low,3 scored members; low peer-count confidence,small sector peer group,61.04,61.04,v3_quarterly_quality,100,5,6,83.33,partial,,,,62.5,66.67,50,66.67,50,83.33,3,5,60,Mar-26,2026-03-31,2026-07-25,scraped_at,170,,19.32,,5.31,0.24,,0.76,12.14,29,30,100,low,0.4,-5.53,13.99,23.17,141.13B,484.96K,6.19,1.2,,15.03,11.28,6.99,strong_down,strong quality 83.33 (3/5); -5.53% period return; PE 6.19; EPS 15.03
2026-09-17,COMMERCIAL BANKS,MEBL,Meezan Bank Limited,unknown,2,3,low,3 scored members; low peer-count confidence,small sector peer group,52.29,52.29,v3_quarterly_quality,100,5,6,83.33,partial,,,,87.5,16.67,100,83.33,0,66.67,3,5,60,Mar-26,2026-03-31,2026-07-25,scraped_at,170,,32.66,,-7.48,-8.8,,1.4,22.2,29,30,50,moderate,-0.21,-4.16,11.24,36.37,982.81B,868.72K,10.61,3.34,,51.25,19.32,5.42,down,-4.16% period return; PE 10.61; EPS 51.25; margin 19.32%
2026-09-17,COMMERCIAL BANKS,BIPL,BankIslami Pakistan Limited,unknown,3,3,low,3 scored members; low peer-count confidence,small sector peer group,36.67,36.67,v3_quarterly_quality,100,5,6,83.33,partial,,,,0,66.67,0,0,100,0,3,5,60,Mar-26,2026-03-31,2026-07-25,scraped_at,170,,8.97,,-17.62,-61.81,,1.6,25.4,29,30,0,high,-0.68,-9.14,78.83,4.49,27.34B,310.83K,7.54,0.57,,3.27,4.69,11.15,strong_down,weak quality 0 (3/5); -9.14% period return; PE 7.54; EPS 3.27
2026-09-17,ENGINEERING,CSAP,Crescent Steel & Allied Products Limited,unknown,1,11,moderate,11 scored members; moderate peer-count confidence,,75.08,75.08,v3_quarterly_quality,100,6,6,100,complete,,,,40,83.33,93.75,60,87.5,60,5,5,100,Mar-26,2026-03-31,2026-07-25,scraped_at,170,16.64,4.46,2.23,-31.29,-20.36,,1.59,25.28,29,30,90,low,0.44,-13.34,58.91,15.4,7.01B,133.95K,4.57,0.71,0.65,19.74,17.22,6.09,strong_down,-13.34% period return; PE 4.57; EPS 19.74; margin 17.22%
2026-09-17,ENGINEERING,INIL,International Industries Limited,unknown,2,11,moderate,11 scored members; moderate peer-count confidence,,69.54,69.54,v3_quarterly_quality,100,6,6,100,complete,,,,52.5,72.5,75,70,75,65.4,5,5,100,Mar-26,2026-03-31,2026-07-25,scraped_at,170,39.41,7.41,1.27,32.3,83.84,,1.93,30.57,29,30,60,moderate,-0.23,-2.98,48.32,25.79,21.12B,286.44K,7.31,0.62,-2.28,21.92,2.4,4.37,down,-2.98% period return; PE 7.31; EPS 21.92; margin 2.4%
2026-09-17,ENGINEERING,ISL,International Steels Limited,unknown,3,11,moderate,11 scored members; moderate peer-count confidence,,69.16,69.16,v3_quarterly_quality,100,6,6,100,complete,,,,32.5,53.33,81.25,73.33,100,73.65,5,5,100,Mar-26,2026-03-31,2026-07-25,scraped_at,170,42.19,11.95,1.23,42.32,94.89,,2.36,37.49,29,30,40,moderate,-0.32,-12.28,61.15,22.22,34.8B,306.86K,9.48,1.3,-2.25,8.44,3.93,6.25,strong_down,strong quality 73.65 (5/5); -12.28% period return; PE 9.48; EPS 8.44
2026-09-17,ENGINEERING,MUGHAL,Mughal Iron & Steel Industries Limited,unknown,4,11,moderate,11 scored members; moderate peer-count confidence,,51.22,51.22,v3_quarterly_quality,100,6,6,100,complete,,,,25,50.83,56.25,76.67,50,58.41,5,5,100,Mar-26,2026-03-31,2026-07-25,scraped_at,170,102.57,8.83,1.33,-8.82,148.44,,1.45,23,29,30,100,low,0.12,-14.37,67.71,15.2,22.81B,1.27M,10.67,0.75,0.72,6.37,2.8,0,strong_down,-14.37% period return; PE 10.67; EPS 6.37; margin 2.8%
2026-09-17,ENGINEERING,ASL,Aisha Steel Mills Limited,unknown,5,11,moderate,11 scored members; moderate peer-count confidence,,51.06,51.06,v3_quarterly_quality,100,6,6,100,complete,,,,95,35.83,37.5,66.67,50,36.83,5,5,100,Mar-26,2026-03-31,2026-07-25,scraped_at,170,55.55,0.52,1.17,40.49,-107.59,,3.6,57.1,29,30,20,high,5.88,15.78,7.6,100.94,15.92B,8.02M,17.27,1.42,-1.22,0.99,1.81,0,strong_up,15.78% period return; PE 17.27; EPS 0.99; margin 1.81%
2026-09-17,ENGINEERING,KSBP,KSB Pumps Company Limited,unknown,6,11,moderate,11 scored members; moderate peer-count confidence,,49.22,49.22,v3_quarterly_quality,100,6,6,100,complete,,,,65,16.67,68.75,26.67,62.5,63.89,4,5,80,Mar-26,2026-03-31,2026-07-25,scraped_at,170,,5.24,1.63,10.42,1.85,,1.72,27.36,29,30,80,low,-0.16,-9.1,20.18,41.53,6.79B,43.64K,29.76,1.57,1.84,7.38,3.01,0.46,strong_down,-9.1% period return; PE 29.76; EPS 7.38; margin 3.01%
2026-09-17,ENGINEERING,ITTEFAQ,Ittefaq Iron Industries Limited,unknown,7,11,moderate,11 scored members; moderate peer-count confidence,,47.3,47.3,v3_quarterly_quality,100,5,6,83.33,partial,,,,50,66.67,12.5,66.67,50,39.68,5,5,100,Mar-26,2026-03-31,2026-07-25,scraped_at,170,43.42,-18.56,2.06,-28.47,-21.12,,1.73,27.5,29,30,70,low,1.97,-12.88,62.47,35.3,1.12B,431.95K,-1.99,0.39,,-3.91,-27.88,0,strong_down,-12.88% period return; PE -1.99; EPS -3.91; margin -27.88%
2026-09-17,ENGINEERING,BECO,Beco Steel Limited,unknown,8,11,moderate,11 scored members; moderate peer-count confidence,,45.43,45.43,v3_quarterly_quality,100,0,6,0,low,,,,12.5,50,50,63.33,50,47.22,4,5,80,Mar-26,2026-03-31,2026-07-25,scraped_at,170,,15.8,1.03,39.01,-12475,,2.33,37.03,29,30,50,moderate,-1.34,-12.1,1561.4,13.59,5.54B,2.24M,,,,,,,strong_down,limited data 0/6; -12.1% period return
2026-09-17,ENGINEERING,MSCL,Metropolitan Steel Corporation Limited,unknown,9,11,moderate,11 scored members; moderate peer-count confidence,quarterly quality unavailable,43.89,43.89,v3_quarterly_quality,90,0,6,0,low,,,,40,50,50,10,50,,0,5,0,,,,,,,,,,,,2.99,47.43,29,30,30,high,-1.31,-11.28,120.73,74.94,653.01M,48.64K,,,,,,,strong_down,limited data 0/6; -11.28% period return
2026-09-17,ENGINEERING,DADX,Dadex Eternit Limited,unknown,10,11,moderate,11 scored members; moderate peer-count confidence,,38.07,38.07,v3_quarterly_quality,100,6,6,100,complete,,,,87.5,50,0,6.67,50,17.78,5,5,100,Mar-26,2026-03-31,2026-07-25,scraped_at,170,122.54,-95.74,0.92,-9.89,-15.32,,4.28,67.89,29,30,0,high,0.06,16.34,19.7,141.1,1.11B,631,-3.4,4.28,0.06,-30.29,-37.21,0,strong_up,weak quality 17.78 (5/5); 16.34% period return; PE -3.4; EPS -30.29
2026-09-17,ENGINEERING,BCL,Bolan Castings Limited,unknown,11,11,moderate,11 scored members; moderate peer-count confidence,,35.98,35.98,v3_quarterly_quality,100,6,6,100,complete,,,,50,20.83,25,43.33,50,39.37,5,5,100,Mar-26,2026-03-31,2026-07-25,scraped_at,170,36.14,-4.49,1.39,-37.29,-84.09,,4.03,63.94,29,30,10,high,-3.26,1.64,47.08,28.65,826.83M,77.15K,-53.16,2.6,4.29,-1.36,-1.1,0,up,1.64% period return; PE -53.16; EPS -1.36; margin -1.1%
2026-09-17,FERTILIZER,FFC,Fauji Fertilizer Company Limited,unknown,1,3,low,3 scored members; low peer-count confidence,small sector peer group,82.04,82.04,v3_quarterly_quality,100,6,6,100,complete,,,,62.5,66.67,100,100,100,60,5,5,100,Mar-26,2026-03-31,2026-07-25,scraped_at,170,28.16,33.61,1.23,21.91,-3.55,,0.97,15.37,29,30,50,moderate,-0.57,-2.7,29,20.22,764.14B,730.75K,8.64,2.79,0.13,61.43,16.53,7.72,down,-2.7% period return; PE 8.64; EPS 61.43; margin 16.53%
2026-09-17,FERTILIZER,FATIMA,Fatima Fertilizer Company Limited,unknown,2,3,low,3 scored members; low peer-count confidence,small sector peer group,42.71,42.71,v3_quarterly_quality,100,6,6,100,complete,,,,62.5,66.67,50,16.67,0,50,5,5,100,Mar-26,2026-03-31,2026-07-25,scraped_at,170,38.63,22.65,1.5,11.62,1.49,,0.96,15.17,29,30,100,low,0.14,-7.91,31.18,22.47,308.64B,519.48K,6.77,1.67,0.18,21.7,15.66,6.46,strong_down,-7.91% period return; PE 6.77; EPS 21.7; margin 15.66%
2026-09-17,FERTILIZER,EFERT,Engro Fertilizers Limited,unknown,3,3,low,3 scored members; low peer-count confidence,small sector peer group,25.25,25.25,v3_quarterly_quality,100,6,6,100,complete,,,,25,16.67,0,33.33,50,40,5,5,100,Mar-26,2026-03-31,2026-07-25,scraped_at,170,158.53,53.58,0.77,14.76,-1.49,,1.13,17.86,29,30,0,high,-0.57,0.56,40.78,3.9,249.74B,540.54K,11.73,5.69,-1.57,15.94,9.36,6.55,flat,0.56% period return; PE 11.73; EPS 15.94; margin 9.36%
2026-09-17,FOOD & PERSONAL CARE PRODUCTS,COLG,Colgate-Palmolive (Pakistan) Limited,unknown,1,24,high,24 scored members; high peer-count confidence,,67.02,67.02,v3_quarterly_quality,100,6,6,100,complete,,,,40.61,49.27,86.67,55.07,93.33,71.08,5,5,100,Mar-26,2026-03-31,2026-07-25,scraped_at,170,2.5,48.34,2.49,3.43,-7.88,,0.83,13.12,29,30,81.82,low,-1.07,-8.4,16.41,7.17,273.2B,15.11K,14.66,6.57,0.3,76.74,14.88,5.69,strong_down,strong quality 71.08 (5/5); -8.4% period return; PE 14.66; EPS 76.74
2026-09-17,FOOD & PERSONAL CARE PRODUCTS,UPFL,Unilever Pakistan Foods Limited,unknown,2,24,high,24 scored members; high peer-count confidence,,62.92,62.92,v3_quarterly_quality,100,6,6,100,complete,,,,71.05,17.4,100,46.38,86.67,59.38,2,5,40,Mar-26,2026-03-31,2026-07-25,scraped_at,170,,,,22.21,-6.5,,1.24,19.7,29,30,50,moderate,1.6,-1.58,35.89,10.2,157.97B,184.8,21.96,21.88,0.72,1129.54,15.56,5.5,down,-1.58% period return; PE 21.96; EPS 1129.54; margin 15.56%
2026-09-17,FOOD & PERSONAL CARE PRODUCTS,PREMA,At-Tahur Limited,unknown,3,24,high,24 scored members; high peer-count confidence,,62.4,62.4,v3_quarterly_quality,100,6,6,100,complete,,,,54.05,73.26,63.33,62.32,53.33,64.1,5,5,100,Mar-26,2026-03-31,2026-07-25,scraped_at,170,23.25,9.44,1.39,16.81,29.13,,3.23,51.24,29,30,9.09,high,1.77,-21.26,75.58,39.61,7.02B,1M,11.74,1.16,0.25,2.73,9.01,0,strong_down,-21.26% period return; PE 11.74; EPS 2.73; margin 9.01%
2026-09-17,FOOD & PERSONAL CARE PRODUCTS,NESTLE,Nestle Pakistan Limited,unknown,4,24,high,24 scored members; high peer-count confidence,,60.04,60.04,v3_quarterly_quality,100,6,6,100,complete,,,,58.3,17.03,80,52.17,100,58.21,5,5,100,Jun-26,2026-06-30,2026-07-25,scraped_at,79,10.73,75.51,0.88,9.63,10.78,,0.41,6.53,29,30,90.91,low,-0.13,-0.3,16.15,7,339.67B,168.2,20.22,17.3,1.46,370.4,8.2,7.3,flat,-0.3% period return; PE 20.22; EPS 370.4; margin 8.2%
2026-09-17,FOOD & PERSONAL CARE PRODUCTS,MFL,Matco Foods Limited,unknown,5,24,high,24 scored members; high peer-count confidence,,59.93,59.93,v3_quarterly_quality,100,6,6,100,complete,,,,69.32,87.73,36.67,62.32,53.33,33.7,5,5,100,Mar-26,2026-03-31,2026-07-25,scraped_at,170,157.49,4.98,1.1,-16.67,542.17,,3.83,60.86,29,30,0,high,10,-0.74,98.86,15.73,5.28B,1.03M,10.43,0.49,0.19,4.13,1.98,0,flat,-0.74% period return; PE 10.43; EPS 4.13; margin 1.98%
2026-09-17,FOOD & PERSONAL CARE PRODUCTS,FCEPL,Frieslandcampina Engro Pakistan Limited,unknown,6,24,high,24 scored members; high peer-count confidence,,59.82,59.82,v3_quarterly_quality,100,6,6,100,complete,,,,91.01,34.25,60,56.52,73.33,52.86,5,5,100,Mar-26,2026-03-31,2026-07-25,scraped_at,170,22.92,20.39,1.04,1.47,31.75,,3.6,57.14,29,30,4.55,high,1.61,9.76,13.86,117.98,106.71B,643.72K,18.49,5.71,0.5,7.53,5.21,2.51,strong_up,9.76% period return; PE 18.49; EPS 7.53; margin 5.21%
2026-09-17,FOOD & PERSONAL CARE PRODUCTS,RMPL,Rafhan Maize Products Company Limited,unknown,7,24,high,24 scored members; high peer-count confidence,,59.02,59.02,v3_quarterly_quality,100,6,6,100,complete,,,,40.61,40.48,90,36.23,80,51.9,5,5,100,Mar-26,2026-03-31,2026-07-25,scraped_at,170,27.78,22.4,1.85,2.53,-13.25,,0.78,12.36,29,30,86.36,low,-0.98,-2.31,49.9,6.47,83.59B,23.6,12.32,2.69,8.31,734.36,9.04,4.8,down,-2.31% period return; PE 12.32; EPS 734.36; margin 9.04%
2026-09-17,FOOD & PERSONAL CARE PRODUCTS,GDL,Ghani Dairies Limited,unknown,8,24,high,24 scored members; high peer-count confidence,quarterly quality unavailable,55.4,55.4,v3_quarterly_quality,90,0,6,0,low,,,,71.29,50,50,66.67,50,,0,5,0,,,,,,,,,,,,2.56,40.6,29,30,22.73,high,3.29,2.35,84.56,11.68,7.67B,2.34M,,,,,,,up,limited data 0/6; 2.35% period return
2026-09-17,FOOD & PERSONAL CARE PRODUCTS,BBFL,Big Bird Foods Limited,unknown,9,24,high,24 scored members; high peer-count confidence,,55.37,55.37,v3_quarterly_quality,100,0,6,0,low,,,,65.61,50,50,62.32,50,68,5,5,100,Mar-26,2026-03-31,2026-07-25,scraped_at,170,25.12,17.2,1.84,47.11,13.71,,1.22,19.43,29,30,54.55,moderate,0.33,-5.68,43.99,17.15,11.91B,111.81K,,,,,,,strong_down,limited data 0/6; -5.68% period return
2026-09-17,FOOD & PERSONAL CARE PRODUCTS,SOYASUP,Agro Processors & Atmospheric Gases Ltd,unknown,10,24,high,24 scored members; high peer-count confidence,quarterly quality unavailable; volatility history insufficient,54.72,54.72,v3_quarterly_quality,90,0,6,0,low,,,,65.27,50,50,69.57,50,,0,5,0,,,,,,,,,,,,,,2,30,,unknown,2.98,-3.5,6.48,4.87,12.17B,3M,,,,,,,down,limited data 0/6; -3.5% period return
2026-09-17,FOOD & PERSONAL CARE PRODUCTS,UNITY,Unity Foods Limited,unknown,11,24,high,24 scored members; high peer-count confidence,quarterly fundamentals stale,53.47,53.47,v3_quarterly_quality,100,6,6,100,complete,,,,26.04,95.05,30,78.26,53.33,13.08,5,5,100,Sep-25,2025-09-30,2026-07-25,scraped_at,352,239.45,9.32,1.01,-2.15,-160.06,,2.94,46.65,29,30,13.64,high,0.12,-26.37,260.39,8.92,9.77B,2.7M,5.11,0.52,0.09,1.6,2.34,0,strong_down,weak quality 13.08 (5/5); -26.37% period return; PE 5.11; EPS 1.6
2026-09-17,FOOD & PERSONAL CARE PRODUCTS,BFAGRO,Barkat Frisian Agro Limited,unknown,12,24,high,24 scored members; high peer-count confidence,quarterly quality unavailable,49.71,49.71,v3_quarterly_quality,90,0,6,0,low,,,,46.79,50,50,52.17,50,,0,5,0,,,,,,,,,,,,1,15.94,29,30,68.18,low,0.73,-8.58,62.7,7.72,9.38B,59.29K,,,,,,,strong_down,limited data 0/6; -8.58% period return
2026-09-17,FOOD & PERSONAL CARE PRODUCTS,BNL,Bunnys Limited,unknown,13,24,high,24 scored members; high peer-count confidence,,49.41,49.41,v3_quarterly_quality,100,6,6,100,complete,,,,7.66,65.2,43.33,63.77,53.33,62.48,5,5,100,Mar-26,2026-03-31,2026-07-25,scraped_at,170,39.91,17.26,1.16,7.95,199.33,,1.19,18.92,29,30,59.09,moderate,-1.06,-11.11,2826.79,1.82,3.74B,759K,8.39,1.28,0.5,0.67,5.69,0,strong_down,-11.11% period return; PE 8.39; EPS 0.67; margin 5.69%
2026-09-17,FOOD & PERSONAL CARE PRODUCTS,QUICE,Quice Food Industries Limited,unknown,14,24,high,24 scored members; high peer-count confidence,quarterly quality unavailable,48.13,48.13,v3_quarterly_quality,90,0,6,0,low,,,,38.29,50,50,50.72,50,,0,5,0,,,,,,,,,,,,2.4,38.15,29,30,27.27,high,-0.72,-22.44,85.58,210.25,2.44B,84.95K,,,,,,,strong_down,limited data 0/6; -22.44% period return
2026-09-17,FOOD & PERSONAL CARE PRODUCTS,FFL,Fauji Foods Limited,unknown,15,24,high,24 scored members; high peer-count confidence,,48.07,48.07,v3_quarterly_quality,100,6,6,100,complete,,,,37.8,52.38,26.67,69.57,53.33,63.49,5,5,100,Mar-26,2026-03-31,2026-07-25,scraped_at,170,2.85,11.16,1.15,14.15,23.81,,1.06,16.83,29,30,63.64,moderate,0.97,-9.8,64.58,3.86,36.64B,1.27M,37.41,3.25,0.02,0.39,3.18,0,strong_down,-9.8% period return; PE 37.41; EPS 0.39; margin 3.18%
2026-09-17,FOOD & PERSONAL CARE PRODUCTS,WAHDAT,Wahdat Poultry Farm Limited,unknown,16,24,high,24 scored members; high peer-count confidence,quarterly quality unavailable,47.57,47.57,v3_quarterly_quality,90,0,6,0,low,,,,33.94,50,50,52.17,50,,0,5,0,,,,,,,,,,,,0.83,13.2,29,30,72.73,low,-0.81,-7.99,48.87,2.31,4.9B,747.91K,,,,,,,strong_down,limited data 0/6; -7.99% period return
2026-09-17,FOOD & PERSONAL CARE PRODUCTS,CLOV,Clover Pakistan Limited,unknown,17,24,high,24 scored members; high peer-count confidence,quarterly quality unavailable,46.88,46.88,v3_quarterly_quality,90,6,6,100,complete,,,,34.73,57.14,33.33,53.62,53.33,,0,5,0,,,,,,,,,,,,2.2,34.91,29,30,31.82,high,1.11,-8.48,1291.52,5.29,2.48B,650.29K,10.43,3.4,-0.26,0.61,4.44,0,strong_down,-8.48% period return; PE 10.43; EPS 0.61; margin 4.44%
2026-09-17,FOOD & PERSONAL CARE PRODUCTS,ISIL,Ismail Industries Limited,unknown,18,24,high,24 scored members; high peer-count confidence,,46.65,46.65,v3_quarterly_quality,100,6,6,100,complete,,,,47.23,34.62,56.67,37.68,60,38.11,5,5,100,Mar-26,2026-03-31,2026-07-25,scraped_at,170,168,15.62,1.24,0.01,-2.16,,0.83,13.14,29,30,77.27,low,-0.37,-2.74,30.86,4.99,120.18B,11.8,30.3,4.19,0.46,59.78,3.09,0.28,down,-2.74% period return; PE 30.3; EPS 59.78; margin 3.09%
2026-09-17,FOOD & PERSONAL CARE PRODUCTS,MFFL,Mitchells Fruit Farms Limited,unknown,19,24,high,24 scored members; high peer-count confidence,quarterly quality unavailable,46.51,46.51,v3_quarterly_quality,90,0,6,0,low,,,,41.16,50,50,31.88,50,,0,5,0,,,,,,,,,,,,1.99,31.58,29,30,36.36,moderate,-0.95,-15.3,49.55,13.48,3.63B,4.92K,,,,,,,strong_down,limited data 0/6; -15.3% period return
2026-09-17,FOOD & PERSONAL CARE PRODUCTS,TREET,Treet Corporation Limited,unknown,20,24,high,24 scored members; high peer-count confidence,,46.5,46.5,v3_quarterly_quality,100,6,6,100,complete,,,,43.63,60.81,20,69.57,53.33,31.3,5,5,100,Mar-26,2026-03-31,2026-07-25,scraped_at,170,103.11,4.99,1.01,3.17,9.62,,1.6,25.44,29,30,45.45,moderate,0.57,-11.28,73.63,9,7.91B,837.58K,16.46,0.97,0.46,1.29,1.81,0,strong_down,-11.28% period return; PE 16.46; EPS 1.29; margin 1.81%
2026-09-17,FOOD & PERSONAL CARE PRODUCTS,GIL,Good Luck Industries Ltd.,unknown,21,24,high,24 scored members; high peer-count confidence,,45.68,45.68,v3_quarterly_quality,100,6,6,100,complete,,,,72.83,33.33,36.67,1.45,66.67,56.15,4,5,80,Mar-26,2026-03-31,2026-07-25,scraped_at,170,,0.2,2.44,5.81,100,,0,0,29,30,97.73,low,,0,-100,,0,0,66.03,0,-14.54,15.14,0.25,0.3,flat,0% period return; PE 66.03; EPS 15.14; margin 0.25%
2026-09-17,FOOD & PERSONAL CARE PRODUCTS,ZIL,ZIL Limited,unknown,22,24,high,24 scored members; high peer-count confidence,,45.6,45.6,v3_quarterly_quality,100,0,6,0,low,,,,41.25,50,50,13.04,50,56.12,5,5,100,Mar-26,2026-03-31,2026-07-25,scraped_at,170,15.95,3.59,1.14,14.89,168.42,,1.91,30.39,29,30,40.91,moderate,0.18,-7.23,121.76,8.52,1.99B,71.2,,,,,,,strong_down,limited data 0/6; -7.23% period return
2026-09-17,FOOD & PERSONAL CARE PRODUCTS,TOMCL,The Organic Meat Company Limited,unknown,23,24,high,24 scored members; high peer-count confidence,,45.12,45.12,v3_quarterly_quality,100,6,6,100,complete,,,,32.66,45.42,36.67,63.77,53.33,44.89,5,5,100,Mar-26,2026-03-31,2026-07-25,scraped_at,170,7.87,4.82,4.37,-10.07,-51.64,,2.57,40.74,29,30,18.18,high,0,-17.97,137.77,12.72,6.26B,683.83K,17.34,0.95,1.84,1.84,2.74,0,strong_down,-17.97% period return; PE 17.34; EPS 1.84; margin 2.74%
2026-09-17,FOOD & PERSONAL CARE PRODUCTS,SCL,Shield Corporation Limited,unknown,24,24,high,24 scored members; high peer-count confidence,,32.95,32.95,v3_quarterly_quality,100,6,6,100,complete,,,,69.96,29.12,0,13.04,53.33,32.01,5,5,100,Mar-26,2026-03-31,2026-07-25,scraped_at,170,221.61,-70.65,1.15,-12.29,2233.33,,0,0,29,30,97.73,low,0.01,0,49.99,121.84,2.93B,0,-13.91,9.44,1.05,-53.91,-8.05,0,flat,0% period return; PE -13.91; EPS -53.91; margin -8.05%
2026-09-17,GLASS & CERAMICS,GHGL,Ghani Glass Limited,unknown,1,7,moderate,7 scored members; moderate peer-count confidence,,82.77,82.77,v3_quarterly_quality,100,6,6,100,complete,,,,75,80.56,75,77.78,100,86,5,5,100,Mar-26,2026-03-31,2026-07-25,scraped_at,170,0.09,15.69,2.75,4.32,-0.02,,1.87,29.62,29,30,33.33,moderate,0.58,-1.95,21.86,44.74,40.2B,360.42K,5.56,0.96,0.19,7.23,14.94,8.7,down,strong quality 86 (5/5); -1.95% period return; PE 5.56; EPS 7.23
2026-09-17,GLASS & CERAMICS,GVGL,Ghani Value Glass Limited,unknown,2,7,moderate,7 scored members; moderate peer-count confidence,,60.33,60.33,v3_quarterly_quality,100,5,6,83.33,partial,,,,75,27.78,75,38.89,75,82.5,4,5,80,Mar-26,2026-03-31,2026-07-25,scraped_at,170,,21.2,1.98,13.59,-4.69,,1.4,22.16,29,30,50,moderate,5.01,1.23,31.7,28.71,8.42B,73.09K,8.46,1.67,,6.64,15.54,5.34,up,strong quality 82.5 (4/5); 1.23% period return; PE 8.46; EPS 6.64
2026-09-17,GLASS & CERAMICS,TGL,Tariq Glass Industries Limited,unknown,3,7,moderate,7 scored members; moderate peer-count confidence,,55.42,55.42,v3_quarterly_quality,100,6,6,100,complete,,,,41.67,50,75,66.67,50,50,2,5,40,Mar-26,2026-03-31,2026-07-25,scraped_at,170,,,,-4.37,-4.33,,1.3,20.69,29,30,83.33,low,-0.95,-10.99,69.28,27.61,28.12B,155.09K,6.67,1.15,0.22,24.49,13.38,4.29,strong_down,-10.99% period return; PE 6.67; EPS 24.49; margin 13.38%
2026-09-17,GLASS & CERAMICS,KCL,Karam Ceramics Limited,unknown,4,7,moderate,7 scored members; moderate peer-count confidence,,49.42,49.42,v3_quarterly_quality,100,0,6,0,low,,,,75,50,50,50,50,6.67,5,5,100,Mar-26,2026-03-31,2026-07-25,scraped_at,170,346.72,-948.91,0.47,-22.12,-27.29,,3.27,51.91,29,30,16.67,high,-5.45,27.7,5.98,60.98,2.69B,727.6,,,,,,,strong_up,limited data 0/6; weak quality 6.67 (5/5); 27.7% period return
2026-09-17,GLASS & CERAMICS,FRCL,Frontier Ceramics Limited,unknown,5,7,moderate,7 scored members; moderate peer-count confidence,,45.12,45.12,v3_quarterly_quality,100,0,6,0,low,,,,45.83,50,50,16.67,50,40.83,4,5,80,Mar-26,2026-03-31,2026-07-25,scraped_at,170,,12.62,0.77,11.07,-1112,,3.54,56.25,29,30,0,high,-7.5,-13.15,43.56,106.17,3.12B,288.2,,,,,,,strong_down,limited data 0/6; -13.15% period return
2026-09-17,GLASS & CERAMICS,GGGL,Ghani Global Glass Limited,unknown,6,7,moderate,7 scored members; moderate peer-count confidence,,32.38,32.38,v3_quarterly_quality,100,6,6,100,complete,,,,29.17,33.33,25,50,25,46.67,5,5,100,Mar-26,2026-03-31,2026-07-25,scraped_at,170,49.24,4.77,1.08,-3.04,-54.15,,1.08,17.13,29,30,100,low,-0.79,-13.57,79.42,13.13,1.82B,204.22K,14.15,0.62,0.65,0.54,4.51,0,strong_down,-13.57% period return; PE 14.15; EPS 0.54; margin 4.51%
2026-09-17,GLASS & CERAMICS,STCL,Shabbir Tiles & Ceramics Limited,unknown,7,7,moderate,7 scored members; moderate peer-count confidence,,30.03,30.03,v3_quarterly_quality,100,6,6,100,complete,,,,8.33,58.33,0,50,25,42,5,5,100,Mar-26,2026-03-31,2026-07-25,scraped_at,170,92.83,-42.43,0.92,-12.96,553.79,,1.4,22.16,29,30,66.67,moderate,-1.21,-16.84,115.8,5.15,2.15B,123.24K,-2.23,1.23,0.11,-4.03,-8,0,strong_down,-16.84% period return; PE -2.23; EPS -4.03; margin -8%
2026-09-17,INSURANCE,PQGTL,Pak Qatar General Takaful Limited,unknown,1,2,low,2 scored members; low peer-count confidence,quarterly quality unavailable; small sector peer group,56.48,56.48,v3_quarterly_quality,90,0,6,0,low,,,,100,50,50,33.33,50,,0,5,0,,,,,,,,,,,,1.51,24,29,30,0,high,0.79,-10.44,54.93,24.68,1.29B,122.86K,,,,,,,strong_down,limited data 0/6; -10.44% period return
2026-09-17,INSURANCE,PAKQATAR,Pak Qatar Family Takaful Limited,unknown,2,2,low,2 scored members; low peer-count confidence,quarterly quality unavailable; small sector peer group,43.52,43.52,v3_quarterly_quality,90,0,6,0,low,,,,0,50,50,66.67,50,,0,5,0,,,,,,,,,,,,1.11,17.61,29,30,100,low,-3.32,-19.85,77.11,8.92,3.83B,280.27K,,,,,,,strong_down,limited data 0/6; -19.85% period return
2026-09-17,INV. BANKS / INV. COS. / SECURITIES COS.,ENGROH,Engro Holdings Limited,unknown,1,1,low,1 scored members; low peer-count confidence,quarterly quality unavailable; volatility history insufficient; small sector peer group,50,50,v3_quarterly_quality,90,5,6,83.33,partial,,,,50,50,50,50,50,,0,5,0,Mar-26,2026-03-31,2026-07-25,scraped_at,170,134.15,39.96,0.88,56.06,200.48,,0.96,15.17,29,30,,unknown,0.58,-2.7,15.68,25.1,314.91B,1.21M,8.02,,0.47,32.62,6.44,0,down,-2.7% period return; PE 8.02; EPS 32.62; margin 6.44%
2026-09-17,LEATHER & TANNERIES,SGF,Service GlobalFootwear Limited,unknown,1,4,low,4 scored members; low peer-count confidence,small sector peer group,74.58,74.58,v3_quarterly_quality,100,6,6,100,complete,,,,75,66.67,75,66.67,100,50,5,5,100,Mar-26,2026-03-31,2026-07-25,scraped_at,170,109.95,28.57,1.04,8.2,189.19,,2.95,46.76,29,30,66.67,moderate,2.83,-12.32,36.62,45.24,21.51B,180.99K,6.57,2.05,0.36,15.81,17.64,1.93,strong_down,-12.32% period return; PE 6.57; EPS 15.81; margin 17.64%
2026-09-17,LEATHER & TANNERIES,LEUL,Leather Up Limited,unknown,2,4,low,4 scored members; low peer-count confidence,quarterly quality unavailable; small sector peer group,52.16,52.16,v3_quarterly_quality,90,0,6,0,low,,,,66.67,50,50,44.44,50,,0,5,0,,,,,,,,,,,,5.87,93.19,29,30,33.33,moderate,-7.71,46.16,43.65,165.49,410.34M,169.59K,,,,,,,strong_up,limited data 0/6; 46.16% period return
2026-09-17,LEATHER & TANNERIES,SRVI,Service Industries Limited,unknown,3,4,low,4 scored members; low peer-count confidence,small sector peer group,51.86,51.86,v3_quarterly_quality,100,6,6,100,complete,,,,25,33.33,75,77.78,50,70,5,5,100,Mar-26,2026-03-31,2026-07-25,scraped_at,170,161.89,47.78,1.1,23.48,160.34,,16.86,267.66,29,30,0,high,0.06,-91.92,1268.89,6.82,84.58B,104.39K,11.29,2.77,0.11,15.95,6.13,0.97,strong_down,strong quality 70 (5/5); -91.92% period return; PE 11.29; EPS 15.95
2026-09-17,LEATHER & TANNERIES,BATA,Bata Pakistan Limited,unknown,4,4,low,4 scored members; low peer-count confidence,small sector peer group,21.61,21.61,v3_quarterly_quality,100,6,6,100,complete,,,,33.33,50,0,11.11,0,30,5,5,100,Mar-26,2026-03-31,2026-07-25,scraped_at,170,102.55,-66.17,1.09,-4.6,-414.59,,0.52,8.32,29,30,100,low,-2.95,-5.35,80.8,1.4,6.44B,628.6,-2.62,2.16,0.15,-325.72,-13.32,0,strong_down,weak quality 30 (5/5); -5.35% period return; PE -2.62; EPS -325.72
2026-09-17,MISCELLANEOUS,ECOP,Ecopack Limited,unknown,1,12,moderate,12 scored members; moderate peer-count confidence,,74.48,74.48,v3_quarterly_quality,100,6,6,100,complete,,,,65.91,88.89,50,75.76,100,48,5,5,100,Mar-26,2026-03-31,2026-07-25,scraped_at,170,70.11,21.56,1.11,-3.15,1.36,,3.28,52.14,29,30,60,moderate,-0.43,4.48,40.39,51.63,2.47B,240.49K,6.68,1.37,0.16,7.67,5.37,3.9,up,4.48% period return; PE 6.68; EPS 7.67; margin 5.37%
2026-09-17,MISCELLANEOUS,SHFA,Shifa International Hospitals Limited,unknown,2,12,moderate,12 scored members; moderate peer-count confidence,,66.41,66.41,v3_quarterly_quality,100,6,6,100,complete,,,,31.82,55.56,100,78.79,66.67,65.33,5,5,100,Mar-26,2026-03-31,2026-07-25,scraped_at,170,13.32,14.19,1.3,11.81,22.07,,1.07,16.98,29,30,100,low,-0.9,-12.07,43.72,3.11,27.06B,37.52K,10.43,1.63,0.21,41.05,8.72,1.17,strong_down,-12.07% period return; PE 10.43; EPS 41.05; margin 8.72%
2026-09-17,MISCELLANEOUS,TISL,Tasdeeq Information Services Limited,unknown,3,12,moderate,12 scored members; moderate peer-count confidence,quarterly quality unavailable; volatility history insufficient,56.94,56.94,v3_quarterly_quality,90,0,6,0,low,,,,70.45,50,50,81.82,50,,0,5,0,,,,,,,,,,,,,,17,30,,unknown,0.25,12.43,17.44,35.67,3.87B,8.38M,,,,,,,strong_up,limited data 0/6; 12.43% period return
2026-09-17,MISCELLANEOUS,MWMP,Mandviwala Mauser Plastic Industries,unknown,4,12,moderate,12 scored members; moderate peer-count confidence,quarterly quality unavailable,56.36,56.36,v3_quarterly_quality,90,0,6,0,low,,,,75,50,50,69.7,50,,0,5,0,,,,,,,,,,,,4.6,72.99,29,30,20,high,8.16,53.54,98.18,139.61,2.48B,405.9K,,,,,,,strong_up,limited data 0/6; 53.54% period return
2026-09-17,MISCELLANEOUS,UDLI,UDL International Limited,unknown,5,12,moderate,12 scored members; moderate peer-count confidence,quarterly quality unavailable,50.17,50.17,v3_quarterly_quality,90,0,6,0,low,,,,50,50,50,51.52,50,,0,5,0,,,,,,,,,,,,1.37,21.74,29,30,80,low,1.66,-14.52,59.77,60.4,560.52M,53.67K,,,,,,,strong_down,limited data 0/6; -14.52% period return
2026-09-17,MISCELLANEOUS,GEMPACRA,The Pakistan Credit Rating Agency Ltd,unknown,6,12,moderate,12 scored members; moderate peer-count confidence,quarterly quality unavailable,49.92,49.92,v3_quarterly_quality,90,0,6,0,low,,,,54.55,50,50,42.42,50,,0,5,0,,,,,,,,,,,,3.61,57.31,29,30,50,moderate,0.78,-9.79,51.94,46.59,2.4B,28.36K,,,,,,,strong_down,limited data 0/6; -9.79% period return
2026-09-17,MISCELLANEOUS,UDPL,United Distributors Pakistan Limited,unknown,7,12,moderate,12 scored members; moderate peer-count confidence,,48.88,48.88,v3_quarterly_quality,100,0,6,0,low,,,,29.55,50,50,51.52,50,68,5,5,100,Mar-26,2026-03-31,2026-07-25,scraped_at,170,8.65,89.11,2.33,-21.87,-11.05,,1.32,20.88,29,30,90,low,-4.06,-10.19,55.89,36.51,3.82B,14.73K,,,,,,,strong_down,limited data 0/6; -10.19% period return
2026-09-17,MISCELLANEOUS,OML,Olympia Mills Limited,unknown,8,12,moderate,12 scored members; moderate peer-count confidence,quarterly quality unavailable,46.68,46.68,v3_quarterly_quality,90,0,6,0,low,,,,43.18,50,50,30.3,50,,0,5,0,,,,,,,,,,,,4.56,72.43,29,30,30,high,0,-16.19,124.7,222.98,999.96M,26.56K,,,,,,,strong_down,limited data 0/6; -16.19% period return
2026-09-17,MISCELLANEOUS,UBDL,United Brands Limited,unknown,9,12,moderate,12 scored members; moderate peer-count confidence,,43.93,43.93,v3_quarterly_quality,100,0,6,0,low,,,,34.09,50,50,18.18,50,45,4,5,80,Mar-26,2026-03-31,2026-07-25,scraped_at,170,,20.62,0.68,-78.17,140,,3.67,58.29,29,30,40,moderate,-5.06,-8.91,41.9,30.23,2.39B,5.34K,,,,,,,strong_down,limited data 0/6; -8.91% period return
2026-09-17,MISCELLANEOUS,AKGL,Al-Khair Gadoon Limited,unknown,10,12,moderate,12 scored members; moderate peer-count confidence,quarterly quality unavailable,39.35,39.35,v3_quarterly_quality,90,0,6,0,low,,,,11.36,50,50,12.12,50,,0,5,0,,,,,,,,,,,,7.11,112.86,29,30,0,high,-2.64,-44.84,95.91,10.54,530.7M,2.96K,,,,,,,strong_down,limited data 0/6; -44.84% period return
2026-09-17,MISCELLANEOUS,GOC,GOC (Pak) Limited.,unknown,11,12,moderate,12 scored members; moderate peer-count confidence,,35.36,35.36,v3_quarterly_quality,100,6,6,100,complete,,,,63.64,22.22,33.33,24.24,33.33,45,4,5,80,Mar-26,2026-03-31,2026-07-25,scraped_at,170,,4.29,8.19,-19.32,-70.87,,3.27,51.83,29,30,70,low,-1.59,-6.41,41.55,115.61,1.22B,862.8,40.06,1.7,1.46,4.14,6.12,0.6,strong_down,-6.41% period return; PE 40.06; EPS 4.14; margin 6.12%
2026-09-17,MISCELLANEOUS,PSEL,Pakistan Services Limited,unknown,12,12,moderate,12 scored members; moderate peer-count confidence,quarterly fundamentals stale,32.48,32.48,v3_quarterly_quality,100,6,6,100,complete,,,,70.45,33.33,16.67,75.76,0,26.67,5,5,100,Mar-25,2025-03-31,2026-07-25,scraped_at,535,24.93,0.37,0.32,26.52,-120.42,,4.64,73.63,29,30,10,high,-1.81,43.69,23.8,65.29,42.95B,8.89K,236.66,0.95,8.2,5.58,1.22,0,strong_up,weak quality 26.67 (5/5); 43.69% period return; PE 236.66; EPS 5.58
2026-09-17,MODARABAS,FHAM,First Habib Modaraba,unknown,1,19,high,19 scored members; high peer-count confidence,quarterly quality unavailable,74.2,74.2,v3_quarterly_quality,90,6,6,100,complete,,,,45.83,100,87.5,74.07,50,,0,5,0,,,,,,,,,,,,1.06,16.86,29,30,100,low,-0.99,-5.55,27.47,14.74,3.43B,26.87K,4.59,0.55,0.11,6.75,15.08,7.26,strong_down,-5.55% period return; PE 4.59; EPS 6.75; margin 15.08%
2026-09-17,MODARABAS,OLPM,OLP Modaraba,unknown,2,19,high,19 scored members; high peer-count confidence,quarterly quality unavailable,71.71,71.71,v3_quarterly_quality,90,6,6,100,complete,,,,61.11,61.11,62.5,75.93,100,,0,5,0,,,,,,,,,,,,1.47,23.3,29,30,88.89,low,-1.66,3.96,7.23,36.89,1.18B,93.65K,7.57,0.88,-1.89,3.44,9.88,9.61,up,3.96% period return; PE 7.57; EPS 3.44; margin 9.88%
2026-09-17,MODARABAS,PIM,Popular Islamic Modaraba,unknown,3,19,high,19 scored members; high peer-count confidence,quarterly quality unavailable,53.29,53.29,v3_quarterly_quality,90,0,6,0,low,,,,72.22,50,50,46.3,50,,0,5,0,,,,,,,,,,,,8.27,131.21,29,30,5.56,high,-12.05,107.96,23.68,275.25,1.21B,59.79K,,,,,,,strong_up,limited data 0/6; 107.96% period return
2026-09-17,MODARABAS,WASL,Wasl Mobility Modaraba,unknown,4,19,high,19 scored members; high peer-count confidence,quarterly quality unavailable,51.98,51.98,v3_quarterly_quality,90,0,6,0,low,,,,45.83,50,50,74.07,50,,0,5,0,,,,,,,,,,,,3.21,50.97,29,30,66.67,moderate,-2.02,-9.2,2.06,35.03,935.38M,627.09K,,,,,,,strong_down,limited data 0/6; -9.2% period return
2026-09-17,MODARABAS,FANM,First Al-Noor Modaraba,unknown,5,19,high,19 scored members; high peer-count confidence,quarterly quality unavailable,51.67,51.67,v3_quarterly_quality,90,0,6,0,low,,,,62.5,50,50,46.3,50,,0,5,0,,,,,,,,,,,,5.48,86.99,29,30,22.22,high,-2.5,15.15,31.55,120,215.99M,115.28K,,,,,,,strong_up,limited data 0/6; 15.15% period return
2026-09-17,MODARABAS,FPRM,First Paramount Modaraba,unknown,6,19,high,19 scored members; high peer-count confidence,quarterly quality unavailable,51.47,51.47,v3_quarterly_quality,90,0,6,0,low,,,,62.5,50,50,44.44,50,,0,5,0,,,,,,,,,,,,3.44,54.64,29,30,61.11,moderate,5.57,8.93,42.18,28.36,164.77M,164.63K,,,,,,,strong_up,limited data 0/6; 8.93% period return
2026-09-17,MODARABAS,FEM,First Equity Modaraba,unknown,7,19,high,19 scored members; high peer-count confidence,quarterly quality unavailable,50.82,50.82,v3_quarterly_quality,90,0,6,0,low,,,,50,50,50,57.41,50,,0,5,0,,,,,,,,,,,,4.15,65.95,29,30,38.89,moderate,-1.82,3.74,63.74,72.96,566.88M,70.97K,,,,,,,up,limited data 0/6; 3.74% period return
2026-09-17,MODARABAS,SINDM,Sindh Modaraba,unknown,8,19,high,19 scored members; high peer-count confidence,quarterly quality unavailable,50.64,50.64,v3_quarterly_quality,90,0,6,0,low,,,,62.5,50,50,37.04,50,,0,5,0,,,,,,,,,,,,3.92,62.17,29,30,44.44,moderate,-1.74,12.67,52.1,78.3,1.22B,15.28K,,,,,,,strong_up,limited data 0/6; 12.67% period return
2026-09-17,MODARABAS,TRSM,Trust Modaraba,unknown,9,19,high,19 scored members; high peer-count confidence,quarterly quality unavailable,49.9,49.9,v3_quarterly_quality,90,0,6,0,low,,,,33.33,50,50,74.07,50,,0,5,0,,,,,,,,,,,,3.77,59.79,29,30,55.56,moderate,0.67,-27.63,431.13,68.62,402M,1.26M,,,,,,,strong_down,limited data 0/6; -27.63% period return
2026-09-17,MODARABAS,FTSM,First Tri-Star Modaraba,unknown,10,19,high,19 scored members; high peer-count confidence,quarterly quality unavailable,49.56,49.56,v3_quarterly_quality,90,0,6,0,low,,,,48.61,50,50,48.15,50,,0,5,0,,,,,,,,,,,,7.66,121.61,29,30,11.11,high,0.7,-33.58,74.15,224.39,790.87M,46.1K,,,,,,,strong_down,limited data 0/6; -33.58% period return
2026-09-17,MODARABAS,FFLM,First Fidelity Leasing Modaraba,unknown,11,19,high,19 scored members; high peer-count confidence,quarterly quality unavailable,48.25,48.25,v3_quarterly_quality,90,0,6,0,low,,,,33.33,50,50,59.26,50,,0,5,0,,,,,,,,,,,,3.78,59.94,29,30,50,moderate,-2.32,-18.77,148.68,148.86,289.23M,225.02K,,,,,,,strong_down,limited data 0/6; -18.77% period return
2026-09-17,MODARABAS,ORM,Orient Rental Mod,unknown,12,19,high,19 scored members; high peer-count confidence,quarterly quality unavailable,47.99,47.99,v3_quarterly_quality,90,0,6,0,low,,,,41.67,50,50,44.44,50,,0,5,0,,,,,,,,,,,,2.33,37.05,29,30,83.33,low,2.57,-7.42,62.07,12.61,777M,50.78K,,,,,,,strong_down,limited data 0/6; -7.42% period return
2026-09-17,MODARABAS,FIBLM,First IBL Modaraba,unknown,13,19,high,19 scored members; high peer-count confidence,quarterly quality unavailable,46.32,46.32,v3_quarterly_quality,90,6,6,100,complete,,,,62.5,27.78,75,53.7,25,,0,5,0,,,,,,,,,,,,7.34,116.54,29,30,16.67,high,5.87,5.35,68.18,66.12,328.57M,159.12K,16.17,1.31,0.43,0.94,43.94,0,strong_up,5.35% period return; PE 16.17; EPS 0.94; margin 43.94%
2026-09-17,MODARABAS,GEMBCEM,Burj Clean Energy Modaraba(GEM),unknown,14,19,high,19 scored members; high peer-count confidence,quarterly quality unavailable,45.65,45.65,v3_quarterly_quality,90,0,6,0,low,,,,37.5,50,50,29.63,50,,0,5,0,,,,,,,,,,,,2.96,47.05,29,30,72.22,low,-5.83,0.89,28.32,17.22,1.13B,1,,,,,,,flat,limited data 0/6; 0.89% period return
2026-09-17,MODARABAS,FTMM,First Treet Manufacturing Modaraba,unknown,15,19,high,19 scored members; high peer-count confidence,quarterly quality unavailable,45.58,45.58,v3_quarterly_quality,90,6,6,100,complete,,,,66.67,27.78,25,40.74,75,,0,5,0,,,,,,,,,,,,4.67,74.13,29,30,33.33,moderate,1.72,7.64,29.71,64.36,3.58B,25.23K,36.94,1.29,-1.61,0.5,2.47,8.19,strong_up,7.64% period return; PE 36.94; EPS 0.5; margin 2.47%
2026-09-17,MODARABAS,FECM,First Elite Capital Modaraba,unknown,16,19,high,19 scored members; high peer-count confidence,quarterly quality unavailable,45.19,45.19,v3_quarterly_quality,90,0,6,0,low,,,,23.61,50,50,46.3,50,,0,5,0,,,,,,,,,,,,4.97,78.82,29,30,27.78,high,-7.58,-10.62,183.74,71.15,228.05M,39.85K,,,,,,,strong_down,limited data 0/6; -10.62% period return
2026-09-17,MODARABAS,FIMM,First Imrooz Modaraba,unknown,17,19,high,19 scored members; high peer-count confidence,quarterly quality unavailable,45.04,45.04,v3_quarterly_quality,90,0,6,0,low,,,,37.5,50,50,24.07,50,,0,5,0,,,,,,,,,,,,1.19,18.88,29,30,94.44,low,0.55,-1.44,84.12,24.57,647.97M,78.33,,,,,,,down,limited data 0/6; -1.44% period return
2026-09-17,MODARABAS,BFMOD,B.F. Modaraba,unknown,18,19,high,19 scored members; high peer-count confidence,quarterly quality unavailable,43.72,43.72,v3_quarterly_quality,90,0,6,0,low,,,,33.33,50,50,18.52,50,,0,5,0,,,,,,,,,,,,2.83,44.9,29,30,77.78,low,-1.68,-8.85,89.46,58.91,154.06M,26.72K,,,,,,,strong_down,limited data 0/6; -8.85% period return
2026-09-17,MODARABAS,FPJM,First Punjab Modaraba,unknown,19,19,high,19 scored members; high peer-count confidence,quarterly quality unavailable,33.59,33.59,v3_quarterly_quality,90,6,6,100,complete,,,,69.44,33.33,0,64.81,25,,0,5,0,,,,,,,,,,,,9.46,150.21,29,30,0,high,-12.83,85.56,25.79,366.6,765.11M,1.81M,-8.96,-1.59,1.15,-2.51,-31.57,0,strong_up,85.56% period return; PE -8.96; EPS -2.51; margin -31.57%
2026-09-17,OIL & GAS EXPLORATION COMPANIES,OGDC,Oil & Gas Development Company Limited,unknown,1,3,low,3 scored members; low peer-count confidence,small sector peer group,70,70,v3_quarterly_quality,100,6,6,100,complete,,,,75,50,75,50,100,62.5,4,5,80,Mar-26,2026-03-31,2026-07-25,scraped_at,170,,11.26,9.52,-8.45,-7.12,,1.3,20.57,29,30,50,moderate,0.16,0.4,11.32,32.75,1.36T,2.49M,5.61,0.9,0.45,56.35,53.96,5.38,flat,0.4% period return; PE 5.61; EPS 56.35; margin 53.96%
2026-09-17,OIL & GAS EXPLORATION COMPANIES,MARI,Mari Energies Limited,unknown,2,3,low,3 scored members; low peer-count confidence,small sector peer group,48.29,48.29,v3_quarterly_quality,100,6,6,100,complete,,,,37.5,33.33,75,33.33,50,60,5,5,100,Mar-26,2026-03-31,2026-07-25,scraped_at,170,3.56,25.08,2.83,6.37,-4.88,,1.08,17.11,29,30,100,low,1.12,-2.56,22.27,19.4,780.67B,386.28K,8.99,2.42,0.4,72.36,45.33,4.15,down,-2.56% period return; PE 8.99; EPS 72.36; margin 45.33%
2026-09-17,OIL & GAS EXPLORATION COMPANIES,PPL,Pakistan Petroleum Limited,unknown,3,3,low,3 scored members; low peer-count confidence,small sector peer group,31.96,31.96,v3_quarterly_quality,100,5,6,83.33,partial,,,,37.5,66.67,0,66.67,0,30,5,5,100,Mar-26,2026-03-31,2026-07-25,scraped_at,170,0.21,10.85,4.61,-9.39,-12.05,,1.81,28.69,29,30,0,high,2.52,-3.24,26.2,26.05,613.61B,5.16M,7.78,0.82,,28.99,33.84,3.77,down,weak quality 30 (5/5); -3.24% period return; PE 7.78; EPS 28.99
2026-09-17,OIL & GAS MARKETING COMPANIES,PSO,Pakistan State Oil Company Limited,unknown,1,7,moderate,7 scored members; moderate peer-count confidence,,76.43,76.43,v3_quarterly_quality,100,6,6,100,complete,,,,50,100,83.33,83.33,66.67,56,5,5,100,Mar-26,2026-03-31,2026-07-25,scraped_at,170,128.97,16.66,0.99,-5.67,146.72,,2.04,32.35,29,30,33.33,moderate,-0.02,-9.09,48.2,6.82,160.53B,1.02M,3.69,0.55,0.03,92.73,1.35,2.92,strong_down,-9.09% period return; PE 3.69; EPS 92.73; margin 1.35%
2026-09-17,OIL & GAS MARKETING COMPANIES,SNGP,Sui Northern Gas Pipelines Limited,unknown,2,7,moderate,7 scored members; moderate peer-count confidence,,61.52,61.52,v3_quarterly_quality,100,6,6,100,complete,,,,41.67,55.56,50,77.78,100,36,5,5,100,Mar-26,2026-03-31,2026-07-25,scraped_at,170,282.41,19.43,0.94,-15.41,-20.88,,1.58,25,29,30,66.67,moderate,1.1,-12.28,56.55,9.48,57.77B,1.45M,3.97,0.73,-0.7,22.94,1.17,3.29,strong_down,-12.28% period return; PE 3.97; EPS 22.94; margin 1.17%
2026-09-17,OIL & GAS MARKETING COMPANIES,BPL,Burshane LPG (Pakistan) Limited,unknown,3,7,moderate,7 scored members; moderate peer-count confidence,,55.48,55.48,v3_quarterly_quality,100,0,6,0,low,,,,100,50,50,27.78,50,52,5,5,100,Mar-26,2026-03-31,2026-07-25,scraped_at,170,69.79,49.16,0.64,74.83,-279.25,,3.52,55.9,29,30,0,high,5.03,19.13,29.78,211.79,1.4B,429.65K,,,,,,,strong_up,limited data 0/6; 19.13% period return
2026-09-17,OIL & GAS MARKETING COMPANIES,SPSL,Sitara Petroleum Service Limited,unknown,4,7,moderate,7 scored members; moderate peer-count confidence,quarterly quality unavailable,49.31,49.31,v3_quarterly_quality,90,0,6,0,low,,,,45.83,50,50,50,50,,0,5,0,,,,,,,,,,,,1.48,23.43,29,30,100,low,1.62,-9.94,55.92,3.65,25.27B,2.92M,,,,,,,strong_down,limited data 0/6; -9.94% period return
2026-09-17,OIL & GAS MARKETING COMPANIES,WAFI,Wafi Energy Pakistan Limited,unknown,5,7,moderate,7 scored members; moderate peer-count confidence,,44.42,44.42,v3_quarterly_quality,100,0,6,0,low,,,,16.67,50,50,22.22,50,72,5,5,100,Mar-26,2026-03-31,2026-07-25,scraped_at,170,63.31,19.5,0.96,20.02,25.38,,1.52,24.16,29,30,83.33,low,0.25,-16.14,66.26,2.21,33.47B,73.91K,,,,,,,strong_down,limited data 0/6; strong quality 72 (5/5); -16.14% period return
2026-09-17,OIL & GAS MARKETING COMPANIES,HTL,Hi-Tech Lubricants Limited,unknown,6,7,moderate,7 scored members; moderate peer-count confidence,,38.85,38.85,v3_quarterly_quality,100,6,6,100,complete,,,,58.33,27.78,66.67,22.22,0,76,5,5,100,Mar-26,2026-03-31,2026-07-25,scraped_at,170,53.18,8.44,1.04,9.35,187.57,,1.72,27.29,29,30,50,moderate,3.35,-9.45,75.32,22.32,5.28B,76.02K,9.92,0.8,0.91,3.83,1.49,0,strong_down,strong quality 76 (5/5); -9.45% period return; PE 9.92; EPS 3.83
2026-09-17,OIL & GAS MARKETING COMPANIES,SSGC,Sui Southern Gas Company Limited,unknown,7,7,moderate,7 scored members; moderate peer-count confidence,,23.93,23.93,v3_quarterly_quality,100,6,6,100,complete,,,,37.5,16.67,0,66.67,33.33,8,5,5,100,Mar-26,2026-03-31,2026-07-25,scraped_at,170,1118.34,-19.65,0.85,-19,-131.7,,2.27,36.02,29,30,16.67,high,2.43,-17.68,90.89,24.13,20.8B,6.51M,-8.24,1.58,88,-2.87,-0.65,2.12,strong_down,weak quality 8 (5/5); -17.68% period return; PE -8.24; EPS -2.87
2026-09-17,"PAPER, BOARD & PACKAGING",PPP,Pakistan Paper Products Limited,unknown,1,10,moderate,10 scored members; moderate peer-count confidence,quarterly quality unavailable,72.12,72.12,v3_quarterly_quality,90,6,6,100,complete,,,,77.78,61.67,81.25,40.74,87.5,,0,5,0,,,,,,,,,,,,5.02,79.66,29,30,11.11,high,1.32,0.22,36.96,58.87,1.16B,62.81K,8.18,0.64,0.32,17.67,7.84,5.53,flat,0.22% period return; PE 8.18; EPS 17.67; margin 7.84%
2026-09-17,"PAPER, BOARD & PACKAGING",IPAK,International Packaging Films Limited,unknown,2,10,moderate,10 scored members; moderate peer-count confidence,,69.85,69.85,v3_quarterly_quality,100,5,6,83.33,partial,,,,58.33,50,75,74.07,100,61.9,3,5,60,Mar-26,2026-03-31,2026-07-25,scraped_at,170,,13.68,,16.65,-393.74,,2.98,47.24,29,30,22.22,high,-3.03,-4.83,23.37,60.63,26.39B,911.15K,5.33,1.77,,6.73,11.74,5.57,down,-4.83% period return; PE 5.33; EPS 6.73; margin 11.74%
2026-09-17,"PAPER, BOARD & PACKAGING",CPPL,Cherat Packaging Limited,unknown,3,10,moderate,10 scored members; moderate peer-count confidence,,68.18,68.18,v3_quarterly_quality,100,6,6,100,complete,,,,77.78,68.06,68.75,55.56,75,51.9,5,5,100,Mar-26,2026-03-31,2026-07-25,scraped_at,170,44.82,0.82,1.72,10.36,-82.59,,2.8,44.46,29,30,33.33,moderate,2.9,-5.46,16.98,55.69,4.95B,61.23K,7.61,0.51,-2.18,13.26,4.31,3.97,strong_down,-5.46% period return; PE 7.61; EPS 13.26; margin 4.31%
2026-09-17,"PAPER, BOARD & PACKAGING",SPEL,SPEL Limited,unknown,4,10,moderate,10 scored members; moderate peer-count confidence,,60.31,60.31,v3_quarterly_quality,100,6,6,100,complete,,,,30.56,62.78,75,48.15,62.5,77.14,5,5,100,Mar-26,2026-03-31,2026-07-25,scraped_at,170,10.93,19.23,3.26,3.92,16.01,,2,31.74,29,30,66.67,moderate,0.75,-10.21,85.95,25.83,8.27B,119.03K,6.9,1.13,0.16,6,12.08,2.41,strong_down,strong quality 77.14 (5/5); -10.21% period return; PE 6.9; EPS 6
2026-09-17,"PAPER, BOARD & PACKAGING",GEMPAPL,Pak Agro Packaging Limited(GEM),unknown,5,10,moderate,10 scored members; moderate peer-count confidence,quarterly quality unavailable,47.63,47.63,v3_quarterly_quality,90,0,6,0,low,,,,44.44,50,50,37.04,50,,0,5,0,,,,,,,,,,,,2.05,32.49,29,30,55.56,moderate,-2.22,4.76,50,22.22,220M,32.63K,,,,,,,up,limited data 0/6; 4.76% period return
2026-09-17,"PAPER, BOARD & PACKAGING",PKGS,Packages Limited,unknown,6,10,moderate,10 scored members; moderate peer-count confidence,,46.43,46.43,v3_quarterly_quality,100,6,6,100,complete,,,,47.22,36.94,68.75,40.74,50,22.86,5,5,100,Mar-26,2026-03-31,2026-07-25,scraped_at,170,152.24,1.56,0.97,8.46,-173.62,,0.96,15.31,29,30,100,low,0.43,-8.29,19.58,14.21,63.9B,2.22K,19.67,0.92,0.9,36.35,1.59,2.24,strong_down,weak quality 22.86 (5/5); -8.29% period return; PE 19.67; EPS 36.35
2026-09-17,"PAPER, BOARD & PACKAGING",MACFL,MACPAC Films Limited,unknown,7,10,moderate,10 scored members; moderate peer-count confidence,,42.46,42.46,v3_quarterly_quality,100,6,6,100,complete,,,,61.11,16.39,43.75,70.37,37.5,59.05,5,5,100,Mar-26,2026-03-31,2026-07-25,scraped_at,170,39.64,5.7,1.14,10.84,50.59,,6.94,110.16,29,30,0,high,2.24,-22.47,45.86,251.18,4.07B,923.05K,31.16,1.74,7.41,2.2,1.94,0.73,strong_down,-22.47% period return; PE 31.16; EPS 2.2; margin 1.94%
2026-09-17,"PAPER, BOARD & PACKAGING",RPL,Roshan Packages Limited,unknown,8,10,moderate,10 scored members; moderate peer-count confidence,,36.96,36.96,v3_quarterly_quality,100,6,6,100,complete,,,,25,50,25,51.85,25,55.24,5,5,100,Mar-26,2026-03-31,2026-07-25,scraped_at,170,24.14,0.17,1.51,13.02,-85.15,,2.22,35.25,29,30,44.44,moderate,-0.93,-10.15,67.45,24.67,2.12B,253.4K,118.73,0.24,-31.99,0.13,0.16,0,strong_down,-10.15% period return; PE 118.73; EPS 0.13; margin 0.16%
2026-09-17,"PAPER, BOARD & PACKAGING",MERIT,Merit Packaging Limited,unknown,9,10,moderate,10 scored members; moderate peer-count confidence,,35.89,35.89,v3_quarterly_quality,100,6,6,100,complete,,,,50,66.67,0,29.63,25,37.62,5,5,100,Mar-26,2026-03-31,2026-07-25,scraped_at,170,21.64,-14.33,1.23,-43.52,23.67,,1.55,24.57,29,30,88.89,low,-0.82,-2.31,50.51,36.9,1.94B,97.43K,-5.56,0.83,0.01,-1.75,-10.52,0,down,-2.31% period return; PE -5.56; EPS -1.75; margin -10.52%
2026-09-17,"PAPER, BOARD & PACKAGING",CEPB,Century Paper & Board Mills Limited,unknown,10,10,moderate,10 scored members; moderate peer-count confidence,,31.61,31.61,v3_quarterly_quality,100,6,6,100,complete,,,,27.78,37.5,12.5,66.67,25,39.05,5,5,100,Mar-26,2026-03-31,2026-07-25,scraped_at,170,80.66,-6.04,1.32,0.35,2980.77,,1.91,30.38,29,30,77.78,low,-0.04,-4.93,75.3,8.34,10.7B,357.44K,-177.6,0.8,11.76,-0.15,-0.15,0,down,-4.93% period return; PE -177.6; EPS -0.15; margin -0.15%
2026-09-17,PHARMACEUTICALS,GLAXO,GlaxoSmithKline Pakistan Limited,unknown,1,14,moderate,14 scored members; moderate peer-count confidence,,72.85,72.85,v3_quarterly_quality,100,6,6,100,complete,,,,53.85,75.76,72.73,66.67,90.91,64.36,5,5,100,Mar-26,2026-03-31,2026-07-25,scraped_at,170,1.13,32.59,2.14,10.13,29.79,,1.02,16.15,29,30,69.23,low,0.84,-8.33,46.19,7.34,100.19B,260.92K,9.62,2.91,0.17,32.69,15.51,6.04,strong_down,-8.33% period return; PE 9.62; EPS 32.69; margin 15.51%
2026-09-17,PHARMACEUTICALS,HPL,Hoechst Pakistan Limited,unknown,2,14,moderate,14 scored members; moderate peer-count confidence,,66.93,66.93,v3_quarterly_quality,100,6,6,100,complete,,,,59.62,53.64,81.82,20.51,100,61.64,5,5,100,Mar-26,2026-03-31,2026-07-25,scraped_at,170,3.62,38.81,1.62,10.74,48.22,,0.87,13.75,29,30,100,low,-1.75,-3.46,26.63,7.21,37.24B,854.4,9.94,4.36,0.22,388.64,11.95,6.22,down,-3.46% period return; PE 9.94; EPS 388.64; margin 11.95%
2026-09-17,PHARMACEUTICALS,HINOON,Highnoon Laboratories Limited,unknown,3,14,moderate,14 scored members; moderate peer-count confidence,,64.28,64.28,v3_quarterly_quality,100,6,6,100,complete,,,,67.31,40.91,81.82,58.97,81.82,53.27,5,5,100,Mar-26,2026-03-31,2026-07-25,scraped_at,170,4.4,33.44,3.01,7.98,22.1,,0.87,13.88,29,30,92.31,low,-0.65,-8.5,35.22,19.81,47.96B,9.61K,12.11,3.72,0.28,74.76,14,5.52,strong_down,-8.5% period return; PE 12.11; EPS 74.76; margin 14%
2026-09-17,PHARMACEUTICALS,ABOT,Abbott Laboratories (Pakistan) Limited,unknown,4,14,moderate,14 scored members; moderate peer-count confidence,,60.99,60.99,v3_quarterly_quality,100,6,6,100,complete,,,,75,52.42,68.18,51.28,54.55,69.64,5,5,100,Mar-26,2026-03-31,2026-07-25,scraped_at,170,1.55,27.67,2.21,9.01,56.29,,1.21,19.18,29,30,46.15,moderate,0.33,2.06,42.46,11.49,89.61B,17.31K,10.46,2.79,0.75,87.47,11.12,4.37,up,2.06% period return; PE 10.46; EPS 87.47; margin 11.12%
2026-09-17,PHARMACEUTICALS,HALEON,Haleon Pakistan Limited,unknown,5,14,moderate,14 scored members; moderate peer-count confidence,,55.66,55.66,v3_quarterly_quality,100,6,6,100,complete,,,,51.92,45.15,86.36,51.28,45.45,50.91,5,5,100,Mar-26,2026-03-31,2026-07-25,scraped_at,170,1.78,46.61,1.51,8.63,24.12,,0.92,14.68,29,30,76.92,low,0.22,-4.11,44.17,6.96,82B,42.75K,12.42,5.05,0.21,56.41,16.05,4.28,down,-4.11% period return; PE 12.42; EPS 56.41; margin 16.05%
2026-09-17,PHARMACEUTICALS,AGP,AGP Limited,unknown,6,14,moderate,14 scored members; moderate peer-count confidence,quarterly quality unavailable,54.5,54.5,v3_quarterly_quality,90,6,6,100,complete,,,,21.15,59.7,50,64.1,72.73,,0,5,0,,,,,,,,,,,,1.45,23.04,29,30,23.08,high,-0.07,-15.96,71.42,0.6,42.25B,172.99K,11.3,2.82,0.22,13.36,13.5,5.3,strong_down,-15.96% period return; PE 11.3; EPS 13.36; margin 13.5%
2026-09-17,PHARMACEUTICALS,CPHL,Citi Pharma Ltd.,unknown,7,14,moderate,14 scored members; moderate peer-count confidence,,52.84,52.84,v3_quarterly_quality,100,5,6,83.33,partial,,,,80.77,50,27.27,79.49,63.64,20.91,5,5,100,Mar-26,2026-03-31,2026-07-25,scraped_at,170,34.39,10.07,1.28,6.68,32.01,,1.5,23.75,29,30,15.38,high,2.69,1.76,39.44,7.46,16.89B,800.81K,15.4,1.54,,4.8,7.92,4.73,up,weak quality 20.91 (5/5); 1.76% period return; PE 15.4; EPS 4.8
2026-09-17,PHARMACEUTICALS,BFBIO,BF Biosciences Limited,unknown,8,14,moderate,14 scored members; moderate peer-count confidence,,50.12,50.12,v3_quarterly_quality,100,0,6,0,low,,,,42.31,50,50,56.41,50,56.36,5,5,100,Mar-26,2026-03-31,2026-07-25,scraped_at,170,34.92,12.13,1.99,78.75,52.17,,1.39,22.08,29,30,30.77,high,-1.16,-6.92,44.06,5.42,10.91B,269.99K,,,,,,,strong_down,limited data 0/6; -6.92% period return
2026-09-17,PHARMACEUTICALS,LIVEN,Liven Pharma Limited,unknown,9,14,moderate,14 scored members; moderate peer-count confidence,quarterly quality unavailable,45.19,45.19,v3_quarterly_quality,90,0,6,0,low,,,,44.23,50,50,15.38,50,,0,5,0,,,,,,,,,,,,1.18,18.78,29,30,53.85,moderate,1.83,-12.79,143.46,9.85,3.45B,30.54K,,,,,,,strong_down,limited data 0/6; -12.79% period return
2026-09-17,PHARMACEUTICALS,FEROZ,Ferozsons Laboratories Limited,unknown,10,14,moderate,14 scored members; moderate peer-count confidence,,43.78,43.78,v3_quarterly_quality,100,6,6,100,complete,,,,46.15,55.76,22.73,56.41,27.27,72.73,2,5,40,Mar-26,2026-03-31,2026-07-25,scraped_at,170,,,,24.85,36.19,,2.18,34.67,29,30,0,high,-4.25,-10.69,43.79,12.74,14.36B,37.14K,15.25,1.11,0.65,21.66,4.15,1.21,strong_down,-10.69% period return; PE 15.25; EPS 21.66; margin 4.15%
2026-09-17,PHARMACEUTICALS,OTSU,Otsuka Pakistan Limited,unknown,11,14,moderate,14 scored members; moderate peer-count confidence,,43.35,43.35,v3_quarterly_quality,100,6,6,100,complete,,,,55.77,49.09,59.09,25.64,18.18,46.91,5,5,100,Mar-26,2026-03-31,2026-07-25,scraped_at,170,113.36,38.63,1.1,12.37,957.58,,1.51,23.99,29,30,7.69,high,-0.73,-17.46,34.85,29.69,4.1B,12.35K,8.68,3.53,1.53,39.01,11.48,0,strong_down,-17.46% period return; PE 8.68; EPS 39.01; margin 11.48%
2026-09-17,PHARMACEUTICALS,MACTER,Macter International Limited,unknown,12,14,moderate,14 scored members; moderate peer-count confidence,,40.79,40.79,v3_quarterly_quality,100,6,6,100,complete,,,,36.54,53.33,31.82,41.03,36.36,42.36,5,5,100,Mar-26,2026-03-31,2026-07-25,scraped_at,170,22.38,19.08,1.87,21.11,21.26,,0.91,14.51,29,30,84.62,low,1.22,-12.2,75.08,2.66,11.07B,6.36K,13.57,2.74,0.24,17.8,6.82,1.57,strong_down,-12.2% period return; PE 13.57; EPS 17.8; margin 6.82%
2026-09-17,PHARMACEUTICALS,SEARL,The Searle Company Limited,unknown,13,14,moderate,14 scored members; moderate peer-count confidence,,30.52,30.52,v3_quarterly_quality,100,6,6,100,complete,,,,36.54,30.3,9.09,89.74,18.18,30.36,5,5,100,Mar-26,2026-03-31,2026-07-25,scraped_at,170,22.68,3.57,1.7,23.62,-158.27,,1.15,18.25,29,30,61.54,moderate,1.63,-12.35,75.17,2.74,46.15B,1.35M,38.53,1.34,156.71,2.04,6.01,0,strong_down,-12.35% period return; PE 38.53; EPS 2.04; margin 6.01%
2026-09-17,PHARMACEUTICALS,IBLHL,IBL HealthCare Limited,unknown,14,14,moderate,14 scored members; moderate peer-count confidence,,25.95,25.95,v3_quarterly_quality,100,6,6,100,complete,,,,28.85,30.61,9.09,41.03,18.18,44.18,5,5,100,Mar-26,2026-03-31,2026-07-25,scraped_at,170,15.82,10,1.99,25.72,-702.5,,1.26,19.93,29,30,38.46,moderate,-2.12,-13.19,104.14,16.78,4.14B,69.5K,17.23,1.66,4.45,2.44,5.36,0,strong_down,-13.19% period return; PE 17.23; EPS 2.44; margin 5.36%
2026-09-17,POWER GENERATION & DISTRIBUTION,HUBC,The Hub Power Company Limited,unknown,1,7,moderate,7 scored members; moderate peer-count confidence,,67.04,67.04,v3_quarterly_quality,100,6,6,100,complete,,,,45.83,50,100,83.33,66.67,60,5,5,100,Mar-26,2026-03-31,2026-07-25,scraped_at,170,30.86,20.57,1.55,-30.45,-14.03,,1.24,19.67,29,30,100,low,-0.23,-2.56,23.41,8.56,262.76B,1.67M,5.29,1.12,-3.47,38.26,69.78,9.87,down,-2.56% period return; PE 5.29; EPS 38.26; margin 69.78%
2026-09-17,POWER GENERATION & DISTRIBUTION,KOHE,Kohinoor Energy Limited,unknown,2,7,moderate,7 scored members; moderate peer-count confidence,,57.97,57.97,v3_quarterly_quality,100,6,6,100,complete,,,,41.67,83.33,66.67,38.89,33.33,70,5,5,100,Mar-26,2026-03-31,2026-07-25,scraped_at,170,17.97,15.65,2.79,-19.16,-26.43,,2.34,37.21,29,30,33.33,moderate,-2.39,-1.9,46.91,25.87,2.63B,254.74K,3.94,0.58,-0.38,3.94,15.83,0,down,strong quality 70 (5/5); -1.9% period return; PE 3.94; EPS 3.94
2026-09-17,POWER GENERATION & DISTRIBUTION,GEMMEL,Mughal Energy Limited(GEM),unknown,3,7,moderate,7 scored members; moderate peer-count confidence,quarterly quality unavailable,55.17,55.17,v3_quarterly_quality,90,0,6,0,low,,,,95.83,50,50,27.78,50,,0,5,0,,,,,,,,,,,,4.37,69.44,29,30,16.67,high,21.55,58.86,0,126.23,8.39B,2.1K,,,,,,,strong_up,limited data 0/6; 58.86% period return
2026-09-17,POWER GENERATION & DISTRIBUTION,EPQL,Engro Powergen Qadirpur Limited,unknown,4,7,moderate,7 scored members; moderate peer-count confidence,,54.61,54.61,v3_quarterly_quality,100,6,6,100,complete,,,,33.33,50,33.33,44.44,100,60,5,5,100,Mar-26,2026-03-31,2026-07-25,scraped_at,170,17.52,5.12,1.48,-9.89,-68.99,,1.43,22.77,29,30,66.67,moderate,0.55,-4.75,47.91,6.05,7.66B,234.88K,10.6,0.66,-4.62,2.23,5.69,11.63,down,-4.75% period return; PE 10.6; EPS 2.23; margin 5.69%
2026-09-17,POWER GENERATION & DISTRIBUTION,SGPL,S.G. Power Limited,unknown,5,7,moderate,7 scored members; moderate peer-count confidence,quarterly quality unavailable,51.16,51.16,v3_quarterly_quality,90,0,6,0,low,,,,45.83,50,50,66.67,50,,0,5,0,,,,,,,,,,,,13.31,211.28,29,30,0,high,5.78,-47.28,285.51,251.68,597.06M,3.68M,,,,,,,strong_down,limited data 0/6; -47.28% period return
2026-09-17,POWER GENERATION & DISTRIBUTION,SEL,Sitara Energy Limited,unknown,6,7,moderate,7 scored members; moderate peer-count confidence,,44.4,44.4,v3_quarterly_quality,100,0,6,0,low,,,,37.5,50,50,27.78,50,35,5,5,100,Mar-26,2026-03-31,2026-07-25,scraped_at,170,28.58,27,1.02,-88.02,-760,,2.2,34.97,29,30,50,moderate,-0.04,-8.52,74.56,79.75,498.3M,5.62K,,,,,,,strong_down,limited data 0/6; -8.52% period return
2026-09-17,POWER GENERATION & DISTRIBUTION,KEL,K-Electric Limited,unknown,7,7,moderate,7 scored members; moderate peer-count confidence,quarterly fundamentals stale,27.5,27.5,v3_quarterly_quality,100,5,6,83.33,partial,,,,50,16.67,0,66.67,33.33,25,5,5,100,Jun-24,2024-06-30,2026-07-25,scraped_at,809,235.41,3.69,0.7,18.38,-113.36,,1.35,21.48,29,30,83.33,low,0.76,-8.68,44.49,33.4,183.09B,10.5M,15.9,1.59,,0.42,2.19,0,strong_down,weak quality 25 (5/5); -8.68% period return; PE 15.9; EPS 0.42
2026-09-17,PROPERTY,JVDC,Javedan Corporation Limited,unknown,1,2,low,2 scored members; low peer-count confidence,quarterly quality unavailable; small sector peer group,63.89,63.89,v3_quarterly_quality,90,6,6,100,complete,,,,100,50,50,100,50,,0,5,0,Mar-26,2026-03-31,2026-07-25,scraped_at,170,24.84,15.4,1.62,54.82,68.62,,1.85,29.4,29,30,100,low,1.92,-2.16,17.3,114.47,53.22B,504.1K,13.1,1.92,-0.01,10.67,38.34,3.58,down,-2.16% period return; PE 13.1; EPS 10.67; margin 38.34%
2026-09-17,PROPERTY,BRRG,B.R.R Guardian Limited,unknown,2,2,low,2 scored members; low peer-count confidence,quarterly quality unavailable; small sector peer group,39.81,39.81,v3_quarterly_quality,90,0,6,0,low,,,,0,50,50,33.33,50,,0,5,0,,,,,,,,,,,,2.24,35.59,29,30,0,high,-1.59,-5.33,26.19,41.99,4.05B,13.48K,,,,,,,strong_down,limited data 0/6; -5.33% period return
2026-09-17,REAL ESTATE INVESTMENT TRUST,NNAR,Naya Nazimabad Apartments Reit,unknown,1,5,moderate,5 scored members; moderate peer-count confidence,quarterly quality unavailable; volatility history insufficient,52.08,52.08,v3_quarterly_quality,90,0,6,0,low,,,,62.5,50,50,50,50,,0,5,0,,,,,,,,,,,,,,0,30,,unknown,2.69,2.69,0.82,7.67,6.84B,15.73M,,,,,,,up,limited data 0/6; 2.69% period return
2026-09-17,REAL ESTATE INVESTMENT TRUST,SRR,Signature Residency Reit,unknown,2,5,moderate,5 scored members; moderate peer-count confidence,quarterly quality unavailable,51.39,51.39,v3_quarterly_quality,90,0,6,0,low,,,,75,50,50,25,50,,0,5,0,,,,,,,,,,,,0.93,14.81,29,30,66.67,moderate,2.85,5.07,23.6,11.34,560.67M,55.78K,,,,,,,strong_up,limited data 0/6; 5.07% period return
2026-09-17,REAL ESTATE INVESTMENT TRUST,DCR,Dolmen City REIT,unknown,3,5,moderate,5 scored members; moderate peer-count confidence,quarterly quality unavailable,51.04,51.04,v3_quarterly_quality,90,5,6,83.33,partial,,,,56.25,50,50,50,50,,0,5,0,,,,,,,,,,,,0.93,14.73,29,30,100,low,-0.65,2.24,5.64,32.47,88.37B,358.96K,17.2,1.16,,2.31,78.71,6.49,up,2.24% period return; PE 17.2; EPS 2.31; margin 78.71%
2026-09-17,REAL ESTATE INVESTMENT TRUST,TPLRF1,TPL REIT Fund I,unknown,4,5,moderate,5 scored members; moderate peer-count confidence,quarterly quality unavailable,49.54,49.54,v3_quarterly_quality,90,0,6,0,low,,,,25,50,50,83.33,50,,0,5,0,,,,,,,,,,,,1.53,24.31,29,30,0,high,0,-5.97,97.95,23.87,17.05B,1.87M,,,,,,,strong_down,limited data 0/6; -5.97% period return
2026-09-17,REAL ESTATE INVESTMENT TRUST,IREIT,Image Reit,unknown,5,5,moderate,5 scored members; moderate peer-count confidence,quarterly quality unavailable,45.95,45.95,v3_quarterly_quality,90,0,6,0,low,,,,31.25,50,50,41.67,50,,0,5,0,,,,,,,,,,,,1.34,21.29,29,30,33.33,moderate,0.75,1.26,62.72,10.47,2.21B,383.2K,,,,,,,up,limited data 0/6; 1.26% period return
2026-09-17,REFINERY,ATRL,Attock Refinery Limited,unknown,1,4,low,4 scored members; low peer-count confidence,small sector peer group,74.03,74.03,v3_quarterly_quality,100,6,6,100,complete,,,,41.67,61.11,100,66.67,100,58.33,4,5,80,Mar-26,2026-03-31,2026-07-25,scraped_at,170,,13.37,1.96,-12.38,148.1,,3.23,51.24,29,30,100,low,-0.93,-1.4,12.03,84.17,117.24B,753K,4.5,0.63,-0.01,244.45,7.63,1.59,down,-1.4% period return; PE 4.5; EPS 244.45; margin 7.63%
2026-09-17,REFINERY,PRL,Pakistan Refinery Limited,unknown,2,4,low,4 scored members; low peer-count confidence,small sector peer group,58.72,58.72,v3_quarterly_quality,100,6,6,100,complete,,,,50,66.67,50,55.56,66.67,56.67,5,5,100,Mar-26,2026-03-31,2026-07-25,scraped_at,170,99.64,39.5,1.08,-0.34,-307.08,,5.17,82.1,29,30,0,high,-0.47,-2.65,30.9,258.28,52.37B,29.46M,3.32,1.22,0.02,25.05,4.5,0,down,-2.65% period return; PE 3.32; EPS 25.05; margin 4.5%
2026-09-17,REFINERY,CNERGY,Cnergyico PK  Limited,unknown,3,4,low,4 scored members; low peer-count confidence,small sector peer group,44.58,44.58,v3_quarterly_quality,100,6,6,100,complete,,,,25,61.11,16.67,55.56,66.67,33.33,5,5,100,Mar-26,2026-03-31,2026-07-25,scraped_at,170,11.58,7.14,0.78,11.87,-2235.8,,4.18,66.34,29,30,66.67,moderate,-1,-12.91,22.28,119.42,70.76B,61.04M,4.63,0.31,0.08,2.78,4.49,0,strong_down,-12.91% period return; PE 4.63; EPS 2.78; margin 4.49%
2026-09-17,REFINERY,NRL,National Refinery Limited,unknown,4,4,low,4 scored members; low peer-count confidence,small sector peer group,42.83,42.83,v3_quarterly_quality,100,6,6,100,complete,,,,83.33,11.11,33.33,22.22,66.67,53.33,5,5,100,Mar-26,2026-03-31,2026-07-25,scraped_at,170,114.88,16.31,0.82,25.2,-138.19,,4.46,70.87,29,30,33.33,moderate,-0.18,1.55,11.93,100.41,41.51B,2.24M,6.73,0.74,0.12,77.09,1.4,0,up,1.55% period return; PE 6.73; EPS 77.09; margin 1.4%
2026-09-17,SUGAR & ALLIED INDUSTRIES,JDWS,JDW Sugar Mills Limited,unknown,1,18,high,18 scored members; high peer-count confidence,,73.61,73.61,v3_quarterly_quality,100,6,6,100,complete,,,,72.06,55.14,97.06,52.94,88.24,66.67,5,5,100,Mar-26,2026-03-31,2026-07-25,scraped_at,170,172.13,27.39,1.09,-6.4,23.88,,0.95,15.14,29,30,100,low,1.73,-0.62,13.13,13.21,51.02B,227.2,5.44,1.36,0.18,162.29,7.18,5.66,flat,-0.62% period return; PE 5.44; EPS 162.29; margin 7.18%
2026-09-17,SUGAR & ALLIED INDUSTRIES,MRNS,Mehran Sugar Mills Limited,unknown,2,18,high,18 scored members; high peer-count confidence,,73.29,73.29,v3_quarterly_quality,100,5,6,83.33,partial,,,,32.35,61.76,91.18,84.31,100,63.33,5,5,100,Mar-26,2026-03-31,2026-07-25,scraped_at,170,64.9,36.16,1.38,-17.92,-317.43,,1.47,23.4,29,30,76.47,low,-2.24,-7.35,64.38,9.31,4.29B,33.71K,2.97,0.87,,19.23,11.82,11.37,strong_down,-7.35% period return; PE 2.97; EPS 19.23; margin 11.82%
2026-09-17,SUGAR & ALLIED INDUSTRIES,SHSML,Shahmurad Sugar Mills Limited,unknown,3,18,high,18 scored members; high peer-count confidence,,61.25,61.25,v3_quarterly_quality,100,6,6,100,complete,,,,26.47,51.46,85.29,58.82,82.35,50,5,5,100,Mar-26,2026-03-31,2026-07-25,scraped_at,170,64.44,6.98,1.52,-23.25,-6800,,1.06,16.9,29,30,94.12,low,-3.34,-8.76,52.55,-3.34,7.49B,43.8,9.67,0.58,0.36,36.69,3.58,5.64,strong_down,-8.76% period return; PE 9.67; EPS 36.69; margin 3.58%
2026-09-17,SUGAR & ALLIED INDUSTRIES,SANSM,Sanghar Sugar Mills Limited,unknown,4,18,high,18 scored members; high peer-count confidence,quarterly quality unavailable,60.06,60.06,v3_quarterly_quality,90,6,6,100,complete,,,,57.35,71.2,70.59,41.18,47.06,,0,5,0,,,,,,,,,,,,1.77,28.06,29,30,64.71,moderate,-4.13,-7.99,24.56,129.05,1.43B,29,7.37,0.44,0.07,16.24,3.1,0,strong_down,-7.99% period return; PE 7.37; EPS 16.24; margin 3.1%
2026-09-17,SUGAR & ALLIED INDUSTRIES,FRSM,Faran Sugar Mills Limited,unknown,5,18,high,18 scored members; high peer-count confidence,,59.52,59.52,v3_quarterly_quality,100,6,6,100,complete,,,,50,79.02,70.59,49.02,47.06,38.33,5,5,100,Jun-26,2026-06-30,2026-07-25,scraped_at,79,225.64,17.99,0.67,5.98,-170.27,,2.22,35.17,29,30,35.29,moderate,-0.84,-3.68,53.58,20.25,1.63B,470,4.09,0.74,0.01,10.06,3.35,0,down,-3.68% period return; PE 4.09; EPS 10.06; margin 3.35%
2026-09-17,SUGAR & ALLIED INDUSTRIES,NONS,Noon Sugar Mills Limited,unknown,6,18,high,18 scored members; high peer-count confidence,,56.74,56.74,v3_quarterly_quality,100,6,6,100,complete,,,,27.94,55.42,70.59,41.18,76.47,51.67,5,5,100,Mar-26,2026-03-31,2026-07-25,scraped_at,170,317.23,32.44,0.82,17.04,-184.11,,1.99,31.59,29,30,52.94,moderate,-6.02,-6.22,97.02,13.88,1.32B,2.88K,4.26,0.7,0.65,18.72,2.44,5.02,strong_down,-6.22% period return; PE 4.26; EPS 18.72; margin 2.44%
2026-09-17,SUGAR & ALLIED INDUSTRIES,ALNRS,Al-Noor Sugar Mills Limited,unknown,7,18,high,18 scored members; high peer-count confidence,,56.13,56.13,v3_quarterly_quality,100,6,6,100,complete,,,,64.71,45.49,50,50.98,70.59,58.33,5,5,100,Mar-26,2026-03-31,2026-07-25,scraped_at,170,119.02,3.99,1.09,-10.22,-88.21,,1.28,20.3,29,30,88.24,low,0,-8.38,21.01,39.74,2.44B,1.01K,14.53,0.34,-5.21,8.19,0.99,3.36,strong_down,-8.38% period return; PE 14.53; EPS 8.19; margin 0.99%
2026-09-17,SUGAR & ALLIED INDUSTRIES,TICL,The Thal Industries Corporation Limited,unknown,8,18,high,18 scored members; high peer-count confidence,,56.13,56.13,v3_quarterly_quality,100,6,6,100,complete,,,,51.47,31.92,91.18,39.22,64.71,53.33,5,5,100,Mar-26,2026-03-31,2026-07-25,scraped_at,170,85.56,22.96,1.33,-12.94,-2236.72,,3.13,49.72,29,30,5.88,high,1.59,-28.63,50.98,81.37,15.12B,145.6,9.37,1.22,1.01,107.5,4.88,0.99,strong_down,-28.63% period return; PE 9.37; EPS 107.5; margin 4.88%
2026-09-17,SUGAR & ALLIED INDUSTRIES,ADAMS,Adam Sugar Mills Limited,unknown,9,18,high,18 scored members; high peer-count confidence,quarterly quality unavailable,53.97,53.97,v3_quarterly_quality,90,6,6,100,complete,,,,44.12,51.74,32.35,37.25,94.12,,0,5,0,,,,,,,,,,,,2.16,34.26,29,30,47.06,moderate,-3.97,-4.92,41.3,12.47,1.11B,1.38K,-10.86,0.18,1.08,-5.93,-1.01,6.21,down,-4.92% period return; PE -10.86; EPS -5.93; margin -1.01%
2026-09-17,SUGAR & ALLIED INDUSTRIES,TCORP,Tariq Corporation Limited,unknown,10,18,high,18 scored members; high peer-count confidence,,50.88,50.88,v3_quarterly_quality,100,6,6,100,complete,,,,45.59,50.2,47.06,66.67,47.06,60,5,5,100,Mar-26,2026-03-31,2026-07-25,scraped_at,170,23.81,1.51,0.82,8.22,-89.38,,1.36,21.62,29,30,82.35,low,-2.42,-0.41,64.53,18.76,1.59B,46.47K,11.93,0.42,-0.74,1.62,1.24,0,flat,-0.41% period return; PE 11.93; EPS 1.62; margin 1.24%
2026-09-17,SUGAR & ALLIED INDUSTRIES,JSML,Jauharabad Sugar Mills Limited,unknown,11,18,high,18 scored members; high peer-count confidence,quarterly quality unavailable,49.95,49.95,v3_quarterly_quality,90,6,6,100,complete,,,,27.94,54.81,52.94,70.59,47.06,,0,5,0,,,,,,,,,,,,1.74,27.58,29,30,70.59,low,2.91,-20.14,211.58,2.91,1.62B,27.8K,12.12,0.17,0.61,3.91,1.36,0,strong_down,-20.14% period return; PE 12.12; EPS 3.91; margin 1.36%
2026-09-17,SUGAR & ALLIED INDUSTRIES,SASML,Sindh Abadgars Sugar Mills Limited,unknown,12,18,high,18 scored members; high peer-count confidence,,49.17,49.17,v3_quarterly_quality,100,6,6,100,complete,,,,86.76,37.25,14.71,64.71,58.82,56.67,5,5,100,Mar-26,2026-03-31,2026-07-25,scraped_at,170,107.67,2.14,1.05,6.94,-119.28,,4.31,68.42,29,30,0,high,6.35,-2.06,32.97,115.02,3.68B,10.16K,-25.62,1.47,-14.12,-13.78,-3.02,0.57,down,-2.06% period return; PE -25.62; EPS -13.78; margin -3.02%
2026-09-17,SUGAR & ALLIED INDUSTRIES,MIRKS,Mirpurkhas Sugar Mills Limited,unknown,13,18,high,18 scored members; high peer-count confidence,,45.33,45.33,v3_quarterly_quality,100,6,6,100,complete,,,,64.71,47.06,17.65,72.55,47.06,36.67,5,5,100,Mar-26,2026-03-31,2026-07-25,scraped_at,170,400.65,0.11,0.83,6.42,-100.15,,1.78,28.18,29,30,58.82,moderate,1.08,-5.1,43.2,38.69,2.06B,14.15K,-5.01,0.83,-0.1,-6.17,-3.48,0,strong_down,-5.1% period return; PE -5.01; EPS -6.17; margin -3.48%
2026-09-17,SUGAR & ALLIED INDUSTRIES,HRPL,Habib Rice Product Limited.,unknown,14,18,high,18 scored members; high peer-count confidence,quarterly quality unavailable,44.19,44.19,v3_quarterly_quality,90,6,6,100,complete,,,,67.65,48.69,17.65,45.1,47.06,,0,5,0,,,,,,,,,,,,2.46,39.04,29,30,17.65,high,2.58,3.58,58.29,27.8,844M,26.23K,-6.84,1.14,0.29,-3.09,-5.61,0,up,3.58% period return; PE -6.84; EPS -3.09; margin -5.61%
2026-09-17,SUGAR & ALLIED INDUSTRIES,CHAS,Chashma Sugar Mills Limited,unknown,15,18,high,18 scored members; high peer-count confidence,,40.58,40.58,v3_quarterly_quality,100,6,6,100,complete,,,,38.24,62.75,5.88,49.02,47.06,36.67,5,5,100,Mar-26,2026-03-31,2026-07-25,scraped_at,170,213.15,-12.74,0.81,4.75,-64.43,,2.34,37.08,29,30,29.41,high,-0.16,-14.02,100.91,42.62,2.29B,3.68K,-1.52,0.23,-0.05,-52.68,-4.41,0,strong_down,-14.02% period return; PE -1.52; EPS -52.68; margin -4.41%
2026-09-17,SUGAR & ALLIED INDUSTRIES,BAFS,Baba Farid Sugar Mills Limited,unknown,16,18,high,18 scored members; high peer-count confidence,,40.33,40.33,v3_quarterly_quality,100,6,6,100,complete,,,,55.88,35.29,23.53,33.33,52.94,45,5,5,100,Mar-26,2026-03-31,2026-07-25,scraped_at,170,175.49,35.06,1.02,-14.78,-249.48,,2.68,42.59,29,30,11.76,high,0,-20.89,49.71,138.76,4.08B,137.2,-38.45,2.25,-22.86,-11.24,-2.1,0.46,strong_down,-20.89% period return; PE -38.45; EPS -11.24; margin -2.1%
2026-09-17,SUGAR & ALLIED INDUSTRIES,PMRS,The Premier Sugar Mills,unknown,17,18,high,18 scored members; high peer-count confidence,quarterly quality unavailable,36.87,36.87,v3_quarterly_quality,90,6,6,100,complete,,,,32.35,60.78,11.76,13.73,47.06,,0,5,0,,,,,,,,,,,,2.46,39,29,30,23.53,high,-0.02,-19.99,116.14,33.21,1.45B,19,-1.71,0.31,-0.05,-226.21,-2.28,0,strong_down,-19.99% period return; PE -1.71; EPS -226.21; margin -2.28%
2026-09-17,SUGAR & ALLIED INDUSTRIES,KPUS,Khairpur Sugar Mills Limited,unknown,18,18,high,18 scored members; high peer-count confidence,,36.03,36.03,v3_quarterly_quality,100,6,6,100,complete,,,,55.88,0,50,49.02,47.06,33.33,5,5,100,Mar-26,2026-03-31,2026-07-25,scraped_at,170,86.3,1.86,1.07,-23.97,-357.14,,2.2,34.96,29,30,41.18,moderate,3.01,-10.52,250.21,606.97,13.03B,1.33K,143.25,3.25,5.25,5.68,1.21,0,strong_down,-10.52% period return; PE 143.25; EPS 5.68; margin 1.21%
2026-09-17,SYNTHETIC & RAYON,NSRM,The National Silk & Rayon Mills Limited,unknown,1,5,moderate,5 scored members; moderate peer-count confidence,quarterly quality unavailable,69.68,69.68,v3_quarterly_quality,90,6,6,100,complete,,,,37.5,58.33,100,25,100,,0,5,0,,,,,,,,,,,,3.35,53.11,29,30,50,moderate,0,-14.34,74.62,146.97,3.23B,104,30.57,2.01,0.18,6.79,4.51,0,strong_down,-14.34% period return; PE 30.57; EPS 6.79; margin 4.51%
2026-09-17,SYNTHETIC & RAYON,IBFL,Ibrahim Fibres Limited,unknown,2,5,moderate,5 scored members; moderate peer-count confidence,,62.5,62.5,v3_quarterly_quality,100,6,6,100,complete,,,,50,50,50,58.33,100,66.67,5,5,100,Mar-26,2026-03-31,2026-07-25,scraped_at,170,27.12,-0.8,2.48,-7.85,-115.06,,3.33,52.81,29,30,75,low,-5.44,9.41,37.03,64.24,90.03B,5.89K,-63.83,1.59,-18.6,-4.54,-1.34,0,strong_up,9.41% period return; PE -63.83; EPS -4.54; margin -1.34%
2026-09-17,SYNTHETIC & RAYON,PSYL,Pakistan Synthetics Limited,unknown,3,5,moderate,5 scored members; moderate peer-count confidence,,61.35,61.35,v3_quarterly_quality,100,6,6,100,complete,,,,81.25,0,75,75,100,66.67,5,5,100,Mar-26,2026-03-31,2026-07-25,scraped_at,170,105.13,9.76,1.14,-8.22,-3.69,,3.89,61.75,29,30,25,high,-0.66,16.28,6.67,187.03,20.8B,101.62K,44.33,4.14,1.16,3.38,3.07,0,strong_up,16.28% period return; PE 44.33; EPS 3.38; margin 3.07%
2026-09-17,SYNTHETIC & RAYON,GATI,Gatron (Industries) Limited,unknown,4,5,moderate,5 scored members; moderate peer-count confidence,,56.54,56.54,v3_quarterly_quality,100,6,6,100,complete,,,,37.5,58.33,25,66.67,100,46.67,5,5,100,Mar-26,2026-03-31,2026-07-25,scraped_at,170,117.6,-9.44,0.99,8.75,-22.77,,3.23,51.22,29,30,100,low,-0.36,-12.37,55.45,36.98,9.32B,14.28K,-8.03,0.79,-5.6,-10.67,-4.01,0,strong_down,-12.37% period return; PE -8.03; EPS -10.67; margin -4.01%
2026-09-17,SYNTHETIC & RAYON,RUPL,Rupali Polyester Limited,unknown,5,5,moderate,5 scored members; moderate peer-count confidence,,54.4,54.4,v3_quarterly_quality,100,6,6,100,complete,,,,43.75,83.33,0,50,100,20,5,5,100,Mar-26,2026-03-31,2026-07-25,scraped_at,170,51.88,-12.36,0.68,-58.74,-40.3,,4.37,69.3,29,30,0,high,1.17,-13.17,38.87,26.91,999.23M,7.31K,-1.4,0.18,0.03,-20.94,-21.91,0,strong_down,weak quality 20 (5/5); -13.17% period return; PE -1.4; EPS -20.94
2026-09-17,TECHNOLOGY & COMMUNICATION,NETSOL,NetSol Technologies Limited,unknown,1,13,moderate,13 scored members; moderate peer-count confidence,,70.62,70.62,v3_quarterly_quality,100,6,6,100,complete,,,,87.5,83.33,100,50,25,66.67,5,5,100,Mar-26,2026-03-31,2026-07-25,scraped_at,170,19.69,24.15,3.35,40.82,265.13,,1.96,31.04,29,30,50,moderate,2.79,3.13,32,42.24,11.2B,595.81K,3.86,0.89,0.09,32.29,21.96,0,up,3.13% period return; PE 3.86; EPS 32.29; margin 21.96%
2026-09-17,TECHNOLOGY & COMMUNICATION,AIRLINK,Air Link Communication Limited,unknown,2,13,moderate,13 scored members; moderate peer-count confidence,,57.84,57.84,v3_quarterly_quality,100,5,6,83.33,partial,,,,33.33,50,62.5,55.56,100,22.86,5,5,100,Mar-26,2026-03-31,2026-07-25,scraped_at,170,177.16,31.51,1.15,-28.81,25.93,,1.05,16.66,29,30,100,low,-0.99,-7.17,61.06,4.71,48.84B,540.86K,8.81,2.67,,14.02,6.35,7.28,strong_down,weak quality 22.86 (5/5); -7.17% period return; PE 8.81; EPS 14.02
2026-09-17,TECHNOLOGY & COMMUNICATION,SELECT,Select Technologies Limited,unknown,3,13,moderate,13 scored members; moderate peer-count confidence,quarterly quality unavailable,53.9,53.9,v3_quarterly_quality,90,0,6,0,low,,,,77.08,50,50,44.44,50,,0,5,0,,,,,,,,,,,,3.22,51.17,29,30,33.33,moderate,9.11,-2.55,18.9,11.88,25.12B,703.88K,,,,,,,down,limited data 0/6; -2.55% period return
2026-09-17,TECHNOLOGY & COMMUNICATION,ITANZ,Itanz Technologies Limited,unknown,4,13,moderate,13 scored members; moderate peer-count confidence,quarterly quality unavailable,52.55,52.55,v3_quarterly_quality,90,0,6,0,low,,,,54.17,50,50,66.67,50,,0,5,0,,,,,,,,,,,,4.32,68.61,29,30,8.33,high,8.22,-28.42,0.7,9.97,4.04B,2.57M,,,,,,,strong_down,limited data 0/6; -28.42% period return
2026-09-17,TECHNOLOGY & COMMUNICATION,QTECH,Quantum Data Technologies Limited,unknown,5,13,moderate,13 scored members; moderate peer-count confidence,quarterly quality unavailable,52.12,52.12,v3_quarterly_quality,90,0,6,0,low,,,,64.58,50,50,47.22,50,,0,5,0,,,,,,,,,,,,3.88,61.57,29,30,16.67,high,2.44,-13.94,56.26,60.13,4.5B,1.28M,,,,,,,strong_down,limited data 0/6; -13.94% period return
2026-09-17,TECHNOLOGY & COMMUNICATION,ZAL,Zarea Limited,unknown,6,13,moderate,13 scored members; moderate peer-count confidence,,52.03,52.03,v3_quarterly_quality,100,0,6,0,low,,,,47.92,50,50,30.56,50,92.86,4,5,80,Mar-26,2026-03-31,2026-07-25,scraped_at,170,,38.28,5.22,178.13,91.19,,1.53,24.33,29,30,91.67,low,0.24,-5.46,108.72,26.13,10B,196.63K,,,,,,,strong_down,limited data 0/6; strong quality 92.86 (4/5); -5.46% period return
2026-09-17,TECHNOLOGY & COMMUNICATION,SYS,Systems Limited,unknown,7,13,moderate,13 scored members; moderate peer-count confidence,,51.7,51.7,v3_quarterly_quality,100,6,6,100,complete,,,,56.25,25,62.5,88.89,50,56.19,5,5,100,Mar-26,2026-03-31,2026-07-25,scraped_at,170,10.31,23.25,2.76,22.65,37.83,,1.77,28.04,29,30,66.67,moderate,-0.12,-5.37,43.12,14.98,179.55B,1.13M,15.17,2.91,0.2,8.03,12.79,1.64,strong_down,-5.37% period return; PE 15.17; EPS 8.03; margin 12.79%
2026-09-17,TECHNOLOGY & COMMUNICATION,SYM,Symmetry Group Limited,unknown,8,13,moderate,13 scored members; moderate peer-count confidence,,50.91,50.91,v3_quarterly_quality,100,0,6,0,low,,,,62.5,50,50,55.56,50,34.76,5,5,100,Mar-26,2026-03-31,2026-07-25,scraped_at,170,22.86,18.91,3.46,-21.22,36.3,,1.67,26.58,29,30,83.33,low,-1.73,-2.5,27.8,38.51,3.56B,820.86K,,,,,,,down,limited data 0/6; -2.5% period return
2026-09-17,TECHNOLOGY & COMMUNICATION,OCTOPUS,Octopus Digital Limited,unknown,9,13,moderate,13 scored members; moderate peer-count confidence,,47.53,47.53,v3_quarterly_quality,100,0,6,0,low,,,,41.67,50,50,27.78,50,60,5,5,100,Mar-26,2026-03-31,2026-07-25,scraped_at,170,0.93,3.47,5.15,-20.09,113.33,,2.52,40.04,29,30,41.67,moderate,1.35,-9.01,98.49,17,4.51B,107.75K,,,,,,,strong_down,limited data 0/6; -9.01% period return
2026-09-17,TECHNOLOGY & COMMUNICATION,PAKD,Pak Datacom Limited,unknown,10,13,moderate,13 scored members; moderate peer-count confidence,,46.4,46.4,v3_quarterly_quality,100,0,6,0,low,,,,45.83,50,50,25,50,45.24,5,5,100,Mar-26,2026-03-31,2026-07-25,scraped_at,170,7,3.81,4,-10.84,-71.13,,3.39,53.89,29,30,25,high,-0.54,-9.98,83.42,39.81,1.41B,7.51K,,,,,,,strong_down,limited data 0/6; -9.98% period return
2026-09-17,TECHNOLOGY & COMMUNICATION,STL,Supernet Technologies Limited,unknown,11,13,moderate,13 scored members; moderate peer-count confidence,quarterly quality unavailable,41.74,41.74,v3_quarterly_quality,90,0,6,0,low,,,,4.17,50,50,44.44,50,,0,5,0,,,,,,,,,,,,5.93,94.09,29,30,0,high,-1.56,-19.3,9710.15,2.94,2.45B,867.01K,,,,,,,strong_down,limited data 0/6; -19.3% period return
2026-09-17,TECHNOLOGY & COMMUNICATION,AVN,Avanceon Limited,unknown,12,13,moderate,13 scored members; moderate peer-count confidence,quarterly quality unavailable,40.39,40.39,v3_quarterly_quality,90,6,6,100,complete,,,,22.92,41.67,12.5,50,75,,0,5,0,,,,,,,,,,,,1.76,28.02,29,30,75,low,-0.53,-14.98,91.44,5.81,12.05B,219.81K,52.25,0.82,-11.22,0.54,1.25,3.57,strong_down,-14.98% period return; PE 52.25; EPS 0.54; margin 1.25%
2026-09-17,TECHNOLOGY & COMMUNICATION,TELE,Telecard Limited,unknown,13,13,moderate,13 scored members; moderate peer-count confidence,,37.76,37.76,v3_quarterly_quality,100,6,6,100,complete,,,,52.08,50,12.5,69.44,25,30,5,5,100,Mar-26,2026-03-31,2026-07-25,scraped_at,170,14.23,8.24,1.98,-4.7,-237.34,,1.78,28.26,29,30,58.33,moderate,1.74,-8.45,85.88,21.86,2.57B,1.38M,14.93,0.58,0.6,0.51,1.67,0,strong_down,weak quality 30 (5/5); -8.45% period return; PE 14.93; EPS 0.51
2026-09-17,TEXTILE COMPOSITE,KTML,Kohinoor Textile Mills Limited,unknown,1,25,high,25 scored members; high peer-count confidence,,73.02,73.02,v3_quarterly_quality,100,6,6,100,complete,,,,54.17,67.8,84.38,83.33,75,77.33,5,5,100,Mar-26,2026-03-31,2026-07-25,scraped_at,170,52.83,13.19,1.69,4.85,-33.09,,2.33,36.93,29,30,50,moderate,4.07,3.37,81.01,16.1,57.87B,410.91K,2.91,0.62,0.1,14.77,13.86,0.93,up,strong quality 77.33 (5/5); 3.37% period return; PE 2.91; EPS 14.77
2026-09-17,TEXTILE COMPOSITE,SAPT,Sapphire Textile Mills Limited,unknown,2,25,high,25 scored members; high peer-count confidence,,72.63,72.63,v3_quarterly_quality,100,6,6,100,complete,,,,68.75,72.14,93.75,45.83,68.75,72,5,5,100,Mar-26,2026-03-31,2026-07-25,scraped_at,170,68.79,12.17,1.77,-1.42,2.65,,2.4,38.16,29,30,45.83,moderate,0.83,5.41,11.62,23.61,31.21B,17.5,3.72,0.38,0.24,387.04,5.77,0.69,strong_up,strong quality 72 (5/5); 5.41% period return; PE 3.72; EPS 387.04
2026-09-17,TEXTILE COMPOSITE,SURC,Suraj Cotton Mills Limited,unknown,3,25,high,25 scored members; high peer-count confidence,,70.56,70.56,v3_quarterly_quality,100,6,6,100,complete,,,,69.79,46.75,75,63.89,93.75,82.67,5,5,100,Mar-26,2026-03-31,2026-07-25,scraped_at,170,28.8,10,2.08,0.87,65.39,,1.64,26.08,29,30,75,low,1.42,-4.98,26.57,62.5,6.98B,5.05K,4.9,0.48,0.81,29.17,5.06,3.5,down,strong quality 82.67 (5/5); -4.98% period return; PE 4.9; EPS 29.17
2026-09-17,TEXTILE COMPOSITE,NML,Nishat Mills Limited,unknown,4,25,high,25 scored members; high peer-count confidence,,68.26,68.26,v3_quarterly_quality,100,6,6,100,complete,,,,27.08,58.78,84.38,93.06,81.25,70.67,5,5,100,Mar-26,2026-03-31,2026-07-25,scraped_at,170,55,7.3,1.43,-2.23,892.57,,1.54,24.43,29,30,83.33,low,0.04,-12.13,61.5,7.53,45.37B,901.87K,3.86,0.26,1.32,33.41,5.75,1.55,strong_down,strong quality 70.67 (5/5); -12.13% period return; PE 3.86; EPS 33.41
2026-09-17,TEXTILE COMPOSITE,ILP,Interloop Limited,unknown,5,25,high,25 scored members; high peer-count confidence,,68.06,68.06,v3_quarterly_quality,100,6,6,100,complete,,,,58.33,34.5,75,88.89,100,68,5,5,100,Mar-26,2026-03-31,2026-07-25,scraped_at,170,146.2,20.56,1.18,3.9,125.56,,1.8,28.56,29,30,66.67,moderate,-0.48,-4.02,14.12,43.66,135.73B,599.23K,10.69,2.09,0.27,9.06,6.77,4.13,down,-4.02% period return; PE 10.69; EPS 9.06; margin 6.77%
2026-09-17,TEXTILE COMPOSITE,MEHT,Mehmood Textile Mills Limited,unknown,6,25,high,25 scored members; high peer-count confidence,,66.64,66.64,v3_quarterly_quality,100,6,6,100,complete,,,,19.79,95.35,71.88,73.61,62.5,56,5,5,100,Mar-26,2026-03-31,2026-07-25,scraped_at,170,160.41,6.32,1.1,5.88,87.89,,2.05,32.59,29,30,62.5,moderate,-4.22,-3,152.68,5.99,4.14B,123.91K,3.47,0.22,0.09,39.74,1.87,0,down,-3% period return; PE 3.47; EPS 39.74; margin 1.87%
2026-09-17,TEXTILE COMPOSITE,AHTM,Ahmad Hassan Textile Mills Limited,unknown,7,25,high,25 scored members; high peer-count confidence,,60.12,60.12,v3_quarterly_quality,100,6,6,100,complete,,,,53.12,53.37,62.5,34.72,87.5,53.33,5,5,100,Mar-26,2026-03-31,2026-07-25,scraped_at,170,29.39,4.51,1.41,-8.33,71.43,,3.71,58.95,29,30,12.5,high,1.01,-5.37,49.22,49.83,761.59M,723.2,7.1,0.32,-2.49,12.65,2.07,1.67,strong_down,-5.37% period return; PE 7.1; EPS 12.65; margin 2.07%
2026-09-17,TEXTILE COMPOSITE,ANL,Azgard Nine Limited,unknown,8,25,high,25 scored members; high peer-count confidence,quarterly quality unavailable,52.52,52.52,v3_quarterly_quality,90,6,6,100,complete,,,,20.83,64.64,40.62,73.61,62.5,,0,5,0,,,,,,,,,,,,0.99,15.75,29,30,100,low,-3.98,-11.67,53.42,11.49,4.33B,193.46K,5.57,0.28,0.36,1.6,1.96,0,strong_down,-11.67% period return; PE 5.57; EPS 1.6; margin 1.96%
2026-09-17,TEXTILE COMPOSITE,ANTM,AN Textile Mills Limited,unknown,9,25,high,25 scored members; high peer-count confidence,quarterly quality unavailable,52.3,52.3,v3_quarterly_quality,90,0,6,0,low,,,,73.96,50,50,34.72,50,,0,5,0,,,,,,,,,,,,5.02,79.64,29,30,4.17,high,-3.32,19.89,18.3,248.44,700.45M,3.26K,,,,,,,strong_up,limited data 0/6; 19.89% period return
2026-09-17,TEXTILE COMPOSITE,TOWL,Towellers Limited,unknown,10,25,high,25 scored members; high peer-count confidence,,51.11,51.11,v3_quarterly_quality,100,0,6,0,low,,,,40.62,50,50,62.5,50,62.67,5,5,100,Mar-26,2026-03-31,2026-07-25,scraped_at,170,9.35,1.52,2.02,-1.51,-79.73,,5.75,91.34,29,30,0,high,-1.81,2.45,75.76,41.72,2.23B,464.08K,,,,,,,up,limited data 0/6; 2.45% period return
2026-09-17,TEXTILE COMPOSITE,ZAHID,Zahidjee Textile Mills Limited,unknown,11,25,high,25 scored members; high peer-count confidence,quarterly quality unavailable,50.55,50.55,v3_quarterly_quality,90,6,6,100,complete,,,,42.71,38.87,59.38,50,62.5,,0,5,0,,,,,,,,,,,,3.11,49.39,29,30,20.83,high,-0.21,-10.78,63.81,91.43,11.98B,14.44K,7.89,0.55,0.57,7.93,3.96,0,strong_down,-10.78% period return; PE 7.89; EPS 7.93; margin 3.96%
2026-09-17,TEXTILE COMPOSITE,GFIL,Ghazi Fabrics International Limited,unknown,12,25,high,25 scored members; high peer-count confidence,quarterly quality unavailable,49.92,49.92,v3_quarterly_quality,90,0,6,0,low,,,,54.17,50,50,43.06,50,,0,5,0,,,,,,,,,,,,2.56,40.67,29,30,37.5,moderate,0.04,-15.55,35.26,112.15,848.85M,12.49K,,,,,,,strong_down,limited data 0/6; -15.55% period return
2026-09-17,TEXTILE COMPOSITE,REWM,Reliance Weaving Mills Limited,unknown,13,25,high,25 scored members; high peer-count confidence,,49.75,49.75,v3_quarterly_quality,100,0,6,0,low,,,,53.13,50,50,54.17,50,38.67,5,5,100,Mar-26,2026-03-31,2026-07-25,scraped_at,170,223.18,6.29,0.96,-2.78,265.93,,2.06,32.71,29,30,58.33,moderate,-0.81,-3.41,46.45,73.55,5.13B,166.2,,,,,,,down,limited data 0/6; -3.41% period return
2026-09-17,TEXTILE COMPOSITE,KHYT,Khyber Textile Mills Limited,unknown,14,25,high,25 scored members; high peer-count confidence,quarterly quality unavailable,48.75,48.75,v3_quarterly_quality,90,0,6,0,low,,,,65.62,50,50,15.28,50,,0,5,0,,,,,,,,,,,,1.71,27.14,29,30,70.83,low,0.99,-3.67,39.4,70.55,2.37B,17.8,,,,,,,down,limited data 0/6; -3.67% period return
2026-09-17,TEXTILE COMPOSITE,REDCO,Redco Textiles Limited,unknown,15,25,high,25 scored members; high peer-count confidence,quarterly quality unavailable,48.69,48.69,v3_quarterly_quality,90,0,6,0,low,,,,54.17,50,50,31.94,50,,0,5,0,,,,,,,,,,,,2.87,45.51,29,30,29.17,high,-0.04,-7.81,44.96,87.05,1.37B,4.38K,,,,,,,strong_down,limited data 0/6; -7.81% period return
2026-09-17,TEXTILE COMPOSITE,HAEL,Hala Enterprises Limited,unknown,16,25,high,25 scored members; high peer-count confidence,quarterly quality unavailable,48.61,48.61,v3_quarterly_quality,90,0,6,0,low,,,,50,50,50,37.5,50,,0,5,0,,,,,,,,,,,,3.16,50.14,29,30,16.67,high,1.9,-13.32,61.19,57.95,306.06M,9.16K,,,,,,,strong_down,limited data 0/6; -13.32% period return
2026-09-17,TEXTILE COMPOSITE,BHAT,Bhanero Textile Mills Limited,unknown,17,25,high,25 scored members; high peer-count confidence,,48.6,48.6,v3_quarterly_quality,100,6,6,100,complete,,,,69.79,37.33,53.12,19.44,62.5,37.33,5,5,100,Mar-26,2026-03-31,2026-07-25,scraped_at,170,105.72,0.84,1.51,-1.92,-148.66,,1.47,23.3,29,30,87.5,low,4.4,-0.3,26.9,12.87,2.49B,8.25,27.23,0.23,3.84,30.09,0.28,0,flat,-0.3% period return; PE 27.23; EPS 30.09; margin 0.28%
2026-09-17,TEXTILE COMPOSITE,GATM,Gul Ahmed Textile Mills Limited,unknown,18,25,high,25 scored members; high peer-count confidence,,46.37,46.37,v3_quarterly_quality,100,6,6,100,complete,,,,27.08,45.78,37.5,81.94,62.5,26.67,5,5,100,Mar-26,2026-03-31,2026-07-25,scraped_at,170,152.96,3.87,1.1,-7.54,-59.01,,1.6,25.37,29,30,79.17,low,1.08,-16.06,89.04,30.48,15.93B,489.28K,7.93,0.31,0.65,2.72,1.18,0,strong_down,weak quality 26.67 (5/5); -16.06% period return; PE 7.93; EPS 2.72
2026-09-17,TEXTILE COMPOSITE,HAFL,Hafiz Limited,unknown,19,25,high,25 scored members; high peer-count confidence,quarterly quality unavailable,44.87,44.87,v3_quarterly_quality,90,0,6,0,low,,,,47.92,50,50,6.94,50,,0,5,0,,,,,,,,,,,,2.18,34.64,29,30,54.17,moderate,1.19,-15.59,46.37,51.65,516.07M,16.6,,,,,,,strong_down,limited data 0/6; -15.59% period return
2026-09-17,TEXTILE COMPOSITE,STML,Shams Textile Mills Limited,unknown,20,25,high,25 scored members; high peer-count confidence,quarterly quality unavailable,44.69,44.69,v3_quarterly_quality,90,6,6,100,complete,,,,80.21,41.1,6.25,41.67,62.5,,0,5,0,,,,,,,,,,,,3.94,62.62,29,30,8.33,high,1.54,-1.44,38.63,122.68,438.65M,3.31K,-7.26,0.57,0.54,-6.99,-1.76,0,down,-1.44% period return; PE -7.26; EPS -6.99; margin -1.76%
2026-09-17,TEXTILE COMPOSITE,FML,Feroze1888 Mills Limited,unknown,21,25,high,25 scored members; high peer-count confidence,,44.1,44.1,v3_quarterly_quality,100,6,6,100,complete,,,,28.13,34.78,37.5,62.5,62.5,49.33,5,5,100,Mar-26,2026-03-31,2026-07-25,scraped_at,170,100.3,0.54,1.05,6.62,53.33,,1.23,19.49,29,30,95.83,low,-0.8,-10.78,71.24,38.06,18.78B,10.42K,23.39,0.54,-4.61,2.01,1.19,0,strong_down,-10.78% period return; PE 23.39; EPS 2.01; margin 1.19%
2026-09-17,TEXTILE COMPOSITE,FZCM,Fazal Cloth Mills Limited,unknown,22,25,high,25 scored members; high peer-count confidence,,43.82,43.82,v3_quarterly_quality,100,6,6,100,complete,,,,55.21,33.33,31.25,47.22,62.5,37.33,5,5,100,Mar-26,2026-03-31,2026-07-25,scraped_at,170,101.25,0.19,1.42,-1.62,-95.68,,2.69,42.65,29,30,33.33,moderate,0,-4.49,26.06,34.69,7.5B,470,82.82,0.15,39.51,3.02,0.1,0,down,-4.49% period return; PE 82.82; EPS 3.02; margin 0.1%
2026-09-17,TEXTILE COMPOSITE,CRTM,The Crescent Textile Mills Limited,unknown,23,25,high,25 scored members; high peer-count confidence,,40.4,40.4,v3_quarterly_quality,100,6,6,100,complete,,,,37.5,31.73,25,68.06,62.5,25.33,5,5,100,Mar-26,2026-03-31,2026-07-25,scraped_at,170,77.18,1.05,0.8,-2.84,-109.63,,1.28,20.33,29,30,91.67,low,-3.12,-16.07,55.65,273.49,6.2B,4.09K,47.41,0.49,-6.71,1.31,0.69,0,strong_down,weak quality 25.33 (5/5); -16.07% period return; PE 47.41; EPS 1.31
2026-09-17,TEXTILE COMPOSITE,FASM,Faisal Spinning Mills Limited,unknown,24,25,high,25 scored members; high peer-count confidence,,39.56,39.56,v3_quarterly_quality,100,6,6,100,complete,,,,46.88,56.25,3.12,34.72,62.5,18.67,5,5,100,Mar-26,2026-03-31,2026-07-25,scraped_at,170,178.53,-4.75,1.17,-3.9,-52.6,,2.96,46.94,29,30,25,high,1.66,-9.12,41.66,1.7,3B,61.5,-5.68,0.28,-1.49,-52.85,-1.19,0,strong_down,weak quality 18.67 (5/5); -9.12% period return; PE -5.68; EPS -52.85
2026-09-17,TEXTILE COMPOSITE,BTL,Blessed Textiles Limited,unknown,25,25,high,25 scored members; high peer-count confidence,,36.48,36.48,v3_quarterly_quality,100,5,6,83.33,partial,,,,51.04,35.42,9.38,31.94,62.5,24,5,5,100,Mar-26,2026-03-31,2026-07-25,scraped_at,170,173.28,-2.96,1.23,-6.22,-50.65,,2.56,40.57,29,30,41.67,moderate,0.92,-8.01,79.89,219.38,5.65B,34.25,-24.62,0.74,,-35.67,-0.77,0,strong_down,weak quality 24 (5/5); -8.01% period return; PE -24.62; EPS -35.67
2026-09-17,TEXTILE SPINNING,KOHTM,Kohat Textile Mills Limited,unknown,1,24,high,24 scored members; high peer-count confidence,,70.07,70.07,v3_quarterly_quality,100,6,6,100,complete,,,,29.79,56.67,90,84.06,90,70.3,5,5,100,Mar-26,2026-03-31,2026-07-25,scraped_at,170,79.38,6.55,1.05,-0.13,-1.27,,4.13,65.58,29,30,30.43,high,-3.54,-27.97,150.24,109.8,1.75B,72.04K,5.65,0.36,0.14,14.85,3.65,2.38,strong_down,strong quality 70.3 (5/5); -27.97% period return; PE 5.65; EPS 14.85
2026-09-17,TEXTILE SPINNING,GADT,Gadoon Textile Mills Limited,unknown,2,24,high,24 scored members; high peer-count confidence,,69.04,69.04,v3_quarterly_quality,100,6,6,100,complete,,,,53.8,60,90,73.91,80,45.76,5,5,100,Mar-26,2026-03-31,2026-07-25,scraped_at,170,118.05,5.02,0.84,-1.91,-51.31,,2.15,34.1,29,30,91.3,low,-0.66,-6.14,42.86,40,8.44B,7.1K,3.21,0.32,0.45,93.78,3.5,1.66,strong_down,-6.14% period return; PE 3.21; EPS 93.78; margin 3.5%
2026-09-17,TEXTILE SPINNING,ELSM,Ellcot Spinning Mills Limited,unknown,3,24,high,24 scored members; high peer-count confidence,,66.1,66.1,v3_quarterly_quality,100,6,6,100,complete,,,,76.98,43.33,65,55.07,100,52.12,5,5,100,Mar-26,2026-03-31,2026-07-25,scraped_at,170,103.83,0.97,2.05,-3.1,-79.71,,3.62,57.5,29,30,47.83,moderate,4.66,4.18,14.67,49.75,1.62B,365,37.3,0.38,-33.66,3.97,0.28,2.7,up,4.18% period return; PE 37.3; EPS 3.97; margin 0.28%
2026-09-17,TEXTILE SPINNING,SNAI,Sana Industries Limited,unknown,4,24,high,24 scored members; high peer-count confidence,quarterly quality unavailable,63.7,63.7,v3_quarterly_quality,90,6,6,100,complete,,,,47.04,53.33,85,59.42,70,,0,5,0,,,,,,,,,,,,2.52,40.04,29,30,82.61,low,-4.09,-9.43,25.64,38.38,697.58M,9.22K,5.34,0.98,-0.54,6.54,5.84,0,strong_down,-9.43% period return; PE 5.34; EPS 6.54; margin 5.84%
2026-09-17,TEXTILE SPINNING,ASTM,Asim Textile Mills Limited,unknown,5,24,high,24 scored members; high peer-count confidence,quarterly quality unavailable,60.06,60.06,v3_quarterly_quality,90,0,6,0,low,,,,93.43,50,50,75.36,50,,0,5,0,,,,,,,,,,,,9.04,143.54,29,30,0,high,9.47,18.81,30.66,984.25,1.97B,500.95K,,,,,,,strong_up,limited data 0/6; 18.81% period return
2026-09-17,TEXTILE SPINNING,CCM,Crescent Cotton Mills Limited,unknown,6,24,high,24 scored members; high peer-count confidence,quarterly quality unavailable,57.35,57.35,v3_quarterly_quality,90,6,6,100,complete,,,,39.87,63.33,50,57.97,70,,0,5,0,,,,,,,,,,,,1.78,28.19,29,30,95.65,low,1.21,-15.42,57.61,23.58,963.28M,2.38K,14.35,0.14,-0.72,2.96,-0.18,0,strong_down,-15.42% period return; PE 14.35; EPS 2.96; margin -0.18%
2026-09-17,TEXTILE SPINNING,SHDT,Shadab Textile Mills Limited,unknown,7,24,high,24 scored members; high peer-count confidence,,56.47,56.47,v3_quarterly_quality,100,0,6,0,low,,,,49.41,50,50,79.71,50,85.91,5,5,100,Mar-26,2026-03-31,2026-07-25,scraped_at,170,37.62,14.29,1.3,3.24,53.85,,2.67,42.45,29,30,78.26,low,-2,-8.61,42.96,43.53,1.2B,49.16K,,,,,,,strong_down,limited data 0/6; strong quality 85.91 (5/5); -8.61% period return
2026-09-17,TEXTILE SPINNING,TATM,Tata Textile Mills Limited,unknown,8,24,high,24 scored members; high peer-count confidence,,53.42,53.42,v3_quarterly_quality,100,0,6,0,low,,,,43.68,50,50,79.71,50,63.94,5,5,100,Mar-26,2026-03-31,2026-07-25,scraped_at,170,89.18,2.38,1.31,-11.32,-4.28,,3.71,58.92,29,30,43.48,moderate,-4.91,-16.55,47.45,84.1,8.45B,149.99K,,,,,,,strong_down,limited data 0/6; -16.55% period return
2026-09-17,TEXTILE SPINNING,SZTM,Shahzad Textile Mills Limited,unknown,9,24,high,24 scored members; high peer-count confidence,,52.96,52.96,v3_quarterly_quality,100,0,6,0,low,,,,49.01,50,50,43.48,50,87.58,5,5,100,Mar-26,2026-03-31,2026-07-25,scraped_at,170,36.66,8.34,1.19,7.01,345.59,,2.3,36.5,29,30,86.96,low,-7.85,-12.66,51.8,132.86,1.51B,5.14K,,,,,,,strong_down,limited data 0/6; strong quality 87.58 (5/5); -12.66% period return
2026-09-17,TEXTILE SPINNING,DINT,Din Textile Mills Limited,unknown,10,24,high,24 scored members; high peer-count confidence,,52.58,52.58,v3_quarterly_quality,100,6,6,100,complete,,,,59.78,50,40,65.22,70,25.91,5,5,100,Mar-26,2026-03-31,2026-07-25,scraped_at,170,271.86,-2.94,0.98,-24.92,-79.98,,3.82,60.7,29,30,39.13,moderate,13.64,-7.8,58.31,46.62,3.18B,16.18K,-15.5,0.46,-1.45,-3.91,-0.63,0,strong_down,weak quality 25.91 (5/5); -7.8% period return; PE -15.5; EPS -3.91
2026-09-17,TEXTILE SPINNING,DFSM,Dewan Farooque Spinning Mills Limited,unknown,11,24,high,24 scored members; high peer-count confidence,,52.07,52.07,v3_quarterly_quality,100,0,6,0,low,,,,50.94,50,50,82.61,50,36.67,5,5,100,Mar-26,2026-03-31,2026-07-25,scraped_at,170,9.08,-0.87,0.08,-45.68,-77.89,,3.43,54.51,29,30,60.87,moderate,5.04,-24.66,201.97,211.2,1.14B,221.72K,,,,,,,strong_down,limited data 0/6; -24.66% period return
2026-09-17,TEXTILE SPINNING,CFL,Crescent Fibres Limited,unknown,12,24,high,24 scored members; high peer-count confidence,,51.13,51.13,v3_quarterly_quality,100,6,6,100,complete,,,,55.98,73.33,15,43.48,70,30.56,3,5,60,Mar-26,2026-03-31,2026-07-25,scraped_at,170,,-17.15,,-27.31,-21.19,,3.44,54.59,29,30,56.52,moderate,,-3.4,33.4,29.13,737.62M,376.4,-1.2,0.2,0.03,-49.59,-18.39,0,down,-3.4% period return; PE -1.2; EPS -49.59; margin -18.39%
2026-09-17,TEXTILE SPINNING,SHCM,Shadman Cotton Mills Limited,unknown,13,24,high,24 scored members; high peer-count confidence,quarterly quality unavailable,50.17,50.17,v3_quarterly_quality,90,0,6,0,low,,,,57.31,50,50,40.58,50,,0,5,0,,,,,,,,,,,,5.05,80.18,29,30,17.39,high,1.66,-7.09,75.6,80.21,970.02M,10.55K,,,,,,,strong_down,limited data 0/6; -7.09% period return
2026-09-17,TEXTILE SPINNING,DMC,D.M. Corporation Limited.,unknown,14,24,high,24 scored members; high peer-count confidence,quarterly quality unavailable,48.71,48.71,v3_quarterly_quality,90,0,6,0,low,,,,49.51,50,50,39.13,50,,0,5,0,,,,,,,,,,,,2.71,42.98,29,30,69.57,low,0,-15.14,126.4,156.4,474.43M,2.07K,,,,,,,strong_down,limited data 0/6; -15.14% period return
2026-09-17,TEXTILE SPINNING,AWTX,Allawasaya Tex. & Finishing Mills Ltd,unknown,15,24,high,24 scored members; high peer-count confidence,,48.7,48.7,v3_quarterly_quality,100,6,6,100,complete,,,,50.05,23.33,70,21.74,70,51.82,5,5,100,Mar-26,2026-03-31,2026-07-25,scraped_at,170,59.16,0.62,0.96,19.68,-102.79,,0.18,2.81,29,30,100,low,-9.09,0.95,10,26.07,1.28B,0,162.8,1.02,-20.03,9.84,0.15,0,flat,0.95% period return; PE 162.8; EPS 9.84; margin 0.15%
2026-09-17,TEXTILE SPINNING,JATM,J.A. Textile Mills Limited,unknown,16,24,high,24 scored members; high peer-count confidence,quarterly quality unavailable,48.59,48.59,v3_quarterly_quality,90,0,6,0,low,,,,48.81,50,50,39.13,50,,0,5,0,,,,,,,,,,,,7,111.15,29,30,4.35,high,8.41,-40.36,106.04,151.54,463.09M,17.59K,,,,,,,strong_down,limited data 0/6; -40.36% period return
2026-09-17,TEXTILE SPINNING,SERT,Service Industries Textiles Limited,unknown,17,24,high,24 scored members; high peer-count confidence,quarterly quality unavailable,48.45,48.45,v3_quarterly_quality,90,0,6,0,low,,,,42.14,50,50,47.83,50,,0,5,0,,,,,,,,,,,,4.24,67.27,29,30,26.09,high,3.91,-18.26,116.47,75.57,538.13M,37.33K,,,,,,,strong_down,limited data 0/6; -18.26% period return
2026-09-17,TEXTILE SPINNING,JDMT,Janana De Malucho Textile Mills Limited,unknown,18,24,high,24 scored members; high peer-count confidence,,48.12,48.12,v3_quarterly_quality,100,0,6,0,low,,,,41.45,50,50,62.32,50,31.67,5,5,100,Mar-26,2026-03-31,2026-07-25,scraped_at,170,23.07,-7.06,0.25,-91.76,-59.42,,2.74,43.5,29,30,65.22,moderate,-5.72,-17.61,52.82,117.64,904.59M,15.42K,,,,,,,strong_down,limited data 0/6; -17.61% period return
2026-09-17,TEXTILE SPINNING,ARCTM,Arctic Textile Mills Limited,unknown,19,24,high,24 scored members; high peer-count confidence,quarterly quality unavailable,46.35,46.35,v3_quarterly_quality,90,0,6,0,low,,,,28.61,50,50,49.28,50,,0,5,0,,,,,,,,,,,,6.63,105.3,29,30,8.7,high,-3.88,-34.52,73.84,54.89,492.61M,35.21K,,,,,,,strong_down,limited data 0/6; -34.52% period return
2026-09-17,TEXTILE SPINNING,ELCM,Elahi Cotton Mills Limited,unknown,20,24,high,24 scored members; high peer-count confidence,quarterly quality unavailable,45.12,45.12,v3_quarterly_quality,90,6,6,100,complete,,,,81.08,23.33,30,26.09,70,,0,5,0,,,,,,,,,,,,4.86,77.13,29,30,21.74,high,0.19,31.63,22.87,121.82,363.36M,4.65K,-11.57,5.36,0.17,-24.15,-3.34,0,strong_up,31.63% period return; PE -11.57; EPS -24.15; margin -3.34%
2026-09-17,TEXTILE SPINNING,MQTM,Maqbool Textile Mills Limited,unknown,21,24,high,24 scored members; high peer-count confidence,quarterly quality unavailable,44.66,44.66,v3_quarterly_quality,90,6,6,100,complete,,,,48.22,53.33,10,36.23,70,,0,5,0,,,,,,,,,,,,3.96,62.92,29,30,34.78,moderate,-3.67,-5.11,53.85,44.69,479.23M,4.87K,-0.33,1.51,0.01,-79.43,-17.35,0,strong_down,-5.11% period return; PE -0.33; EPS -79.43; margin -17.35%
2026-09-17,TEXTILE SPINNING,IDEAL,Ideal Dynamics Limited,unknown,22,24,high,24 scored members; high peer-count confidence,quarterly quality unavailable,43.98,43.98,v3_quarterly_quality,90,0,6,0,low,,,,33.7,50,50,20.29,50,,0,5,0,,,,,,,,,,,,5.95,94.45,29,30,13.04,high,-12.73,-25.12,97.03,182.6,441.54M,2.05K,,,,,,,strong_down,limited data 0/6; -25.12% period return
2026-09-17,TEXTILE SPINNING,IDRT,Idrees Textile Mills Limited,unknown,23,24,high,24 scored members; high peer-count confidence,,43.82,43.82,v3_quarterly_quality,100,0,6,0,low,,,,31.77,50,50,34.78,50,30.76,5,5,100,Mar-26,2026-03-31,2026-07-25,scraped_at,170,141.8,-11.63,0.94,-15.52,-24.77,,2.69,42.71,29,30,73.91,low,-4.78,-16.09,112.22,66.13,636.88M,13.33K,,,,,,,strong_down,limited data 0/6; -16.09% period return
2026-09-17,TEXTILE SPINNING,NATM,Nadeem Textile Mills Limited,unknown,24,24,high,24 scored members; high peer-count confidence,,38.97,38.97,v3_quarterly_quality,100,6,6,100,complete,,,,37.65,50,5,28.99,70,29.24,5,5,100,Mar-26,2026-03-31,2026-07-25,scraped_at,170,100.02,-47.36,0.55,-64.62,0.97,,3.55,56.3,29,30,52.17,moderate,0.23,-25.56,42.73,0.7,1.42B,562.6,-1.24,0.64,0.04,-53.59,-51.27,0,strong_down,weak quality 29.24 (5/5); -25.56% period return; PE -1.24; EPS -53.59
2026-09-17,TEXTILE WEAVING,STJT,Shahtaj Textile Limited,unknown,1,4,low,4 scored members; low peer-count confidence,quarterly quality unavailable; small sector peer group,75.77,75.77,v3_quarterly_quality,90,6,6,100,complete,,,,75,50,100,44.44,100,,0,5,0,,,,,,,,,,,,4.57,72.5,29,30,33.33,moderate,-3.69,-2.31,26.74,90,1.41B,330.6,5.25,0.57,0.54,27.72,4.42,3.78,down,-2.31% period return; PE 5.25; EPS 27.72; margin 4.42%
2026-09-17,TEXTILE WEAVING,ICCI,ICC Industries Limited,unknown,2,4,low,4 scored members; low peer-count confidence,quarterly quality unavailable; small sector peer group,50.77,50.77,v3_quarterly_quality,90,0,6,0,low,,,,58.33,50,50,44.44,50,,0,5,0,,,,,,,,,,,,3.43,54.43,29,30,66.67,moderate,-0.15,-9.89,33.66,55.63,402.02M,11.04K,,,,,,,strong_down,limited data 0/6; -9.89% period return
2026-09-17,TEXTILE WEAVING,ASHT,Ashfaq Textile Mills Limited,unknown,3,4,low,4 scored members; low peer-count confidence,quarterly quality unavailable; small sector peer group,45.22,45.22,v3_quarterly_quality,90,0,6,0,low,,,,25,50,50,44.44,50,,0,5,0,,,,,,,,,,,,7.29,115.72,29,30,0,high,-4.21,-33.34,115.05,138.64,1.52B,9.1K,,,,,,,strong_down,limited data 0/6; -33.34% period return
2026-09-17,TEXTILE WEAVING,ZTL,Zephyr Textiles Limited,unknown,4,4,low,4 scored members; low peer-count confidence,quarterly quality unavailable; small sector peer group,29.48,29.48,v3_quarterly_quality,90,6,6,100,complete,,,,41.67,50,0,77.78,0,,0,5,0,,,,,,,,,,,,2.48,39.3,29,30,100,low,1.89,-22.23,68.6,48.92,862.91M,20.95K,-17.75,0.35,2.33,-0.82,-0.65,0,strong_down,-22.23% period return; PE -17.75; EPS -0.82; margin -0.65%
2026-09-17,TRANSPORT,PIBTL,Pakistan International Bulk Terminal,unknown,1,4,low,4 scored members; low peer-count confidence,small sector peer group,75.25,75.25,v3_quarterly_quality,100,6,6,100,complete,,,,58.33,50,100,100,100,40,5,5,100,Mar-26,2026-03-31,2026-07-25,scraped_at,170,36.51,12.14,0.89,47.84,859.81,,1.51,24.04,29,30,100,low,-0.2,-10.79,53.54,15.88,26.72B,5.84M,12.69,1.52,7.05,1.18,14.81,0,strong_down,-10.79% period return; PE 12.69; EPS 1.18; margin 14.81%
2026-09-17,TRANSPORT,SLGL,Secure Logistics-Trax Group Limited,unknown,2,4,low,4 scored members; low peer-count confidence,small sector peer group,50.31,50.31,v3_quarterly_quality,100,0,6,0,low,,,,41.67,50,50,55.56,50,60,5,5,100,Mar-26,2026-03-31,2026-07-25,scraped_at,170,6.05,13.16,1.26,28.38,8.9,,2.83,44.94,29,30,33.33,moderate,1.61,-11.67,91.34,6.54,5.84B,2.25M,,,,,,,strong_down,limited data 0/6; -11.67% period return
2026-09-17,TRANSPORT,BLUEX,Blue-Ex Limited,unknown,3,4,low,4 scored members; low peer-count confidence,quarterly quality unavailable; small sector peer group,48.15,48.15,v3_quarterly_quality,90,0,6,0,low,,,,50,50,50,33.33,50,,0,5,0,,,,,,,,,,,,2.42,38.47,29,30,66.67,moderate,-1.15,-9.49,1245.26,22.65,1.71B,667.9K,,,,,,,strong_down,limited data 0/6; -9.49% period return
2026-09-17,TRANSPORT,PICT,Pakistan International Container,unknown,4,4,low,4 scored members; low peer-count confidence,quarterly quality unavailable; small sector peer group,45.68,45.68,v3_quarterly_quality,90,6,6,100,complete,,,,50,50,0,11.11,100,,0,5,0,,,,,,,,,,,,3.34,52.99,29,30,0,high,-4.92,-20.71,51.55,71.59,4.43B,94.8K,-24.48,3.41,1.22,-1.66,-1809.22,0,strong_down,-20.71% period return; PE -24.48; EPS -1.66; margin -1809.22%
2026-09-17,VANASPATI & ALLIED INDUSTRIES,POML,Punjab Oil Mills Limited,unknown,1,2,low,2 scored members; low peer-count confidence,small sector peer group,52.83,52.83,v3_quarterly_quality,100,0,6,0,low,,,,100,50,50,33.33,50,20,5,5,100,Mar-26,2026-03-31,2026-07-25,scraped_at,170,35.56,-2.2,1.14,7.01,50,,2.01,31.98,29,30,0,high,5.26,2.28,37.5,41.46,1.24B,2.28K,,,,,,,up,limited data 0/6; weak quality 20 (5/5); 2.28% period return
2026-09-17,VANASPATI & ALLIED INDUSTRIES,SSOM,S.S.Oil Mills Limited,unknown,2,2,low,2 scored members; low peer-count confidence,small sector peer group,47.17,47.17,v3_quarterly_quality,100,0,6,0,low,,,,0,50,50,66.67,50,80,5,5,100,Mar-26,2026-03-31,2026-07-25,scraped_at,170,43.92,19.67,2.14,63.97,150.79,,1.81,28.72,29,30,100,low,-2.46,-3.7,59.96,23.42,2.45B,36.17K,,,,,,,down,limited data 0/6; strong quality 80 (5/5); -3.7% period return
2026-09-17,WOOLLEN,BNWM,Bannu Woollen Mills Limited,unknown,1,1,low,1 scored members; low peer-count confidence,quarterly quality unavailable; volatility history insufficient; small sector peer group,50,50,v3_quarterly_quality,90,6,6,100,complete,,,,50,50,50,50,50,,0,5,0,Mar-26,2026-03-31,2026-07-25,scraped_at,170,11.31,-2.81,2.13,30.26,-208.43,,1.5,23.78,29,30,,unknown,-2.38,-5.75,28.18,26.28,600.22M,3.85K,-6.59,0.18,-0.29,-9.58,-7,0,strong_down,-5.75% period return; PE -6.59; EPS -9.58; margin -7%
