date,symbol,price_open,price_close,price_high,price_low,high_52wk,low_52wk,market_cap,shares_outstanding,float_shares,weekly_avg_volume,free_float_pct,dividend_yield,eps,net_income_margin,price_to_book,price_to_earnings,peg_ratio
2026-07-18,ABOT,969.88,951.11,969.88,950,1304,821,93.11B,97.9M,21.17M,30.9K,21.63,4.21,84.85,10.97,2.76,11.21,0.63
2026-07-18,ACPL,227,226.43,235,225.01,325.01,205,31.12B,137.43M,13.74M,80.95K,10,3.75,20.97,6.74,1.3,10.8,0.78
2026-07-18,ADAMS,69.48,67,72.95,66.63,90.98,57.25,1.16B,17.29M,3.46M,12.85K,20,5.97,9.29,1.54,0.23,8.51,-6.16
2026-07-18,AGIL,155.64,155.6,160,153.25,198,121.2,5.6B,36M,21.6M,6.71K,60,1.12,24.75,5.37,0.83,6.29,0.48
2026-07-18,AGP,198.75,195.87,199.99,194.12,258.67,163,54.84B,280M,84M,294.86K,30,4.08,13.41,13.14,3.36,14.61,0.26
2026-07-18,AGTL,387,376.82,389.9,371.01,497,288,21.84B,57.96M,3.67M,14.38K,6.34,0,35.36,8.63,1.95,10.66,1.33
2026-07-18,AHTM,94.98,91.1,97.58,89,134.15,60,771.76M,8.47M,1.27M,637.6,15,1.65,12.65,2.07,0.32,7.2,-2.47
2026-07-18,AIRLINK,143.7,139.53,144.99,138.99,199,118,55.15B,395.27M,118.58M,867.48K,30,6.45,14.02,6.35,3.01,9.95,
2026-07-18,AKGL,0,49.95,0,0,68.75,0,499.5M,10M,1M,328.5,10,,,,,,
2026-07-18,ALNRS,134.86,135.18,136,132.54,144,82,2.77B,20.47M,4.09M,2.17K,20,2.96,13.88,1.67,0.38,9.74,3.92
2026-07-18,ANL,10.17,10.03,10.25,10,13.7,8.01,4.87B,485.41M,242.7M,371.94K,50,0,1.6,1.96,0.32,6.26,0.39
2026-07-18,ANTM,59,52.56,59,51.32,66.38,20.81,507.73M,9.66M,1.45M,16.99K,15,,,,,,
2026-07-18,ARCTM,38.89,38.36,39,36.51,46.98,24.14,505.39M,13.17M,2.7M,64.02K,20.52,,,,,,
2026-07-18,ARPL,381,379.99,381,377,535,325,13.13B,34.56M,8.64M,6.5K,25,7.89,38.21,4.75,2.71,9.95,4.74
2026-07-18,ASHT,33.5,32,33.5,31.41,70,13.64,1.49B,46.57M,2.33M,3.62K,5,,,,,,
2026-07-18,ASL,12.6,12.64,12.87,12.42,15.94,8.51,11.77B,930.78M,279.24M,2.85M,30,0,0.07,0.28,1.18,181.61,-13.43
2026-07-18,ASTM,25.83,24.23,27.51,23.71,41.94,12,367.74M,15.18M,2.28M,109.07K,15,,,,,,
2026-07-18,ATBA,213.99,210.03,213.99,210,311.98,169.02,7.35B,35.02M,8.75M,11.53K,25,0,2.24,0.23,0.93,82.63,463.54
2026-07-18,ATRL,897,900.12,923,895,1005,597.1,95.97B,106.62M,42.65M,701.08K,40,0.83,180.56,6.62,0.56,4.99,-0.01
2026-07-18,AVN,33.43,33.12,33.65,33.04,54.3,26.5,14.23B,429.67M,150.38M,378.36K,35,3.02,1.02,2.52,0.95,32.46,-12.03
2026-07-18,AWTX,1707.25,1552.05,1707.25,1707.25,1707.26,1270,1.24B,800K,4.5K,0,0.56,0,9.84,0.15,0.99,156.58,-19.42
2026-07-18,BAFS,381,418.56,418.56,381,474.51,64,3.96B,9.45M,472.5K,3.58K,5,0.48,60.89,8.1,1.93,6.87,0.04
2026-07-18,BATA,974.85,960.17,974.85,960,1750,875,7.26B,7.56M,1.79M,932.2,23.67,0,-368,-15.26,2.4,-2.61,0.12
2026-07-18,BBFL,43.89,42.99,44.1,42.5,57.35,34,12.85B,298.91M,115.24M,781.37K,38.55,,,,,,
2026-07-18,BCL,73.01,72,74.75,71,130.44,56.02,826.02M,11.47M,6.31M,17.06K,55,0,-1.36,-1.1,2.59,-53.11,4.26
2026-07-18,BECO,5.28,5.2,5.28,5.18,73.6,3.9,6.5B,1.25B,437.37M,2.95M,35,,,,,,
2026-07-18,BERG,103.02,101.17,104,100.01,141,80.65,2.48B,24.55M,9.82M,136.41K,40,4.94,12.44,3.37,0.65,8.13,
2026-07-18,BFAGRO,34.01,34.31,34.8,33.7,49.25,29.03,10.64B,309.99M,77.5M,405.07K,25,,,,,,
2026-07-18,BFBIO,133.2,131.73,134,131.51,189.97,124,11.64B,88.33M,26.5M,117.88K,30,,,,,,
2026-07-18,BFMOD,23.5,22.57,23.5,22.23,38.84,10,169.62M,7.52M,2.63M,64.82K,35,,,,,,
2026-07-18,BHAT,829.99,806.37,829.99,790,1040,726.06,2.45B,3.04M,152.05K,392.4,5,0,30.09,0.28,0.23,26.8,3.89
2026-07-18,BIFO,122,120.65,124.88,116.01,207.1,79.1,5.6B,46.38M,16.23M,90.29K,35,6.22,9.41,12.78,1.72,12.82,0.6
2026-07-18,BIPL,27.12,27.04,27.65,26.9,44.1,23.6,29.98B,1.11B,166.31M,799.64K,15,10.17,3.87,5.45,0.65,6.98,
2026-07-18,BLUEX,7.86,7.43,7.87,7.25,80.85,4.9,2.11B,284.28M,113.71M,19.83M,40,,,,,,
2026-07-18,BNL,6.75,6.65,6.8,6.61,170.73,6.6,4.44B,668.05M,434.23M,2.23M,65,0,0.67,5.69,1.51,9.97,0.61
2026-07-18,BNWM,67.64,66.33,69,66.01,91.89,50,630.55M,9.51M,4.75M,7.71K,50,0,-9.58,-7,0.19,-6.92,-0.31
2026-07-18,BPL,53.91,54.7,55,53,80.97,20.01,1.23B,22.49M,6.75M,52.05K,30,,,,,,
2026-07-18,BRRG,48,48,49.17,48,53.77,27.52,4.56B,95.01M,47.5M,15.16K,50,,,,,,
2026-07-18,BTL,950.01,1015.74,950.1,950,1580,275.01,6.53B,6.43M,321.6K,62.6,5,0,-35.67,-0.77,0.86,-28.47,
2026-07-18,BUXL,187.76,189.94,209,180.1,274.4,133.02,273.51M,1.44M,576K,3.49K,40,0,-17.12,-4.42,1.68,-11.09,0.12
2026-07-18,BWHL,232.43,230.51,232.43,227.01,257.92,147,3.07B,13.33M,7.33M,21.1K,55,7.38,29.35,14.67,1.3,7.85,0.06
2026-07-18,CCM,53.68,53.68,53.68,53.68,68.88,34.4,1.22B,22.66M,10.2M,34.14K,45,0,2.96,-0.18,0.18,12.45,-0.91
2026-07-18,CEPB,29.35,28.66,29.46,28.5,46.7,24.59,11.51B,401.71M,120.51M,580.48K,30,0,-1.87,-1.96,0.88,-15.33,1.03
2026-07-18,CFL,58,58.89,60,58,94.01,45.1,731.29M,12.42M,3.73M,785.25,30,0,-49.59,-18.39,0.19,-1.19,0.03
2026-07-18,CHAS,109.02,108.64,110.98,107.5,160.49,56.01,3.12B,28.69M,4.3M,21.96K,15,0,-57.51,-5.08,0.3,-1.89,-0.16
2026-07-18,CHCC,316,309.53,318.5,308.01,390,225,60.14B,194.3M,116.58M,271.79K,60,1.78,37.91,19.73,1.6,8.17,0.31
2026-07-18,CLOV,7.8,7.54,7.8,7.51,88.64,6.59,2.94B,389.29M,214.11M,1.92M,55,0,0.61,4.44,4.03,12.34,-0.32
2026-07-18,CNERGY,9.62,9.81,10.08,9.54,10.28,5.87,53.89B,5.49B,1.37B,77.76M,25,0,2.78,4.49,0.24,2.35,0.06
2026-07-18,COLG,1248.99,1234.51,1248.99,1230,1338,1050,299.71B,242.77M,24.28M,3.92K,10,4.74,73.22,14.79,8.21,16.86,0.37
2026-07-18,CPHL,75,74.81,75.75,74.63,104.25,69.25,17.09B,228.46M,114.23M,784.26K,50,4.17,4.8,7.92,1.56,15.19,
2026-07-18,CPPL,108.26,106.99,108.26,105.11,126.15,64.79,5.25B,49.1M,29.46M,361.95K,60,2.8,1.5,0.52,0.61,71.35,-5.33
2026-07-18,CRTM,82.24,80,82.24,78.52,96.5,16.6,8B,100M,60M,26.52K,60,0,1.31,0.69,0.63,31.57,-8.38
2026-07-18,CSAP,107.23,105.09,108.95,104.9,143.5,78.25,8.16B,77.63M,34.93M,362.13K,45,7.14,5.08,4.79,0.91,20.67,2.97
2026-07-18,DAAG,89.95,88,90,85,120.25,52,352M,4M,970.7K,1.76K,24.27,,,,,,
2026-07-18,DADX,97.99,95.7,97.99,89.02,121.88,42.75,1.03B,10.76M,538.2K,781.5,5,0,-30.29,-37.21,3.97,-3.16,0.05
2026-07-18,DCL,10.92,10.83,11.26,10.8,16.31,6.61,5.89B,544.11M,190.44M,3.16M,35,0,-2.37,-4.8,0.24,-4.57,0.04
2026-07-18,DCR,38.46,38.42,38.6,36.52,41.8,27.9,85.43B,2.22B,555.92M,522.82K,25,6.64,2.31,78.71,1.12,16.63,
2026-07-18,DFSM,18.2,17.18,18.77,17,35.24,3.75,1.68B,97.75M,34.21M,6.12M,35,,,,,,
2026-07-18,DGKC,213.99,207.87,213.99,207.01,275.75,145.1,91.07B,438.12M,219.06M,5.1M,50,0.96,27.64,14.23,0.81,7.52,0.26
2026-07-18,DINT,70.05,67.93,74.5,65.2,102.76,41.36,3.56B,52.47M,7.87M,51.58K,15,0,-3.91,-0.63,0.51,-17.36,-1.84
2026-07-18,DMC,180,190.13,198.9,180,351.9,43.05,580.35M,3.05M,915.73K,610.6,30,,,,,,
2026-07-18,DNCC,18.2,18.26,18.94,18.15,28.07,14,5.78B,316.36M,94.91M,39.52K,30,0,-0.39,-1.76,2.79,92.25,-0.32
2026-07-18,DOL,31.18,30.67,31.29,29.5,41,25.36,5.37B,175.03M,52.51M,261.6K,30,13.04,2.55,8.79,1.79,12.05,-4
2026-07-18,DYNO,348,349.99,352.99,348,366.9,254.3,6.61B,18.87M,12.27M,31.46K,65,4.64,55.14,7.33,1.22,6.35,0.69
2026-07-18,ECOP,52.81,52.06,52.99,51.87,78.25,33.82,2.51B,48.26M,36.19M,82.09K,75,3.84,7.67,5.37,1.39,6.78,0.16
2026-07-18,EFERT,194,192.22,194,192,263.3,187,256.67B,1.34B,600.88M,1.1M,45,7.67,17.26,9.42,6.01,11.14,-1.6
2026-07-18,ELCM,247,236.09,247,231,343.44,124,306.92M,1.3M,260K,405,20,0,-24.15,-3.34,4.52,-9.78,0.16
2026-07-18,ELSM,115,122.59,115,113.5,138,99,1.34B,10.95M,3.29M,410,30,3.26,3.97,0.28,0.31,30.85,-27.83
2026-07-18,EMCO,54.7,52.34,54.7,52.33,98.89,31.29,1.83B,35M,10.5M,124.02K,30,,,,,,
2026-07-18,ENGROH,281.72,275.7,284.5,275,302.5,202.06,332.01B,1.2B,903.17M,3.06M,75,0,53.18,10.18,,4.98,0.32
2026-07-18,EPCL,33.68,32.68,33.68,32.51,39.32,27.01,29.7B,908.92M,227.23M,2.28M,25,0,-2.97,-3.28,1.43,-10.99,1.02
2026-07-18,EPQL,25.7,25.61,25.88,25.5,34.98,22.3,8.29B,323.8M,161.9M,327.09K,50,45.88,1.86,5.05,0.73,13.75,-4.92
2026-07-18,EXIDE,521.43,519.65,528.28,510,900,365,4.04B,7.77M,1.94M,4.77K,25,0.96,55.53,2.2,0.54,9.36,
2026-07-18,FABL,99.12,98.9,101,98,106,69.33,150.1B,1.52B,531.19M,835.68K,35,6.57,15.03,11.4,1.32,6.58,
2026-07-18,FANM,7.57,7.69,8.44,7.02,10.83,4.25,177.64M,23.1M,11.55M,524.84K,50,,,,,,
2026-07-18,FASM,352,331.12,352,305,434.97,240.02,3.31B,10M,1M,81.25,10,0,-52.85,-1.19,0.31,-6.27,-1.45
2026-07-18,FATIMA,162,157.68,162.1,156.73,192.8,105,331.13B,2.1B,315M,1.55M,15,6.02,17.58,13.62,1.91,8.97,0.25
2026-07-18,FCCL,54.5,53.52,55.05,53.16,62.84,36.26,131.28B,2.45B,858.5M,7.46M,35,2.34,5.99,16.04,1.43,8.93,0.08
2026-07-18,FCEPL,104.47,102.31,104.8,101,118.01,63.86,78.43B,766.6M,76.66M,354.78K,10,3.42,4.51,3.23,4.17,22.69,0.66
2026-07-18,FCL,23.85,23.97,24.09,23.31,28.56,19.65,15.45B,644.58M,161.14M,772.06K,25,,,,,,
2026-07-18,FECM,17.8,17.66,18.39,17.4,57.06,11.75,200.26M,11.34M,8.51M,11.32K,75,,,,,,
2026-07-18,FECTC,108.95,104.95,108.95,104,195.75,72,5.26B,50.16M,12.54M,150.34K,25,1.91,14,5.6,1.04,7.5,-0.06
2026-07-18,FEM,12,11.13,12,10.66,17.7,4.4,583.66M,52.44M,36.71M,267.52K,70,,,,,,
2026-07-18,FEROZ,387,386.48,397.6,375.1,475,293.01,16.8B,43.47M,17.39M,11.57K,40,1.03,21.66,4.15,1.3,15.23,0.79
2026-07-18,FFC,551.28,551.96,561.45,550.11,685,425,794.28B,1.44B,791.46M,1.84M,55,6.98,59.83,16.49,2.91,9.23,0.14
2026-07-18,FFL,16.87,16.68,16.9,16.61,23.93,14,42.03B,2.52B,503.99M,2.64M,20,0,0.44,3.79,3.84,37.52,-0.11
2026-07-18,FFLM,16.35,15.14,16.55,14.85,27.23,4.4,399.9M,26.41M,17.17M,640.38K,65,,,,,,
2026-07-18,FHAM,32.95,33.29,33.43,32.5,39.49,23.81,3.69B,110.83M,94.21M,11.7K,85,6.76,7.53,17.05,0.6,4.42,0.11
2026-07-18,FIBLM,12.8,12.62,13.4,12.5,22.24,5.5,273.7M,21.69M,10.84M,586.47K,50,0,0.94,43.94,1.1,13.47,0.39
2026-07-18,FIMM,200,200,215,200,397.69,173.39,600M,3M,900K,234.6,30,,,,,,
2026-07-18,FLYNG,45.94,43.05,45.94,42.03,61,39.2,29.91B,694.8M,104.22M,27.94K,15,0,1.29,5.99,2.32,33.33,0.13
2026-07-18,FML,59.06,58.1,60.25,57.26,86,34.05,23.21B,399.41M,39.94M,99.03K,10,0,0.46,0.27,0.69,126.17,-27.14
2026-07-18,FPJM,11.8,11.04,12.27,11.04,14.99,4.09,375.58M,34.02M,13.61M,2.74M,40,0,-3.22,-38.72,-0.81,-3.43,0.49
2026-07-18,FPRM,13.9,12.94,13.9,12.7,16.99,9,178.42M,13.79M,6.2M,56.84K,45,,,,,,
2026-07-18,FRCL,99.99,106.98,107,97,118.45,38.31,4.05B,37.87M,1.89M,4.04K,5,,,,,,
2026-07-18,FRSM,49,49,49.84,47,63.48,34.22,1.94B,39.51M,11.85M,4.92K,30,0,17.31,5.93,0.88,2.83,0.03
2026-07-18,FTMM,16.77,16.28,16.77,16.25,23.75,11.14,3.18B,195.6M,9.78M,4.42K,5,7.45,0.5,2.47,1.14,26.19,-1.46
2026-07-18,FTSM,33.51,33.35,34,33,57,11.52,705.79M,21.16M,8.47M,12.17K,40,,,,,,
2026-07-18,FZCM,250,250.14,259.98,250,408.84,185.52,7.5B,30M,3M,1.65K,10,0,3.02,0.1,0.15,82.9,40.86
2026-07-18,GADT,286.71,283.01,288.16,283,530,215,7.93B,28.03M,8.41M,8.54K,30,0,43.77,1.72,0.32,6.47,0.55
2026-07-18,GAL,584.8,572.23,584.8,568,633,291,32.62B,57M,22.8M,1.49M,40,2.65,117.24,12.52,1.7,2.62,0
2026-07-18,GATI,85.07,84.8,86.4,84.55,167.2,62.55,9.22B,108.73M,16.31M,11.72K,15,0,-10.67,-4.01,0.78,-7.95,-5.56
2026-07-18,GATM,27.99,27.02,28.18,26.8,40.7,16.5,20B,740.06M,185.01M,1.49M,25,0,2.72,1.18,0.39,9.95,0.86
2026-07-18,GCIL,36.64,36.37,37.4,36.13,40.6,23.81,20.75B,570.45M,228.18M,3.47M,40,0,5.27,33.37,,5.05,
2026-07-18,GCWL,16.55,16.24,16.55,16.01,25.15,11.75,4.06B,250.14M,111.05M,1.04M,44.39,,,,,,
2026-07-18,GDL,18.74,18.56,18.77,18.4,33,17.98,7.97B,429.2M,107.3M,985.37K,25,,,,,,
2026-07-18,GEMBCEM,12,12,14.36,11.75,14.5,9.64,1.2B,100M,25M,2.3K,25,,,,,,
2026-07-18,GEMMEL,27.2,24.73,27.2,27.2,39,19.1,4.8B,194.1M,19.41M,127.25,10,,,,,,
2026-07-18,GEMPACRA,36,39.62,36,36,49,22,2.95B,74.53M,7.45M,1,10,,,,,,
2026-07-18,GEMPAPL,11.75,11.75,11.75,11.75,19,9,235M,20M,15M,1.77K,75,,,,,,
2026-07-18,GFIL,31.05,30.81,32.44,30.8,35.18,11.1,1.01B,32.64M,3.26M,10.69K,10,,,,,,
2026-07-18,GGGL,8.96,8.83,9.19,8.77,14.47,6.7,2.12B,240M,120M,665.24K,50,0,0.54,4.51,0.72,16.48,0.78
2026-07-18,GGL,23.85,23.57,24.3,23.4,31.31,14.1,8.35B,354.12M,177.06M,2.03M,50,0,9.78,31.53,1.03,2.41,0.05
2026-07-18,GHGL,39.31,38.81,39.75,38.25,52.25,27.78,38.8B,999.71M,349.9M,220.72K,35,5.15,6.21,13.11,0.96,6.25,0.25
2026-07-18,GHNI,1144,1132.31,1159,1124,1285.15,590,48.25B,42.61M,14.91M,603.39K,35,1.54,162.33,11.84,2.62,3.78,0.02
2026-07-18,GIL,0,1000,0,0,0,0,0,0,0,0,0,0.19,15.14,0.25,0,115.63,-14.54
2026-07-18,GLAXO,359,357.75,360.98,355,459.94,293.09,113.93B,318.47M,63.69M,313.16K,20,4.36,33,15.6,3.14,9.54,0.18
2026-07-18,GOC,191,200.62,204.99,186,204.99,77,1.47B,7.35M,1.1M,48.26K,15,0.5,4.14,6.12,2.05,48.41,1.71
2026-07-18,GTYR,35.35,33.98,35.38,33.67,49.46,22.26,4.14B,121.93M,48.77M,4.61M,40,0,-6.34,-4.84,0.65,-5.36,0.58
2026-07-18,GVGL,55.45,53.5,55.95,53.05,75,43.65,8.02B,149.94M,29.38M,2.97K,19.59,5.61,6.64,15.54,1.59,8.05,
2026-07-18,GWLC,50.48,49.7,50.48,49.01,77.96,38.75,19.89B,400.27M,40.03M,150.45K,10,3.02,6.74,12.64,0.73,5.92,0.5
2026-07-18,HAEL,29.8,28.04,29.8,27.65,37.96,14.91,364.42M,13M,1.95M,25.8K,15,,,,,,
2026-07-18,HAFL,494.9,499.89,500,450,629.5,283.58,599.87M,1.2M,42.48K,113.6,3.54,,,,,,
2026-07-18,HALEON,762,759.56,765.99,755.02,1010,655,88.91B,117.05M,15.74M,45.12K,13.44,3.6,55.96,15.35,6.1,12.32,0.19
2026-07-18,HCAR,241.01,239.06,244.99,238.79,321,147.5,34.14B,142.8M,28.56M,766.11K,20,3.76,22.64,2.64,1.34,10.56,32.55
2026-07-18,HINO,428,429.46,434,423,634.5,264.69,10.65B,24.8M,2.55M,15.11K,10.28,2.54,21.82,4.92,1.76,19.68,0.27
2026-07-18,HINOON,985.68,980.13,986,969.99,1241,755.56,51.93B,52.98M,21.19M,26.67K,40,5.1,75.63,14.32,3.51,12.96,0.3
2026-07-18,HPL,4045,4029.43,4289,4005.01,4889.99,2925.66,38.86B,9.64M,964.48K,111,10,5.96,317.04,9.84,4.36,13.07,0.28
2026-07-18,HRPL,20.9,20.05,20.9,20,37,16.51,802M,40M,8M,74.67K,20,0,-3.09,-5.61,1.08,-6.5,0.29
2026-07-18,HTL,40.99,40.01,40.99,39.67,66.5,31.01,5.57B,139.2M,34.8M,654.07K,25,0,3.83,1.49,0.85,8.24,1.02
2026-07-18,HUBC,221,218.11,224.5,217.3,249.99,144,282.92B,1.3B,972.87M,3.43M,75,11.46,34.65,63.41,1.25,6.29,-5
2026-07-18,IBFL,306,298.98,310,289,397.32,176.55,92.84B,310.51M,15.53M,2.17K,5,0,-1.49,-0.44,1.62,-200.28,-18.18
2026-07-18,IBLHL,54.45,51.57,54.45,51.1,85.82,36,5.08B,98.53M,24.63M,159.24K,25,0,2.44,5.36,2.04,21.14,5.55
2026-07-18,ICCI,13.75,12.75,13.96,12.56,17.91,8.61,382.51M,30M,4.5M,30.78K,15,,,,,,
2026-07-18,ICL,140.16,138.99,141.85,138.82,176,81.1,13.9B,100M,45M,93.78K,45,2.16,13.74,4.34,1.27,10.12,0.39
2026-07-18,IDEAL,54.65,54.75,60.5,54.65,87.7,15.75,543.12M,9.92M,1.49M,14.22K,15,,,,,,
2026-07-18,IDRT,39.65,36.46,40.12,34.6,68.08,19,723.83M,19.85M,1.99M,25.37K,10,,,,,,
2026-07-18,ILP,103.15,100.13,103.75,99.3,110.5,67,140.35B,1.4B,280.34M,1.16M,20,3,8.3,6.45,2.3,12.07,0.2
2026-07-18,IMAGE,26.79,26.6,27.4,26.39,32.46,19,6.13B,230.37M,149.74M,742.36K,65,7.52,3.49,17.93,1.26,7.61,
2026-07-18,INIL,172,168.41,174.49,168.05,249,127.3,22.21B,131.88M,59.35M,162.13K,45,3.56,14.32,1.72,0.68,11.76,-3.78
2026-07-18,INKL,92.79,90.72,94.99,87,126,30.15,877.72M,9.68M,3.87M,2.05K,40,,,,,,
2026-07-18,IPAK,36.4,35.7,36.65,35.7,38,21.02,26.25B,735.21M,220.56M,436.15K,30,2.61,3.81,7.22,2.05,6.57,
2026-07-18,IREIT,8.1,8.08,8.26,8.01,13.05,7.26,2.23B,275.86M,96.55M,522.35K,35,,,,,,
2026-07-18,ISIL,1956.9,1936.95,1980,1905,2370,1725.01,128.53B,66.36M,3.32M,341,5,0.26,62.5,3.31,4.64,30.99,0.47
2026-07-18,ISL,86,83.26,86.02,81.9,135,65.45,36.22B,435M,152.25M,347.27K,35,5.4,6.93,3.59,1.42,12.01,-2.92
2026-07-18,ITANZ,41.5,42.58,43.5,41.3,43.5,41.3,4.59B,107.82M,48.52M,2.13M,45,,,,,,
2026-07-18,ITTEFAQ,9.3,9.13,9.47,9.08,12.64,5.75,1.32B,144.34M,93.82M,11.31M,65,0,-3.91,-27.88,0.45,-2.34,
2026-07-18,JATM,37.44,36.42,38.01,34.6,49.08,14.61,458.94M,12.6M,1.89M,18.72K,15,,,,,,
2026-07-18,JDMT,137.02,141.07,143.86,134.11,175,60.1,975.62M,6.92M,2.07M,75.31K,30,,,,,,
2026-07-18,JDWS,955,951.94,956.98,916.02,1026,780,55B,57.78M,8.67M,182.4,15,5.25,172.77,7.74,1.41,5.51,0.13
2026-07-18,JSML,64.4,62.84,64.4,62.4,147.5,40.61,2.14B,34.13M,13.65M,92.5K,40,0,5.89,1.94,0.23,10.66,0.34
2026-07-18,JVDC,145.1,144.68,147,143.5,163.9,65.15,55.1B,380.86M,190.43M,955.94K,50,7.77,10.67,38.34,1.99,9.51,-0.01
2026-07-18,KCL,152.33,141.37,160,137.11,195.69,115.02,2.06B,14.55M,10.91M,308.4,75,,,,,,
2026-07-18,KEL,7.51,7.35,7.59,7.32,9.58,4.91,202.97B,27.62B,2.76B,31.55M,10,0,0.42,2.19,1.76,10.6,
2026-07-18,KHYT,2159.95,2199.38,2249.95,2000,2689,1131.01,2.7B,1.23M,20.67K,387.6,1.68,,,,,,
2026-07-18,KOHC,100.5,97.28,100.6,96.5,567.99,74,89.43B,919.31M,229.83M,554.06K,25,0,10.62,25.96,1.62,9.16,0.33
2026-07-18,KOHE,15.6,15.56,15.82,15.53,23.49,12.33,2.64B,169.46M,67.78M,94.05K,40,0,3.94,15.83,0.58,3.95,-0.38
2026-07-18,KOHTM,138,135.4,141,135.1,210,40,2.82B,20.8M,6.24M,179.2K,30,1.48,14.85,3.65,0.58,3.17,0.23
2026-07-18,KPUS,2060,1871.47,2060,1871.47,2849.99,115.11,29.98B,16.02M,800.88K,13.87K,5,0,5.5,1.09,7.55,340.27,11.01
2026-07-18,KSBP,244,242.91,245.7,240,257,155.2,7.51B,30.9M,8.37M,295.64K,27.08,0.41,7.14,3.26,1.76,34.02,3.52
2026-07-18,KTML,48.37,46.81,50.49,46.01,305,37.02,63.03B,1.35B,269.3M,1.33M,20,0.85,7.94,8.01,0.78,5.11,0.19
2026-07-18,LCI,235,231.96,235.98,231.6,396,201.17,107.12B,461.8M,92.36M,73.19K,20,4.93,20.25,8.25,1.91,11.48,0.56
2026-07-18,LEUL,44.99,41.8,44.99,41.7,72.68,25.76,250.8M,6M,1.8M,22.54K,30,,,,,,
2026-07-18,LIVEN,36.99,36.65,37.43,36.55,79.8,27.82,4.14B,113.04M,11.3M,36.03K,10,,,,,,
2026-07-18,LOADS,13.96,13.63,13.96,13.6,22.6,10.93,5.06B,371.25M,185.62M,1.42M,50,0,1.07,4.28,0.97,12.77,-0.01
2026-07-18,LOTCHEM,30.48,29.11,30.5,28.97,34.3,18.41,44.08B,1.51B,378.55M,30.73M,25,17.18,1.28,2.41,2.53,22.82,-9.53
2026-07-18,LPGL,94.99,92.28,94.99,92,138.5,63.01,692.1M,7.5M,1.88M,5.43K,25,,,,,,
2026-07-18,LUCK,453,445.63,456.49,444.14,529.5,339,652.85B,1.47B,439.5M,1.6M,30,0.9,56.88,16.86,1.62,7.83,0.16
2026-07-18,MACFL,66.98,67.23,69.5,64.16,86.98,19.52,3.99B,59.3M,23.72M,1.56M,40,0.74,2.13,1.96,1.71,31.54,7.31
2026-07-18,MACTER,277.7,282.65,297,277.52,443.5,255.1,12.95B,45.81M,18.32M,19.78K,40,1.34,17.8,6.82,3.21,15.88,0.29
2026-07-18,MARI,661.47,653.01,662.89,651.5,795,544.56,784.02B,1.2B,240.12M,659.87K,20,4.59,57.11,37.45,2.75,11.43,0.49
2026-07-18,MEBL,547,540.94,552.05,539.4,582,349.89,973.99B,1.8B,450.14M,1.11M,25,5.27,50.58,19.77,3.43,10.69,
2026-07-18,MEHT,196,195.55,200,195,389,190,5.87B,30M,19.5M,24.61K,65,0,39.74,1.87,0.31,5.65,0.12
2026-07-18,MERIT,9.95,9.78,10,9.76,14.69,7.1,1.96B,199.96M,39.99M,182.39K,20,0,-1.75,-10.52,0.83,-5.59,0.01
2026-07-18,MFFL,174.99,173.34,174.99,172,237,139.66,3.97B,22.88M,3.85M,2.98K,16.82,,,,,,
2026-07-18,MFL,43.18,42.18,43.18,41.5,85.73,39.1,5.16B,122.4M,42.84M,398.65K,35,0,4.13,1.98,0.48,10.2,0.21
2026-07-18,MIRKS,37.4,35.52,37.4,35.2,44.5,22.28,2.36B,66.56M,29.95M,67.09K,45,0,0.03,0.01,0.98,887.59,19.69
2026-07-18,MLCF,98.4,95.5,98.7,95,132.99,71,100.04B,1.05B,471.4M,14.57M,45,0,10.74,15.15,1.33,8.89,0.22
2026-07-18,MQTM,35,37.14,37.27,30.6,49,17.97,684.56M,18.43M,4.61M,190.81K,25,0,-79.43,-17.35,2.16,-0.47,0.01
2026-07-18,MRNS,64.89,63.4,65.4,63.1,94.01,52.32,4.75B,74.93M,26.22M,39.21K,35,11.22,22.15,14.35,1.02,2.61,
2026-07-18,MSCL,24,24.05,25,24,46.53,12.05,745.01M,30.98M,7.74M,178.44K,25,,,,,,
2026-07-18,MTL,290.47,290.29,295,286.9,636.99,284.51,115.83B,399.03M,179.56M,265.13K,45,7.03,18.49,12.64,14.98,13.47,0.91
2026-07-18,MUGHAL,83.29,82.15,83.88,81.78,113.99,59,27.57B,335.63M,117.47M,919.55K,35,0,6.37,2.8,0.91,12.89,0.89
2026-07-18,MWMP,64,62.49,64.99,60,170.95,27.97,1.8B,28.75M,7.19M,36.01K,25,,,,,,
2026-07-18,NATM,77,85.16,77,77,92.94,77,1.81B,21.27M,1.06M,1,5,0,-53.59,-51.27,0.83,-1.59,0.05
2026-07-18,NESTLE,7620,7617.23,7690,7426.26,10524.97,7000,345.44B,45.35M,4.53M,288.6,10,7.31,393.76,8.81,12.85,19.34,1.29
2026-07-18,NETSOL,123.31,121.06,124.89,120.75,164.59,87.66,10.88B,89.84M,26.95M,347.8K,30,0,32.29,21.96,0.86,3.75,0.09
2026-07-18,NML,148.67,144.43,148.79,143.56,208.4,120,50.78B,351.6M,158.22M,1.95M,45,1.59,33.41,5.75,0.3,3.61,1.54
2026-07-18,NONS,103.5,102.79,103.5,100.04,157.1,70.02,1.7B,16.52M,3.3M,28.8K,20,4.44,39.15,4.55,0.81,1.93,0.18
2026-07-18,NRL,385.5,396.56,406.6,384,477.45,224,31.71B,79.97M,26.31M,2.4M,32.91,0,108.68,2.33,0.53,2.68,0.01
2026-07-18,NRSL,34.49,33.59,34.49,32.51,40.24,20.6,4.75B,141.32M,42.4M,17.72K,30,0,2.09,2.61,1.3,16.05,1.45
2026-07-18,NSRM,272.2,272.21,272.21,247.46,272.21,84.01,4.23B,15.55M,777.66K,9.11K,5,0,6.79,4.51,2.64,19.44,0.23
2026-07-18,OCTOPUS,32.93,31.86,32.93,31.75,60.89,24.35,5.01B,157.26M,47.18M,148.64K,30,,,,,,
2026-07-18,OGDC,323.65,317.94,325.9,316,352,220.99,1.37T,4.3B,645.14M,5.03M,15,5.03,36.17,39.85,0.97,8.79,0.78
2026-07-18,OLPM,24.7,25,25,24.5,25.98,19,1.13B,45.38M,34.04M,11.92K,75,13.32,3.44,9.88,0.85,6.39,-1.79
2026-07-18,OML,104,107.58,107.72,93.08,107.72,25.8,1.29B,12M,1.2M,85.56K,10,,,,,,
2026-07-18,ORM,10.65,10.36,10.71,10.28,16.79,9.2,777M,75M,26.25M,50.06K,35,,,,,,
2026-07-18,OTSU,410,401.51,425,399.99,447.94,254.95,4.86B,12.1M,3.02M,26.02K,25,0,28.78,8.39,4.52,13.95,1.82
2026-07-18,PAEL,42,41.83,42.55,41.6,64.6,32.01,38.64B,923.65M,508.01M,6.93M,55,0,4.46,5.86,0.77,9.38,0.32
2026-07-18,PAKD,127,126.43,128,125.99,252,85.01,1.5B,11.86M,5.06M,6.41K,42.63,,,,,,
2026-07-18,PAKOXY,297,287.11,297.8,283,356.68,206,25.01B,87.12M,21.78M,1.64K,25,0,22.58,14.35,2.01,10.63,0.15
2026-07-18,PAKQATAR,22.35,21.77,22.35,21.52,29.4,15.24,5.02B,230.71M,80.75M,639.51K,35,,,,,,
2026-07-18,PIBTL,16.85,16.5,16.88,16.45,22.97,9.33,29.47B,1.79B,803.74M,10.96M,45,0,1.18,14.81,1.68,13.99,7.89
2026-07-18,PICT,53.9,51.41,53.9,50.81,59.75,23.65,5.61B,109.15M,21.83M,713.79K,20,0,-1.17,-1281.2,4.14,-43.8,2.14
2026-07-18,PIM,22.7,24.5,24.68,22,31.33,16.16,490M,20M,1M,2.84K,5,,,,,,
2026-07-18,PIOC,284.99,280.01,285.7,276.11,427.5,200.01,63.6B,227.15M,34.07M,524.17K,15,3.57,24.32,14.8,1.26,11.51,0.18
2026-07-18,PKGS,790,795.92,798.18,786,855,610,71.14B,89.38M,17.88M,6.65K,20,2.09,-9.43,-0.43,1.08,-84.4,-3.57
2026-07-18,PMRS,542,529.82,542,505.01,835,260,1.99B,3.75M,387.66K,1.96K,10.34,0,-300.03,-3.27,0.45,-1.77,-0.12
2026-07-18,POML,166,164.5,179.94,158.1,240.95,113.11,1.28B,7.76M,3.11M,4.48K,40,,,,,,
2026-07-18,POWER,21.15,20.79,21.49,20.5,24.26,13.65,26.83B,1.29B,452.11M,1.06M,35.03,0,2.24,8.78,1.14,9.28,0.15
2026-07-18,PPL,225,219.74,226.44,219,284.6,161.13,597.91B,2.72B,669.51M,4.18M,24.61,3.87,28.99,33.84,0.8,7.58,
2026-07-18,PPP,135,135.48,138.99,135,279,91,1.08B,8M,4M,5.99K,50,2.98,17.67,7.84,0.6,5.77,0.3
2026-07-18,PQGTL,14.69,14.43,14.79,14.2,19.8,10.25,1.46B,101.11M,40.44M,187.18K,40,,,,,,
2026-07-18,PREMA,32.26,31.5,32.47,31.01,56.38,23,6.89B,218.64M,65.59M,873.7K,30,0,2.73,9.01,1.13,11.52,0.25
2026-07-18,PRL,41.8,44.59,45.7,41.5,45.7,23.2,28.09B,630M,227.29M,21.18M,36.08,0,19.07,3.89,0.73,1.48,0.01
2026-07-18,PSEL,903.6,907.94,924.85,891,1635,799,29.53B,32.52M,30.82M,867.6,94.76,0,5.58,1.22,0.66,184.72,5.65
2026-07-18,PSO,354.11,347.64,354.69,347.03,506.75,320.11,163.21B,469.47M,234.74M,2.6M,50,2.88,92.73,1.35,0.56,3.75,0.03
2026-07-18,PSYL,153,154.78,156,146.01,158,52.26,21.47B,138.7M,6.93M,13.15K,5,0,3.38,3.07,4.27,45.74,1.19
2026-07-18,PTL,58,56.68,58.5,56,65.88,45.12,9.52B,168M,42M,2.28M,25,7.06,6.4,3.09,1.18,8.86,
2026-07-18,QTECH,51.11,49.7,52.35,49.2,57.8,23.1,6.04B,121.58M,30.39M,3.06M,25,,,,,,
2026-07-18,QUICE,35.5,34.3,35.5,33.8,46.06,7.51,3.38B,98.46M,68.92M,858.51K,70,,,,,,
2026-07-18,REDCO,32,31.55,34.64,31,40.4,14.9,1.56B,49.29M,2.46M,6.79K,5,,,,,,
2026-07-18,REWM,165.11,166.7,177.44,165.11,244.05,96.02,5.14B,30.81M,10.78M,1.04K,35,,,,,,
2026-07-18,RMPL,9699,9248.79,9800,9200,13565.64,8500,85.43B,9.24M,461.82K,80,5,5.13,715.93,9.02,2.74,12.92,3.23
2026-07-18,RPL,17.09,16.5,17.2,16.43,25.05,12,2.34B,141.9M,44.42M,840.28K,31.3,0,0.13,0.16,0.27,130.95,-36.4
2026-07-18,RUPL,31.7,30.94,31.7,30.1,42.79,23.11,1.05B,34.07M,10.22M,4.38K,30,0,-20.94,-21.91,0.19,-1.48,0.03
2026-07-18,SANSM,122.01,121.59,130,121.55,148.99,41,1.45B,11.95M,6.57M,128.8,55,0,15.39,3.07,0.45,7.9,0.08
2026-07-18,SAPT,1445.01,1485.8,1445.01,1445.01,1606,1164,32.23B,21.69M,2.17M,53.4,10,0.67,387.04,5.77,0.4,3.84,0.25
2026-07-18,SARC,115,107.26,115,105.13,120.32,46.68,643.56M,6M,2.7M,77.34K,45,,,,,,
2026-07-18,SASML,435.99,399.01,435.99,371,469.49,70.9,4.16B,10.43M,2.61M,469.8,25,0.5,6.09,1.12,1.55,65.56,2.43
2026-07-18,SAZEW,2008,1982.65,2008,1980,2487,1151,119.84B,60.45M,21.16M,278.7K,35,3.53,303.75,12.89,3.37,6.53,0
2026-07-18,SCL,750.08,750.07,750.08,750.07,1125,288,2.93B,3.9M,195K,434.4,5,0,-53.91,-8.05,9.44,-13.91,1.05
2026-07-18,SEARL,92.8,91.52,93.59,91.1,137.44,76.37,53.83B,588.22M,294.11M,1.98M,50,0,2.04,6.01,1.57,44.95,185.25
2026-07-18,SEL,31,30.17,31.92,30,45.56,10.61,576.01M,19.09M,10.5M,18.02K,55,,,,,,
2026-07-18,SELECT,31,29.98,31.2,29.9,33.6,28.6,26.65B,888.89M,88.89M,4.02M,10,,,,,,
2026-07-18,SERT,63.16,62.27,69,62.27,84.49,19.17,858.55M,13.79M,2.07M,214.82K,15,,,,,,
2026-07-18,SGF,116.5,116.26,117.35,116,141.89,71.51,24B,206.47M,51.62M,282.12K,25,1.72,11.16,12.03,2.7,10.42,
2026-07-18,SGPL,103,97.59,106,97.59,129.07,7.2,1.74B,17.83M,16.05M,2.24M,90,,,,,,
2026-07-18,SHCM,44.05,50.61,50.61,44.05,96.58,30.52,892.6M,17.64M,1.76M,5.57K,10,,,,,,
2026-07-18,SHDT,57.8,57.11,61.11,56.55,81,36.46,1.3B,22.85M,8M,164.18K,35,,,,,,
2026-07-18,SHFA,535,529.69,541,526.06,615.28,424.13,33.48B,63.21M,28.45M,30.71K,45,0.94,41.05,8.72,2.02,12.9,0.26
2026-07-18,SHSML,390,385,390,385,549,326,8.13B,21.12M,7.39M,9.93K,35,5.19,41.33,4.41,0.63,9.32,0.86
2026-07-18,SIEM,1517.26,1533.99,1534,1517.26,1740,1335,12.65B,8.25M,412.35K,30.4,5,0,31.37,2.85,2.04,48.9,-2.52
2026-07-18,SINDM,23.75,22.81,23.75,22.8,41.25,12,1.03B,45M,4.5M,16.86K,10,,,,,,
2026-07-18,SITC,820.05,829.99,832.99,820.05,1060,516,17.79B,21.43M,6.43M,4.07K,30,1.33,65.36,4.3,0.89,12.7,0.76
2026-07-18,SLGL,16.5,16.31,16.78,16.21,26.5,13,6.88B,421.79M,126.54M,2.94M,30,,,,,,
2026-07-18,SLM,24.48,24.17,24.59,24.09,26.25,21.95,188.4B,7.79B,779.48M,5.56M,10,,,,,,
2026-07-18,SMCPL,43.25,42.48,43.25,41,57.3,23.52,1.06B,25M,7.5M,23.68K,30,,,,,,
2026-07-18,SNAI,37,37.05,39,35.6,43.9,24.5,739.7M,19.96M,6.99M,465.6,35,0,6.54,5.84,1.04,5.66,-0.6
2026-07-18,SNGP,110,107.49,110.98,106.5,142.6,83.2,68.17B,634.22M,253.69M,3.37M,40,2.57,22.94,1.17,0.86,3.86,-0.85
2026-07-18,SPEL,50.03,48.83,50.69,48.62,83.5,32.91,9.75B,199.74M,39.95M,1.16M,20,2.46,6.37,13,1.45,7.67,0.18
2026-07-18,SPSL,18.2,17.98,18.33,17.94,23.45,17.9,30.2B,1.68B,335.98M,5.8M,20,,,,,,
2026-07-18,SRR,16.3,16.26,16.4,16.23,21,15.26,536.58M,33M,13.2M,56.85K,40,,,,,,
2026-07-18,SRVI,2074.61,2055.26,2074.61,2020,2464,1130,96.57B,46.99M,23.49M,8.86K,50,0.85,223.93,6.65,3.69,6.25,0.09
2026-07-18,SSGC,29.31,28.93,29.49,28.77,46.23,19.02,25.48B,880.92M,336.86M,7.79M,38.24,1.17,-2.87,-0.65,1.94,10.95,88
2026-07-18,SSOM,461.01,461.82,468,450,1179.75,351.1,2.61B,5.66M,1.4M,15.95K,24.69,,,,,,
2026-07-18,STCL,11.2,11.22,11.45,11.15,19.4,8.55,2.69B,239.32M,131.63M,303.64K,55,0,-4.03,-8,1.54,-2.78,0.14
2026-07-18,STJT,145.95,140.53,158.4,131.25,162,70,1.36B,9.66M,1.45M,418.8,15,3.91,27.72,4.42,0.55,5.07,0.48
2026-07-18,STL,43.9,41.34,43.9,40.8,2231.81,40.8,4.45B,107.62M,43.05M,1.75M,40,,,,,,
2026-07-18,STML,58.99,58.17,63.12,52.51,63.12,22.8,502.59M,8.64M,2.59M,18.39K,30,0,-6.99,-1.76,0.66,-8.32,0.62
2026-07-18,STYLERS,52,52.31,53.56,50.2,61.12,36,25.57B,488.83M,24.44M,28.46K,5,2.87,2.28,5.99,1.88,22.98,
2026-07-18,SURC,140,137,140,136.99,152.48,88,6.69B,48.81M,9.76M,3.96K,20,3.65,29.17,5.06,0.46,4.7,0.81
2026-07-18,SYM,11.46,11.19,11.59,11.01,17.04,9.01,3.19B,285.25M,156.89M,1.86M,55,,,,,,
2026-07-18,SYS,141.12,137.11,142.45,136.12,174.4,105.98,202.02B,1.47B,957.71M,1.4M,65,1.46,7.86,13.4,3.27,17.43,0.23
2026-07-18,SZTM,104,100.51,109,98.1,127.25,36,1.81B,17.97M,1.8M,83.85K,10,,,,,,
2026-07-18,TATM,133,128.73,133.56,127.22,311,82,7.21B,55.99M,11.2M,36.77K,20,,,,,,
2026-07-18,TCORP,22.23,22.89,22.99,22.21,31.87,15.62,1.52B,66.21M,23.17M,49.53K,35,0,0.85,0.7,0.4,26.85,-1.46
2026-07-18,TELE,9.08,8.76,9.08,8.7,14.09,6.22,2.97B,338.62M,326M,7.67M,96.27,0,0.51,1.67,0.67,17.25,0.72
2026-07-18,TGL,195,189.92,195,188,291.5,128,32.7B,172.17M,68.87M,231.68K,40,3.69,24.49,13.38,1.33,7.76,0.25
2026-07-18,THCCL,67,67.63,69.8,65.1,103.5,42.52,33.72B,498.59M,174.51M,6.48M,35,0,7.24,24.4,3.31,9.34,0.05
2026-07-18,TICL,1038,981.39,1038,951.1,1270,371.99,14.74B,15.02M,226.46K,804.8,1.51,1.73,182.06,7.68,1.2,3.36,0.31
2026-07-18,TOMCL,39.69,37.93,39.8,37.75,75.85,28.3,7.45B,196.34M,107.99M,2.23M,55,0,1.84,2.74,1.13,20.62,2.25
2026-07-18,TOWL,125.66,123.42,126.55,122,195.95,92.5,2.1B,17M,3.4M,8.08K,20,,,,,,
2026-07-18,TPLRF1,10.2,10.09,10.5,10,18.39,7.5,18.52B,1.83B,1.38B,15.58M,75,,,,,,
2026-07-18,TREET,23.19,22.8,23.19,22.75,37,19.55,8.46B,371.03M,185.51M,2.2M,50,0,1.29,1.81,1.04,17.61,0.49
2026-07-18,TRSM,15.98,15.49,16.1,15.15,71.65,8,461.6M,29.8M,23.84M,842.36K,80,,,,,,
2026-07-18,UBDL,24.85,23.65,24.85,23.26,34.5,20.01,2.17B,91.8M,4.59M,6.98K,5,,,,,,
2026-07-18,UDLI,18.33,17.92,18.33,17.62,25.5,8.31,629.36M,35.12M,14.05M,58.27K,40,,,,,,
2026-07-18,UDPL,121,122.04,123.65,121,168.99,70.5,4.3B,35.27M,5.29M,19.77K,15,,,,,,
2026-07-18,UNITY,10.37,10.11,10.48,9.88,31.74,7.51,12.07B,1.19B,537.32M,5.72M,45,0,1.6,2.34,0.65,6.32,0.11
2026-07-18,UPFL,25302,25229,25490,25229,36971.47,22562.78,160.71B,6.37M,521.22K,45.6,8.18,5.78,1001.9,14.74,18.96,25.18,1.02
2026-07-18,WAFI,188.79,184.28,188.92,183.52,260,165,39.44B,214.02M,32.1M,127.42K,15,,,,,,
2026-07-18,WAHDAT,17.98,17.55,17.98,17.49,21.78,16.61,5.88B,335.22M,83.81M,357.69K,25,,,,,,
2026-07-18,WAHN,298,291.36,298,291,435,225.23,2.62B,9M,3.15M,3.81K,35,3.43,51.77,9.43,0.91,5.63,0.36
2026-07-18,WASL,6.14,5.99,6.14,5.87,6.14,4.31,962.7M,160.72M,96.43M,2.29M,60,,,,,,
2026-07-18,WAVES,10.64,10.6,10.88,10.44,16.95,8.02,2.98B,281.41M,196.98M,1.53M,70,0,1,5.91,0.3,10.55,-2.17
2026-07-18,ZAHID,88.98,84.86,90.89,84,161,32.69,16.24B,191.42M,5.94M,282.61K,3.11,0,7.93,3.96,0.74,10.7,0.82
2026-07-18,ZAL,41,40.2,41.29,40,79.5,23.11,10.55B,262.5M,65.62M,741.1K,25,,,,,,
2026-07-18,ZIL,370,346.22,370,345,722,300,2.12B,6.12M,306.13K,599.4,5,,,,,,
2026-07-18,ZTL,20.8,20.06,20.8,18.65,24.48,9.75,1.19B,59.43M,14.86M,139.1K,25,0,-0.82,-0.65,0.48,-24.52,3.17
2026-07-20,ABOT,947.99,935.19,947.99,930,1304,821,91.56B,97.9M,21.17M,31.84K,21.63,4.28,84.85,10.97,2.72,11.02,0.63
2026-07-20,ACPL,225.01,223.6,227.94,222,325.01,205,30.73B,137.43M,13.74M,96.98K,10,3.8,20.97,6.74,1.29,10.66,0.78
2026-07-20,ADAMS,69.49,67.61,69.49,65.91,90.98,57.25,1.17B,17.29M,3.46M,9.99K,20,5.92,9.29,1.54,0.23,7.28,-6.07
2026-07-20,AGIL,155,154.1,155,153.1,198,121.2,5.55B,36M,21.6M,4.55K,60,1.14,24.75,5.37,0.83,6.23,0.48
2026-07-20,AGP,193,193.33,194,190,258.67,163,54.13B,280M,84M,285.96K,30,4.14,13.41,13.14,3.32,14.42,0.26
2026-07-20,AGTL,376.1,369.75,384.9,368,497,288,21.43B,57.96M,3.67M,16.03K,6.34,0,35.36,8.63,1.91,10.46,1.29
2026-07-20,AHTM,85.51,100.21,100.21,85.51,134.15,60,848.93M,8.47M,1.27M,2.9K,15,1.5,12.65,2.07,0.35,7.92,-2.38
2026-07-20,AIRLINK,138.01,136.17,139,134.99,199,118,53.82B,395.27M,118.58M,1.16M,30,6.61,14.02,6.35,2.94,9.71,
2026-07-20,AKGL,0,49.95,0,0,68.75,0,499.5M,10M,1M,293.5,10,,,,,,
2026-07-20,ALNRS,135,135.18,137,130.1,144,82,2.77B,20.47M,4.09M,2.1K,20,2.96,13.88,1.67,0.38,9.74,3.93
2026-07-20,ANL,10.03,10.1,10.25,9.91,13.7,8.01,4.9B,485.41M,242.7M,313.04K,50,0,1.6,1.96,0.32,6.3,0.39
2026-07-20,ANTM,56,53.61,57.82,51.5,66.38,20.81,517.87M,9.66M,1.45M,6.33K,15,,,,,,
2026-07-20,ARCTM,38.99,37.53,39,37,46.98,24.14,494.45M,13.17M,2.7M,38.26K,20.52,,,,,,
2026-07-20,ARPL,376,376.01,379.98,370,535,325,13B,34.56M,8.64M,7.47K,25,7.98,38.21,4.75,2.68,9.84,4.73
2026-07-20,ASHT,32.01,32.01,33.99,32,70,13.64,1.49B,46.57M,2.33M,3.92K,5,,,,,,
2026-07-20,ASL,12.46,12.67,12.79,12.2,15.94,8.51,11.79B,930.78M,279.24M,2.86M,30,0,0.07,0.28,1.18,182.04,-13.32
2026-07-20,ASTM,23.75,25.68,26.5,22.8,41.94,12,389.75M,15.18M,2.28M,168.72K,15,,,,,,
2026-07-20,ATBA,209.5,208.97,209.5,207.1,311.98,169.02,7.32B,35.02M,8.75M,9.1K,25,0,2.24,0.23,0.93,93.43,454.96
2026-07-20,ATRL,890.2,936.98,952,890,1005,597.1,99.9B,106.62M,42.65M,893.59K,40,0.8,180.56,6.62,0.58,5.19,-0.01
2026-07-20,AVN,33,32.7,33,32.11,54.3,26.5,14.05B,429.67M,150.38M,380.42K,35,3.06,1.02,2.52,0.93,32.05,-11.7
2026-07-20,AWTX,1707.25,1552.05,1707.25,1707.25,1707.26,1270,1.24B,800K,4.5K,0,0.56,0,9.84,0.15,0.99,157.81,-19.42
2026-07-20,BAFS,459.39,460.42,460.42,459.39,474.51,64,4.35B,9.45M,472.5K,4.56K,5,0.43,60.89,8.1,2.12,7.56,0.05
2026-07-20,BATA,960.18,957.45,969.98,957,1750,875,7.24B,7.56M,1.79M,794.4,23.67,0,-368,-15.26,2.4,-2.6,0.12
2026-07-20,BBFL,42.7,42.49,42.79,42.05,57.35,34,12.7B,298.91M,115.24M,756.33K,38.55,,,,,,
2026-07-20,BCL,72.01,72.01,72.01,70.2,130.44,56.02,826.14M,11.47M,6.31M,13.58K,55,0,-1.36,-1.1,2.59,-53.12,4.16
2026-07-20,BECO,5.17,5.19,5.2,5.12,73.6,3.9,6.49B,1.25B,437.37M,2.82M,35,,,,,,
2026-07-20,BERG,101,100.44,101.73,98,141,80.65,2.47B,24.55M,9.82M,152.5K,40,4.98,12.44,3.37,0.65,8.07,
2026-07-20,BFAGRO,34.1,33.45,34.1,33.1,49.25,29.03,10.37B,309.99M,77.5M,449.44K,25,,,,,,
2026-07-20,BFBIO,131,131,133,130,189.97,124,11.57B,88.33M,26.5M,125.27K,30,,,,,,
2026-07-20,BFMOD,22.57,23.28,24.79,21.58,38.84,10,174.95M,7.52M,2.63M,122.78K,35,,,,,,
2026-07-20,BHAT,780.02,806.37,780.02,780.02,1040,726.06,2.45B,3.04M,152.05K,346.2,5,0,30.09,0.28,0.23,26.8,3.78
2026-07-20,BIFO,119,118.94,120,117.1,207.1,79.1,5.52B,46.38M,16.23M,87.46K,35,6.31,9.41,12.78,1.69,12.64,0.59
2026-07-20,BIPL,26.5,26.89,26.99,26.5,44.1,23.6,29.81B,1.11B,166.31M,711.15K,15,10.23,3.87,5.45,0.64,6.94,
2026-07-20,BLUEX,7.4,7.18,7.4,7.08,80.85,4.9,2.04B,284.28M,113.71M,11.73M,40,,,,,,
2026-07-20,BNL,6.64,6.48,6.64,6.35,170.73,6.35,4.33B,668.05M,434.23M,2.15M,65,0,0.67,5.69,1.48,9.71,0.6
2026-07-20,BNWM,67.8,66.91,67.8,65.1,91.89,50,636.06M,9.51M,4.75M,8.76K,50,0,-9.58,-7,0.19,-6.98,-0.3
2026-07-20,BPL,54.7,55.1,55.95,53,80.97,20.01,1.24B,22.49M,6.75M,30.84K,30,,,,,,
2026-07-20,BRRG,45.1,48,47.99,45.1,53.77,27.53,4.56B,95.01M,47.5M,15.06K,50,,,,,,
2026-07-20,BTL,950.01,1015.74,950.1,950,1580,275.01,6.53B,6.43M,321.6K,69.75,5,0,-35.67,-0.77,0.86,-28.47,
2026-07-20,BUXL,183,173.04,183,172,274.4,133.02,249.18M,1.44M,576K,4.48K,40,0,-17.12,-4.42,1.53,-10.11,0.12
2026-07-20,BWHL,231,227.29,231,227,257.92,147,3.03B,13.33M,7.33M,20.5K,55,7.48,29.35,14.67,1.28,7.74,0.06
2026-07-20,CCM,59.05,59.05,59.05,56.3,68.88,34.4,1.34B,22.66M,10.2M,96.99K,45,0,2.96,-0.18,0.19,19.94,-0.91
2026-07-20,CEPB,28.45,28.53,28.88,27.82,46.7,24.59,11.46B,401.71M,120.51M,517.3K,30,0,-1.87,-1.96,0.88,-15.26,1.02
2026-07-20,CFL,60,58.89,60,60,94.01,45.1,731.29M,12.42M,3.73M,650,30,0,-49.59,-18.39,0.19,-1.19,0.03
2026-07-20,CHAS,109.99,107.39,113,106.98,160.49,56.01,3.08B,28.69M,4.3M,18.88K,15,0,-57.51,-5.08,0.3,-1.87,-0.16
2026-07-20,CHCC,308.7,312.68,318,303.34,390,225,60.75B,194.3M,116.58M,264.56K,60,1.76,37.91,19.73,1.62,8.25,0.31
2026-07-20,CLOV,7.5,7.65,7.76,7.35,88.64,6.59,2.98B,389.29M,214.11M,1.87M,55,0,0.61,4.44,4.09,12.52,-0.31
2026-07-20,CNERGY,9.7,10.61,10.72,9.57,10.72,5.87,58.29B,5.49B,1.37B,79.26M,25,0,2.78,4.49,0.26,3.81,0.06
2026-07-20,COLG,1236,1233.22,1239.99,1203.81,1335,1050,299.39B,242.77M,24.28M,5.45K,10,4.74,73.22,14.79,8.2,16.84,0.36
2026-07-20,CPHL,74.51,74.99,75.48,73.11,104.25,69.25,17.13B,228.46M,114.23M,769.94K,50,4.67,4.8,7.92,1.56,15.62,
2026-07-20,CPPL,106.49,106,106.5,104.26,126.15,64.79,5.2B,49.1M,29.46M,355.74K,60,2.83,1.5,0.52,0.6,70.69,-5.33
2026-07-20,CRTM,77.96,78.75,80,77.96,96.5,16.6,7.88B,100M,60M,26.41K,60,0,1.31,0.69,0.62,60.22,-8.31
2026-07-20,CSAP,104,102.75,104,102,143.5,78.25,7.98B,77.63M,34.93M,251.57K,45,7.3,5.08,4.79,0.89,20.21,2.93
2026-07-20,DAAG,87.9,88,87.9,81.05,120.25,52,352M,4M,970.7K,1.12K,24.27,,,,,,
2026-07-20,DADX,97.99,95.7,97.99,89.02,121.88,42.75,1.03B,10.76M,538.2K,969,5,0,-30.29,-37.21,3.97,-3.16,0.05
2026-07-20,DCL,10.8,10.79,10.98,10.55,16.31,6.61,5.87B,544.11M,190.44M,2.35M,35,0,-2.37,-4.8,0.24,-4.55,0.04
2026-07-20,DCR,38.4,38.42,38.45,37.9,41.8,27.9,85.43B,2.22B,555.92M,557.46K,25,6.72,2.31,78.71,1.12,16.63,
2026-07-20,DFSM,17.18,16.5,17.18,16.15,35.24,3.75,1.61B,97.75M,34.21M,4.61M,35,,,,,,
2026-07-20,DGKC,205.15,209.9,211,203,275.75,145.1,91.96B,438.12M,219.06M,5.03M,50,0.95,27.64,14.23,0.82,7.59,0.26
2026-07-20,DINT,68.15,67.02,68.15,67,102.76,41.36,3.52B,52.47M,7.87M,1.87K,15,0,-3.91,-0.63,0.5,-17.13,-1.79
2026-07-20,DMC,207.98,197.53,207.99,181.01,351.9,43.05,602.94M,3.05M,915.73K,647.6,30,,,,,,
2026-07-20,DNCC,18.1,17.3,18.19,16.99,28.07,14,5.47B,316.36M,94.91M,64.01K,30,0,-0.39,-1.76,2.64,-44.02,-0.31
2026-07-20,DOL,30.67,29.56,30.69,29.26,41,25.36,5.17B,175.03M,52.51M,203.02K,30,13.53,2.55,8.79,1.73,11.61,-3.96
2026-07-20,DYNO,345.12,344.13,350.99,341.01,366.9,254.3,6.49B,18.87M,12.27M,23.32K,65,4.72,55.14,7.33,1.19,6.24,0.69
2026-07-20,ECOP,50.6,50.42,51.25,48.65,78.25,33.82,2.43B,48.26M,36.19M,91.98K,75,3.97,7.67,5.37,1.34,6.57,0.16
2026-07-20,EFERT,191.5,191.07,191.5,189.9,263.3,187,255.14B,1.34B,600.88M,1.02M,45,7.72,17.26,9.42,5.97,11.07,-1.58
2026-07-20,ELCM,217,216.01,229,216.01,343.44,124,280.81M,1.3M,260K,617.4,20,0,-24.15,-3.34,4.14,-8.94,0.16
2026-07-20,ELSM,115,122.59,115,113.5,138,99,1.34B,10.95M,3.29M,410,30,3.26,3.97,0.28,0.31,30.85,-27.83
2026-07-20,EMCO,48.65,51.79,53,48.65,98.89,31.29,1.81B,35M,10.5M,99.28K,30,,,,,,
2026-07-20,ENGROH,274,276.71,277.9,272.61,302.5,205.25,333.22B,1.2B,903.17M,3.16M,75,0,53.18,10.18,,5.2,0.31
2026-07-20,EPCL,32.68,33.27,33.57,32.5,39.32,27.01,30.24B,908.92M,227.23M,1.37M,25,0,-2.97,-3.28,1.46,-11.19,1.01
2026-07-20,EPQL,25.61,25.8,26.15,25.2,34.98,22.3,8.35B,323.8M,161.9M,408.12K,50,45.54,1.86,5.05,0.73,13.85,-4.88
2026-07-20,EXIDE,517,518.35,520,501.55,900,365,4.03B,7.77M,1.94M,4.74K,25,0.96,55.53,2.2,0.54,9.33,
2026-07-20,FABL,97.55,98.95,99.5,96.2,106,69.33,150.18B,1.52B,531.19M,804.59K,35,6.57,15.03,11.4,1.32,6.59,
2026-07-20,FANM,7.6,7.71,8.15,7.22,10.83,4.25,178.1M,23.1M,11.55M,553.69K,50,,,,,,
2026-07-20,FASM,311.01,310.84,364.23,310,430,240.02,3.11B,10M,1M,2.72K,10,0,-52.85,-1.19,0.3,-5.88,-1.57
2026-07-20,FATIMA,156,156.39,157.99,154,192.8,106.5,328.42B,2.1B,315M,1.45M,15,6.07,17.58,13.62,1.9,8.9,0.24
2026-07-20,FCCL,53,53.74,54.2,52.13,62.84,36.26,131.82B,2.45B,858.5M,7.42M,35,2.33,5.99,16.04,1.43,8.97,0.08
2026-07-20,FCEPL,101.6,102.5,102.9,100,118.01,63.86,78.58B,766.6M,76.66M,338.67K,10,3.41,4.51,3.23,4.18,22.73,0.65
2026-07-20,FCL,23.9,24.03,24.1,23.66,28.56,19.65,15.49B,644.58M,161.14M,827.68K,25,,,,,,
2026-07-20,FECM,18.19,17.75,18.19,17,57.06,11.75,201.28M,11.34M,8.51M,11.34K,75,,,,,,
2026-07-20,FECTC,104,102.96,104,100.1,195.75,72,5.16B,50.16M,12.54M,125.74K,25,1.94,14,5.6,1.02,7.35,-0.06
2026-07-20,FEM,11.2,11.58,11.64,10.8,17.7,4.8,607.26M,52.44M,36.71M,94.63K,70,,,,,,
2026-07-20,FEROZ,386.48,389,395,371.2,475,293.01,16.91B,43.47M,17.39M,10.22K,40,1.03,21.66,4.15,1.31,17.96,0.79
2026-07-20,FFC,549.5,551.43,553.49,543.5,685,425,793.52B,1.44B,791.46M,1.76M,55,6.98,59.83,16.49,2.91,9.22,0.14
2026-07-20,FFL,16.5,16.46,16.55,16.21,23.93,14,41.48B,2.52B,503.99M,2.78M,20,0,0.44,3.79,3.79,37.02,-0.11
2026-07-20,FFLM,15.06,14.27,15.06,13.9,27.23,4.4,376.92M,26.41M,17.17M,571.49K,65,,,,,,
2026-07-20,FHAM,33.19,32.9,33.58,30.55,39.49,23.81,3.65B,110.83M,94.21M,9.71K,85,6.84,7.53,17.05,0.6,4.37,0.11
2026-07-20,FIBLM,12.6,13.88,13.88,12,22.24,5.51,301.02M,21.69M,10.84M,304.75K,50,0,0.94,43.94,1.2,14.82,0.38
2026-07-20,FIMM,215,200,215,215,397.69,173.39,600M,3M,900K,227.4,30,,,,,,
2026-07-20,FLYNG,42.9,42.8,42.9,42.24,61,39.2,29.74B,694.8M,104.22M,23.58K,15,0,1.29,5.99,2.31,33.13,0.12
2026-07-20,FML,57,55.8,57.01,52.51,86,34.05,22.29B,399.41M,39.94M,99.68K,10,0,0.46,0.27,0.66,121.17,-26.71
2026-07-20,FPJM,10.9,10.55,11.49,9.94,14.99,4.23,358.91M,34.02M,13.61M,3.03M,40,0,-3.22,-38.72,-0.77,-3.28,0.45
2026-07-20,FPRM,13.5,13.46,13.5,13,16.99,9,185.59M,13.79M,6.2M,56.86K,45,,,,,,
2026-07-20,FRCL,106,105.79,109.99,103.04,118.45,38.31,4.01B,37.87M,1.89M,3.93K,5,,,,,,
2026-07-20,FRSM,46.26,47.37,48.85,46.26,63.48,34.22,1.87B,39.51M,11.85M,3.94K,30,0,17.31,5.93,0.85,2.74,0.03
2026-07-20,FTMM,16.31,16.28,16.44,15.5,23.75,11.14,3.18B,195.6M,9.78M,3.28K,5,9.21,0.5,2.47,1.14,32.84,-1.47
2026-07-20,FTSM,32.35,32.08,32.5,30.02,57,11.52,678.91M,21.16M,8.47M,9.73K,40,,,,,,
2026-07-20,FZCM,250,250.14,254,250,376,185.52,7.5B,30M,3M,1.58K,10,0,3.02,0.1,0.15,82.9,40.06
2026-07-20,GADT,283.01,276.3,283.01,275,530,215,7.74B,28.03M,8.41M,11.27K,30,0,43.77,1.72,0.31,6.31,0.54
2026-07-20,GAL,561.16,576.42,578.89,556.7,633,291,32.86B,57M,22.8M,1.12M,40,1.73,117.24,12.52,1.71,4.92,0
2026-07-20,GATI,85,84.63,86.25,83.11,167.2,62.55,9.2B,108.73M,16.31M,9.6K,15,0,-10.67,-4.01,0.78,-7.93,-5.52
2026-07-20,GATM,27,26.95,27,26.3,40.7,16.5,19.94B,740.06M,185.01M,1.34M,25,0,2.72,1.18,0.39,9.92,0.83
2026-07-20,GCIL,36.25,36.26,36.6,35,40.6,23.81,20.68B,570.45M,228.18M,3.45M,40,0,5.27,33.37,,6.88,
2026-07-20,GCWL,16.13,16.09,16.15,15.8,25.15,11.75,4.02B,250.14M,111.05M,1.03M,44.39,,,,,,
2026-07-20,GDL,18.69,18.56,18.7,18,33,17.98,7.97B,429.2M,107.3M,1.04M,25,,,,,,
2026-07-20,GEMBCEM,11.3,11.25,11.3,11.25,14.5,9.64,1.12B,100M,25M,2.7K,25,,,,,,
2026-07-20,GEMMEL,27.2,24.73,27.2,27.2,39,19.1,4.8B,194.1M,19.41M,94.67,10,,,,,,
2026-07-20,GEMPACRA,36,39.62,36,36,49,22,2.95B,74.53M,7.45M,1,10,,,,,,
2026-07-20,GEMPAPL,11.75,11.75,11.75,11.75,19,9,235M,20M,15M,1.04K,75,,,,,,
2026-07-20,GFIL,31,31.24,31.37,30.6,35.18,11.1,1.02B,32.64M,3.26M,15.89K,10,,,,,,
2026-07-20,GGGL,8.85,8.97,9.01,8.7,14.47,6.7,2.15B,240M,120M,576.81K,50,0,0.54,4.51,0.73,16.74,0.76
2026-07-20,GGL,23.4,23.82,23.99,23.22,31.31,14.1,8.44B,354.12M,177.06M,2.02M,50,0,9.78,31.53,1.04,2.44,0.05
2026-07-20,GHGL,38.81,37.72,38.81,37.5,52.25,27.78,37.71B,999.71M,349.9M,151.18K,35,5.3,6.21,13.11,0.93,6.07,0.24
2026-07-20,GHNI,1140,1172.76,1187.99,1101,1285.15,590,49.97B,42.61M,14.91M,450.13K,35,0.85,162.33,11.84,2.72,7.22,0.02
2026-07-20,GIL,0,1000,0,0,0,0,0,0,0,0,0,0.3,15.14,0.25,0,66.03,-14.54
2026-07-20,GLAXO,355,350.47,356.5,349.99,459.94,293.09,111.61B,318.47M,63.69M,321.57K,20,4.85,33,15.6,3.08,10.62,0.18
2026-07-20,GOC,198,210.41,212,191,212,77,1.55B,7.35M,1.1M,50K,15,0.48,4.14,6.12,2.15,50.78,1.73
2026-07-20,GTYR,33.5,33.4,34.85,32.75,49.46,22.26,4.07B,121.93M,48.77M,5.19M,40,0,-6.34,-4.84,0.64,-5.27,0.57
2026-07-20,GVGL,53.01,54.98,55.5,53.01,75,43.65,8.24B,149.94M,29.38M,3.31K,19.59,5.46,6.64,15.54,1.64,8.27,
2026-07-20,GWLC,48.2,48.98,49.38,47.5,77.96,38.75,19.61B,400.27M,40.03M,165.38K,10,3.06,6.74,12.64,0.72,7.26,0.49
2026-07-20,HAEL,28.2,28.1,30.6,27.5,37.96,14.91,365.2M,13M,1.95M,26.14K,15,,,,,,
2026-07-20,HAFL,529.9,500,529.9,500,629.5,283.58,600M,1.2M,42.48K,52.6,3.54,,,,,,
2026-07-20,HALEON,754,757.4,761,749,1010,655,88.66B,117.05M,15.74M,43.91K,13.44,3.96,55.96,15.35,6.09,13.53,0.19
2026-07-20,HCAR,238,240.47,244.49,236,321,147.5,34.34B,142.8M,28.56M,856.02K,20,3.74,22.64,2.64,1.35,10.62,32.55
2026-07-20,HINO,417.89,411.13,417.89,400.02,634.5,264.69,10.2B,24.8M,2.55M,15.86K,10.28,2.65,21.82,4.92,1.68,18.84,0.27
2026-07-20,HINOON,980.13,988.58,990,960.01,1241,755.56,52.38B,52.98M,21.19M,26.16K,40,5.06,75.63,14.32,3.54,13.07,0.29
2026-07-20,HPL,4029.51,4032.14,4097.9,4006,4889.99,2925.66,38.89B,9.64M,964.48K,66.4,10,5.95,317.04,9.84,4.37,12.72,0.28
2026-07-20,HRPL,20.07,20.1,20.39,20.07,37,16.51,804M,40M,8M,68.45K,20,0,-3.09,-5.61,1.08,-6.51,0.28
2026-07-20,HTL,39.54,41.02,41.15,39.51,66.5,31.01,5.71B,139.2M,34.8M,565.68K,25,0,3.83,1.49,0.87,10.72,1
2026-07-20,HUBC,216,218.94,219.88,215.11,249.99,144,284B,1.3B,972.87M,3.33M,75,11.42,34.65,63.41,1.25,6.32,-4.91
2026-07-20,IBFL,285,297.62,299,285,397.32,176.55,92.41B,310.51M,15.53M,1.8K,5,0,-1.49,-0.44,1.61,-199.37,-18.81
2026-07-20,IBLHL,51,50.8,51.47,50.02,85.82,36,5.01B,98.53M,24.63M,167.83K,25,0,2.44,5.36,2.01,20.82,5.24
2026-07-20,ICCI,12.7,13.3,13.99,12.7,17.91,8.61,399.01M,30M,4.5M,35.72K,15,,,,,,
2026-07-20,ICL,138.99,137.84,138.99,132,176,82.06,13.78B,100M,45M,85.62K,45,2.18,13.74,4.34,1.26,10.03,0.39
2026-07-20,IDEAL,50,49.5,54.8,49.28,87.7,15.75,491.04M,9.92M,1.49M,16.71K,15,,,,,,
2026-07-20,IDRT,37.25,37.93,38.89,36,68.08,19.3,753.02M,19.85M,1.99M,27.27K,10,,,,,,
2026-07-20,ILP,99,100.46,100.78,98,110.5,67,140.82B,1.4B,280.34M,1.03M,20,2.99,8.3,6.45,2.31,12.11,0.19
2026-07-20,IMAGE,26.6,26.7,26.95,26.11,32.46,19,6.15B,230.37M,149.74M,787.17K,65,7.49,3.49,17.93,1.27,7.64,
2026-07-20,INIL,167.99,166.33,169,162.5,249,127.3,21.94B,131.88M,59.35M,151.24K,45,3.61,14.32,1.72,0.68,11.62,-3.71
2026-07-20,INKL,94.99,93.27,99.5,91.19,126,30.15,902.39M,9.68M,3.87M,4.03K,40,,,,,,
2026-07-20,IPAK,35.65,35.84,35.97,35.45,38,21.02,26.35B,735.21M,220.56M,488.83K,30,1.59,3.81,7.22,2.06,9.42,
2026-07-20,IREIT,8.05,8.03,8.05,7.92,13.05,7.26,2.22B,275.86M,96.55M,501.06K,35,,,,,,
2026-07-20,ISIL,1967,1936.95,1967,1967,2370,1725.01,128.53B,66.36M,3.32M,332.2,5,0.26,62.5,3.31,4.64,30.99,0.47
2026-07-20,ISL,82.5,82.48,82.9,80.01,135,65.45,35.88B,435M,152.25M,301K,35,5.46,6.93,3.59,1.4,11.9,-2.78
2026-07-20,ITANZ,39.8,40.8,41.9,39.1,41.9,39.1,4.84B,118.6M,48.52M,2.12M,40.91,,,,,,
2026-07-20,ITTEFAQ,9.01,8.85,9.09,8.69,12.64,5.75,1.28B,144.34M,93.82M,11.21M,65,0,-3.91,-27.88,0.44,-2.26,
2026-07-20,JATM,36,35,36.9,34.52,49.08,14.61,441.04M,12.6M,1.89M,11.74K,15,,,,,,
2026-07-20,JDMT,141.07,148.48,152.98,140.02,175,60.1,1.03B,6.92M,2.07M,82.67K,30,,,,,,
2026-07-20,JDWS,913.55,951.02,989,913.55,1026,780,54.95B,57.78M,8.67M,264.4,15,5.26,172.77,7.74,1.41,5.5,0.13
2026-07-20,JSML,62.87,62.51,62.87,61.02,147.5,40.61,2.13B,34.13M,13.65M,83.98K,40,0,5.89,1.94,0.23,10.61,0.33
2026-07-20,JVDC,143.1,144.75,145,141,163.9,65.15,55.13B,380.86M,190.43M,860.49K,50,3.45,10.67,38.34,1.99,13.57,-0.01
2026-07-20,KCL,0,141.37,0,0,195.69,0,2.06B,14.55M,10.91M,257,75,,,,,,
2026-07-20,KEL,7.29,7.28,7.31,7.1,9.58,4.91,201.04B,27.62B,2.76B,31.15M,10,0,0.42,2.19,1.75,17.46,
2026-07-20,KHYT,2259.95,2071.22,2260,2000.1,2689,1131.01,2.54B,1.23M,20.67K,441.4,1.68,,,,,,
2026-07-20,KOHC,96.79,95.11,96.79,90.9,567.99,74,87.44B,919.31M,229.83M,728.98K,25,0,10.62,25.96,1.58,8.95,0.31
2026-07-20,KOHE,15.56,15.75,15.99,15.44,23.49,12.33,2.67B,169.46M,67.78M,72.51K,40,0,3.94,15.83,0.59,3.99,-0.38
2026-07-20,KOHTM,135.35,139,143.99,126.22,210,40,2.89B,20.8M,6.24M,195.46K,30,1.44,14.85,3.65,0.6,9.36,0.22
2026-07-20,KPUS,1684.32,1684.32,1684.32,1684.32,2849.99,115.11,26.98B,16.02M,800.88K,13.13K,5,0,5.5,1.09,6.79,306.25,9.91
2026-07-20,KSBP,242.9,254.82,255.6,239.7,257,155.2,7.87B,30.9M,8.37M,407.16K,27.08,0.39,7.14,3.26,1.85,35.69,3.49
2026-07-20,KTML,46,45.5,46.43,44.11,305,37.02,61.27B,1.35B,269.3M,1.47M,20,0.88,7.94,8.01,0.76,5.73,0.19
2026-07-20,LCI,229.99,229.94,231.25,228.05,396,201.17,106.19B,461.8M,92.36M,70.92K,20,4.98,20.25,8.25,1.89,11.36,0.55
2026-07-20,LEUL,40.06,45.98,45.98,40.06,72.68,25.76,275.88M,6M,1.8M,23.39K,30,,,,,,
2026-07-20,LIVEN,36.5,36.31,36.5,36.02,79.8,27.82,4.1B,113.04M,11.3M,35.93K,10,,,,,,
2026-07-20,LOADS,13.53,13.62,13.68,13.25,22.6,10.93,5.06B,371.25M,185.62M,1.36M,50,0,1.07,4.28,0.97,12.76,-0.01
2026-07-20,LOTCHEM,28.89,29.65,29.91,28.35,34.3,18.41,44.9B,1.51B,378.55M,25.69M,25,21.92,3.09,5.49,2.21,9.59,-3.81
2026-07-20,LPGL,91.98,91.88,91.98,86.5,136,63.01,689.1M,7.5M,1.88M,4.99K,25,,,,,,
2026-07-20,LUCK,441,446.42,448.4,436.72,529.5,339,654.01B,1.47B,439.5M,1.68M,30,0.9,56.88,16.86,1.62,7.85,0.15
2026-07-20,MACFL,67,68.65,69.7,65.5,86.98,19.52,4.07B,59.3M,23.72M,1.05M,40,0.73,2.13,1.96,1.75,32.2,7.48
2026-07-20,MACTER,283.9,287.46,295,275,443.5,255.1,13.17B,45.81M,18.32M,25.81K,40,1.32,17.8,6.82,3.26,16.15,0.29
2026-07-20,MARI,650,650.12,651.9,645.53,795,544.56,780.55B,1.2B,240.12M,588.21K,20,4.61,57.11,37.45,2.74,11.38,0.49
2026-07-20,MEBL,539.79,540,542,535,582,349.89,972.3B,1.8B,450.14M,1.06M,25,5.28,50.58,19.77,3.42,10.68,
2026-07-20,MEHT,199.79,192.72,199.79,190,389,190,5.78B,30M,19.5M,16.65K,65,0,39.74,1.87,0.3,4.85,0.12
2026-07-20,MERIT,9.78,9.88,9.94,9.65,14.69,7.1,1.98B,199.96M,39.99M,131.66K,20,0,-1.75,-10.52,0.84,-5.65,0.01
2026-07-20,MFFL,173.7,172.16,173.7,168.51,237,139.66,3.94B,22.88M,3.85M,2.09K,16.82,,,,,,
2026-07-20,MFL,41.9,41.96,42.49,41.52,85.73,39.1,5.14B,122.4M,42.84M,302.92K,35,0,4.13,1.98,0.47,10.15,0.21
2026-07-20,MIRKS,35.49,35.32,36.39,33.1,44.5,22.28,2.35B,66.56M,29.95M,65.68K,45,0,0.03,0.01,0.98,1289.05,19.12
2026-07-20,MLCF,93.5,96.36,96.89,92.55,132.99,71,100.94B,1.05B,471.4M,14.69M,45,0,10.74,15.15,1.34,8.97,0.21
2026-07-20,MQTM,37.39,33.43,40,33.43,49,17.97,616.18M,18.43M,4.61M,209.3K,25,0,-79.43,-17.35,1.94,-0.42,0.01
2026-07-20,MRNS,63.05,63.62,63.98,63.05,94.01,52.32,4.77B,74.93M,26.22M,35.48K,35,10.22,22.15,14.35,1.02,2.87,
2026-07-20,MSCL,23.61,22.03,24.8,21.81,46.53,12.05,682.43M,30.98M,7.74M,189.19K,25,,,,,,
2026-07-20,MTL,281,285.12,289,281,636.99,281,113.77B,399.03M,179.56M,248.43K,45,6.14,18.49,12.64,14.71,15.42,0.91
2026-07-20,MUGHAL,81,81.45,81.7,80.19,113.99,59,27.34B,335.63M,117.47M,747.35K,35,0,6.37,2.8,0.9,12.78,0.86
2026-07-20,MWMP,60.03,63.89,63.9,60,170.95,30.1,1.84B,28.75M,7.19M,22.84K,25,,,,,,
2026-07-20,NATM,77,85.16,77,77,92.94,77,1.81B,21.27M,1.06M,1,5,0,-53.59,-51.27,0.83,-1.59,0.05
2026-07-20,NESTLE,7684.75,7579.23,7684.75,7500,10524.97,7000,343.71B,45.35M,4.53M,125.6,10,7.35,393.76,8.81,12.79,19.25,1.28
2026-07-20,NETSOL,120.02,120.27,120.99,118.2,164.59,87.66,10.8B,89.84M,26.95M,318.39K,30,0,32.29,21.96,0.86,3.73,0.09
2026-07-20,NML,144.19,143.94,144.4,140.35,208.4,120,50.61B,351.6M,158.22M,1.78M,45,1.39,33.41,5.75,0.29,4.31,1.5
2026-07-20,NONS,98.02,99.19,101.5,98,157.1,70.02,1.64B,16.52M,3.3M,23K,20,4.03,39.15,4.55,0.78,2.53,0.18
2026-07-20,NRL,390,430.35,432.9,390,477.45,224,34.41B,79.97M,26.31M,2.65M,32.91,0,108.68,2.33,0.58,3.96,0.01
2026-07-20,NRSL,33.89,33.88,33.89,33.5,40.24,20.6,4.79B,141.32M,42.4M,13.3K,30,0,2.09,2.61,1.32,16.19,1.43
2026-07-20,NSRM,274,299.43,299.43,244.99,299.43,84.01,4.66B,15.55M,777.66K,11.78K,5,0,6.79,4.51,2.91,44.12,0.23
2026-07-20,OCTOPUS,32,31.91,32,31.33,60.89,24.35,5.02B,157.26M,47.18M,129.7K,30,,,,,,
2026-07-20,OGDC,315.68,318.22,320,313.1,352,221.01,1.37T,4.3B,645.14M,4.77M,15,5.03,36.17,39.85,0.97,8.8,0.75
2026-07-20,OLPM,25,25.22,25.22,24.5,25.98,19,1.14B,45.38M,34.04M,16.96K,75,9.91,3.44,9.88,0.86,7.34,-1.83
2026-07-20,OML,109.99,118.34,118.34,105,118.34,25.8,1.42B,12M,1.2M,77.3K,10,,,,,,
2026-07-20,ORM,10.57,10.42,10.57,10.35,16.79,9.2,781.5M,75M,26.25M,42.3K,35,,,,,,
2026-07-20,OTSU,400,403.41,406.75,391,447.94,254.95,4.88B,12.1M,3.02M,23.54K,25,0,28.78,8.39,4.54,14.02,1.82
2026-07-20,PAEL,41,41.77,41.94,40.7,64.6,32.01,38.58B,923.65M,508.01M,6.16M,55,0,4.46,5.86,0.77,9.36,0.32
2026-07-20,PAKD,126.4,127.96,128,124.11,247.9,85.01,1.52B,11.86M,5.06M,5.21K,42.63,,,,,,
2026-07-20,PAKOXY,287,295.94,296,281,356.68,206,25.78B,87.12M,21.78M,1.94K,25,0,22.58,14.35,2.08,13.1,0.15
2026-07-20,PAKQATAR,21.75,21.57,21.99,21.25,29.4,15.24,4.98B,230.71M,80.75M,604.75K,35,,,,,,
2026-07-20,PIBTL,16.5,16.81,16.9,16.05,22.97,9.33,30.02B,1.79B,803.74M,10.71M,45,0,1.18,14.81,1.71,14.26,7.71
2026-07-20,PICT,50.75,50.1,51.4,49,59.75,23.65,5.47B,109.15M,21.83M,407.23K,20,0,-1.17,-1281.2,4.04,-42.68,2.05
2026-07-20,PIM,22.3,25.11,26.95,22.15,31.33,16.16,502.2M,20M,1M,14.27K,5,,,,,,
2026-07-20,PIOC,274.95,296.62,302,274.3,427.5,200.01,67.38B,227.15M,34.07M,775.23K,15,3.37,24.32,14.8,1.34,12.19,0.18
2026-07-20,PKGS,799.99,802.49,848,790,855,611.01,71.73B,89.38M,17.88M,8.04K,20,1.99,-9.43,-0.43,1.09,-85.09,-3.56
2026-07-20,PMRS,524,529.82,524,512,835,260,1.99B,3.75M,387.66K,1.31K,10.34,0,-300.03,-3.27,0.45,-1.77,-0.11
2026-07-20,POML,160.01,161.77,168,160.01,240.95,113.11,1.26B,7.76M,3.11M,3.47K,40,,,,,,
2026-07-20,POWER,20.75,20.65,20.75,20,24.26,13.65,26.65B,1.29B,452.11M,1.02M,35.03,0,2.24,8.78,1.13,9.21,0.15
2026-07-20,PPL,217.69,220.17,222.15,217.03,284.6,163.5,599.08B,2.72B,669.51M,4.49M,24.61,3.86,28.99,33.84,0.8,7.59,
2026-07-20,PPP,135,135.01,138.49,133.01,279,91,1.08B,8M,4M,5.33K,50,3.7,17.67,7.84,0.59,7.64,0.31
2026-07-20,PQGTL,14.31,14.46,14.63,13.5,19.8,10.25,1.46B,101.11M,40.44M,139.41K,40,,,,,,
2026-07-20,PREMA,31.1,31.01,31.28,30.5,56.38,23,6.78B,218.64M,65.59M,859.57K,30,0,2.73,9.01,1.12,11.34,0.24
2026-07-20,PRL,44.29,49.05,49.05,43.95,49.05,23.2,30.9B,630M,227.29M,25.59M,36.08,0,19.07,3.89,0.8,2.57,0.01
2026-07-20,PSEL,919.25,894.89,919.25,885.05,1635,799,29.11B,32.52M,30.82M,883.4,94.76,0,5.58,1.22,0.65,160.36,5.57
2026-07-20,PSO,346,346.52,347.75,342.2,506.75,320.11,162.68B,469.47M,234.74M,2.03M,50,2.89,92.73,1.35,0.56,3.74,0.03
2026-07-20,PSYL,153,143.1,156,139.61,158,52.26,19.85B,138.7M,6.93M,2.72K,5,0,3.38,3.07,3.95,42.29,1.19
2026-07-20,PTL,56.7,55.7,57.5,54.75,65.88,45.12,9.36B,168M,42M,2.32M,25,7.18,6.4,3.09,1.16,8.71,
2026-07-20,QTECH,49.69,50.68,52.51,48.32,57.8,23.1,6.16B,121.58M,30.39M,2.89M,25,,,,,,
2026-07-20,QUICE,33.85,33.4,34.35,33.2,46.06,7.51,3.29B,98.46M,68.92M,826.8K,70,,,,,,
2026-07-20,REDCO,31.03,30.15,32,30,40.4,14.9,1.49B,49.29M,2.46M,6.28K,5,,,,,,
2026-07-20,REWM,163,176.38,180,163,244.05,96.02,5.43B,30.81M,10.78M,1.37K,35,,,,,,
2026-07-20,RMPL,9299.99,9269.67,9323.99,9102.1,13565.64,8500,85.62B,9.24M,461.82K,87.6,5,5.11,715.93,9.02,2.74,12.95,3.23
2026-07-20,RPL,16.3,16.45,16.6,16,25.05,12,2.33B,141.9M,44.42M,712.32K,31.3,0,0.13,0.16,0.26,130.56,-34.65
2026-07-20,RUPL,30.99,29.69,30.99,29.59,42.79,23.11,1.01B,34.07M,10.22M,4.3K,30,0,-20.94,-21.91,0.18,-1.42,0.03
2026-07-20,SANSM,0,121.59,0,0,148.99,0,1.45B,11.95M,6.57M,112.2,55,0,15.39,3.07,0.45,7.9,0.07
2026-07-20,SAPT,1499.95,1485.8,1499.95,1480,1606,1164,32.23B,21.69M,2.17M,49,10,0.67,387.04,5.77,0.4,3.84,0.25
2026-07-20,SARC,109.4,107.14,112,102,120.32,46.68,642.84M,6M,2.7M,72.72K,45,,,,,,
2026-07-20,SASML,370,366.01,399,365.01,469.49,70.9,3.82B,10.43M,2.61M,281.4,25,0.55,6.09,1.12,1.43,60.14,2.24
2026-07-20,SAZEW,1979,1975.15,1980,1960,2487,1151,119.39B,60.45M,21.16M,224.65K,35,3.54,303.75,12.89,3.36,6.5,0
2026-07-20,SCL,750.07,750.07,750.07,750.07,1125,288,2.93B,3.9M,195K,332.6,5,0,-53.91,-8.05,9.44,-13.91,1.05
2026-07-20,SEARL,90,92.69,93.2,89.05,137.44,76.37,54.52B,588.22M,294.11M,2M,50,0,2.04,6.01,1.59,45.52,178.64
2026-07-20,SEL,28.26,29.03,30.8,28.26,45.56,11.01,554.24M,19.09M,10.5M,14.39K,55,,,,,,
2026-07-20,SELECT,29.93,29.27,29.94,28.9,33.6,28.6,26.02B,888.89M,88.89M,2.76M,10,,,,,,
2026-07-20,SERT,56.04,56.04,67.5,56.04,84.49,19.17,772.66M,13.79M,2.07M,492.26K,15,,,,,,
2026-07-20,SGF,114.55,116.58,117,114.55,141.89,71.51,24.07B,206.47M,51.62M,232.2K,25,1.72,11.16,12.03,2.71,10.45,
2026-07-20,SGPL,87.83,87.83,87.83,87.83,129.07,7.2,1.57B,17.83M,16.05M,1.52M,90,,,,,,
2026-07-20,SHCM,50.5,50.99,54.74,47.65,96.58,30.52,899.3M,17.64M,1.76M,11.5K,10,,,,,,
2026-07-20,SHDT,56,56.2,58.5,56,81,36.46,1.28B,22.85M,8M,147.99K,35,,,,,,
2026-07-20,SHFA,526,525.31,533,520,615.28,424.13,33.21B,63.21M,28.45M,20.4K,45,0.95,41.05,8.72,2,12.8,0.26
2026-07-20,SHSML,383,356.12,395,347,549,326,7.52B,21.12M,7.39M,16.09K,35,5.62,41.33,4.41,0.59,8.62,0.85
2026-07-20,SIEM,1532.89,1533.99,1532.89,1532.89,1740,1335,12.65B,8.25M,412.35K,32.2,5,0,31.37,2.85,2.04,48.9,-2.55
2026-07-20,SINDM,23,22.26,23.25,22.22,41.25,12,1B,45M,4.5M,13.44K,10,,,,,,
2026-07-20,SITC,800.02,782.3,807,770,1060,553.3,16.76B,21.43M,6.43M,5.71K,30,1.41,65.36,4.3,0.84,11.97,0.77
2026-07-20,SLGL,16.29,16.09,16.29,15.7,26.5,13,6.79B,421.79M,126.54M,2.94M,30,,,,,,
2026-07-20,SLM,24,24.1,24.16,23.6,26.25,21.95,187.85B,7.79B,779.48M,4.4M,10,,,,,,
2026-07-20,SMCPL,42.45,41.24,42.45,41,57.3,23.52,1.03B,25M,7.5M,18.35K,30,,,,,,
2026-07-20,SNAI,37.05,38.79,38.79,36,43.9,24.5,774.44M,19.96M,6.99M,877.2,35,0,6.54,5.84,1.08,5.93,-0.57
2026-07-20,SNGP,103.15,106.13,107.55,103.15,142.6,83.2,67.31B,634.22M,253.69M,3.42M,40,2.83,22.94,1.17,0.85,4.63,-0.83
2026-07-20,SPEL,48.36,47.79,48.36,47,83.5,32.91,9.55B,199.74M,39.95M,1.25M,20,2.51,6.37,13,1.42,7.5,0.17
2026-07-20,SPSL,17.81,17.53,17.88,17.12,23.45,17.12,29.45B,1.68B,335.98M,5.64M,20,,,,,,
2026-07-20,SRR,16.25,16.14,16.25,16,21,15.26,532.62M,33M,13.2M,69.75K,40,,,,,,
2026-07-20,SRVI,2038,2030.06,2038,2011.1,2464,1130,95.39B,46.99M,23.49M,7.89K,50,0.86,223.93,6.65,3.64,9.07,0.09
2026-07-20,SSGC,28.75,29.14,29.32,27.9,46.23,19.02,25.67B,880.92M,336.86M,7.76M,38.24,1.72,-2.87,-0.65,1.95,-10.17,88
2026-07-20,SSOM,456.7,467.09,475,454,1140,351.1,2.64B,5.66M,1.4M,14.38K,24.69,,,,,,
2026-07-20,STCL,11.2,11.07,11.2,11,19.4,8.55,2.65B,239.32M,131.63M,245.34K,55,0,-4.03,-8,1.52,-2.75,0.14
2026-07-20,STJT,138,138.03,144.31,138,162,70,1.33B,9.66M,1.45M,450.2,15,3.98,27.72,4.42,0.54,4.98,0.46
2026-07-20,STL,40.34,39.61,40.34,39.49,2231.81,39.49,4.26B,107.62M,43.05M,1.82M,40,,,,,,
2026-07-20,STML,58.17,63.98,63.99,53.11,63.99,22.8,552.79M,8.64M,2.59M,29.81K,30,0,-6.99,-1.76,0.72,-9.15,0.62
2026-07-20,STYLERS,52,52.31,52,51,61.12,36,25.57B,488.83M,24.44M,21.54K,5,2.87,2.28,5.99,1.88,22.98,
2026-07-20,SURC,137.99,136.51,138,123.3,152.48,88,6.66B,48.81M,9.76M,6.26K,20,3.66,29.17,5.06,0.46,4.68,0.79
2026-07-20,SYM,11.01,11.38,11.41,10.91,17.04,9.01,3.25B,285.25M,156.89M,1.65M,55,,,,,,
2026-07-20,SYS,136,137.26,139,135,174.4,105.98,202.24B,1.47B,957.71M,1.48M,65,1.46,7.86,13.4,3.27,17.45,0.22
2026-07-20,SZTM,98,92.74,98.99,90.46,127.25,36,1.67B,17.97M,1.8M,91.94K,10,,,,,,
2026-07-20,TATM,128.73,128.65,132.85,127,311,82,7.2B,55.99M,11.2M,34.3K,20,,,,,,
2026-07-20,TCORP,21.91,22.87,23,21.05,31.87,15.62,1.51B,66.21M,23.17M,50.23K,35,0,0.85,0.7,0.4,26.82,-1.45
2026-07-20,TELE,8.66,8.82,8.97,8.52,14.09,6.22,2.99B,338.62M,326M,6.26M,96.27,0,0.51,1.67,0.68,17.37,0.69
2026-07-20,TGL,189.92,188.9,189.92,186.13,291.5,128,32.52B,172.17M,68.87M,150.41K,40,3.71,24.49,13.38,1.33,7.71,0.25
2026-07-20,THCCL,65.6,65.41,66.8,64.75,103.5,42.52,32.61B,498.59M,174.51M,6.37M,35,0,7.24,24.4,3.21,9.04,0.05
2026-07-20,TICL,978,939.37,990,902.11,1270,371.99,14.11B,15.02M,226.46K,822.6,1.51,1.06,182.06,7.68,1.14,5.16,0.3
2026-07-20,TOMCL,37,37.92,38.25,36.25,75.85,28.3,7.45B,196.34M,107.99M,2.37M,55,0,1.84,2.74,1.13,20.61,2.1
2026-07-20,TOWL,122,122.51,125,122,195.95,92.5,2.08B,17M,3.4M,7.67K,20,,,,,,
2026-07-20,TPLRF1,10.09,10.23,10.29,9.82,18.39,7.5,18.77B,1.83B,1.38B,15.09M,75,,,,,,
2026-07-20,TREET,22.66,22.59,22.79,22.25,37,19.55,8.38B,371.03M,185.51M,2.1M,50,0,1.29,1.81,1.03,17.45,0.49
2026-07-20,TRSM,15.3,15.14,15.4,14.9,71.65,8,451.17M,29.8M,23.84M,767.39K,80,,,,,,
2026-07-20,UBDL,24,23.65,24,23.05,34.5,20.01,2.17B,91.8M,4.59M,6.68K,5,,,,,,
2026-07-20,UDLI,18.25,17.9,18.25,17.8,25.5,8.31,628.66M,35.12M,14.05M,57.31K,40,,,,,,
2026-07-20,UDPL,122,121.8,122,116.55,168.99,72,4.3B,35.27M,5.29M,14.31K,15,,,,,,
2026-07-20,UNITY,10.01,10.02,10.09,9.8,31.74,7.51,11.96B,1.19B,537.32M,5.39M,45,0,1.6,2.34,0.64,6.27,0.11
2026-07-20,UPFL,25004,25440,25478,25004,36971.47,22562.78,162.05B,6.37M,521.22K,41.4,8.18,5.73,1001.9,14.74,19.12,25.39,1.01
2026-07-20,WAFI,181,183.54,184,180.9,260,165,39.28B,214.02M,32.1M,90.21K,15,,,,,,
2026-07-20,WAHDAT,17.8,17.18,17.8,16.26,21.78,16.26,5.76B,335.22M,83.81M,412.59K,25,,,,,,
2026-07-20,WAHN,291,291.01,294,291,435,225.23,2.62B,9M,3.15M,2.86K,35,3.44,51.77,9.43,0.91,5.62,0.35
2026-07-20,WASL,5.91,6.03,6.09,5.75,5.06,4.31,969.13M,160.72M,96.43M,1.91M,60,,,,,,
2026-07-20,WAVES,10.45,10.5,10.7,10.25,16.95,8.02,2.95B,281.41M,196.98M,1.47M,70,0,1,5.91,0.3,10.45,-2.16
2026-07-20,ZAHID,84.86,80.69,86.75,78.18,161,32.69,15.45B,191.42M,5.94M,264.47K,3.11,0,7.93,3.96,0.71,10.17,0.77
2026-07-20,ZAL,40.1,39.43,40.1,38.01,79.5,23.11,10.35B,262.5M,65.62M,731.8K,25,,,,,,
2026-07-20,ZIL,353.01,370.96,372.99,353.01,722,300,2.27B,6.12M,306.13K,350.8,5,,,,,,
2026-07-20,ZTL,19.11,19.25,20.19,19.01,24.48,9.75,1.14B,59.43M,14.86M,124.1K,25,0,-0.82,-0.65,0.46,-23.53,3.23
2026-07-21,ABOT,935.25,930.03,950,928,1304,821,91.05B,97.9M,21.17M,30.87K,21.63,4.3,84.85,10.97,2.7,10.96,0.61
2026-07-21,ACPL,225,224.06,227,222.11,325.01,205,30.79B,137.43M,13.74M,87.68K,10,3.79,20.97,6.74,1.29,10.68,0.79
2026-07-21,ADAMS,68,68,69.5,67.99,90.98,57.25,1.18B,17.29M,3.46M,2.59K,20,5.88,9.29,1.54,0.23,7.32,-6.12
2026-07-21,AGIL,155,156.73,158.95,155,198,121.2,5.64B,36M,21.6M,2.59K,60,1.12,24.75,5.37,0.84,6.33,0.48
2026-07-21,AGP,195,194.67,200,192,258.67,163,54.51B,280M,84M,177.64K,30,4.11,13.41,13.14,3.34,14.52,0.26
2026-07-21,AGTL,374.9,371.58,376,371.06,497,288,21.54B,57.96M,3.67M,11.85K,6.34,0,35.36,8.63,1.92,10.51,1.27
2026-07-21,AHTM,110.21,110.23,110.23,100.36,134.15,60,933.82M,8.47M,1.27M,9.5K,15,1.36,12.65,2.07,0.39,8.71,-3.06
2026-07-21,AIRLINK,137.01,134.73,138.25,134.57,199,118,53.25B,395.27M,118.58M,1.3M,30,6.68,14.02,6.35,2.91,9.61,
2026-07-21,AKGL,0,49.95,0,0,68.75,0,499.5M,10M,1M,26.5,10,,,,,,
2026-07-21,ALNRS,138.99,135.18,138.99,130.1,144,82,2.77B,20.47M,4.09M,2.02K,20,2.96,13.88,1.67,0.38,9.74,3.93
2026-07-21,ANL,10.2,10,10.35,9.99,13.7,8.01,4.85B,485.41M,242.7M,255.16K,50,0,1.6,1.96,0.32,6.24,0.39
2026-07-21,ANTM,53,55.35,58,52,66.38,20.81,534.68M,9.66M,1.45M,5.43K,15,,,,,,
2026-07-21,ARCTM,38.88,37.47,39,36,46.98,24.14,493.66M,13.17M,2.7M,31.4K,20.52,,,,,,
2026-07-21,ARPL,377,378.5,383,376,535,325,13.08B,34.56M,8.64M,4.34K,25,7.93,38.21,4.75,2.7,9.91,4.73
2026-07-21,ASHT,32.5,32.22,32.5,32.01,70,13.64,1.5B,46.57M,2.33M,4.16K,5,,,,,,
2026-07-21,ASL,12.77,12.79,13,12.7,15.94,8.51,11.9B,930.78M,279.24M,3.02M,30,0,0.07,0.28,1.19,183.76,-13.75
2026-07-21,ASTM,25,24.53,26,24.4,41.94,12,372.29M,15.18M,2.28M,153.16K,15,,,,,,
2026-07-21,ATBA,209.49,209.14,211.99,208,311.98,169.02,7.32B,35.02M,8.75M,6.63K,25,0,2.24,0.23,0.93,93.51,452.67
2026-07-21,ATRL,939.99,921.67,973.99,915.21,1005,597.1,98.26B,106.62M,42.65M,1.27M,40,0.81,180.56,6.62,0.57,5.1,-0.01
2026-07-21,AVN,32.6,32.82,33.19,32.6,54.3,26.5,14.1B,429.67M,150.38M,310.28K,35,3.05,1.02,2.52,0.94,32.17,-11.87
2026-07-21,AWTX,1744.6,1586,1744.6,1744.6,1744.6,1270,1.27B,800K,4.5K,1,0.56,0,9.84,0.15,1.01,161.26,-19.42
2026-07-21,BAFS,478,419.31,506.46,414.4,506.46,64,3.96B,9.45M,472.5K,7.64K,5,0.48,60.89,8.1,1.93,6.89,0.05
2026-07-21,BATA,969.9,962.41,969.9,960,1750,875,7.28B,7.56M,1.79M,487.2,23.67,0,-368,-15.26,2.41,-2.62,0.12
2026-07-21,BBFL,42.79,42.46,42.9,42.22,57.35,34,12.69B,298.91M,115.24M,713.62K,38.55,,,,,,
2026-07-21,BCL,73.9,72.18,73.9,71.1,130.44,56.02,828.09M,11.47M,6.31M,3.88K,55,0,-1.36,-1.1,2.6,-53.24,4.16
2026-07-21,BECO,5.25,5.21,5.25,5.16,73.6,3.9,6.51B,1.25B,437.37M,2.22M,35,,,,,,
2026-07-21,BERG,103,101.82,103,100.1,141,80.65,2.5B,24.55M,9.82M,107.14K,40,4.91,12.44,3.37,0.66,8.18,
2026-07-21,BFAGRO,34,33.81,34.9,33.7,49.25,29.03,10.48B,309.99M,77.5M,420.65K,25,,,,,,
2026-07-21,BFBIO,132,129.97,132.49,129.7,189.97,124,11.48B,88.33M,26.5M,80.34K,30,,,,,,
2026-07-21,BFMOD,23.65,23.21,23.7,23.2,38.84,10,174.43M,7.52M,2.63M,128.21K,35,,,,,,
2026-07-21,BHAT,800,806.37,825,800,1040,726.06,2.45B,3.04M,152.05K,314.2,5,0,30.09,0.28,0.23,26.8,3.78
2026-07-21,BIFO,119.21,130.6,130.83,119.21,207.1,79.1,6.06B,46.38M,16.23M,227.82K,35,5.74,9.41,12.78,1.86,13.88,0.58
2026-07-21,BIPL,27.19,27.14,27.42,27,44.1,23.6,30.09B,1.11B,166.31M,526.58K,15,10.13,3.87,5.45,0.65,7.01,
2026-07-21,BLUEX,7.18,7.29,7.5,7.18,80.85,4.9,2.07B,284.28M,113.71M,7.1M,40,,,,,,
2026-07-21,BNL,6.51,6.58,6.68,6.5,170.73,6.35,4.4B,668.05M,434.23M,1.52M,65,0,0.67,5.69,1.5,9.86,0.58
2026-07-21,BNWM,67.99,66.12,68.99,66.03,91.89,50,628.55M,9.51M,4.75M,8.16K,50,0,-9.58,-7,0.19,-6.9,-0.31
2026-07-21,BPL,54,55.18,57,54,80.97,20.01,1.24B,22.49M,6.75M,22.82K,30,,,,,,
2026-07-21,BRRG,49.75,51.42,52.8,47.1,53.77,27.53,4.89B,95.01M,47.5M,10.67K,50,,,,,,
2026-07-21,BTL,1005,955.56,1005,945,1580,275.01,6.15B,6.43M,321.6K,79.25,5,0,-35.67,-0.77,0.81,-26.79,
2026-07-21,BUXL,170,170.32,180,170,274.4,133.02,245.26M,1.44M,576K,4.13K,40,0,-17.12,-4.42,1.5,-9.95,0.11
2026-07-21,BWHL,229.9,226.59,230,225,257.92,147,3.02B,13.33M,7.33M,19.01K,55,7.5,29.35,14.67,1.28,7.72,0.06
2026-07-21,CCM,64.96,64.86,64.96,63,68.88,34.4,1.47B,22.66M,10.2M,142.46K,45,0,2.96,-0.18,0.21,21.9,-1
2026-07-21,CEPB,28.52,28.28,29.28,28.19,46.7,24.59,11.36B,401.71M,120.51M,476.17K,30,0,-1.87,-1.96,0.87,-15.13,1.01
2026-07-21,CFL,55.05,58.89,59.99,55.05,94.01,45.1,731.29M,12.42M,3.73M,571.4,30,0,-49.59,-18.39,0.19,-1.19,0.03
2026-07-21,CHAS,107.4,106.62,110,106,160.49,56.01,3.06B,28.69M,4.3M,12.75K,15,0,-57.51,-5.08,0.3,-1.85,-0.16
2026-07-21,CHCC,312.98,309.98,319,306,390,225,60.23B,194.3M,116.58M,276.33K,60,1.77,37.91,19.73,1.6,8.18,0.31
2026-07-21,CLOV,7.75,7.6,7.75,7.6,88.64,6.59,2.96B,389.29M,214.11M,778.35K,55,0,0.61,4.44,4.06,12.44,-0.31
2026-07-21,CNERGY,10.66,9.96,11.11,9.85,11.11,5.87,54.71B,5.49B,1.37B,115.08M,25,0,2.78,4.49,0.24,3.58,0.07
2026-07-21,COLG,1240,1234.45,1244.99,1232,1335,1050,299.69B,242.77M,24.28M,4.7K,10,4.74,73.22,14.79,8.21,16.86,0.36
2026-07-21,CPHL,75.44,74.99,75.99,74.9,104.25,69.25,17.13B,228.46M,114.23M,685.81K,50,4.67,4.8,7.92,1.56,15.62,
2026-07-21,CPPL,106,106.84,108.74,106,126.15,64.79,5.25B,49.1M,29.46M,368.88K,60,2.81,1.5,0.52,0.6,71.25,-5.31
2026-07-21,CRTM,78.15,78.93,79.99,78.15,96.5,16.6,7.89B,100M,60M,24.52K,60,0,1.31,0.69,0.62,60.35,-8.18
2026-07-21,CSAP,103,103.15,105,102.75,143.5,78.25,8.01B,77.63M,34.93M,170.09K,45,7.27,5.08,4.79,0.89,20.29,2.87
2026-07-21,DAAG,87,84.96,89,82.05,120.25,52,339.84M,4M,970.7K,998,24.27,,,,,,
2026-07-21,DADX,90,89.42,96.99,88,121.88,42.75,962.52M,10.76M,538.2K,1.5K,5,0,-30.29,-37.21,3.71,-2.95,0.05
2026-07-21,DCL,10.89,11.06,11.5,10.51,16.31,6.61,6.02B,544.11M,190.44M,3.94M,35,0,-2.37,-4.8,0.24,-4.67,0.04
2026-07-21,DCR,38.75,38.6,38.79,38.1,41.8,27.9,85.83B,2.22B,555.92M,438.89K,25,6.68,2.31,78.71,1.13,16.7,
2026-07-21,DFSM,16.9,18.15,18.15,16.5,35.24,3.75,1.77B,97.75M,34.21M,4.93M,35,,,,,,
2026-07-21,DGKC,211.5,206.51,213.85,205.8,275.75,145.1,90.48B,438.12M,219.06M,4.44M,50,0.97,27.64,14.23,0.81,7.47,0.26
2026-07-21,DINT,68.88,67.2,68.88,66.26,102.76,41.36,3.53B,52.47M,7.87M,1.6K,15,0,-3.91,-0.63,0.5,-17.17,-1.76
2026-07-21,DMC,185.26,187.2,200,185.25,351.9,43.05,571.41M,3.05M,915.73K,313.6,30,,,,,,
2026-07-21,DNCC,17.82,17.22,18.2,17.17,28.07,14,5.45B,316.36M,94.91M,104.94K,30,0,-0.39,-1.76,2.63,-43.82,-0.3
2026-07-21,DOL,29.97,29.05,30.29,29,41,25.36,5.08B,175.03M,52.51M,169.82K,30,13.77,2.55,8.79,1.7,11.41,-3.87
2026-07-21,DYNO,345,350.12,350.85,345,366.9,254.3,6.61B,18.87M,12.27M,9.15K,65,4.64,55.14,7.33,1.22,6.35,0.68
2026-07-21,ECOP,50,51.15,52.76,50,78.25,33.82,2.47B,48.26M,36.19M,70.35K,75,3.91,7.67,5.37,1.36,6.66,0.15
2026-07-21,EFERT,191.51,190.94,193.34,190,263.3,187,254.96B,1.34B,600.88M,712.69K,45,7.72,17.26,9.42,5.97,11.06,-1.59
2026-07-21,ELCM,216.1,227.34,234.75,216.1,343.44,124,295.54M,1.3M,260K,413.6,20,0,-24.15,-3.34,4.36,-9.41,0.14
2026-07-21,ELSM,125,120,129.99,111.7,138,99,1.31B,10.95M,3.29M,464.25,30,3.33,3.97,0.28,0.3,30.19,-27.83
2026-07-21,EMCO,52.93,51.53,52.94,51.5,98.89,31.29,1.8B,35M,10.5M,64.56K,30,,,,,,
2026-07-21,ENGROH,279,278.55,283.1,278,302.5,205.25,335.44B,1.2B,903.17M,2.52M,75,0,53.18,10.18,,5.24,0.31
2026-07-21,EPCL,33.27,32.72,33.6,32.5,39.32,27.01,29.74B,908.92M,227.23M,1.4M,25,0,-2.97,-3.28,1.43,-11,1.03
2026-07-21,EPQL,25.99,25.96,26.15,25.9,34.98,22.3,8.41B,323.8M,161.9M,399.71K,50,45.26,1.86,5.05,0.74,13.94,-4.96
2026-07-21,EXIDE,518,518.5,530,511.6,900,365,4.03B,7.77M,1.94M,4.39K,25,0.96,55.53,2.2,0.54,9.34,
2026-07-21,FABL,99.9,100.46,103.99,99.2,106,69.33,152.47B,1.52B,531.19M,811.62K,35,6.47,15.03,11.4,1.34,6.69,
2026-07-21,FANM,7.51,7.7,8,7.51,10.83,4.25,177.87M,23.1M,11.55M,410.84K,50,,,,,,
2026-07-21,FASM,323,310.84,323,310,430,240.02,3.11B,10M,1M,2.78K,10,0,-52.85,-1.19,0.3,-5.88,-1.53
2026-07-21,FATIMA,156.51,156.18,159.95,154.5,192.8,106.5,327.98B,2.1B,315M,1.43M,15,6.08,17.58,13.62,1.89,8.88,0.25
2026-07-21,FCCL,54,54.7,55.15,54,62.84,36.26,134.17B,2.45B,858.5M,6.74M,35,2.29,5.99,16.04,1.46,9.13,0.08
2026-07-21,FCEPL,103.87,104.09,105.8,102.9,118.01,63.86,79.79B,766.6M,76.66M,306.84K,10,3.36,4.51,3.23,4.24,23.08,0.66
2026-07-21,FCL,24.25,24.03,24.27,23.86,28.56,19.65,15.49B,644.58M,161.14M,700.09K,25,,,,,,
2026-07-21,FECM,17.74,17.85,17.99,17.68,57.06,11.75,202.42M,11.34M,8.51M,10.84K,75,,,,,,
2026-07-21,FECTC,103.5,104.83,106.9,103.5,195.75,72,5.26B,50.16M,12.54M,105.9K,25,1.91,14,5.6,1.04,7.49,-0.06
2026-07-21,FEM,11,11.21,11.98,11,17.7,4.8,587.85M,52.44M,36.71M,61.32K,70,,,,,,
2026-07-21,FEROZ,400,384.68,400,380,475,293.01,16.72B,43.47M,17.39M,9.48K,40,1.04,21.66,4.15,1.29,17.76,0.79
2026-07-21,FFC,553.22,550.21,556,549.51,685,425,791.76B,1.44B,791.46M,1.38M,55,7,59.83,16.49,2.9,9.2,0.14
2026-07-21,FFL,16.48,16.69,16.9,16.48,23.93,14,42.06B,2.52B,503.99M,2.01M,20,0,0.44,3.79,3.84,37.54,-0.11
2026-07-21,FFLM,14.06,14.77,15.4,14.06,27.23,4.4,390.13M,26.41M,17.17M,430.89K,65,,,,,,
2026-07-21,FHAM,33.15,33.14,33.15,31.51,39.49,23.81,3.67B,110.83M,94.21M,8.07K,85,6.79,7.53,17.05,0.6,4.4,0.11
2026-07-21,FIBLM,14.8,15.27,15.27,14.53,22.24,5.51,331.17M,21.69M,10.84M,332.66K,50,0,0.94,43.94,1.33,16.3,0.42
2026-07-21,FIMM,200,200,200,200,397.69,173.39,600M,3M,900K,99.4,30,,,,,,
2026-07-21,FLYNG,42.9,43.5,43.5,42.9,61,39.2,30.22B,694.8M,104.22M,17.02K,15,0,1.29,5.99,2.35,33.68,0.12
2026-07-21,FML,56,56.27,57.89,56,86,34.05,22.47B,399.41M,39.94M,91.14K,10,0,0.46,0.27,0.66,122.19,-25.65
2026-07-21,FPJM,10.58,10.72,11.47,10.55,14.99,4.23,364.69M,34.02M,13.61M,3.17M,40,0,-3.22,-38.72,-0.79,-3.33,0.45
2026-07-21,FPRM,13.6,13.32,14.21,13.11,16.99,9,183.66M,13.79M,6.2M,54.93K,45,,,,,,
2026-07-21,FRCL,95.8,98.46,103,95.8,118.45,38.31,3.73B,37.87M,1.89M,3.03K,5,,,,,,
2026-07-21,FRSM,47,47.7,48.84,47,63.48,34.22,1.88B,39.51M,11.85M,2.97K,30,0,17.31,5.93,0.86,2.76,0.03
2026-07-21,FTMM,16.01,16.28,16.75,16.01,23.75,11.14,3.18B,195.6M,9.78M,1.49K,5,9.21,0.5,2.47,1.14,32.84,-1.47
2026-07-21,FTSM,32.1,31.15,32.9,29.1,57,11.52,659.23M,21.16M,8.47M,12.32K,40,,,,,,
2026-07-21,FZCM,259.8,250.14,259.8,250,376,185.52,7.5B,30M,3M,1.04K,10,0,3.02,0.1,0.15,82.9,40.06
2026-07-21,GADT,279,275.7,280,274.02,530,215,7.73B,28.03M,8.41M,8.67K,30,0,43.77,1.72,0.31,6.3,0.54
2026-07-21,GAL,589,572.67,590,570.51,633,291,32.64B,57M,22.8M,797.37K,40,1.75,117.24,12.52,1.7,4.88,0
2026-07-21,GATI,85.01,84.73,85.5,83.21,167.2,62.55,9.21B,108.73M,16.31M,8.94K,15,0,-10.67,-4.01,0.78,-7.94,-5.51
2026-07-21,GATM,27,27.03,27.79,26.9,40.7,16.5,20B,740.06M,185.01M,1.23M,25,0,2.72,1.18,0.39,9.95,0.83
2026-07-21,GCIL,36.32,36.45,37.7,36.32,40.6,23.81,20.79B,570.45M,228.18M,3.14M,40,0,5.27,33.37,,6.92,
2026-07-21,GCWL,16.25,16.19,16.49,16.1,25.15,11.75,4.05B,250.14M,111.05M,680.68K,44.39,,,,,,
2026-07-21,GDL,18.65,18.49,18.8,18.2,33,17.98,7.94B,429.2M,107.3M,600.19K,25,,,,,,
2026-07-21,GEMBCEM,11.3,11.25,11.3,11.25,14.5,9.64,1.12B,100M,25M,2.7K,25,,,,,,
2026-07-21,GEMMEL,27.2,24.73,27.2,27.2,39,19.1,4.8B,194.1M,19.41M,60.5,10,,,,,,
2026-07-21,GEMPACRA,36,39.62,36,36,49,22,2.95B,74.53M,7.45M,101,10,,,,,,
2026-07-21,GEMPAPL,11.75,11.75,11.75,11.75,19,9,235M,20M,15M,1.04K,75,,,,,,
2026-07-21,GFIL,31.99,30.91,32,30.87,35.18,11.1,1.01B,32.64M,3.26M,20.99K,10,,,,,,
2026-07-21,GGGL,9.09,9.1,9.34,9,14.47,6.7,2.18B,240M,120M,666.89K,50,0,0.54,4.51,0.75,16.99,0.78
2026-07-21,GGL,23.88,24.79,25.8,23.52,31.31,14.1,8.78B,354.12M,177.06M,2.71M,50,0,9.78,31.53,1.09,2.54,0.05
2026-07-21,GHGL,38.5,38.3,38.99,38,52.25,27.78,38.29B,999.71M,349.9M,91.97K,35,5.22,6.21,13.11,0.95,6.17,0.25
2026-07-21,GHNI,1187,1161.52,1210,1154,1285.15,590,49.49B,42.61M,14.91M,309.23K,35,0.86,162.33,11.84,2.69,7.16,0.02
2026-07-21,GIL,0,1000,0,0,0,0,0,0,0,0,0,0.3,15.14,0.25,0,66.03,-14.54
2026-07-21,GLAXO,355,352.79,355.87,352.47,459.94,293.09,112.35B,318.47M,63.69M,186.28K,20,4.82,33,15.6,3.1,10.69,0.17
2026-07-21,GOC,211.03,204.46,214.9,196.13,214.9,77,1.5B,7.35M,1.1M,45.5K,15,0.49,4.14,6.12,2.09,49.34,1.82
2026-07-21,GTYR,34.03,32.97,34.25,32.8,49.46,22.26,4.02B,121.93M,48.77M,4.57M,40,0,-6.34,-4.84,0.63,-5.2,0.56
2026-07-21,GVGL,55.25,54.98,55.79,54.03,75,43.65,8.24B,149.94M,29.38M,2.91K,19.59,5.46,6.64,15.54,1.64,8.27,
2026-07-21,GWLC,49.3,49.62,50.43,49.3,77.96,38.75,19.86B,400.27M,40.03M,122.98K,10,3.02,6.74,12.64,0.72,7.36,0.49
2026-07-21,HAEL,29.5,28.21,29.5,28.16,37.96,14.91,366.63M,13M,1.95M,23.72K,15,,,,,,
2026-07-21,HAFL,500,500.04,528,500,629.5,283.58,600.05M,1.2M,42.48K,114.8,3.54,,,,,,
2026-07-21,HALEON,759.95,761.63,766.85,758,1010,655,89.15B,117.05M,15.74M,37.26K,13.44,3.94,55.96,15.35,6.12,13.61,0.19
2026-07-21,HCAR,241.16,239.99,243.69,239.55,321,147.5,34.27B,142.8M,28.56M,565.17K,20,3.75,22.64,2.64,1.35,10.6,32.55
2026-07-21,HINO,400,410.07,423.8,400,634.5,264.69,10.17B,24.8M,2.55M,11.89K,10.28,2.66,21.82,4.92,1.68,18.79,0.26
2026-07-21,HINOON,999.9,988.49,999.9,980.01,1241,755.56,52.37B,52.98M,21.19M,20.02K,40,5.06,75.63,14.32,3.54,13.07,0.31
2026-07-21,HPL,4049.99,4086.92,4094,4010,4889.99,2925.66,39.42B,9.64M,964.48K,60.8,10,5.87,317.04,9.84,4.43,12.89,0.28
2026-07-21,HRPL,20.6,20.54,20.6,20.25,37,16.51,821.6M,40M,8M,43.75K,20,0,-3.09,-5.61,1.1,-6.65,0.28
2026-07-21,HTL,41.05,40.84,41.7,40.65,66.5,31.01,5.69B,139.2M,34.8M,301.6K,25,0,3.83,1.49,0.87,10.68,1.03
2026-07-21,HUBC,221.01,219.38,223.35,219,249.99,144,284.57B,1.3B,972.87M,2.63M,75,11.4,34.65,63.41,1.26,6.33,-5.07
2026-07-21,IBFL,304.99,302.18,305,297.62,397.32,176.55,93.83B,310.51M,15.53M,1.63K,5,0,-1.49,-0.44,1.63,-202.43,-18.73
2026-07-21,IBLHL,51.05,50.75,51.75,50.62,85.82,36,5B,98.53M,24.63M,171.31K,25,0,2.44,5.36,2.01,20.8,5.34
2026-07-21,ICCI,13.12,13.66,13.89,13.12,17.91,8.61,409.82M,30M,4.5M,28.23K,15,,,,,,
2026-07-21,ICL,138.88,139.29,142.12,138,176,82.06,13.93B,100M,45M,67.65K,45,2.15,13.74,4.34,1.27,10.14,0.39
2026-07-21,IDEAL,50,51.1,52.95,50,87.7,15.75,506.91M,9.92M,1.49M,13.04K,15,,,,,,
2026-07-21,IDRT,38.25,39.6,41.72,38.25,68.08,19.3,786.17M,19.85M,1.99M,54.08K,10,,,,,,
2026-07-21,ILP,101.01,101.87,104.25,99.5,110.5,67,142.79B,1.4B,280.34M,853.74K,20,2.94,8.3,6.45,2.34,12.28,0.2
2026-07-21,IMAGE,26.7,26.62,26.98,26.3,32.46,19,6.13B,230.37M,149.74M,621.05K,65,7.51,3.49,17.93,1.26,7.62,
2026-07-21,INIL,168,163.93,169.9,163,249,127.3,21.62B,131.88M,59.35M,113.18K,45,3.66,14.32,1.72,0.67,11.45,-3.67
2026-07-21,INKL,93.5,93.59,96.79,93.5,126,30.15,905.48M,9.68M,3.87M,3.9K,40,,,,,,
2026-07-21,IPAK,36,36,36.48,35.55,38,21.02,26.47B,735.21M,220.56M,428.35K,30,1.59,3.81,7.22,2.07,9.46,
2026-07-21,IREIT,8.01,8.07,8.12,8.01,13.05,7.26,2.23B,275.86M,96.55M,170.19K,35,,,,,,
2026-07-21,ISIL,1913,1936.95,1930.01,1913,2370,1725.01,128.53B,66.36M,3.32M,222.6,5,0.26,62.5,3.31,4.64,30.99,0.47
2026-07-21,ISL,82.99,82.32,83.99,82.15,135,65.45,35.81B,435M,152.25M,253.78K,35,5.47,6.93,3.59,1.4,11.87,-2.86
2026-07-21,ITANZ,41,41.14,42.42,39,42.42,39,4.88B,118.6M,48.52M,2.26M,40.91,,,,,,
2026-07-21,ITTEFAQ,9.18,8.93,9.18,8.81,12.64,5.75,1.29B,144.34M,93.82M,11.29M,65,0,-3.91,-27.88,0.44,-2.29,
2026-07-21,JATM,37.5,35.3,37.5,35.06,49.08,14.61,444.82M,12.6M,1.89M,7.93K,15,,,,,,
2026-07-21,JDMT,148.48,149.19,152.75,145.02,175,60.1,1.03B,6.92M,2.07M,80.96K,30,,,,,,
2026-07-21,JDWS,951,951.02,961.98,938.16,1026,780,54.95B,57.78M,8.67M,183,15,5.26,172.77,7.74,1.41,5.5,0.13
2026-07-21,JSML,63.5,61.77,63.5,61.15,147.5,40.61,2.11B,34.13M,13.65M,54.31K,40,0,5.89,1.94,0.22,10.48,0.33
2026-07-21,JVDC,145,143.3,146.87,142.5,163.9,65.15,54.58B,380.86M,190.43M,585.62K,50,3.49,10.67,38.34,1.97,13.44,-0.01
2026-07-21,KCL,141,141.37,141,141,195.69,141,2.06B,14.55M,10.91M,176.2,75,,,,,,
2026-07-21,KEL,7.35,7.4,7.49,7.33,9.58,4.91,204.35B,27.62B,2.76B,25.71M,10,0,0.42,2.19,1.78,17.75,
2026-07-21,KHYT,2054,2163.06,2265,2021,2689,1131.01,2.66B,1.23M,20.67K,404,1.68,,,,,,
2026-07-21,KOHC,95.21,94.03,96.49,93.8,567.99,74,86.44B,919.31M,229.83M,634.25K,25,0,10.62,25.96,1.56,8.85,0.32
2026-07-21,KOHE,15.78,15.51,15.93,15.51,23.49,12.33,2.63B,169.46M,67.78M,55.45K,40,0,3.94,15.83,0.58,3.93,-0.38
2026-07-21,KOHTM,139.98,136.08,141.69,135.5,210,40,2.83B,20.8M,6.24M,185.8K,30,1.47,14.85,3.65,0.58,9.17,0.23
2026-07-21,KPUS,1515.89,1515.89,1745,1515.89,2849.99,115.11,24.28B,16.02M,800.88K,17.9K,5,0,5.5,1.09,6.11,275.62,9.81
2026-07-21,KSBP,255.61,257.86,261,247,261,155.2,7.97B,30.9M,8.37M,535.34K,27.08,0.39,7.14,3.26,1.87,36.11,3.66
2026-07-21,KTML,46.5,45.17,47.2,44.87,305,37.02,60.82B,1.35B,269.3M,1.54M,20,0.89,7.94,8.01,0.75,5.69,0.18
2026-07-21,LCI,231,229.1,232.9,229,396,201.17,105.8B,461.8M,92.36M,71.5K,20,5,20.25,8.25,1.88,11.32,0.55
2026-07-21,LEUL,50.58,50.58,50.58,49,72.68,25.76,303.48M,6M,1.8M,38.98K,30,,,,,,
2026-07-21,LIVEN,37,36.46,37.1,36.33,79.8,27.82,4.12B,113.04M,11.3M,35.83K,10,,,,,,
2026-07-21,LOADS,13.75,13.54,13.85,13.45,22.6,10.93,5.03B,371.25M,185.62M,1.16M,50,0,1.07,4.28,0.96,12.69,-0.01
2026-07-21,LOTCHEM,29.93,29.32,30.1,29.25,34.3,18.41,44.4B,1.51B,378.55M,25.11M,25,22.17,3.09,5.49,2.19,9.48,-3.94
2026-07-21,LPGL,90.1,90.71,94.22,90.09,136,63.01,680.33M,7.5M,1.88M,4.2K,25,,,,,,
2026-07-21,LUCK,449,450,462.39,449,529.5,339,659.25B,1.47B,439.5M,1.47M,30,0.89,56.88,16.86,1.63,7.91,0.16
2026-07-21,MACFL,69.5,67.05,69.5,67,86.98,19.52,3.98B,59.3M,23.72M,798.52K,40,0.75,2.13,1.96,1.71,31.45,7.56
2026-07-21,MACTER,290.9,287.63,300,284.11,443.5,255.1,13.18B,45.81M,18.32M,26.66K,40,1.32,17.8,6.82,3.26,16.16,0.3
2026-07-21,MARI,652.1,650.27,658,650,795,544.56,780.73B,1.2B,240.12M,480.12K,20,4.61,57.11,37.45,2.74,11.39,0.49
2026-07-21,MEBL,543.11,542.37,550.1,541.76,582,349.89,976.57B,1.8B,450.14M,830.74K,25,5.25,50.58,19.77,3.43,10.72,
2026-07-21,MEHT,197,192.5,205,180,389,180,5.78B,30M,19.5M,21.72K,65,0,39.74,1.87,0.3,4.84,0.12
2026-07-21,MERIT,9.88,10.01,10.19,9.72,14.69,7.1,2B,199.96M,39.99M,79.98K,20,0,-1.75,-10.52,0.85,-5.73,0.01
2026-07-21,MFFL,170.08,174.1,182,170.08,237,139.66,3.98B,22.88M,3.85M,2.44K,16.82,,,,,,
2026-07-21,MFL,42.2,41.84,42.39,41.8,85.73,39.1,5.12B,122.4M,42.84M,205.35K,35,0,4.13,1.98,0.47,10.12,0.21
2026-07-21,MIRKS,35.69,35.09,36.25,34.25,44.5,22.28,2.34B,66.56M,29.95M,67K,45,0,0.03,0.01,0.97,1280.66,19.01
2026-07-21,MLCF,97.25,94.36,97.7,94.01,132.99,71,98.85B,1.05B,471.4M,12.02M,45,0,10.74,15.15,1.32,8.79,0.22
2026-07-21,MQTM,33.4,31.09,33.4,31,49,17.97,573.05M,18.43M,4.61M,207.1K,25,0,-79.43,-17.35,1.81,-0.39,0.01
2026-07-21,MRNS,63.97,63.38,64.69,63.12,94.01,52.32,4.75B,74.93M,26.22M,32.12K,35,10.26,22.15,14.35,1.02,2.86,
2026-07-21,MSCL,22.03,21.04,22.5,20.95,46.53,12.05,651.77M,30.98M,7.74M,198.6K,25,,,,,,
2026-07-21,MTL,286,287.58,292,286,636.99,281,114.75B,399.03M,179.56M,197.54K,45,6.09,18.49,12.64,14.84,15.56,0.89
2026-07-21,MUGHAL,83,79.8,83.06,79.22,113.99,59,26.78B,335.63M,117.47M,703.48K,35,0,6.37,2.8,0.89,12.52,0.88
2026-07-21,MWMP,64,63.23,64.5,63.12,170.95,30.1,1.82B,28.75M,7.19M,15.71K,25,,,,,,
2026-07-21,NATM,77,85.16,77,77,92.94,77,1.81B,21.27M,1.06M,1,5,0,-53.59,-51.27,0.83,-1.59,0.05
2026-07-21,NESTLE,7656.95,7651.92,7656.95,7635,10524.97,7000,347.01B,45.35M,4.53M,109.6,10,7.28,393.76,8.81,12.91,19.43,1.27
2026-07-21,NETSOL,122,121.64,122.84,121.21,164.59,87.66,10.93B,89.84M,26.95M,181.09K,30,0,32.29,21.96,0.87,3.77,0.09
2026-07-21,NML,145.05,143.52,148.75,142.6,208.4,120,50.46B,351.6M,158.22M,1.97M,45,1.39,33.41,5.75,0.29,4.3,1.49
2026-07-21,NONS,104.97,101.49,104.97,99.19,157.1,70.02,1.68B,16.52M,3.3M,11.12K,20,3.94,39.15,4.55,0.8,2.59,0.17
2026-07-21,NRL,432.35,414.56,444.99,412,477.45,224,33.15B,79.97M,26.31M,3.3M,32.91,0,108.68,2.33,0.56,3.81,0.01
2026-07-21,NRSL,33.9,33.79,34.3,33.34,40.24,20.6,4.78B,141.32M,42.4M,12.39K,30,0,2.09,2.61,1.31,16.15,1.44
2026-07-21,NSRM,329.37,329.37,329.37,329.37,329.37,84.01,5.12B,15.55M,777.66K,11.37K,5,0,6.79,4.51,3.2,48.53,0.25
2026-07-21,OCTOPUS,31.76,31.82,32.49,31.51,60.89,24.35,5B,157.26M,47.18M,106.25K,30,,,,,,
2026-07-21,OGDC,318.8,315.84,322.3,307.5,352,221.01,1.36T,4.3B,645.14M,3.79M,15,5.07,36.17,39.85,0.97,8.73,0.77
2026-07-21,OLPM,25.2,25,25.2,25,25.98,19,1.13B,45.38M,34.04M,12.32K,75,10,3.44,9.88,0.85,7.28,-1.85
2026-07-21,OML,124.95,130.17,130.17,120.02,130.17,25.8,1.56B,12M,1.2M,73.98K,10,,,,,,
2026-07-21,ORM,10.44,10.47,10.63,10.42,16.79,9.2,785.25M,75M,26.25M,36.9K,35,,,,,,
2026-07-21,OTSU,409.99,411.08,418,401.2,447.94,254.95,4.97B,12.1M,3.02M,17.7K,25,0,28.78,8.39,4.62,14.29,1.83
2026-07-21,PAEL,42.46,43.2,43.64,41.91,64.6,32.01,39.9B,923.65M,508.01M,5.47M,55,0,4.46,5.86,0.79,9.68,0.32
2026-07-21,PAKD,126.25,126.3,128,126.25,247.9,85.01,1.5B,11.86M,5.06M,3.41K,42.63,,,,,,
2026-07-21,PAKOXY,295,288.17,295,285.5,356.68,206,25.11B,87.12M,21.78M,4.35K,25,0,22.58,14.35,2.02,12.76,0.15
2026-07-21,PAKQATAR,21.98,21.18,22.19,20.22,29.4,15.24,4.89B,230.71M,80.75M,558.91K,35,,,,,,
2026-07-21,PIBTL,16.9,16.74,17.25,16.7,22.97,9.33,29.9B,1.79B,803.74M,7.3M,45,0,1.18,14.81,1.7,14.2,8
2026-07-21,PICT,50.88,53.18,54.65,50.88,59.75,23.65,5.8B,109.15M,21.83M,386.05K,20,0,-1.17,-1281.2,4.29,-45.31,2.07
2026-07-21,PIM,24.98,23.03,24.98,22.7,31.33,16.16,460.6M,20M,1M,14.85K,5,,,,,,
2026-07-21,PIOC,298.9,297.1,304,295.52,427.5,200.01,67.49B,227.15M,34.07M,911.56K,15,3.37,24.32,14.8,1.34,12.21,0.19
2026-07-21,PKGS,800,800,800,795.01,855,611.01,71.5B,89.38M,17.88M,5.49K,20,2,-9.43,-0.43,1.09,-84.83,-3.59
2026-07-21,PMRS,549,502.27,549,490.02,835,260,1.88B,3.75M,387.66K,858,10.34,0,-300.03,-3.27,0.43,-1.67,-0.11
2026-07-21,POML,172.98,166.7,172.98,162.57,240.95,113.11,1.29B,7.76M,3.11M,6.37K,40,,,,,,
2026-07-21,POWER,20.75,21.3,21.55,20.6,24.26,13.65,27.49B,1.29B,452.11M,918.68K,35.03,0,2.24,8.78,1.16,9.5,0.15
2026-07-21,PPL,221.75,219.78,224.4,218.75,284.6,163.5,598.01B,2.72B,669.51M,3.71M,24.61,3.87,28.99,33.84,0.8,7.58,
2026-07-21,PPP,135.1,135.5,136,135.1,279,91,1.08B,8M,4M,3.98K,50,3.69,17.67,7.84,0.6,7.67,0.31
2026-07-21,PQGTL,14.52,14.47,14.95,14.41,19.8,10.25,1.46B,101.11M,40.44M,125.14K,40,,,,,,
2026-07-21,PREMA,31.95,31.12,31.95,30.95,56.38,23,6.8B,218.64M,65.59M,629.58K,30,0,2.73,9.01,1.12,11.38,0.25
2026-07-21,PRL,50.99,49.19,53.74,47.9,53.74,23.2,30.99B,630M,227.29M,32.97M,36.08,0,19.07,3.89,0.8,2.58,0.02
2026-07-21,PSEL,904.95,896.74,904.95,885.02,1635,799,29.17B,32.52M,30.82M,743.6,94.76,0,5.58,1.22,0.65,160.69,5.49
2026-07-21,PSO,349,346.95,353.5,346.03,506.75,320.11,162.88B,469.47M,234.74M,1.91M,50,2.88,92.73,1.35,0.56,3.74,0.03
2026-07-21,PSYL,149,148.62,149.96,136,158,52.26,20.61B,138.7M,6.93M,1.31K,5,0,3.38,3.07,4.1,43.92,1.1
2026-07-21,PTL,55.97,54.88,56.75,54.5,65.88,45.12,9.22B,168M,42M,2.3M,25,7.29,6.4,3.09,1.14,8.58,
2026-07-21,QTECH,51,51.18,53.55,50.98,57.8,23.1,6.22B,121.58M,30.39M,3.1M,25,,,,,,
2026-07-21,QUICE,33.5,33.15,34.48,30.06,46.06,7.51,3.26B,98.46M,68.92M,714.73K,70,,,,,,
2026-07-21,REDCO,30,30.15,30.79,30,40.4,14.9,1.49B,49.29M,2.46M,5.78K,5,,,,,,
2026-07-21,REWM,188,194.02,194.02,180,244.05,96.02,5.98B,30.81M,10.78M,3.1K,35,,,,,,
2026-07-21,RMPL,9211.2,9263.65,9450,9211.2,13565.64,8500,85.56B,9.24M,461.82K,114.4,5,5.12,715.93,9.02,2.74,12.94,3.24
2026-07-21,RPL,16.37,16.82,17.18,16.37,25.05,12,2.39B,141.9M,44.42M,467.43K,31.3,0,0.13,0.16,0.27,133.49,-35.74
2026-07-21,RUPL,30.89,30.64,30.89,30.36,42.79,23.11,1.04B,34.07M,10.22M,1.3K,30,0,-20.94,-21.91,0.18,-1.46,0.03
2026-07-21,SANSM,120.25,121.59,129.9,120.25,148.99,120.25,1.45B,11.95M,6.57M,84.4,55,0,15.39,3.07,0.45,7.9,0.07
2026-07-21,SAPT,1490,1485.8,1490,1480.9,1606,1164,32.23B,21.69M,2.17M,34.4,10,0.67,387.04,5.77,0.4,3.84,0.25
2026-07-21,SARC,110,103.89,110,103,120.32,46.68,623.34M,6M,2.7M,64.14K,45,,,,,,
2026-07-21,SASML,389.94,366.01,389.94,350,469.49,70.9,3.82B,10.43M,2.61M,188.6,25,0.55,6.09,1.12,1.43,60.14,2.19
2026-07-21,SAZEW,1984,1964.19,2008,1958,2487,1151,118.73B,60.45M,21.16M,127.62K,35,3.56,303.75,12.89,3.34,6.47,0
2026-07-21,SCL,750,750.07,750,750,1125,288,2.93B,3.9M,195K,256,5,0,-53.91,-8.05,9.44,-13.91,1.05
2026-07-21,SEARL,93.3,91.48,94.25,91.01,137.44,76.37,53.81B,588.22M,294.11M,1.88M,50,0,2.04,6.01,1.57,44.93,188.01
2026-07-21,SEL,29.15,29.49,31.46,28.54,45.56,11.01,563.02M,19.09M,10.5M,14.14K,55,,,,,,
2026-07-21,SELECT,29.33,29.09,29.67,29.01,33.6,28.6,25.86B,888.89M,88.89M,2.15M,10,,,,,,
2026-07-21,SERT,52.55,50.44,53.85,50.44,84.49,19.17,695.44M,13.79M,2.07M,583.27K,15,,,,,,
2026-07-21,SGF,118.08,117.29,118.94,116,141.89,71.51,24.22B,206.47M,51.62M,128.99K,25,1.71,11.16,12.03,2.73,10.51,
2026-07-21,SGPL,85,79.5,92.44,79.05,129.07,7.2,1.42B,17.83M,16.05M,2.86M,90,,,,,,
2026-07-21,SHCM,48.05,48.5,51,46.1,96.58,30.52,855.38M,17.64M,1.76M,13.3K,10,,,,,,
2026-07-21,SHDT,56.2,55.14,57.85,55.1,81,36.46,1.26B,22.85M,8M,131.82K,35,,,,,,
2026-07-21,SHFA,535,528.75,545,525.5,615.28,424.13,33.42B,63.21M,28.45M,16.32K,45,0.95,41.05,8.72,2.02,12.88,0.26
2026-07-21,SHSML,360,361.12,373.95,346.05,549,326,7.63B,21.12M,7.39M,18.81K,35,5.54,41.33,4.41,0.59,8.74,0.78
2026-07-21,SIEM,1518.03,1533.99,1518.03,1518.01,1740,1335,12.65B,8.25M,412.35K,31.4,5,0,31.37,2.85,2.04,48.9,-2.55
2026-07-21,SINDM,23.47,23.48,23.75,23,41.25,12,1.06B,45M,4.5M,7.05K,10,,,,,,
2026-07-21,SITC,799.98,816.19,840,798,1060,553.3,17.49B,21.43M,6.43M,5.51K,30,1.35,65.36,4.3,0.88,12.49,0.72
2026-07-21,SLGL,16.45,16.2,16.54,16.1,26.5,13,6.83B,421.79M,126.54M,2.28M,30,,,,,,
2026-07-21,SLM,24.25,23.96,24.45,23.9,26.25,21.95,186.76B,7.79B,779.48M,3.36M,10,,,,,,
2026-07-21,SMCPL,42.95,42.39,42.95,41.9,57.3,23.52,1.06B,25M,7.5M,17.64K,30,,,,,,
2026-07-21,SNAI,37,38.79,38.49,36.1,43.9,24.5,774.44M,19.96M,6.99M,904.8,35,0,6.54,5.84,1.08,5.93,-0.6
2026-07-21,SNGP,107.89,104.9,109.48,104,142.6,83.2,66.53B,634.22M,253.69M,3M,40,2.86,22.94,1.17,0.84,4.57,-0.82
2026-07-21,SPEL,48.3,48.03,49.55,47.8,83.5,32.91,9.59B,199.74M,39.95M,1.09M,20,2.5,6.37,13,1.43,7.54,0.18
2026-07-21,SPSL,17.74,17.5,17.95,17.42,23.45,17.12,29.4B,1.68B,335.98M,4.24M,20,,,,,,
2026-07-21,SRR,16.06,16.2,16.34,16.06,21,15.26,534.6M,33M,13.2M,63.7K,40,,,,,,
2026-07-21,SRVI,2030,2041.28,2053.5,2001,2464,1130,95.91B,46.99M,23.49M,6.87K,50,0.86,223.93,6.65,3.66,9.12,0.09
2026-07-21,SSGC,29.31,28.25,29.88,28.01,46.23,19.02,24.89B,880.92M,336.86M,8.25M,38.24,1.77,-2.87,-0.65,1.89,-9.86,88
2026-07-21,SSOM,475,461.56,475,458.5,1140,351.1,2.61B,5.66M,1.4M,13.83K,24.69,,,,,,
2026-07-21,STCL,11.17,11.08,11.45,11.05,19.4,8.55,2.65B,239.32M,131.63M,193.86K,55,0,-4.03,-8,1.52,-2.75,0.13
2026-07-21,STJT,143.89,141,143.89,139,162,70,1.36B,9.66M,1.45M,507.6,15,3.9,27.72,4.42,0.55,5.09,0.45
2026-07-21,STL,39.56,38.96,40.64,37.02,2231.81,37.02,4.19B,107.62M,43.05M,1.94M,40,,,,,,
2026-07-21,STML,70.38,59.68,70.38,57.58,70.38,22.8,515.64M,8.64M,2.59M,35.06K,30,0,-6.99,-1.76,0.68,-8.53,0.68
2026-07-21,STYLERS,51.5,49.19,52.35,49,61.12,36,24.05B,488.83M,24.44M,25.19K,5,3.05,2.28,5.99,1.77,21.61,
2026-07-21,SURC,138,137.09,138,131,152.48,88,6.69B,48.81M,9.76M,5.76K,20,3.65,29.17,5.06,0.46,4.7,0.79
2026-07-21,SYM,11.35,11.5,11.55,11.31,17.04,9.01,3.28B,285.25M,156.89M,1.28M,55,,,,,,
2026-07-21,SYS,137.4,137.83,143,137.1,174.4,105.98,203.08B,1.47B,957.71M,1.56M,65,1.45,7.86,13.4,3.28,17.53,0.22
2026-07-21,SZTM,93,91.17,94,90.51,127.25,36,1.64B,17.97M,1.8M,77.94K,10,,,,,,
2026-07-21,TATM,130,134.24,138,130,311,82,7.52B,55.99M,11.2M,31.51K,20,,,,,,
2026-07-21,TCORP,22.95,22.64,22.98,22.03,31.87,15.62,1.5B,66.21M,23.17M,34.73K,35,0,0.85,0.7,0.4,26.55,-1.48
2026-07-21,TELE,8.89,8.79,9.1,8.74,14.09,6.22,2.98B,338.62M,326M,5.15M,96.27,0,0.51,1.67,0.68,17.31,0.71
2026-07-21,TGL,189.9,191.62,193.9,189.9,291.5,128,32.99B,172.17M,68.87M,93.98K,40,3.65,24.49,13.38,1.35,7.83,0.25
2026-07-21,THCCL,66.49,65.29,67.8,65,103.5,42.52,32.55B,498.59M,174.51M,5.82M,35,0,7.24,24.4,3.2,9.02,0.05
2026-07-21,TICL,930.03,953.06,975,930.02,1270,371.99,14.32B,15.02M,226.46K,882,1.51,1.05,182.06,7.68,1.16,5.23,0.29
2026-07-21,TOMCL,38.49,38.04,39,37.8,75.85,28.3,7.47B,196.34M,107.99M,2.17M,55,0,1.84,2.74,1.14,20.68,2.22
2026-07-21,TOWL,124.9,124.78,125,122.5,195.95,92.5,2.12B,17M,3.4M,5.92K,20,,,,,,
2026-07-21,TPLRF1,10.3,10.37,10.44,10.21,18.39,7.5,19.03B,1.83B,1.38B,14.84M,75,,,,,,
2026-07-21,TREET,22.98,22.72,23.01,22.65,37,19.55,8.43B,371.03M,185.51M,1.67M,50,0,1.29,1.81,1.04,17.55,0.49
2026-07-21,TRSM,15.65,15.1,15.65,15.05,71.65,8,449.98M,29.8M,23.84M,662.59K,80,,,,,,
2026-07-21,UBDL,24,24.43,26.02,24,34.5,20.01,2.24B,91.8M,4.59M,29.23K,5,,,,,,
2026-07-21,UDLI,17.9,17.81,18.25,17.79,25.5,8.31,625.5M,35.12M,14.05M,54.17K,40,,,,,,
2026-07-21,UDPL,125,121.05,125,120.5,168.99,72,4.27B,35.27M,5.29M,5.72K,15,,,,,,
2026-07-21,UNITY,10.08,10.43,10.78,10.08,31.74,7.51,12.45B,1.19B,537.32M,6.8M,45,0,1.6,2.34,0.67,6.52,0.11
2026-07-21,UPFL,25440,25250.02,25440,25215.03,36971.47,22562.78,160.84B,6.37M,521.22K,37.8,8.18,5.77,1001.9,14.74,18.98,25.2,1.03
2026-07-21,WAFI,185,184.33,186.9,184,260,165,39.45B,214.02M,32.1M,57.62K,15,,,,,,
2026-07-21,WAHDAT,17.41,16.93,17.45,16.9,21.78,16.26,5.68B,335.22M,83.81M,353.1K,25,,,,,,
2026-07-21,WAHN,290.05,292.92,295,290,435,225.23,2.64B,9M,3.15M,1.38K,35,3.41,51.77,9.43,0.91,5.66,0.35
2026-07-21,WASL,6.1,6.13,6.49,5.11,6.49,4.31,985.2M,160.72M,96.43M,2.78M,60,,,,,,
2026-07-21,WAVES,10.62,10.6,10.73,10.58,16.95,8.02,2.98B,281.41M,196.98M,1.17M,70,0,1,5.91,0.3,10.55,-2.14
2026-07-21,ZAHID,81,81.37,85,78.02,161,32.69,15.58B,191.42M,5.94M,253.78K,3.11,0,7.93,3.96,0.71,10.26,0.74
2026-07-21,ZAL,39.55,39.77,40.8,39.55,79.5,23.11,10.44B,262.5M,65.62M,467.18K,25,,,,,,
2026-07-21,ZIL,400,371.5,400,371.03,722,300,2.27B,6.12M,306.13K,303.8,5,,,,,,
2026-07-21,ZTL,19.58,19.14,19.94,18.9,24.48,9.75,1.14B,59.43M,14.86M,103.94K,25,0,-0.82,-0.65,0.46,-23.39,3.18
2026-07-22,ABOT,939,924.32,945.8,920,1304,821,90.49B,97.9M,21.17M,32.6K,21.63,4.33,84.85,10.97,2.69,10.89,0.61
2026-07-22,ACPL,225.99,221.02,225.99,220.11,325.01,205,30.37B,137.43M,13.74M,258.86K,10,3.85,20.97,6.74,1.27,10.54,0.77
2026-07-22,ADAMS,65.1,67.01,68,65.1,90.98,57.25,1.16B,17.29M,3.46M,2.61K,20,5.97,9.29,1.54,0.23,7.22,-6.16
2026-07-22,AGIL,156.8,155.72,156.8,155,198,121.2,5.61B,36M,21.6M,2.71K,60,1.12,24.75,5.37,0.83,6.29,0.48
2026-07-22,AGP,194.67,191.84,195,191,258.67,163,53.72B,280M,84M,163.31K,30,4.17,13.41,13.14,3.29,14.31,0.26
2026-07-22,AGTL,374.9,371.5,374.9,371,497,288,21.53B,57.96M,3.67M,11.78K,6.34,0,35.36,8.63,1.92,10.5,1.27
2026-07-22,AHTM,118.9,121.25,121.25,116.25,134.15,60,1.03B,8.47M,1.27M,16.66K,15,1.24,12.65,2.07,0.43,9.58,-3.31
2026-07-22,AIRLINK,134.98,132.64,134.98,132,199,118,52.43B,395.27M,118.58M,1.43M,30,6.79,14.02,6.35,2.86,9.46,
2026-07-22,AKGL,0,49.95,0,0,68.75,0,499.5M,10M,1M,14,10,,,,,,
2026-07-22,ALNRS,137.2,134,138.47,133,144,82,2.74B,20.47M,4.09M,994.8,20,2.99,13.88,1.67,0.38,9.65,3.93
2026-07-22,ANL,10.28,10.21,10.28,9.91,13.7,8.01,4.96B,485.41M,242.7M,253.9K,50,0,1.6,1.96,0.32,6.37,0.39
2026-07-22,ANTM,57.8,52.58,57.8,52.51,66.38,20.81,507.92M,9.66M,1.45M,3.98K,15,,,,,,
2026-07-22,ARCTM,37.8,37.62,38.9,36.5,46.98,24.14,495.64M,13.17M,2.7M,26.36K,20.52,,,,,,
2026-07-22,ARPL,375.01,380,380,375.01,535,325,13.13B,34.56M,8.64M,2.36K,25,7.89,38.21,4.75,2.71,9.95,4.67
2026-07-22,ASHT,31.61,30.47,32.7,29,70,13.64,1.42B,46.57M,2.33M,4.3K,5,,,,,,
2026-07-22,ASL,12.72,12.55,12.95,12.49,15.94,8.51,11.68B,930.78M,279.24M,3.17M,30,0,0.07,0.28,1.17,180.32,-13.67
2026-07-22,ASTM,24.79,24.13,25,24,41.94,12,366.22M,15.18M,2.28M,152.59K,15,,,,,,
2026-07-22,ATBA,210.5,206.04,210.5,205.01,311.98,169.02,7.21B,35.02M,8.75M,6.48K,25,0,2.24,0.23,0.91,92.12,453.04
2026-07-22,ATRL,919,913.67,934.5,910.02,1005,597.1,97.41B,106.62M,42.65M,1.38M,40,0.82,180.56,6.62,0.57,5.06,-0.01
2026-07-22,AVN,32.5,32.67,32.99,32.25,54.3,26.5,14.04B,429.67M,150.38M,284.76K,35,3.06,1.02,2.52,0.93,32.02,-11.73
2026-07-22,AWTX,1744.6,1586,1744.6,1744.6,1744.6,1270,1.27B,800K,4.5K,1,0.56,0,9.84,0.15,1.01,161.26,-19.84
2026-07-22,BAFS,420,461.24,461.24,390,506.46,64,4.36B,9.45M,472.5K,8.38K,5,0.43,60.89,8.1,2.13,7.58,0.05
2026-07-22,BATA,967,960.04,967,960,1750,875,7.26B,7.56M,1.79M,750.6,23.67,0,-368,-15.26,2.4,-2.61,0.12
2026-07-22,BBFL,42.98,45.12,46.69,41.63,57.35,34,13.49B,298.91M,115.24M,790.53K,38.55,,,,,,
2026-07-22,BCL,72.18,72.36,73,71,130.44,56.02,830.15M,11.47M,6.31M,3.93K,55,0,-1.36,-1.1,2.61,-53.37,4.17
2026-07-22,BECO,5.22,5.13,5.22,5.11,73.6,3.9,6.41B,1.25B,437.37M,1.74M,35,,,,,,
2026-07-22,BERG,101.2,99.13,101.2,98.8,141,80.65,2.43B,24.55M,9.82M,88.65K,40,5.04,12.44,3.37,0.64,7.97,
2026-07-22,BFAGRO,34.33,33.48,34.33,33.21,49.25,29.03,10.38B,309.99M,77.5M,307.02K,25,,,,,,
2026-07-22,BFBIO,131.32,129.22,131.32,128.5,189.97,124,11.41B,88.33M,26.5M,77.91K,30,,,,,,
2026-07-22,BFMOD,23.5,22.28,23.5,22.02,38.84,10,167.44M,7.52M,2.63M,124.37K,35,,,,,,
2026-07-22,BHAT,829.99,806.37,829.99,829.99,1040,726.06,2.45B,3.04M,152.05K,27.2,5,0,30.09,0.28,0.23,26.8,3.78
2026-07-22,BIFO,129.7,126.94,134.4,126.51,207.1,79.1,5.89B,46.38M,16.23M,413.13K,35,5.91,9.41,12.78,1.81,13.49,0.63
2026-07-22,BIPL,27.14,26.98,27.25,26.85,44.1,23.6,29.91B,1.11B,166.31M,406.15K,15,10.19,3.87,5.45,0.64,6.96,
2026-07-22,BLUEX,7.3,7.02,7.3,7,80.85,4.9,2B,284.28M,113.71M,4.96M,40,,,,,,
2026-07-22,BNL,6.67,6.4,6.67,6.01,170.73,6.01,4.28B,668.05M,434.23M,1.29M,65,0,0.67,5.69,1.46,9.59,0.59
2026-07-22,BNWM,66.2,66.41,67,66.2,89,50,631.31M,9.51M,4.75M,8.62K,50,0,-9.58,-7,0.19,-6.93,-0.3
2026-07-22,BPL,55,55.84,56.5,53.3,80.97,20.01,1.26B,22.49M,6.75M,26.38K,30,,,,,,
2026-07-22,BRRG,50,48.42,52,47.13,53.77,27.53,4.6B,95.01M,47.5M,22.24K,50,,,,,,
2026-07-22,BTL,1000,953.82,1000,950,1580,275.01,6.13B,6.43M,321.6K,89.25,5,0,-35.67,-0.77,0.81,-26.74,
2026-07-22,BUXL,174.3,170.97,174.44,170,274.4,133.02,246.2M,1.44M,576K,3.78K,40,0,-17.12,-4.42,1.51,-9.98,0.11
2026-07-22,BWHL,227.99,225.29,227.99,225,257.92,147.11,3B,13.33M,7.33M,8.72K,55,7.55,29.35,14.67,1.27,7.67,0.06
2026-07-22,CCM,62.96,58.47,63.5,58.37,68.88,34.4,1.32B,22.66M,10.2M,169.7K,45,0,2.96,-0.18,0.19,19.74,-1.09
2026-07-22,CEPB,28.5,27.95,28.73,27.8,46.7,24.59,11.23B,401.71M,120.51M,459.96K,30,0,-1.87,-1.96,0.86,-14.95,1
2026-07-22,CFL,55.05,58.89,59.99,55.05,94.01,45.1,731.29M,12.42M,3.73M,713.5,30,0,-49.59,-18.39,0.19,-1.19,0.03
2026-07-22,CHAS,106.63,104.65,109.98,101.51,160.49,56.01,3B,28.69M,4.3M,8.01K,15,0,-57.51,-5.08,0.29,-1.82,-0.16
2026-07-22,CHCC,309.98,308.87,314.5,306.01,390,225,60.01B,194.3M,116.58M,241.96K,60,1.78,37.91,19.73,1.6,8.15,0.31
2026-07-22,CLOV,7.7,7.64,7.79,7.56,88.64,6.59,2.97B,389.29M,214.11M,797.48K,55,0,0.61,4.44,4.08,12.51,-0.31
2026-07-22,CNERGY,9.96,9.88,10.21,9.73,11.11,5.87,54.28B,5.49B,1.37B,127.37M,25,0,2.78,4.49,0.24,3.55,0.06
2026-07-22,COLG,1232,1230.35,1240,1205,1335,1050,298.7B,242.77M,24.28M,4.72K,10,4.75,73.22,14.79,8.18,16.8,0.36
2026-07-22,CPHL,74.9,73.5,75.84,73.3,104.25,69.25,16.79B,228.46M,114.23M,542.25K,50,4.76,4.8,7.92,1.53,15.31,
2026-07-22,CPPL,106,104.73,106.95,104,125.9,64.79,5.14B,49.1M,29.46M,123.77K,60,2.86,1.5,0.52,0.59,69.84,-5.31
2026-07-22,CRTM,79.98,77.24,79.99,77.09,96.5,16.6,7.72B,100M,60M,16.11K,60,0,1.31,0.69,0.6,59.06,-8.2
2026-07-22,CSAP,103.2,103.91,107.97,100.01,143.5,78.25,8.07B,77.63M,34.93M,202.87K,45,7.22,5.08,4.79,0.9,20.44,2.88
2026-07-22,DAAG,84.5,85.91,89,84.5,120.25,52,343.64M,4M,970.7K,774.4,24.27,,,,,,
2026-07-22,DADX,89.42,89.02,92,89,121.88,42.75,958.21M,10.76M,538.2K,1.48K,5,0,-30.29,-37.21,3.7,-2.94,0.05
2026-07-22,DCL,11,11.74,11.84,10.96,16.31,6.61,6.39B,544.11M,190.44M,7.44M,35,0,-2.37,-4.8,0.26,-4.95,0.04
2026-07-22,DCR,38.21,38.56,38.7,38.21,41.8,27.9,85.75B,2.22B,555.92M,414.46K,25,6.69,2.31,78.71,1.13,16.69,
2026-07-22,DFSM,18.48,18.39,19.4,17.98,35.24,3.75,1.8B,97.75M,34.21M,4.74M,35,,,,,,
2026-07-22,DGKC,204.97,204.93,207.6,202.5,275.75,145.1,89.78B,438.12M,219.06M,4.47M,50,0.98,27.64,14.23,0.8,7.41,0.26
2026-07-22,DINT,68,67.2,68.5,68,96,41.36,3.53B,52.47M,7.87M,1.66K,15,0,-3.91,-0.63,0.5,-17.17,-1.77
2026-07-22,DMC,199.8,185.27,199.8,181.2,351.9,43.05,565.52M,3.05M,915.73K,295,30,,,,,,
2026-07-22,DNCC,17.5,17.29,17.9,17.23,28.07,14,5.47B,316.36M,94.91M,151.91K,30,0,-0.39,-1.76,2.64,-43.99,-0.29
2026-07-22,DOL,29.15,29.47,29.69,29.15,41,25.36,5.16B,175.03M,52.51M,164.28K,30,13.57,2.55,8.79,1.72,11.57,-3.83
2026-07-22,DYNO,348,350,350.9,342,366.9,254.3,6.61B,18.87M,12.27M,8.99K,65,4.64,55.14,7.33,1.22,6.35,0.69
2026-07-22,ECOP,51.25,51.05,51.79,50.3,78.25,33.82,2.46B,48.26M,36.19M,56.25K,75,3.92,7.67,5.37,1.36,6.65,0.16
2026-07-22,EFERT,191.01,190.24,193,189.52,263.3,187,254.03B,1.34B,600.88M,674.55K,45,7.75,17.26,9.42,5.95,11.02,-1.58
2026-07-22,ELCM,215,227.34,215,215,343.44,124,295.54M,1.3M,260K,320.8,20,0,-24.15,-3.34,4.36,-9.41,0.15
2026-07-22,ELSM,120,120,120,116,138,99,1.31B,10.95M,3.29M,390.5,30,3.33,3.97,0.28,0.3,30.19,-27.24
2026-07-22,EMCO,54.86,52.04,54.86,52.02,98.89,31.29,1.82B,35M,10.5M,13.23K,30,,,,,,
2026-07-22,ENGROH,277,273.74,279.9,272.5,302.5,206.8,329.65B,1.2B,903.17M,2.2M,75,0,53.18,10.18,,5.15,0.31
2026-07-22,EPCL,32.6,32.71,33,32.3,39.32,27.01,29.73B,908.92M,227.23M,1.31M,25,0,-2.97,-3.28,1.43,-11,1.02
2026-07-22,EPQL,25.75,25.81,26.15,25.75,34.98,22.3,8.36B,323.8M,161.9M,347.61K,50,45.52,1.86,5.05,0.73,13.86,-4.97
2026-07-22,EXIDE,511.2,500.6,513.99,466,900,365,3.89B,7.77M,1.94M,6.77K,25,1,55.53,2.2,0.52,9.02,
2026-07-22,FABL,99.15,100.1,100.46,99.15,106,69.33,151.92B,1.52B,531.19M,747.88K,35,6.49,15.03,11.4,1.33,6.66,
2026-07-22,FANM,7.83,7.3,7.84,7.16,10.83,4.25,168.63M,23.1M,11.55M,403.87K,50,,,,,,
2026-07-22,FASM,328,304.09,328,304.01,430,240.02,3.04B,10M,1M,2.82K,10,0,-52.85,-1.19,0.29,-5.75,-1.56
2026-07-22,FATIMA,155,155.49,157,153.95,192.8,107,326.53B,2.1B,315M,1.4M,15,6.11,17.58,13.62,1.89,8.84,0.24
2026-07-22,FCCL,54.7,53.09,54.74,52.5,62.84,36.26,130.22B,2.45B,858.5M,6.81M,35,2.35,5.99,16.04,1.42,8.86,0.08
2026-07-22,FCEPL,103.5,103.03,104.49,102.5,118.01,63.86,78.98B,766.6M,76.66M,280.49K,10,3.4,4.51,3.23,4.2,22.85,0.67
2026-07-22,FCL,24.02,23.97,24.04,23.8,28.56,19.65,15.45B,644.58M,161.14M,633.04K,25,,,,,,
2026-07-22,FECM,18.25,17.8,19,17.43,57.06,11.75,201.85M,11.34M,8.51M,15.81K,75,,,,,,
2026-07-22,FECTC,104.83,106.33,107.62,103.1,195.75,72,5.33B,50.16M,12.54M,120.78K,25,1.88,14,5.6,1.05,7.59,-0.06
2026-07-22,FEM,11.21,11.26,11.48,11.03,17.7,4.8,590.47M,52.44M,36.71M,47.86K,70,,,,,,
2026-07-22,FEROZ,384.68,381.26,385.05,375,475,293.01,16.57B,43.47M,17.39M,9.82K,40,1.05,21.66,4.15,1.28,17.6,0.79
2026-07-22,FFC,549,543.91,557.4,541.51,685,425,782.7B,1.44B,791.46M,1.35M,55,7.08,59.83,16.49,2.87,9.09,0.14
2026-07-22,FFL,16.42,16.52,16.75,16.42,23.93,14,41.63B,2.52B,503.99M,1.76M,20,0,0.44,3.79,3.8,37.16,-0.11
2026-07-22,FFLM,14.77,14.15,15.27,14,27.23,4.4,373.76M,26.41M,17.17M,346.1K,65,,,,,,
2026-07-22,FHAM,33.1,32.52,33.1,32.52,39.49,23.81,3.6B,110.83M,94.21M,7.96K,85,6.92,7.53,17.05,0.59,4.32,0.11
2026-07-22,FIBLM,16.8,13.77,16.8,13.74,22.24,6.7,298.64M,21.69M,10.84M,639.73K,50,0,0.94,43.94,1.19,14.7,0.46
2026-07-22,FIMM,200,200,200,200,397.69,173.39,600M,3M,900K,90.8,30,,,,,,
2026-07-22,FLYNG,43.15,42.55,43.15,41.5,61,39.2,29.56B,694.8M,104.22M,15.04K,15,0,1.29,5.99,2.3,32.94,0.12
2026-07-22,FML,55.03,55,57.98,54.99,86,34.05,21.97B,399.41M,39.94M,74.04K,10,0,0.46,0.27,0.65,119.44,-25.86
2026-07-22,FPJM,10.79,10.07,10.79,10,14.99,4.23,342.58M,34.02M,13.61M,3.21M,40,0,-3.22,-38.72,-0.74,-3.13,0.45
2026-07-22,FPRM,13.01,13,13.47,12.7,16.99,9,179.25M,13.79M,6.2M,42.31K,45,,,,,,
2026-07-22,FRCL,99.5,98.46,105.95,99.5,118.45,38.31,3.73B,37.87M,1.89M,1.37K,5,,,,,,
2026-07-22,FRSM,48.88,47.56,49,47.5,63.48,34.22,1.88B,39.51M,11.85M,2.84K,30,0,17.31,5.93,0.86,2.75,0.03
2026-07-22,FTMM,16.28,16.34,16.69,16.25,23.75,11.14,3.2B,195.6M,9.78M,1.27K,5,9.18,0.5,2.47,1.15,32.96,-1.47
2026-07-22,FTSM,31.16,31.03,31.5,29.1,57,11.52,656.69M,21.16M,8.47M,10.99K,40,,,,,,
2026-07-22,FZCM,256.74,256.73,256.74,254,369.99,185.52,7.7B,30M,3M,1.22K,10,0,3.02,0.1,0.16,85.09,40.06
2026-07-22,GADT,277.77,270.03,277.77,270,530,215,7.57B,28.03M,8.41M,8.96K,30,0,43.77,1.72,0.31,6.17,0.53
2026-07-22,GAL,572,573.79,578.5,561.11,633,291,32.71B,57M,22.8M,678.47K,40,1.74,117.24,12.52,1.71,4.89,0
2026-07-22,GATI,84.5,83.41,84.5,83.1,164.64,62.55,9.07B,108.73M,16.31M,8.07K,15,0,-10.67,-4.01,0.77,-7.82,-5.51
2026-07-22,GATM,26.8,26.6,27.25,26.5,40.7,16.5,19.69B,740.06M,185.01M,1.16M,25,0,2.72,1.18,0.38,9.79,0.83
2026-07-22,GCIL,36.09,35.71,36.99,35.35,40.6,23.81,20.37B,570.45M,228.18M,2.9M,40,0,5.27,33.37,,6.78,
2026-07-22,GCWL,16.28,15.96,16.28,15.9,25.15,11.75,3.99B,250.14M,111.05M,543.99K,44.39,,,,,,
2026-07-22,GDL,18.67,18.12,18.67,18.1,33,17.98,7.78B,429.2M,107.3M,525.55K,25,,,,,,
2026-07-22,GEMBCEM,11.3,11.25,11.3,11.25,14.5,9.64,1.12B,100M,25M,3.23K,25,,,,,,
2026-07-22,GEMMEL,27.2,24.73,27.2,27.2,39,19.1,4.8B,194.1M,19.41M,1.5,10,,,,,,
2026-07-22,GEMPACRA,36,39.62,36,36,49,22,2.95B,74.53M,7.45M,101,10,,,,,,
2026-07-22,GEMPAPL,11.75,11.75,11.75,11.75,19,9,235M,20M,15M,1.04K,75,,,,,,
2026-07-22,GFIL,30.91,30.8,31.29,30.8,35.18,11.1,1.01B,32.64M,3.26M,20.09K,10,,,,,,
2026-07-22,GGGL,9.08,8.84,9.17,8.83,14.47,6.7,2.12B,240M,120M,656.16K,50,0,0.54,4.51,0.72,16.5,0.78
2026-07-22,GGL,24.6,24.84,25.45,24.21,31.31,14.1,8.8B,354.12M,177.06M,3.1M,50,0,9.78,31.53,1.09,2.54,0.05
2026-07-22,GHGL,38.8,38.11,38.96,37.51,52.25,27.78,38.1B,999.71M,349.9M,81.77K,35,5.25,6.21,13.11,0.94,6.14,0.24
2026-07-22,GHNI,1150,1171.38,1178.69,1145,1285.15,590,49.91B,42.61M,14.91M,265.64K,35,0.85,162.33,11.84,2.71,7.22,0.02
2026-07-22,GIL,0,1000,0,0,0,0,0,0,0,0,0,0.3,15.14,0.25,0,66.03,-14.54
2026-07-22,GLAXO,353,349.18,353,348.49,459.94,293.09,111.2B,318.47M,63.69M,156.86K,20,4.87,33,15.6,3.06,10.58,0.17
2026-07-22,GOC,196,219.28,224.91,190.06,224.91,77,1.61B,7.35M,1.1M,43.45K,15,0.46,4.14,6.12,2.24,52.92,1.76
2026-07-22,GTYR,32.97,31.85,33.44,31.52,49.46,22.26,3.88B,121.93M,48.77M,1.75M,40,0,-6.34,-4.84,0.61,-5.02,0.55
2026-07-22,GVGL,55.52,54.98,55.52,54.99,75,43.65,8.24B,149.94M,29.38M,2.17K,19.59,5.46,6.64,15.54,1.64,8.27,
2026-07-22,GWLC,49.01,49.03,49.49,48.85,77.96,38.75,19.63B,400.27M,40.03M,122.67K,10,3.06,6.74,12.64,0.72,7.27,0.49
2026-07-22,HAEL,29.15,29.32,31.03,28.21,37.96,14.91,381.05M,13M,1.95M,69.76K,15,,,,,,
2026-07-22,HAFL,508.02,509.27,515.34,508,629.5,283.58,611.12M,1.2M,42.48K,132.4,3.54,,,,,,
2026-07-22,HALEON,756,756.74,760.48,755.99,1010,655,88.58B,117.05M,15.74M,37.25K,13.44,3.96,55.96,15.35,6.08,13.52,0.19
2026-07-22,HCAR,241,235.68,241.05,234.37,321,147.5,33.66B,142.8M,28.56M,477.6K,20,3.82,22.64,2.64,1.32,10.41,32.55
2026-07-22,HINO,410.07,400.98,410.07,400.5,634.5,264.69,9.94B,24.8M,2.55M,11.86K,10.28,2.72,21.82,4.92,1.64,18.37,0.25
2026-07-22,HINOON,989.99,985.9,999,977,1241,755.56,52.24B,52.98M,21.19M,17.85K,40,5.07,75.63,14.32,3.53,13.04,0.3
2026-07-22,HPL,4010.01,4086.92,4049.8,4010.01,4889.99,2925.66,39.42B,9.64M,964.48K,55.4,10,5.87,317.04,9.84,4.43,12.89,0.29
2026-07-22,HRPL,20.7,20.03,20.8,19.92,37,16.51,801.2M,40M,8M,33.89K,20,0,-3.09,-5.61,1.08,-6.49,0.28
2026-07-22,HTL,40.98,40.13,40.98,40,66.5,31.01,5.59B,139.2M,34.8M,207.28K,25,0,3.83,1.49,0.85,10.49,1.02
2026-07-22,HUBC,219.38,217.08,219.88,216.11,249.99,144,281.59B,1.3B,972.87M,2.63M,75,11.52,34.65,63.41,1.24,6.26,-4.97
2026-07-22,IBFL,295,296,300,295,397.32,176.55,91.91B,310.51M,15.53M,525.2,5,0,-1.49,-0.44,1.6,-198.29,-19.01
2026-07-22,IBLHL,50.57,49.52,51.5,49.3,85.82,36,4.88B,98.53M,24.63M,176.48K,25,0,2.44,5.36,1.96,20.3,5.28
2026-07-22,ICCI,13.5,14.43,15.03,13.3,17.91,8.61,432.92M,30M,4.5M,87.36K,15,,,,,,
2026-07-22,ICL,139.8,138.19,139.9,137,176,82.3,13.82B,100M,45M,53.28K,45,2.17,13.74,4.34,1.26,10.06,0.39
2026-07-22,IDEAL,47.1,47.01,49.98,47,87.7,15.75,466.34M,9.92M,1.49M,10.68K,15,,,,,,
2026-07-22,IDRT,39.96,39.66,43,39.3,68.08,19.3,787.36M,19.85M,1.99M,57.87K,10,,,,,,
2026-07-22,ILP,101.95,99.9,102.6,99.6,110.5,67,140.03B,1.4B,280.34M,859.8K,20,3,8.3,6.45,2.3,12.04,0.2
2026-07-22,IMAGE,26.6,26.31,26.8,26.06,32.46,19,6.06B,230.37M,149.74M,628.5K,65,7.6,3.49,17.93,1.25,7.53,
2026-07-22,INIL,163.5,164.9,167.5,163.05,249,127.3,21.75B,131.88M,59.35M,106.84K,45,3.64,14.32,1.72,0.67,11.52,-3.62
2026-07-22,INKL,96.89,92.82,96.89,91,126,30.15,898.03M,9.68M,3.87M,3.93K,40,,,,,,
2026-07-22,IPAK,36.25,35.76,37,35.51,38,21.02,26.29B,735.21M,220.56M,577.61K,30,1.6,3.81,7.22,2.05,9.39,
2026-07-22,IREIT,8.07,8.05,8.1,7.95,13.05,7.26,2.22B,275.86M,96.55M,141.92K,35,,,,,,
2026-07-22,ISIL,1930,1900,1930.01,1900,2370,1725.01,126.08B,66.36M,3.32M,135.4,5,0.26,62.5,3.31,4.55,30.4,0.47
2026-07-22,ISL,82.22,81.25,82.3,80.51,135,65.45,35.34B,435M,152.25M,243.05K,35,5.54,6.93,3.59,1.38,11.72,-2.81
2026-07-22,ITANZ,41.69,40.7,41.69,39.81,41.69,39.81,4.83B,118.6M,48.52M,2.19M,40.91,,,,,,
2026-07-22,ITTEFAQ,8.93,8.77,8.93,8.7,12.64,5.75,1.27B,144.34M,93.82M,9.26M,65,0,-3.91,-27.88,0.43,-2.24,
2026-07-22,JATM,35,35.76,37.49,35,49.08,14.61,450.62M,12.6M,1.89M,7.68K,15,,,,,,
2026-07-22,JDMT,147,153.23,156,146.02,175,60.1,1.06B,6.92M,2.07M,98.44K,30,,,,,,
2026-07-22,JDWS,959.98,945,959.99,945,1026,780,54.6B,57.78M,8.67M,197.6,15,5.29,172.77,7.74,1.4,5.47,0.13
2026-07-22,JSML,61.8,61.4,62,60.61,147.5,40.61,2.1B,34.13M,13.65M,42.32K,40,0,5.89,1.94,0.22,10.42,0.33
2026-07-22,JVDC,144,140.24,144,140,163.9,65.15,53.41B,380.86M,190.43M,500.87K,50,3.57,10.67,38.34,1.93,13.15,-0.01
2026-07-22,KCL,152.99,141.37,152.99,152,195.69,115.02,2.06B,14.55M,10.91M,124.8,75,,,,,,
2026-07-22,KEL,7.4,7.22,7.44,7.18,9.58,4.91,199.38B,27.62B,2.76B,18.92M,10,0,0.42,2.19,1.73,17.31,
2026-07-22,KHYT,2163.07,2114.48,2163.07,2050,2689,1131.01,2.6B,1.23M,20.67K,395,1.68,,,,,,
2026-07-22,KOHC,93.1,92.77,94.5,91.5,567.99,74,85.28B,919.31M,229.83M,598.84K,25,0,10.62,25.96,1.54,8.73,0.31
2026-07-22,KOHE,15.5,15.46,15.7,15.41,23.49,12.33,2.62B,169.46M,67.78M,57.91K,40,0,3.94,15.83,0.58,3.92,-0.37
2026-07-22,KOHTM,135,133.73,141,132.05,210,40,2.78B,20.8M,6.24M,172.02K,30,1.5,14.85,3.65,0.57,9.01,0.22
2026-07-22,KPUS,1364.3,1364.3,1578.88,1364.3,2849.99,115.11,21.85B,16.02M,800.88K,16.5K,5,0,5.5,1.09,5.5,248.06,8.03
2026-07-22,KSBP,258,260.61,262.8,257.1,262.8,155.2,8.05B,30.9M,8.37M,524.81K,27.08,0.38,7.14,3.26,1.89,36.5,3.7
2026-07-22,KTML,45,44.65,45.89,44.3,305,37.02,60.12B,1.35B,269.3M,1.53M,20,0.9,7.94,8.01,0.74,5.63,0.18
2026-07-22,LCI,228.5,226.44,229.4,225.25,396,201.17,104.57B,461.8M,92.36M,71.26K,20,5.06,20.25,8.25,1.86,11.18,0.54
2026-07-22,LEUL,54.3,49.36,55.64,47.51,72.68,25.76,296.16M,6M,1.8M,99.84K,30,,,,,,
2026-07-22,LIVEN,36.3,35.94,36.48,35.1,77,27.82,4.06B,113.04M,11.3M,35.23K,10,,,,,,
2026-07-22,LOADS,13.5,13.38,13.65,13.35,22.6,10.93,4.97B,371.25M,185.62M,1.05M,50,0,1.07,4.28,0.95,12.54,-0.01
2026-07-22,LOTCHEM,29.03,29.31,29.56,28.9,34.3,18.41,44.38B,1.51B,378.55M,24.95M,25,22.18,3.09,5.49,2.19,9.48,-3.83
2026-07-22,LPGL,94,92.17,94,90,136,63.01,691.27M,7.5M,1.88M,4.18K,25,,,,,,
2026-07-22,LUCK,449,445.15,455,439.5,529.5,339,652.14B,1.47B,439.5M,1.41M,30,0.9,56.88,16.86,1.62,7.83,0.16
2026-07-22,MACFL,67.05,69.03,70,65.51,86.98,19.52,4.09B,59.3M,23.72M,311.83K,40,0.72,2.13,1.96,1.76,32.38,7.53
2026-07-22,MACTER,288.88,286.92,298,280,443.5,255.1,13.14B,45.81M,18.32M,27.6K,40,1.32,17.8,6.82,3.26,16.12,0.3
2026-07-22,MARI,645,645.63,654,644,795,544.56,775.16B,1.2B,240.12M,460.67K,20,4.65,57.11,37.45,2.72,11.3,0.49
2026-07-22,MEBL,543,539.49,549.22,538.01,582,349.89,971.38B,1.8B,450.14M,771.38K,25,5.28,50.58,19.77,3.42,10.67,
2026-07-22,MEHT,194.99,193.33,197.94,192.5,389,180,5.8B,30M,19.5M,18.92K,65,0,39.74,1.87,0.3,4.86,0.12
2026-07-22,MERIT,10.25,10,10.25,9.95,14.69,7.1,2B,199.96M,39.99M,48.32K,20,0,-1.75,-10.52,0.85,-5.72,0.01
2026-07-22,MFFL,172,172.59,176.92,172,237,139.66,3.95B,22.88M,3.85M,2.41K,16.82,,,,,,
2026-07-22,MFL,41.84,41.71,42.2,41.38,85.73,39.1,5.11B,122.4M,42.84M,194.73K,35,0,4.13,1.98,0.47,10.09,0.21
2026-07-22,MIRKS,36.25,35.26,36.25,35,44.5,22.28,2.35B,66.56M,29.95M,64.94K,45,0,0.03,0.01,0.98,1286.86,18.89
2026-07-22,MLCF,93.94,92.16,94.2,91.49,132.99,71,96.54B,1.05B,471.4M,12.66M,45,0,10.74,15.15,1.29,8.58,0.21
2026-07-22,MQTM,31.5,28.61,32,28.29,49,17.97,527.34M,18.43M,4.61M,194.07K,25,0,-79.43,-17.35,1.66,-0.36,0.01
2026-07-22,MRNS,64.9,62.79,64.98,62.53,94.01,52.32,4.7B,74.93M,26.22M,25.01K,35,10.35,22.15,14.35,1.01,2.83,
2026-07-22,MSCL,21.99,20.88,21.99,20.1,46.53,12.05,646.81M,30.98M,7.74M,114.32K,25,,,,,,
2026-07-22,MTL,287.65,286.62,291,286.34,636.99,281,114.37B,399.03M,179.56M,171.77K,45,6.11,18.49,12.64,14.79,15.5,0.9
2026-07-22,MUGHAL,79.78,79.39,80.45,78.51,113.99,59,26.65B,335.63M,117.47M,654.2K,35,0,6.37,2.8,0.88,12.46,0.85
2026-07-22,MWMP,64.98,62.99,64.98,61,170.95,30.1,1.81B,28.75M,7.19M,12.23K,25,,,,,,
2026-07-22,NATM,77,85.16,77,77,92.94,77,1.81B,21.27M,1.06M,1,5,0,-53.59,-51.27,0.83,-1.59,0.05
2026-07-22,NESTLE,7652,7688.13,7694.98,7651.95,10524.97,7000,348.65B,45.35M,4.53M,117.6,10,7.24,393.76,8.81,12.97,19.52,1.29
2026-07-22,NETSOL,120.3,120.2,121.5,120,164.59,87.66,10.8B,89.84M,26.95M,155.64K,30,0,32.29,21.96,0.86,3.72,0.09
2026-07-22,NML,141.48,141.02,144.1,140.25,208.4,120,49.58B,351.6M,158.22M,2.02M,45,1.42,33.41,5.75,0.29,4.22,1.49
2026-07-22,NONS,101,100.09,102.45,99,157.1,70.02,1.65B,16.52M,3.3M,5.58K,20,4,39.15,4.55,0.79,2.56,0.18
2026-07-22,NRL,408.97,410.03,422.5,406.01,477.45,224,32.79B,79.97M,26.31M,3.51M,32.91,0,108.68,2.33,0.55,3.77,0.01
2026-07-22,NRSL,32.25,32.93,33.99,32.25,40.24,20.6,4.65B,141.32M,42.4M,13.55K,30,0,2.09,2.61,1.28,15.73,1.37
2026-07-22,NSRM,362.31,296.43,362.31,296.43,362.31,84.01,4.61B,15.55M,777.66K,15.38K,5,0,6.79,4.51,2.88,43.68,0.28
2026-07-22,OCTOPUS,32.39,31.66,32.39,31.64,60.89,24.35,4.98B,157.26M,47.18M,87.7K,30,,,,,,
2026-07-22,OGDC,315.84,316.29,319,313,352,222.05,1.36T,4.3B,645.14M,3.66M,15,5.06,36.17,39.85,0.97,8.74,0.76
2026-07-22,OLPM,24.95,25,25,24.73,25.98,19,1.13B,45.38M,34.04M,12.2K,75,10,3.44,9.88,0.85,7.28,-1.83
2026-07-22,OML,139.99,143.19,143.19,135,143.19,25.8,1.72B,12M,1.2M,68.9K,10,,,,,,
2026-07-22,ORM,10.54,10.48,10.54,10.25,16.79,9.2,786M,75M,26.25M,35.44K,35,,,,,,
2026-07-22,OTSU,411.1,402.46,418.22,400,447.94,254.95,4.87B,12.1M,3.02M,23.77K,25,0,28.78,8.39,4.53,13.99,1.87
2026-07-22,PAEL,43.15,42.04,43.49,41.8,64.6,32.01,38.83B,923.65M,508.01M,5.63M,55,0,4.46,5.86,0.77,9.42,0.33
2026-07-22,PAKD,125.23,122.83,128.48,122,247.74,85.01,1.46B,11.86M,5.06M,4.29K,42.63,,,,,,
2026-07-22,PAKOXY,291,285,298,284,356.68,206,24.83B,87.12M,21.78M,5.57K,25,0,22.58,14.35,2,12.62,0.15
2026-07-22,PAKQATAR,21.18,20.99,21.5,20.75,29.4,15.24,4.84B,230.71M,80.75M,478.5K,35,,,,,,
2026-07-22,PIBTL,16.62,16.41,16.75,16.35,22.97,9.33,29.31B,1.79B,803.74M,6.82M,45,0,1.18,14.81,1.67,13.92,7.82
2026-07-22,PICT,54.45,58.28,58.5,54,59.75,23.65,6.36B,109.15M,21.83M,1.15M,20,0,-1.17,-1281.2,4.7,-49.65,2.38
2026-07-22,PIM,21.71,23.03,23.38,21.71,31.33,16.16,460.6M,20M,1M,14.47K,5,,,,,,
2026-07-22,PIOC,297,300.24,312.9,292.8,427.5,200.01,68.2B,227.15M,34.07M,1.15M,15,3.33,24.32,14.8,1.35,12.34,0.19
2026-07-22,PKGS,795.01,786.51,799.97,785,855,611.01,70.3B,89.38M,17.88M,6.86K,20,2.03,-9.43,-0.43,1.07,-83.4,-3.58
2026-07-22,PMRS,530,552.5,552.5,503,835,260.27,2.07B,3.75M,387.66K,1.38K,10.34,0,-300.03,-3.27,0.47,-1.84,-0.11
2026-07-22,POML,167.99,167.79,169,166,240.95,113.11,1.3B,7.76M,3.11M,5.56K,40,,,,,,
2026-07-22,POWER,21.21,20.74,21.21,20.4,24.26,13.75,26.77B,1.29B,452.11M,916.4K,35.03,0,2.24,8.78,1.13,9.25,0.15
2026-07-22,PPL,219,216.84,220,214.88,284.6,164.5,590.01B,2.72B,669.51M,3.65M,24.61,3.92,28.99,33.84,0.79,7.48,
2026-07-22,PPP,136,135,136,132,279,91,1.08B,8M,4M,3.44K,50,3.7,17.67,7.84,0.59,7.64,0.31
2026-07-22,PQGTL,14.51,14.39,14.74,14.2,19.8,10.25,1.45B,101.11M,40.44M,120.81K,40,,,,,,
2026-07-22,PREMA,31.15,30.61,31.15,30.5,56.38,23,6.69B,218.64M,65.59M,575.73K,30,0,2.73,9.01,1.1,11.2,0.24
2026-07-22,PRL,48.5,50.86,51.99,48,53.74,23.2,32.04B,630M,227.29M,37.73M,36.08,0,19.07,3.89,0.83,2.67,0.02
2026-07-22,PSEL,908.89,893.68,917.49,886.55,1635,799,29.07B,32.52M,30.82M,728.2,94.76,0,5.58,1.22,0.65,160.14,5.5
2026-07-22,PSO,346.94,345.26,349,344.2,506.75,320.11,162.09B,469.47M,234.74M,1.85M,50,2.9,92.73,1.35,0.56,3.72,0.03
2026-07-22,PSYL,145,137.21,146,137.1,158,52.26,19.03B,138.7M,6.93M,1.04K,5,0,3.38,3.07,3.79,40.55,1.14
2026-07-22,PTL,55.2,53.47,55.2,53,65.88,45.12,8.98B,168M,42M,2.15M,25,7.48,6.4,3.09,1.11,8.36,
2026-07-22,QTECH,51.05,49.93,51.9,49.7,57.8,23.1,6.07B,121.58M,30.39M,1.87M,25,,,,,,
2026-07-22,QUICE,33.2,32.95,33.88,32.7,46.06,7.51,3.24B,98.46M,68.92M,285.62K,70,,,,,,
2026-07-22,REDCO,30.15,29.99,30.5,29,40.4,14.9,1.48B,49.29M,2.46M,7.46K,5,,,,,,
2026-07-22,REWM,207,174.65,207,174.62,244.05,96.02,5.38B,30.81M,10.78M,6.79K,35,,,,,,
2026-07-22,RMPL,9440,9204.59,9440,9200,13565.64,8500,85.02B,9.24M,461.82K,107.8,5,5.15,715.93,9.02,2.73,12.86,3.24
2026-07-22,RPL,16.8,16.7,16.99,16.41,25.05,12,2.37B,141.9M,44.42M,400.23K,31.3,0,0.13,0.16,0.27,132.54,-35.78
2026-07-22,RUPL,30,30.49,30.64,30,42.79,23.11,1.04B,34.07M,10.22M,1.41K,30,0,-20.94,-21.91,0.18,-1.46,0.03
2026-07-22,SANSM,120.25,121.59,129.9,120.25,148.99,41,1.45B,11.95M,6.57M,78.75,55,0,15.39,3.07,0.45,7.9,0.07
2026-07-22,SAPT,1430.01,1465.95,1499.89,1416.02,1606,1164,31.8B,21.69M,2.17M,20.6,10,0.68,387.04,5.77,0.39,3.79,0.25
2026-07-22,SARC,103,100.29,105.9,99.99,120.32,46.68,601.74M,6M,2.7M,32.64K,45,,,,,,
2026-07-22,SASML,398,388.91,398,385,469.49,70.9,4.05B,10.43M,2.61M,164.6,25,0.51,6.09,1.12,1.51,63.9,2.23
2026-07-22,SAZEW,1964,1948.27,1985,1942,2487,1245.52,117.77B,60.45M,21.16M,105.72K,35,3.59,303.75,12.89,3.31,6.41,0
2026-07-22,SCL,750,750.07,754.99,750,1125,288,2.93B,3.9M,195K,74.4,5,0,-53.91,-8.05,9.44,-13.91,1.05
2026-07-22,SEARL,90.71,90.42,91.7,90,137.44,76.37,53.19B,588.22M,294.11M,1.77M,50,0,2.04,6.01,1.55,44.41,182.25
2026-07-22,SEL,29.48,29.25,30.21,29.07,45.56,11.01,558.44M,19.09M,10.5M,14.59K,55,,,,,,
2026-07-22,SELECT,29,28.75,29.39,28.6,33.6,28.6,25.56B,888.89M,88.89M,1.38M,10,,,,,,
2026-07-22,SERT,46.62,49.24,54.38,46.42,84.49,19.17,678.9M,13.79M,2.07M,753.69K,15,,,,,,
2026-07-22,SGF,115.06,116.07,117.1,115,141.89,71.51,23.96B,206.47M,51.62M,120.55K,25,1.72,11.16,12.03,2.7,10.4,
2026-07-22,SGPL,75,71.55,83,71.55,129.07,7.2,1.28B,17.83M,16.05M,3.06M,90,,,,,,
2026-07-22,SHCM,51.3,53.35,53.35,47.8,96.58,30.52,940.92M,17.64M,1.76M,21.14K,10,,,,,,
2026-07-22,SHDT,55.1,52.35,55.88,52,81,36.46,1.2B,22.85M,8M,119.44K,35,,,,,,
2026-07-22,SHFA,528.75,531.49,536.98,525,615.28,424.13,33.6B,63.21M,28.45M,11.72K,45,0.94,41.05,8.72,2.03,12.95,0.26
2026-07-22,SHSML,361.12,364,369.8,355,549,326,7.69B,21.12M,7.39M,18.52K,35,5.49,41.33,4.41,0.6,8.81,0.79
2026-07-22,SIEM,1520,1473.55,1520.01,1405,1740,1335,12.15B,8.25M,412.35K,31,5,0,31.37,2.85,1.96,46.97,-2.55
2026-07-22,SINDM,23.7,22.64,23.7,22.52,41.25,12,1.02B,45M,4.5M,7.07K,10,,,,,,
2026-07-22,SITC,810.02,805.28,825,799.5,1060,553.3,17.26B,21.43M,6.43M,5.92K,30,1.37,65.36,4.3,0.87,12.32,0.76
2026-07-22,SLGL,16.1,15.91,16.15,15.85,26.5,13,6.71B,421.79M,126.54M,1.52M,30,,,,,,
2026-07-22,SLM,23.96,23.42,24.06,23.01,26.25,21.95,182.55B,7.79B,779.48M,3.86M,10,,,,,,
2026-07-22,SMCPL,42.2,42.04,42.91,41.01,57.3,23.52,1.05B,25M,7.5M,7.06K,30,,,,,,
2026-07-22,SNAI,41,38.79,41,37.01,43.9,24.5,774.44M,19.96M,6.99M,755.8,35,0,6.54,5.84,1.08,5.93,-0.6
2026-07-22,SNGP,104.3,101.72,104.4,100.72,142.6,83.2,64.51B,634.22M,253.69M,3.07M,40,2.95,22.94,1.17,0.82,4.43,-0.81
2026-07-22,SPEL,47.1,46.92,47.7,46.52,83.5,32.91,9.37B,199.74M,39.95M,1.03M,20,2.56,6.37,13,1.4,7.37,0.17
2026-07-22,SPSL,17.25,17.03,17.49,16.98,23.45,16.98,28.61B,1.68B,335.98M,4.12M,20,,,,,,
2026-07-22,SRR,16.29,16.2,16.29,16.16,21,15.26,534.6M,33M,13.2M,65.22K,40,,,,,,
2026-07-22,SRVI,2039,2075.34,2090,2030,2464,1130,97.52B,46.99M,23.49M,14.12K,50,0.84,223.93,6.65,3.72,9.27,0.09
2026-07-22,SSGC,27.7,26.98,28.18,26.6,46.23,19.02,23.77B,880.92M,336.86M,9.09M,38.24,1.85,-2.87,-0.65,1.81,-9.41,88
2026-07-22,SSOM,465,457.99,465,455.61,1140,351.1,2.59B,5.66M,1.4M,11.87K,24.69,,,,,,
2026-07-22,STCL,11.1,10.97,11.4,10.9,19.4,8.55,2.63B,239.32M,131.63M,155.68K,55,0,-4.03,-8,1.51,-2.72,0.13
2026-07-22,STJT,144.79,141,144.79,143.95,162,70,1.36B,9.66M,1.45M,470.2,15,3.9,27.72,4.42,0.55,5.09,0.46
2026-07-22,STL,38.9,37.59,38.9,37.4,2231.81,37.02,4.05B,107.62M,43.05M,1.89M,40,,,,,,
2026-07-22,STML,58.99,53.76,58.99,53.71,70.38,22.8,464.49M,8.64M,2.59M,41.3K,30,0,-6.99,-1.76,0.61,-7.69,0.63
2026-07-22,STYLERS,49.06,49.18,51.39,47.6,61.12,36,24.04B,488.83M,24.44M,30.33K,5,3.05,2.28,5.99,1.77,21.61,
2026-07-22,SURC,135.01,136.17,138.8,132.54,152.48,88,6.65B,48.81M,9.76M,5.34K,20,3.67,29.17,5.06,0.46,4.67,0.8
2026-07-22,SYM,11.37,11.35,11.53,11.3,17.04,9.01,3.24B,285.25M,156.89M,1.24M,55,,,,,,
2026-07-22,SYS,136.5,135.62,138.5,135.2,174.4,105.98,199.82B,1.47B,957.71M,1.78M,65,1.47,7.86,13.4,3.23,17.25,0.22
2026-07-22,SZTM,88,90.21,93,82.4,127.25,36,1.62B,17.97M,1.8M,75.32K,10,,,,,,
2026-07-22,TATM,137,130.73,137,127.02,311,82,7.32B,55.99M,11.2M,26.77K,20,,,,,,
2026-07-22,TCORP,22.75,22.44,22.75,22.01,31.87,15.62,1.49B,66.21M,23.17M,20.07K,35,0,0.85,0.7,0.39,26.32,-1.46
2026-07-22,TELE,8.75,8.65,8.85,8.6,14.09,6.22,2.93B,338.62M,326M,4.79M,96.27,0,0.51,1.67,0.66,17.04,0.69
2026-07-22,TGL,193,189.53,193,188,291.5,128,32.63B,172.17M,68.87M,79.11K,40,3.69,24.49,13.38,1.33,7.74,0.25
2026-07-22,THCCL,65,64.53,66.12,64,103.5,42.52,32.17B,498.59M,174.51M,5.24M,35,0,7.24,24.4,3.16,8.91,0.05
2026-07-22,TICL,969.98,1048.37,1048.37,969.79,1270,375,15.75B,15.02M,226.46K,2.79K,1.51,0.95,182.06,7.68,1.28,5.76,0.29
2026-07-22,TOMCL,38,37.26,38,37.01,75.85,28.3,7.32B,196.34M,107.99M,1.83M,55,0,1.84,2.74,1.11,20.25,2.18
2026-07-22,TOWL,123,122.07,123.87,122.07,195.95,92.5,2.08B,17M,3.4M,5.8K,20,,,,,,
2026-07-22,TPLRF1,10.32,10.08,10.44,10.04,18.39,7.5,18.5B,1.83B,1.38B,11.86M,75,,,,,,
2026-07-22,TREET,22.8,22.56,22.8,22.41,37,19.55,8.37B,371.03M,185.51M,1.36M,50,0,1.29,1.81,1.03,17.43,0.49
2026-07-22,TRSM,15.38,15.48,16.15,14.65,71.65,8,461.3M,29.8M,23.84M,877.79K,80,,,,,,
2026-07-22,UBDL,25.54,24.12,25.54,24.1,34.5,20.01,2.21B,91.8M,4.59M,34.17K,5,,,,,,
2026-07-22,UDLI,18.25,17.99,18.25,17.5,25.5,8.31,631.82M,35.12M,14.05M,49.69K,40,,,,,,
2026-07-22,UDPL,123,119.99,123,119.67,168.99,72,4.23B,35.27M,5.29M,4.17K,15,,,,,,
2026-07-22,UNITY,10.41,10.3,10.56,10.25,31.74,7.51,12.3B,1.19B,537.32M,6.83M,45,0,1.6,2.34,0.66,6.44,0.11
2026-07-22,UPFL,25250,25299,25400,25250,36971.47,22562.78,161.15B,6.37M,521.22K,29.4,8.18,5.76,1001.9,14.74,19.01,25.25,1.02
2026-07-22,WAFI,184,177.73,184.29,176.5,260,165,38.04B,214.02M,32.1M,66.23K,15,,,,,,
2026-07-22,WAHDAT,17.01,16.79,17.39,16.7,21.78,16.26,5.63B,335.22M,83.81M,393.1K,25,,,,,,
2026-07-22,WAHN,290.02,294.45,294.99,290.02,435,225.23,2.65B,9M,3.15M,904.2,35,3.4,51.77,9.43,0.92,5.69,0.35
2026-07-22,WASL,6.24,6.1,6.45,6,6.49,4.31,980.38M,160.72M,96.43M,3.11M,60,,,,,,
2026-07-22,WAVES,10.62,10.37,10.62,10.21,16.95,8.02,2.92B,281.41M,196.98M,1.17M,70,0,1,5.91,0.29,10.32,-2.16
2026-07-22,ZAHID,80.11,77.16,82.9,75.5,161,32.69,14.77B,191.42M,5.94M,136.21K,3.11,0,7.93,3.96,0.68,9.73,0.74
2026-07-22,ZAL,39.77,39.41,40.3,39.25,79.5,23.11,10.35B,262.5M,65.62M,401.66K,25,,,,,,
2026-07-22,ZIL,370,360.51,374.99,360,722,300,2.21B,6.12M,306.13K,292.8,5,,,,,,
2026-07-22,ZTL,19.44,19.04,19.94,18.25,24.48,9.75,1.13B,59.43M,14.86M,146.94K,25,0,-0.82,-0.65,0.45,-23.27,3.14
2026-07-23,ABOT,920,916.87,930,914,1304,821,89.76B,97.9M,21.17M,19.98K,21.63,4.36,84.85,10.97,2.66,10.81,0.61
2026-07-23,ACPL,224.99,219.98,224.99,219.9,325.01,205,30.23B,137.43M,13.74M,246.84K,10,3.86,20.97,6.74,1.27,10.49,0.76
2026-07-23,ADAMS,66.71,65.4,68,63.71,90.98,57.25,1.13B,17.29M,3.46M,2.34K,20,6.12,9.29,1.54,0.22,7.04,-6.07
2026-07-23,AGIL,154.1,149.98,155.72,149.25,198,121.2,5.4B,36M,21.6M,3.96K,60,1.17,24.75,5.37,0.8,6.06,0.48
2026-07-23,AGP,191.5,190.72,193,189,258.67,163,53.4B,280M,84M,151.68K,30,4.19,13.41,13.14,3.27,14.22,0.25
2026-07-23,AGTL,373,364.21,373,361.01,497,288,21.11B,57.96M,3.67M,11.66K,6.34,0,35.36,8.63,1.88,10.3,1.27
2026-07-23,AHTM,129.49,118.5,129.49,112.02,134.15,60,1B,8.47M,1.27M,19.34K,15,1.27,12.65,2.07,0.42,9.36,-3.6
2026-07-23,AIRLINK,132.64,135.43,137.98,129.88,199,118,53.53B,395.27M,118.58M,1.99M,30,6.65,14.02,6.35,2.92,9.66,
2026-07-23,AKGL,54.75,54.57,54.75,50.54,68.75,50.54,545.7M,10M,1M,238.8,10,,,,,,
2026-07-23,ALNRS,134,133.01,136,131.5,144,82,2.72B,20.47M,4.09M,760.4,20,3.01,13.88,1.67,0.38,9.58,3.9
2026-07-23,ANL,10.27,9.9,10.27,9.76,13.7,8.01,4.81B,485.41M,242.7M,239.67K,50,0,1.6,1.96,0.31,6.18,0.39
2026-07-23,ANTM,54.99,52.58,54.99,48,66.38,20.81,507.92M,9.66M,1.45M,3.76K,15,,,,,,
2026-07-23,ARCTM,37,36.92,37.95,36,46.98,24.14,486.41M,13.17M,2.7M,21.1K,20.52,,,,,,
2026-07-23,ARPL,378,380,381,375.12,535,325,13.13B,34.56M,8.64M,2.01K,25,7.89,38.21,4.75,2.71,9.95,4.71
2026-07-23,ASHT,31.59,28.63,31.59,27.42,70,13.64,1.33B,46.57M,2.33M,4.42K,5,,,,,,
2026-07-23,ASL,12.6,12.41,12.69,12.32,15.94,8.51,11.55B,930.78M,279.24M,2.95M,30,0,0.07,0.28,1.16,178.3,-13.48
2026-07-23,ASTM,24.13,23.04,24.86,22.51,41.94,12,349.68M,15.18M,2.28M,130.53K,15,,,,,,
2026-07-23,ATBA,206.42,204.07,208.77,203,311.98,169.02,7.15B,35.02M,8.75M,6.17K,25,0,2.24,0.23,0.9,91.24,446.32
2026-07-23,ATRL,911,929.43,933.4,910,1005,597.1,99.09B,106.62M,42.65M,1.49M,40,0.81,180.56,6.62,0.58,5.15,-0.01
2026-07-23,AVN,32.68,32.06,32.68,31.9,54.3,26.5,13.78B,429.67M,150.38M,320.62K,35,3.12,1.02,2.52,0.92,31.43,-11.63
2026-07-23,AWTX,1744.6,1586,1744.6,1744.6,1744.6,1270,1.27B,800K,4.5K,1,0.56,0,9.84,0.15,1.01,161.26,-19.84
2026-07-23,BAFS,487.86,466.23,507.36,460,507.36,70.41,4.41B,9.45M,472.5K,11.71K,5,0.43,60.89,8.1,2.15,7.66,0.05
2026-07-23,BATA,965.97,951.48,965.97,950.11,1750,875,7.19B,7.56M,1.79M,711.4,23.67,0,-368,-15.26,2.38,-2.59,0.12
2026-07-23,BBFL,44.5,42.17,44.66,42,57.35,34,12.6B,298.91M,115.24M,435.02K,38.55,,,,,,
2026-07-23,BCL,72.6,71.63,73,71,130,56.02,821.78M,11.47M,6.31M,1.98K,55,0,-1.36,-1.1,2.58,-52.84,4.18
2026-07-23,BECO,5.22,5.09,5.22,5.08,73.6,3.9,6.36B,1.25B,437.37M,2.27M,35,,,,,,
2026-07-23,BERG,99.17,99.26,101.89,99.01,141,80.65,2.44B,24.55M,9.82M,86.5K,40,5.04,12.44,3.37,0.64,7.98,
2026-07-23,BFAGRO,33.18,33.12,33.94,33.1,49.25,29.03,10.27B,309.99M,77.5M,305.51K,25,,,,,,
2026-07-23,BFBIO,129.99,128.51,130.99,128.1,189.97,124,11.35B,88.33M,26.5M,71.36K,30,,,,,,
2026-07-23,BFMOD,22.98,21.75,22.98,20.52,38.84,10,163.45M,7.52M,2.63M,84.86K,35,,,,,,
2026-07-23,BHAT,818,806.37,818,818,1040,726.06,2.45B,3.04M,152.05K,16,5,0,30.09,0.28,0.23,26.8,3.78
2026-07-23,BIFO,126.93,125.57,128.4,122.52,207.1,79.1,5.82B,46.38M,16.23M,444.09K,35,5.97,9.41,12.78,1.79,13.34,0.62
2026-07-23,BIPL,27,26.77,27.18,26.45,44.1,23.6,29.68B,1.11B,166.31M,324.66K,15,10.27,3.87,5.45,0.64,6.91,
2026-07-23,BLUEX,7.1,6.86,7.15,6.52,80.85,4.9,1.95B,284.28M,113.71M,3.31M,40,,,,,,
2026-07-23,BNL,6.11,6.21,6.5,6.11,170.73,6.01,4.15B,668.05M,434.23M,1.31M,65,0,0.67,5.69,1.41,9.31,0.58
2026-07-23,BNWM,67.59,66.03,68.49,66,88.86,50,627.7M,9.51M,4.75M,6.87K,50,0,-9.58,-7,0.19,-6.89,-0.31
2026-07-23,BPL,55.25,54.05,55.25,54,80.97,20.01,1.22B,22.49M,6.75M,23.22K,30,,,,,,
2026-07-23,BRRG,51.45,49.11,53.26,48.5,53.77,27.53,4.67B,95.01M,47.5M,26.27K,50,,,,,,
2026-07-23,BTL,945,952.78,960,945,1580,275.01,6.13B,6.43M,321.6K,62.75,5,0,-35.67,-0.77,0.81,-26.71,
2026-07-23,BUXL,170.98,170,174.5,160.01,274.4,133.02,244.8M,1.44M,576K,4.04K,40,0,-17.12,-4.42,1.5,-9.93,0.11
2026-07-23,BWHL,225.22,222.84,227,220,257.92,148.5,2.97B,13.33M,7.33M,5.06K,55,7.63,29.35,14.67,1.26,7.59,0.06
2026-07-23,CCM,55.15,52.77,57.99,52.62,68.88,34.4,1.2B,22.66M,10.2M,174.47K,45,0,2.96,-0.18,0.17,17.82,-0.99
2026-07-23,CEPB,27.76,27.6,28.49,27.5,46.7,24.59,11.09B,401.71M,120.51M,365.15K,30,0,-1.87,-1.96,0.85,-14.77,0.99
2026-07-23,CFL,55,58.36,64.78,55,94.01,45.1,724.71M,12.42M,3.73M,3.4K,30,0,-49.59,-18.39,0.19,-1.18,0.03
2026-07-23,CHAS,107.9,105.34,107.9,105.02,160.49,56.01,3.02B,28.69M,4.3M,4.67K,15,0,-57.51,-5.08,0.29,-1.83,-0.16
2026-07-23,CHCC,307.9,301.54,311,300.55,390,225,58.59B,194.3M,116.58M,193.33K,60,1.82,37.91,19.73,1.56,7.95,0.31
2026-07-23,CLOV,7.68,7.62,7.76,7.51,88.64,6.59,2.97B,389.29M,214.11M,651.64K,55,0,0.61,4.44,4.07,12.48,-0.31
2026-07-23,CNERGY,9.8,10.1,10.25,9.8,11.11,5.87,55.48B,5.49B,1.37B,135.26M,25,0,2.78,4.49,0.25,3.63,0.06
2026-07-23,COLG,1230.35,1229.02,1244.93,1216,1335,1050,298.37B,242.77M,24.28M,4.45K,10,4.76,73.22,14.79,8.18,16.79,0.36
2026-07-23,CPHL,73.92,72.97,73.92,72.72,104.25,69.25,16.67B,228.46M,114.23M,345.77K,50,4.8,4.8,7.92,1.52,15.2,
2026-07-23,CPPL,104,102.08,105.5,100,125.5,64.79,5.01B,49.1M,29.46M,60.77K,60,2.94,1.5,0.52,0.58,68.08,-5.25
2026-07-23,CRTM,77.25,75.58,77.49,75.5,96.5,16.6,7.56B,100M,60M,13.08K,60,0,1.31,0.69,0.59,57.79,-8.02
2026-07-23,CSAP,103.4,105.29,106.6,102.63,143.5,78.25,8.17B,77.63M,34.93M,265.78K,45,7.12,5.08,4.79,0.91,20.71,2.9
2026-07-23,DAAG,89.4,85.91,89.4,83.5,120.25,52,343.64M,4M,970.7K,773.2,24.27,,,,,,
2026-07-23,DADX,89.02,89.02,89.02,87,121.88,42.75,958.21M,10.76M,538.2K,1.14K,5,0,-30.29,-37.21,3.7,-2.94,0.05
2026-07-23,DCL,11.84,11.72,12.09,11.5,16.31,6.61,6.38B,544.11M,190.44M,11.48M,35,0,-2.37,-4.8,0.26,-4.94,0.04
2026-07-23,DCR,38.56,38.4,38.7,38.3,41.8,27.9,85.39B,2.22B,555.92M,381.26K,25,6.72,2.31,78.71,1.12,16.62,
2026-07-23,DFSM,18.4,17.72,19.1,17.55,35.24,3.75,1.73B,97.75M,34.21M,4.21M,35,,,,,,
2026-07-23,DGKC,203.02,196.67,206.1,195.11,275.75,145.1,86.16B,438.12M,219.06M,4.06M,50,1.02,27.64,14.23,0.77,7.12,0.25
2026-07-23,DINT,71.55,72.9,73.92,68.2,96,41.36,3.82B,52.47M,7.87M,1.81K,15,0,-3.91,-0.63,0.55,-18.63,-1.77
2026-07-23,DMC,195,184.63,195.89,181.1,351.9,43.05,563.56M,3.05M,915.73K,292.8,30,,,,,,
2026-07-23,DNCC,17.3,17.15,17.6,17.1,28.07,14,5.43B,316.36M,94.91M,151.97K,30,0,-0.39,-1.76,2.62,-43.64,-0.3
2026-07-23,DOL,29.65,29.65,29.7,29.45,41,25.36,5.19B,175.03M,52.51M,167.13K,30,13.49,2.55,8.79,1.73,11.64,-3.83
2026-07-23,DYNO,350,345.15,353.99,345,366.9,254.3,6.51B,18.87M,12.27M,9.47K,65,4.71,55.14,7.33,1.2,6.26,0.69
2026-07-23,ECOP,50.45,50,51,49.77,78.25,33.82,2.41B,48.26M,36.19M,49.65K,75,4,7.67,5.37,1.33,6.51,0.16
2026-07-23,EFERT,190.3,187.49,190.99,185.11,263.3,185.11,250.36B,1.34B,600.88M,607.93K,45,7.87,17.26,9.42,5.86,10.86,-1.57
2026-07-23,ELCM,224.99,227.34,224.99,210,343.44,124,295.54M,1.3M,260K,275.8,20,0,-24.15,-3.34,4.36,-9.41,0.15
2026-07-23,ELSM,126,129.18,132,115.41,138,99,1.41B,10.95M,3.29M,508,30,3.1,3.97,0.28,0.33,32.5,-27.24
2026-07-23,EMCO,51.56,51.13,54.69,51,98.89,31.29,1.79B,35M,10.5M,8.92K,30,,,,,,
2026-07-23,ENGROH,274.11,267.43,275.5,266.03,302.5,206.8,322.05B,1.2B,903.17M,1.78M,75,0,53.18,10.18,,5.03,0.31
2026-07-23,EPCL,32.26,32.68,32.97,32.1,39.32,27.01,29.7B,908.92M,227.23M,946.92K,25,0,-2.97,-3.28,1.43,-10.99,1.01
2026-07-23,EPQL,25.81,26.02,26.17,25.81,34.98,22.3,8.43B,323.8M,161.9M,304.3K,50,45.16,1.86,5.05,0.74,13.97,-4.94
2026-07-23,EXIDE,509.59,489.8,509.59,487,900,365,3.81B,7.77M,1.94M,6.24K,25,1.02,55.53,2.2,0.51,8.82,
2026-07-23,FABL,100,98.98,100,98.5,106,69.33,150.22B,1.52B,531.19M,708.65K,35,6.57,15.03,11.4,1.32,6.59,
2026-07-23,FANM,7.49,7.25,7.49,7.18,10.83,4.25,167.47M,23.1M,11.55M,182.48K,50,,,,,,
2026-07-23,FASM,319,307.86,319,305.2,430,240.02,3.08B,10M,1M,2.96K,10,0,-52.85,-1.19,0.29,-5.83,-1.44
2026-07-23,FATIMA,155.49,150.87,156.94,149.5,192.8,107,316.83B,2.1B,315M,1.12M,15,6.3,17.58,13.62,1.83,8.58,0.24
2026-07-23,FCCL,52.7,51.25,53.75,50.91,62.84,36.26,125.71B,2.45B,858.5M,6.42M,35,2.44,5.99,16.04,1.37,8.55,0.08
2026-07-23,FCEPL,103.5,101.52,103.5,101.25,118.01,63.86,77.82B,766.6M,76.66M,234.88K,10,3.45,4.51,3.23,4.14,22.51,0.66
2026-07-23,FCL,24.09,23.79,24.19,23.7,28.56,19.65,15.33B,644.58M,161.14M,653.02K,25,,,,,,
2026-07-23,FECM,17.45,17.44,19.5,17,57.06,11.75,197.77M,11.34M,8.51M,26.17K,75,,,,,,
2026-07-23,FECTC,106.34,100.89,107.97,98.15,195.75,72,5.06B,50.16M,12.54M,109.84K,25,1.98,14,5.6,1,7.21,-0.06
2026-07-23,FEM,11.49,10.8,11.49,10.6,17.7,4.8,566.35M,52.44M,36.71M,38.81K,70,,,,,,
2026-07-23,FEROZ,375.01,381,387.7,375.01,475,293.01,16.56B,43.47M,17.39M,8.71K,40,1.05,21.66,4.15,1.28,17.59,0.78
2026-07-23,FFC,543.91,535.13,546.98,533,685,425,770.06B,1.44B,791.46M,1.17M,55,7.19,59.83,16.49,2.82,8.94,0.14
2026-07-23,FFL,16.61,16.18,16.65,16.09,23.93,14,40.77B,2.52B,503.99M,1.65M,20,0,0.44,3.79,3.72,36.39,-0.11
2026-07-23,FFLM,14.16,13.56,14.47,13.5,27.23,4.4,358.17M,26.41M,17.17M,318.89K,65,,,,,,
2026-07-23,FHAM,32.65,32.47,32.8,32.45,39.49,23.81,3.6B,110.83M,94.21M,5.35K,85,6.93,7.53,17.05,0.59,4.31,0.1
2026-07-23,FIBLM,13.77,13.77,13.99,12.8,22.24,6.7,298.64M,21.69M,10.84M,688.13K,50,0,0.94,43.94,1.19,14.7,0.41
2026-07-23,FIMM,213.5,200,213.5,213.5,397.69,173.39,600M,3M,900K,26.4,30,,,,,,
2026-07-23,FLYNG,42.55,41.25,42.6,40.05,61,39.2,28.66B,694.8M,104.22M,12.92K,15,0,1.29,5.99,2.23,31.93,0.12
2026-07-23,FML,55.01,51.09,55.97,50.02,86,34.05,20.41B,399.41M,39.94M,94.72K,10,0,0.46,0.27,0.6,110.94,-25.28
2026-07-23,FPJM,9.91,9.47,10.34,9.4,14.99,4.23,322.17M,34.02M,13.61M,2.04M,40,0,-3.22,-38.72,-0.69,-2.94,0.43
2026-07-23,FPRM,12.8,12.8,12.8,12.72,16.99,9,176.49M,13.79M,6.2M,32.91K,45,,,,,,
2026-07-23,FRCL,105.89,99.58,105.89,92.02,118.45,39.02,3.77B,37.87M,1.89M,561,5,,,,,,
2026-07-23,FRSM,48,44.55,48,44.25,63.48,34.22,1.76B,39.51M,11.85M,4.42K,30,0,17.31,5.93,0.8,2.57,0.03
2026-07-23,FTMM,16.64,16.25,16.64,16.25,23.75,11.14,3.18B,195.6M,9.78M,984.6,5,9.23,0.5,2.47,1.14,32.78,-1.48
2026-07-23,FTSM,31.99,28.52,32,28,57,11.52,603.57M,21.16M,8.47M,12.17K,40,,,,,,
2026-07-23,FZCM,255,252,255,252,369.89,185.52,7.56B,30M,3M,972.4,10,0,3.02,0.1,0.15,83.52,41.11
2026-07-23,GADT,270.03,269.58,275.49,268.13,530,215,7.56B,28.03M,8.41M,8.3K,30,0,43.77,1.72,0.31,6.16,0.52
2026-07-23,GAL,575,563.16,577.77,560,633,291,32.1B,57M,22.8M,594.19K,40,1.78,117.24,12.52,1.68,4.8,0
2026-07-23,GATI,83.05,82.15,85.8,81.55,164.64,62.55,8.93B,108.73M,16.31M,12.46K,15,0,-10.67,-4.01,0.75,-7.7,-5.43
2026-07-23,GATM,26.26,25.93,26.59,25.86,40.7,16.5,19.19B,740.06M,185.01M,714.42K,25,0,2.72,1.18,0.37,9.55,0.82
2026-07-23,GCIL,35.65,34.66,35.95,34.51,40.6,23.81,19.77B,570.45M,228.18M,2.68M,40,0,5.27,33.37,,6.58,
2026-07-23,GCWL,16.02,15.81,16.16,15.75,25.15,11.75,3.95B,250.14M,111.05M,493.46K,44.39,,,,,,
2026-07-23,GDL,18.39,17.22,18.39,16.9,33,16.9,7.39B,429.2M,107.3M,756.11K,25,,,,,,
2026-07-23,GEMBCEM,11.3,11.25,11.3,11.25,14.5,9.64,1.12B,100M,25M,4.65K,25,,,,,,
2026-07-23,GEMMEL,0,24.73,0,0,39,19.1,4.8B,194.1M,19.41M,1.5,10,,,,,,
2026-07-23,GEMPACRA,36,39.62,36,36,49,22,2.95B,74.53M,7.45M,101,10,,,,,,
2026-07-23,GEMPAPL,11.75,11.75,11.75,10.75,19,9,235M,20M,15M,2,75,,,,,,
2026-07-23,GFIL,30.7,30.77,31.6,30.7,35.18,11.1,1B,32.64M,3.26M,21.38K,10,,,,,,
2026-07-23,GGGL,9,8.93,9.03,8.7,14.47,6.7,2.14B,240M,120M,778.09K,50,0,0.54,4.51,0.73,16.67,0.77
2026-07-23,GGL,24.97,24.99,25.8,24.35,31.31,14.1,8.85B,354.12M,177.06M,3.92M,50,0,9.78,31.53,1.1,2.56,0.05
2026-07-23,GHGL,38.05,37.51,38.11,37.3,52.25,27.78,37.5B,999.71M,349.9M,124.03K,35,5.33,6.21,13.11,0.93,6.04,0.24
2026-07-23,GHNI,1165.2,1149.38,1182,1145,1285.15,590,48.97B,42.61M,14.91M,239.58K,35,0.87,162.33,11.84,2.66,7.08,0.02
2026-07-23,GIL,0,1000,0,0,0,0,0,0,0,0,0,0.3,15.14,0.25,0,66.03,-14.54
2026-07-23,GLAXO,349.18,344.65,350.01,343,459.94,293.09,109.76B,318.47M,63.69M,134.77K,20,4.93,33,15.6,3.02,10.44,0.17
2026-07-23,GOC,230,223.19,230,211.1,230,77,1.64B,7.35M,1.1M,37.48K,15,0.45,4.14,6.12,2.28,53.86,1.89
2026-07-23,GTYR,32.3,32.11,32.5,31.21,49.46,22.26,3.92B,121.93M,48.77M,1.26M,40,0,-6.34,-4.84,0.61,-5.06,0.53
2026-07-23,GVGL,55.52,54.6,55.8,54.5,75,43.65,8.19B,149.94M,29.38M,1.95K,19.59,5.49,6.64,15.54,1.62,8.22,
2026-07-23,GWLC,49.4,46.57,49.4,45.11,77.96,38.75,18.64B,400.27M,40.03M,131.49K,10,3.22,6.74,12.64,0.68,6.91,0.49
2026-07-23,HAEL,30,27.53,30,27.25,37.96,14.91,357.79M,13M,1.95M,65.84K,15,,,,,,
2026-07-23,HAFL,485,499.98,510,485,629.5,283.58,599.98M,1.2M,42.48K,163,3.54,,,,,,
2026-07-23,HALEON,756.75,749.36,759.8,747.51,1010,655,87.72B,117.05M,15.74M,22.04K,13.44,4,55.96,15.35,6.02,13.39,0.19
2026-07-23,HCAR,238.75,230.26,238.75,228.51,321,147.5,32.88B,142.8M,28.56M,424K,20,3.91,22.64,2.64,1.29,10.17,32.55
2026-07-23,HINO,398,395.09,410,395,634.5,264.69,9.8B,24.8M,2.55M,10.81K,10.28,2.76,21.82,4.92,1.62,18.1,0.25
2026-07-23,HINOON,998.8,965.57,998.8,962,1241,755.56,51.16B,52.98M,21.19M,17.54K,40,5.18,75.63,14.32,3.46,12.77,0.3
2026-07-23,HPL,4049.99,4017.43,4049.99,4006,4889.99,2925.66,38.75B,9.64M,964.48K,45.2,10,5.97,317.04,9.84,4.35,12.67,0.29
2026-07-23,HRPL,20.3,20.69,21.8,19.5,37,16.51,827.6M,40M,8M,118.84K,20,0,-3.09,-5.61,1.11,-6.7,0.28
2026-07-23,HTL,40.13,39.79,40.4,39.55,66.5,31.01,5.54B,139.2M,34.8M,138.3K,25,0,3.83,1.49,0.84,10.4,1
2026-07-23,HUBC,217,214.18,218.9,213.89,249.99,144,277.82B,1.3B,972.87M,2.36M,75,11.67,34.65,63.41,1.23,6.18,-4.96
2026-07-23,IBFL,296,299.22,304.01,290,397.32,176.55,92.91B,310.51M,15.53M,382.6,5,0,-1.49,-0.44,1.62,-200.44,-18.63
2026-07-23,IBLHL,50.48,47.54,50.48,47.01,85.82,36,4.68B,98.53M,24.63M,190.92K,25,0,2.44,5.36,1.88,19.49,5.24
2026-07-23,ICCI,14.65,13.61,14.75,13.22,17.91,8.61,408.32M,30M,4.5M,93.35K,15,,,,,,
2026-07-23,ICL,137.01,136.93,138.19,135.7,176,83,13.69B,100M,45M,36.87K,45,2.19,13.74,4.34,1.25,9.97,0.38
2026-07-23,IDEAL,47.01,45.41,49.9,43.2,87.7,15.75,450.47M,9.92M,1.49M,5.56K,15,,,,,,
2026-07-23,IDRT,39.75,37.16,39.99,36.02,68.08,19.3,737.73M,19.85M,1.99M,61.26K,10,,,,,,
2026-07-23,ILP,100,97.91,101.4,96.7,110.5,67.3,137.24B,1.4B,280.34M,730.98K,20,3.06,8.3,6.45,2.25,11.8,0.2
2026-07-23,IMAGE,26.31,26.19,26.61,26.12,32.46,19,6.03B,230.37M,149.74M,577.36K,65,7.64,3.49,17.93,1.24,7.5,
2026-07-23,INIL,165,161.38,165.95,161,249,127.3,21.28B,131.88M,59.35M,54.71K,45,3.72,14.32,1.72,0.66,11.27,-3.64
2026-07-23,INKL,91.72,93.17,95,83.8,126,30.15,901.42M,9.68M,3.87M,4.26K,40,,,,,,
2026-07-23,IPAK,35.85,35.52,36.28,35.25,38,21.02,26.11B,735.21M,220.56M,424.7K,30,1.61,3.81,7.22,2.04,9.33,
2026-07-23,IREIT,8.05,8.03,8.13,7.95,13.05,7.26,2.22B,275.86M,96.55M,139.51K,35,,,,,,
2026-07-23,ISIL,1935,1900.11,1935,1900,2370,1725.01,126.09B,66.36M,3.32M,233.8,5,0.26,62.5,3.31,4.55,30.4,0.46
2026-07-23,ISL,82.5,80.4,82.5,80,135,65.45,34.97B,435M,152.25M,197.4K,35,5.6,6.93,3.59,1.37,11.6,-2.8
2026-07-23,ITANZ,40.8,41.75,42.8,39.91,42.8,39.91,4.95B,118.6M,48.52M,2.05M,40.91,,,,,,
2026-07-23,ITTEFAQ,8.98,8.69,8.98,8.5,12.64,5.75,1.25B,144.34M,93.82M,2.63M,65,0,-3.91,-27.88,0.43,-2.22,
2026-07-23,JATM,36.74,34.98,36.74,34.8,49.08,14.61,440.79M,12.6M,1.89M,8.04K,15,,,,,,
2026-07-23,JDMT,152.97,154.56,157.49,147.5,175,60.1,1.07B,6.92M,2.07M,98.57K,30,,,,,,
2026-07-23,JDWS,910,947.81,960,910,1019.98,780,54.76B,57.78M,8.67M,160.6,15,5.28,172.77,7.74,1.41,5.49,0.13
2026-07-23,JSML,61,59.75,61.8,59.55,147.5,40.61,2.04B,34.13M,13.65M,33.77K,40,0,5.89,1.94,0.22,10.14,0.33
2026-07-23,JVDC,138,140.96,144,138,163.9,65.15,53.69B,380.86M,190.43M,443.93K,50,3.55,10.67,38.34,1.94,13.22,-0.01
2026-07-23,KCL,152.99,141.37,152.99,152,195.69,115.02,2.06B,14.55M,10.91M,87.75,75,,,,,,
2026-07-23,KEL,7.25,7.06,7.25,7.03,9.58,4.91,194.96B,27.62B,2.76B,19.71M,10,0,0.42,2.19,1.69,16.93,
2026-07-23,KHYT,2114.48,2028.88,2114.48,1996.11,2689,1131.01,2.49B,1.23M,20.67K,300,1.68,,,,,,
2026-07-23,KOHC,92.1,90.43,93.99,90.09,567.99,74,83.13B,919.31M,229.83M,521.85K,25,0,10.62,25.96,1.5,8.51,0.31
2026-07-23,KOHE,15.4,15.16,15.94,15.1,23.49,12.33,2.57B,169.46M,67.78M,80.11K,40,0,3.94,15.83,0.57,3.84,-0.37
2026-07-23,KOHTM,133.69,134.58,142,132.53,210,40,2.8B,20.8M,6.24M,124.83K,30,1.49,14.85,3.65,0.58,9.07,0.22
2026-07-23,KPUS,1227.87,1227.87,1227.87,1227.87,2849.99,115.11,19.67B,16.02M,800.88K,15.4K,5,0,5.5,1.09,4.95,223.25,7.22
2026-07-23,KSBP,260.5,261.17,263.98,255,263.98,155.2,8.07B,30.9M,8.37M,540.14K,27.08,0.38,7.14,3.26,1.9,36.58,3.74
2026-07-23,KTML,44.55,42.73,44.8,42.5,305,37.02,57.54B,1.35B,269.3M,1.53M,20,0.94,7.94,8.01,0.71,5.38,0.18
2026-07-23,LCI,226.44,224.12,227,223.5,396,201.17,103.5B,461.8M,92.36M,62.49K,20,5.11,20.25,8.25,1.84,11.07,0.54
2026-07-23,LEUL,51.9,47.36,51.9,47,72.68,25.76,284.16M,6M,1.8M,100.96K,30,,,,,,
2026-07-23,LIVEN,36.4,35.54,36.4,35.51,76.5,27.82,4.02B,113.04M,11.3M,31.07K,10,,,,,,
2026-07-23,LOADS,13.49,13.06,13.49,13,22.6,10.93,4.85B,371.25M,185.62M,913.93K,50,0,1.07,4.28,0.93,12.24,-0.01
2026-07-23,LOTCHEM,29.32,29.12,29.85,28.8,34.3,18.41,44.09B,1.51B,378.55M,14.62M,25,22.32,3.09,5.49,2.17,9.42,-3.86
2026-07-23,LPGL,94.46,92.99,94.46,89,133.91,63.01,697.42M,7.5M,1.88M,1.43K,25,,,,,,
2026-07-23,LUCK,444.7,434.29,447.4,432,529.5,339,636.23B,1.47B,439.5M,1.35M,30,0.92,56.88,16.86,1.58,7.64,0.15
2026-07-23,MACFL,70,68.96,72.22,68.5,86.98,19.52,4.09B,59.3M,23.72M,229.98K,40,0.73,2.13,1.96,1.76,32.35,7.65
2026-07-23,MACTER,289.89,286.18,298,281.88,443.5,255.1,13.11B,45.81M,18.32M,32.57K,40,1.33,17.8,6.82,3.25,16.07,0.3
2026-07-23,MARI,646,636.99,649.96,635,795,544.56,764.78B,1.2B,240.12M,383.76K,20,4.71,57.11,37.45,2.68,11.15,0.49
2026-07-23,MEBL,540,538.5,547.05,536,582,349.89,969.6B,1.8B,450.14M,849.97K,25,5.29,50.58,19.77,3.41,10.65,
2026-07-23,MEHT,199.74,192.04,199.74,190,389,180,5.76B,30M,19.5M,19.21K,65,0,39.74,1.87,0.3,4.83,0.12
2026-07-23,MERIT,10.1,9.75,10.1,9.6,14.69,7.1,1.95B,199.96M,39.99M,47.39K,20,0,-1.75,-10.52,0.83,-5.58,0.01
2026-07-23,MFFL,173.02,177.1,178,173.01,237,139.66,4.05B,22.88M,3.85M,3.55K,16.82,,,,,,
2026-07-23,MFL,42,40.65,42,40.06,85.73,39.1,4.98B,122.4M,42.84M,140.46K,35,0,4.13,1.98,0.46,9.83,0.2
2026-07-23,MIRKS,35.26,34.8,35.99,34.17,44.5,22.28,2.32B,66.56M,29.95M,32.01K,45,0,0.03,0.01,0.96,1270.07,18.98
2026-07-23,MLCF,92,88.82,92.5,88.2,132.99,71,93.04B,1.05B,471.4M,12.3M,45,0,10.74,15.15,1.24,8.27,0.2
2026-07-23,MQTM,30.5,31.47,31.47,28.21,49,17.97,580.06M,18.43M,4.61M,199.64K,25,0,-79.43,-17.35,1.83,-0.4,0.01
2026-07-23,MRNS,63.97,61.72,63.97,61.41,94.01,52.32,4.62B,74.93M,26.22M,15.84K,35,10.53,22.15,14.35,0.99,2.79,
2026-07-23,MSCL,21.42,20.37,21.42,20.25,46.53,12.05,631.01M,30.98M,7.74M,111.84K,25,,,,,,
2026-07-23,MTL,287.99,284.36,287.99,283.92,636.99,281,113.47B,399.03M,179.56M,151.68K,45,6.15,18.49,12.64,14.67,15.38,0.9
2026-07-23,MUGHAL,79.39,78.05,80.2,77.43,113.99,59,26.2B,335.63M,117.47M,586.38K,35,0,6.37,2.8,0.87,12.25,0.85
2026-07-23,MWMP,63.99,62.31,64,60,170.95,30.1,1.79B,28.75M,7.19M,9.72K,25,,,,,,
2026-07-23,NATM,77,85.16,77,77,92.94,77,1.81B,21.27M,1.06M,1,5,0,-53.59,-51.27,0.83,-1.59,0.05
2026-07-23,NESTLE,7688.13,7719.66,7744.3,7645,10524.97,7000,350.08B,45.35M,4.53M,128.4,10,7.22,393.76,8.81,13.02,19.61,1.29
2026-07-23,NETSOL,121,118.88,121.89,118.5,164.59,87.66,10.68B,89.84M,26.95M,151.96K,30,0,32.29,21.96,0.85,3.68,0.09
2026-07-23,NML,140.55,140.29,142.99,138.4,208.4,120,49.33B,351.6M,158.22M,1.79M,45,1.43,33.41,5.75,0.29,4.2,1.46
2026-07-23,NONS,100,95.74,100,95.02,157.1,70.02,1.58B,16.52M,3.3M,7.3K,20,4.18,39.15,4.55,0.75,2.45,0.17
2026-07-23,NRL,411.98,416.15,420,410,477.45,224,33.28B,79.97M,26.31M,3.6M,32.91,0,108.68,2.33,0.56,3.83,0.01
2026-07-23,NRSL,33,33.24,33.7,33,39.25,20.6,4.7B,141.32M,42.4M,10.63K,30,0,2.09,2.61,1.29,15.88,1.4
2026-07-23,NSRM,270,266.79,285,266.79,362.31,84.01,4.15B,15.55M,777.66K,15.52K,5,0,6.79,4.51,2.59,39.31,0.25
2026-07-23,OCTOPUS,32.01,30.73,32.01,30.4,60.89,24.35,4.83B,157.26M,47.18M,103.1K,30,,,,,,
2026-07-23,OGDC,317.04,311.95,319,310.65,352,222.05,1.34T,4.3B,645.14M,3.3M,15,5.13,36.17,39.85,0.95,8.62,0.76
2026-07-23,OLPM,24.9,25.04,25.5,24.8,25.98,19,1.14B,45.38M,34.04M,13.5K,75,9.98,3.44,9.88,0.85,7.29,-1.83
2026-07-23,OML,154.89,157.51,157.51,149,157.51,25.8,1.89B,12M,1.2M,71.34K,10,,,,,,
2026-07-23,ORM,10.48,10.25,10.54,10.15,16.79,9.2,768.75M,75M,26.25M,25.27K,35,,,,,,
2026-07-23,OTSU,409,400.06,409,391.15,447.94,254.95,4.84B,12.1M,3.02M,21.25K,25,0,28.78,8.39,4.5,13.9,1.83
2026-07-23,PAEL,41.11,40.99,42.35,40.9,64.6,32.01,37.86B,923.65M,508.01M,5.38M,55,0,4.46,5.86,0.75,9.19,0.32
2026-07-23,PAKD,125.9,120.53,125.9,120.5,247.74,85.01,1.43B,11.86M,5.06M,5.95K,42.63,,,,,,
2026-07-23,PAKOXY,284.1,280.03,291,278,356.68,206,24.4B,87.12M,21.78M,6.69K,25,0,22.58,14.35,1.96,12.4,0.15
2026-07-23,PAKQATAR,21,20.34,21.2,20.3,29.4,15.24,4.69B,230.71M,80.75M,418.2K,35,,,,,,
2026-07-23,PIBTL,16.51,15.96,16.65,15.93,22.97,9.33,28.51B,1.79B,803.74M,8.72M,45,0,1.18,14.81,1.62,13.54,7.71
2026-07-23,PICT,59.49,54.44,61.5,53.75,61.5,23.65,5.94B,109.15M,21.83M,1.58M,20,0,-1.17,-1281.2,4.39,-46.38,2.42
2026-07-23,PIM,21.05,22.3,25.28,21.05,31.33,16.16,446M,20M,1M,15.8K,5,,,,,,
2026-07-23,PIOC,301,282.84,303.8,281.62,427.5,200.01,64.25B,227.15M,34.07M,1.01M,15,3.54,24.32,14.8,1.28,11.63,0.19
2026-07-23,PKGS,786.2,780.03,793,780,855,611.01,69.72B,89.38M,17.88M,15.54K,20,2.05,-9.43,-0.43,1.06,-82.71,-3.52
2026-07-23,PMRS,607.7,558.89,607.7,542,835,264.72,2.1B,3.75M,387.66K,1.44K,10.34,0,-300.03,-3.27,0.48,-1.86,-0.12
2026-07-23,POML,162,162.46,163,162,240.95,113.11,1.26B,7.76M,3.11M,4.73K,40,,,,,,
2026-07-23,POWER,20.78,20.08,20.89,20.05,24.26,13.75,25.91B,1.29B,452.11M,824.71K,35.03,0,2.24,8.78,1.1,8.96,0.15
2026-07-23,PPL,216,212.66,219,212,284.6,164.5,578.64B,2.72B,669.51M,3.75M,24.61,4,28.99,33.84,0.77,7.33,
2026-07-23,PPP,134.01,132.97,134.01,132.2,279,91,1.06B,8M,4M,1.71K,50,3.76,17.67,7.84,0.59,7.53,0.31
2026-07-23,PQGTL,14.5,13.87,14.5,13.75,19.8,10.25,1.4B,101.11M,40.44M,153.85K,40,,,,,,
2026-07-23,PREMA,31,30.16,31,30.02,56.38,23,6.59B,218.64M,65.59M,469.37K,30,0,2.73,9.01,1.09,11.03,0.24
2026-07-23,PRL,51.88,52.54,52.9,51.05,53.74,23.2,33.1B,630M,227.29M,41.66M,36.08,0,19.07,3.89,0.86,2.76,0.02
2026-07-23,PSEL,909.89,887.68,909.89,886.55,1635,799,28.87B,32.52M,30.82M,181.6,94.76,0,5.58,1.22,0.64,159.07,5.48
2026-07-23,PSO,345,337.54,348,335.02,506.75,320.11,158.47B,469.47M,234.74M,1.88M,50,2.96,92.73,1.35,0.54,3.64,0.03
2026-07-23,PSYL,138.3,142.76,143,138.3,158,52.26,19.8B,138.7M,6.93M,1.04K,5,0,3.38,3.07,3.94,42.19,1.05
2026-07-23,PTL,54.5,51.36,54.5,51,65.88,45.12,8.63B,168M,42M,882.03K,25,7.79,6.4,3.09,1.07,8.03,
2026-07-23,QTECH,49.5,47.8,50.6,47.5,57.8,23.1,5.81B,121.58M,30.39M,1.43M,25,,,,,,
2026-07-23,QUICE,32.99,32.74,33,32.48,46.06,7.51,3.22B,98.46M,68.92M,243.89K,70,,,,,,
2026-07-23,REDCO,29.99,30.99,31,29.6,40.4,14.9,1.53B,49.29M,2.46M,6.95K,5,,,,,,
2026-07-23,REWM,174.65,166.58,174.66,165.12,244.05,96.02,5.13B,30.81M,10.78M,7.08K,35,,,,,,
2026-07-23,RMPL,9199.99,9192.73,9205.04,9120,13565.64,8500,84.91B,9.24M,461.82K,105.4,5,5.16,715.93,9.02,2.72,12.84,3.21
2026-07-23,RPL,16.93,16.28,16.93,16.16,25.05,12,2.31B,141.9M,44.42M,326.28K,31.3,0,0.13,0.16,0.26,129.21,-35.89
2026-07-23,RUPL,30.9,31.39,32.45,29.05,42.79,23.11,1.07B,34.07M,10.22M,3.24K,30,0,-20.94,-21.91,0.19,-1.5,0.03
2026-07-23,SANSM,120.01,126.18,132.69,116.11,148.99,41,1.51B,11.95M,6.57M,352.25,55,0,15.39,3.07,0.47,8.2,0.07
2026-07-23,SAPT,1430.01,1465.95,1499.89,1416.02,1606,1164,31.8B,21.69M,2.17M,24.75,10,0.68,387.04,5.77,0.39,3.79,0.25
2026-07-23,SARC,101,100.33,104,95.01,120.32,46.68,601.98M,6M,2.7M,15.41K,45,,,,,,
2026-07-23,SASML,388.91,388.91,395,388.91,469.49,76,4.05B,10.43M,2.61M,176.2,25,0.51,6.09,1.12,1.51,63.9,2.18
2026-07-23,SAZEW,1947,1910.72,1950,1901,2487,1246.41,115.5B,60.45M,21.16M,98.9K,35,3.66,303.75,12.89,3.25,6.29,0
2026-07-23,SCL,750,750.07,750,750,1125,288,2.93B,3.9M,195K,10.2,5,0,-53.91,-8.05,9.44,-13.91,1.05
2026-07-23,SEARL,91.5,88.65,91.5,88.1,137.44,76.37,52.15B,588.22M,294.11M,1.75M,50,0,2.04,6.01,1.52,43.54,181.04
2026-07-23,SEL,29.3,29.15,30.26,29,45.56,11.1,556.53M,19.09M,10.5M,13.94K,55,,,,,,
2026-07-23,SELECT,28.95,28.01,28.98,27.9,33.6,27.9,24.9B,888.89M,88.89M,868.34K,10,,,,,,
2026-07-23,SERT,49.3,45.25,50.45,44.5,84.49,19.17,623.89M,13.79M,2.07M,665.72K,15,,,,,,
2026-07-23,SGF,116.07,113.91,116.07,113,141.89,71.51,23.52B,206.47M,51.62M,104.27K,25,1.76,11.16,12.03,2.65,10.21,
2026-07-23,SGPL,64.4,64.4,71.44,64.4,129.07,7.2,1.15B,17.83M,16.05M,3.47M,90,,,,,,
2026-07-23,SHCM,58.69,58.65,58.69,56.68,96.58,30.52,1.03B,17.64M,1.76M,24.93K,10,,,,,,
2026-07-23,SHDT,52,51.83,53.97,51.05,81,36.46,1.18B,22.85M,8M,113.39K,35,,,,,,
2026-07-23,SHFA,530,523.91,530,512,615.28,424.13,33.12B,63.21M,28.45M,12.02K,45,0.95,41.05,8.72,2,12.76,0.26
2026-07-23,SHSML,368.88,369,374,359,549,326,7.79B,21.12M,7.39M,17.91K,35,5.42,41.33,4.41,0.61,8.93,0.8
2026-07-23,SIEM,1480.21,1473.55,1480.21,1480.21,1740,1335,12.15B,8.25M,412.35K,16.2,5,0,31.37,2.85,1.96,46.97,-2.45
2026-07-23,SINDM,23.7,22.63,23.7,22.51,41.25,12,1.02B,45M,4.5M,3.73K,10,,,,,,
2026-07-23,SITC,819.9,795.4,819.9,794,1060,555.32,17.04B,21.43M,6.43M,5.08K,30,1.38,65.36,4.3,0.86,12.17,0.75
2026-07-23,SLGL,15.85,15.09,16.1,15,26.5,13,6.36B,421.79M,126.54M,1.3M,30,,,,,,
2026-07-23,SLM,23.5,23.19,23.77,23.14,26.25,21.95,180.76B,7.79B,779.48M,3.87M,10,,,,,,
2026-07-23,SMCPL,42.84,40.99,42.84,40.99,57.3,23.52,1.02B,25M,7.5M,4.66K,30,,,,,,
2026-07-23,SNAI,39.45,38.51,39.45,37,43.9,24.5,768.85M,19.96M,6.99M,1.04K,35,0,6.54,5.84,1.08,5.88,-0.6
2026-07-23,SNGP,102.39,99.36,102.83,98.7,142.6,83.2,63.02B,634.22M,253.69M,2.02M,40,3.02,22.94,1.17,0.8,4.33,-0.79
2026-07-23,SPEL,47.24,45.58,47.24,45.4,83.5,32.91,9.1B,199.74M,39.95M,830.37K,20,2.63,6.37,13,1.36,7.15,0.17
2026-07-23,SPSL,17.03,16.76,17.37,16.7,23.45,16.7,28.16B,1.68B,335.98M,3.68M,20,,,,,,
2026-07-23,SRR,16.29,16.23,16.38,16.18,21,15.26,535.59M,33M,13.2M,63K,40,,,,,,
2026-07-23,SRVI,2075.34,2062.76,2080,2040,2464,1130,96.92B,46.99M,23.49M,14.43K,50,0.85,223.93,6.65,3.7,9.21,0.09
2026-07-23,SSGC,27.19,25.1,27.28,24.9,46.23,19.02,22.11B,880.92M,336.86M,9.78M,38.24,1.99,-2.87,-0.65,1.68,-8.76,88
2026-07-23,SSOM,455.41,455.16,465,450,1074,351.1,2.58B,5.66M,1.4M,13.1K,24.69,,,,,,
2026-07-23,STCL,11.19,10.91,11.19,10.8,19.4,8.55,2.61B,239.32M,131.63M,148.31K,55,0,-4.03,-8,1.5,-2.71,0.13
2026-07-23,STJT,144.49,141,144.49,135.01,162,70,1.36B,9.66M,1.45M,195.8,15,3.9,27.72,4.42,0.55,5.09,0.46
2026-07-23,STL,37,35.7,37.69,35.25,2231.81,35.25,3.84B,107.62M,43.05M,906.52K,40,,,,,,
2026-07-23,STML,53.76,59.14,59.14,53.76,70.38,22.8,510.97M,8.64M,2.59M,52.23K,30,0,-6.99,-1.76,0.67,-8.46,0.57
2026-07-23,STYLERS,51.89,49.64,51.89,48.25,61.12,36,24.27B,488.83M,24.44M,30.85K,5,3.02,2.28,5.99,1.78,21.81,
2026-07-23,SURC,136.9,132.55,136.9,132.54,152.48,88,6.47B,48.81M,9.76M,6.21K,20,3.77,29.17,5.06,0.45,4.54,0.79
2026-07-23,SYM,11.4,11.19,11.54,11.16,17.04,9.01,3.19B,285.25M,156.89M,750.14K,55,,,,,,
2026-07-23,SYS,135.62,134.47,136.71,134,174.4,105.98,198.13B,1.47B,957.71M,1.53M,65,1.49,7.86,13.4,3.2,17.1,0.22
2026-07-23,SZTM,91,89.16,91.99,85,127.25,36,1.6B,17.97M,1.8M,51.63K,10,,,,,,
2026-07-23,TATM,132,129.52,132,128.51,305,82,7.25B,55.99M,11.2M,28.77K,20,,,,,,
2026-07-23,TCORP,22.21,22.18,22.5,21.52,31.87,15.62,1.47B,66.21M,23.17M,28.57K,35,0,0.85,0.7,0.39,26.01,-1.44
2026-07-23,TELE,8.55,8.32,8.75,8.21,14.09,6.22,2.82B,338.62M,326M,3.87M,96.27,0,0.51,1.67,0.64,16.39,0.69
2026-07-23,TGL,189.6,184.88,189.9,183,291.5,128,31.83B,172.17M,68.87M,72.21K,40,3.79,24.49,13.38,1.3,7.55,0.25
2026-07-23,THCCL,65.1,60.67,65.1,60,103.5,42.52,30.25B,498.59M,174.51M,5.24M,35,0,7.24,24.4,2.97,8.38,0.05
2026-07-23,TICL,1090,1081.25,1147.97,1060,1270,464.49,16.24B,15.02M,226.46K,3.97K,1.51,0.92,182.06,7.68,1.32,5.94,0.32
2026-07-23,TOMCL,37.01,35.43,37.58,35.07,75.85,28.3,6.96B,196.34M,107.99M,1.49M,55,0,1.84,2.74,1.06,19.26,2.15
2026-07-23,TOWL,120.11,121.44,124.9,114,195.95,92.5,2.06B,17M,3.4M,3.99K,20,,,,,,
2026-07-23,TPLRF1,10.18,9.88,10.28,9.61,18.39,7.5,18.13B,1.83B,1.38B,6.39M,75,,,,,,
2026-07-23,TREET,22.77,21.74,22.77,21.62,37,19.55,8.07B,371.03M,185.51M,1.32M,50,0,1.29,1.81,0.99,16.79,0.48
2026-07-23,TRSM,15.75,15.02,15.84,14.9,71.65,8,447.6M,29.8M,23.84M,609.01K,80,,,,,,
2026-07-23,UBDL,24.17,26.19,26.5,23.33,34.5,20.01,2.4B,91.8M,4.59M,66.47K,5,,,,,,
2026-07-23,UDLI,18.23,19.79,19.79,17.61,25.5,8.31,695.04M,35.12M,14.05M,800.37K,40,,,,,,
2026-07-23,UDPL,119.99,119.08,121,119,168.99,72,4.2B,35.27M,5.29M,4.11K,15,,,,,,
2026-07-23,UNITY,10.25,9.94,10.31,9.9,31.74,7.51,11.87B,1.19B,537.32M,5.39M,45,0,1.6,2.34,0.63,6.22,0.11
2026-07-23,UPFL,25398,25248,25398,25016,36971.47,22562.78,160.83B,6.37M,521.22K,29.4,8.18,5.77,1001.9,14.74,18.97,25.2,1.02
2026-07-23,WAFI,180.99,176.64,181,176.07,260,165,37.81B,214.02M,32.1M,65.28K,15,,,,,,
2026-07-23,WAHDAT,17,15.92,17,15.75,21.78,15.75,5.34B,335.22M,83.81M,384.33K,25,,,,,,
2026-07-23,WAHN,295.99,292.03,295.99,292,435,225.23,2.63B,9M,3.15M,990.2,35,3.42,51.77,9.43,0.91,5.64,0.35
2026-07-23,WASL,6.03,5.96,6.2,5.93,6.2,4.31,957.88M,160.72M,96.43M,2.87M,60,,,,,,
2026-07-23,WAVES,10.45,10.18,10.55,10.05,16.95,8.02,2.86B,281.41M,196.98M,971.33K,70,0,1,5.91,0.29,10.13,-2.11
2026-07-23,ZAHID,77.96,79.81,83,73.15,152.8,32.69,15.28B,191.42M,5.94M,106.31K,3.11,0,7.93,3.96,0.7,10.06,0.7
2026-07-23,ZAL,39.89,38.68,39.89,38.5,79.5,23.11,10.15B,262.5M,65.62M,310.35K,25,,,,,,
2026-07-23,ZIL,351.02,368.28,371,351.02,722,300,2.25B,6.12M,306.13K,312.4,5,,,,,,
2026-07-23,ZTL,19,18.5,19.15,18.21,24.48,9.75,1.1B,59.43M,14.86M,137.99K,25,0,-0.82,-0.65,0.44,-22.61,3.01
2026-07-24,ABOT,917,918.86,964,905.1,1304,821,89.96B,97.9M,21.17M,19.32K,21.63,4.35,84.85,10.97,2.67,10.83,0.59
2026-07-24,ACPL,220,222.06,225,215,325.01,205,30.52B,137.43M,13.74M,239.24K,10,3.83,20.97,6.74,1.28,10.59,0.76
2026-07-24,ADAMS,65.88,64.37,67.48,64,90.98,57.25,1.11B,17.29M,3.46M,4.85K,20,6.21,9.29,1.54,0.22,6.93,-5.92
2026-07-24,AGIL,149.98,156.05,159.99,149,198,121.2,5.62B,36M,21.6M,5.9K,60,1.12,24.75,5.37,0.84,6.31,0.46
2026-07-24,AGP,189.94,190.7,192.5,188,258.67,163,53.4B,280M,84M,144.92K,30,4.2,13.41,13.14,3.27,14.22,0.25
2026-07-24,AGTL,369.9,363.98,369.9,358,497,288,21.1B,57.96M,3.67M,8.88K,6.34,0,35.36,8.63,1.88,10.29,1.27
2026-07-24,AHTM,110,110.54,118,110,134.15,60,936.44M,8.47M,1.27M,19.3K,15,1.36,12.65,2.07,0.39,8.74,-3.3
2026-07-24,AIRLINK,135.43,133.8,137.97,133.1,199,118,52.89B,395.27M,118.58M,2.16M,30,6.73,14.02,6.35,2.89,9.55,
2026-07-24,AKGL,49.31,51.01,54,49.31,68.75,48.01,510.1M,10M,1M,371.6,10,,,,,,
2026-07-24,ALNRS,132.5,131.71,135.1,130.1,144,82,2.7B,20.47M,4.09M,695.6,20,3.04,13.88,1.67,0.37,9.49,3.87
2026-07-24,ANL,9.75,9.78,9.95,9.16,13.7,8.01,4.75B,485.41M,242.7M,256.46K,50,0,1.6,1.96,0.31,6.1,0.37
2026-07-24,ANTM,50,54.1,56.95,50,66.38,20.81,522.61M,9.66M,1.45M,5.08K,15,,,,,,
2026-07-24,ARCTM,36.49,35.36,36.87,33.61,46.98,24.14,465.86M,13.17M,2.7M,23.97K,20.52,,,,,,
2026-07-24,ARPL,380.95,380.07,382,376,535,325,13.14B,34.56M,8.64M,2.1K,25,7.89,38.21,4.75,2.71,9.95,4.73
2026-07-24,ASHT,28.64,31.49,31.49,28.64,70,13.64,1.47B,46.57M,2.33M,4.78K,5,,,,,,
2026-07-24,ASL,12.03,12.33,12.6,12.02,15.94,8.51,11.48B,930.78M,279.24M,1.41M,30,0,0.07,0.28,1.15,177.16,-13
2026-07-24,ASTM,23,23.84,24.42,22.75,41.94,12,361.82M,15.18M,2.28M,101.69K,15,,,,,,
2026-07-24,ATBA,204.07,203.15,205.99,201,309,169.02,7.11B,35.02M,8.75M,5.82K,25,0,2.24,0.23,0.9,90.83,442.05
2026-07-24,ATRL,930,919.68,939.68,912.5,1005,597.1,98.05B,106.62M,42.65M,1.39M,40,0.82,180.56,6.62,0.57,5.09,-0.01
2026-07-24,AVN,32,31.33,32.43,31.01,54.3,26.5,13.46B,429.67M,150.38M,369.03K,35,3.19,1.02,2.52,0.9,30.71,-11.4
2026-07-24,AWTX,1744.6,1586,1744.6,1744.6,1744.6,1270,1.27B,800K,4.5K,1,0.56,0,9.84,0.15,1.01,161.26,-19.84
2026-07-24,BAFS,466.5,478.97,505.99,422.07,507.36,76.92,4.53B,9.45M,472.5K,11.98K,5,0.42,60.89,8.1,2.21,7.87,0.06
2026-07-24,BATA,950.12,929.99,950.12,929,1750,875,7.03B,7.56M,1.79M,1.85K,23.67,0,-368,-15.26,2.33,-2.53,0.12
2026-07-24,BBFL,42.17,42.59,42.8,41.41,57.35,34,12.73B,298.91M,115.24M,374.22K,38.55,,,,,,
2026-07-24,BCL,70.15,72.36,72.99,70.01,130,56.02,830.15M,11.47M,6.31M,1.57K,55,0,-1.36,-1.1,2.61,-53.37,4.14
2026-07-24,BECO,5.14,5.06,5.17,4.95,73.6,3.9,6.32B,1.25B,437.37M,2.38M,35,,,,,,
2026-07-24,BERG,97.25,97.54,99.1,96.1,141,80.65,2.39B,24.55M,9.82M,73.84K,40,5.13,12.44,3.37,0.63,7.84,
2026-07-24,BFAGRO,33.6,33.12,33.7,32.51,49.25,29.03,10.27B,309.99M,77.5M,272.69K,25,,,,,,
2026-07-24,BFBIO,128,126.65,129.18,126.29,189.97,124,11.19B,88.33M,26.5M,70.96K,30,,,,,,
2026-07-24,BFMOD,21.75,21.79,22.9,20.6,38.84,10,163.76M,7.52M,2.63M,82.66K,35,,,,,,
2026-07-24,BHAT,790.01,806.37,824.99,790,1040,726.06,2.45B,3.04M,152.05K,7.6,5,0,30.09,0.28,0.23,26.8,3.78
2026-07-24,BIFO,122.51,130.49,132.49,121.5,207.1,79.1,6.05B,46.38M,16.23M,510.73K,35,5.75,9.41,12.78,1.86,13.87,0.61
2026-07-24,BIPL,26.55,26.9,29.45,26.01,44.1,23.6,29.82B,1.11B,166.31M,491.14K,15,10.22,3.87,5.45,0.64,6.94,
2026-07-24,BLUEX,6.97,6.99,7.28,6.89,80.85,4.9,1.99B,284.28M,113.71M,3.28M,40,,,,,,
2026-07-24,BNL,6.2,6.22,6.34,6.06,170.73,6.01,4.16B,668.05M,434.23M,1.29M,65,0,0.67,5.69,1.42,9.32,0.56
2026-07-24,BNWM,66,66.2,67.39,65,87.5,50,629.31M,9.51M,4.75M,6.66K,50,0,-9.58,-7,0.19,-6.91,-0.3
2026-07-24,BPL,56.95,52.44,56.95,50.18,80.97,20.01,1.18B,22.49M,6.75M,27.47K,30,,,,,,
2026-07-24,BRRG,52,47.19,52,45.77,53.77,27.53,4.48B,95.01M,47.5M,26.06K,50,,,,,,
2026-07-24,BTL,969.99,952.78,979.99,870.03,1580,275.01,6.13B,6.43M,321.6K,61.25,5,0,-35.67,-0.77,0.81,-26.71,
2026-07-24,BUXL,170,165.22,172.99,162.06,274.4,133.02,237.92M,1.44M,576K,3.62K,40,0,-17.12,-4.42,1.46,-9.65,0.11
2026-07-24,BWHL,222,222.91,224,219,257.92,157.51,2.97B,13.33M,7.33M,3.49K,55,7.63,29.35,14.67,1.26,7.59,0.06
2026-07-24,CCM,52.77,50.55,54.79,48.5,68.88,34.4,1.15B,22.66M,10.2M,178.11K,45,0,2.96,-0.18,0.17,17.07,-0.89
2026-07-24,CEPB,27.97,27.5,28.4,27.25,46.7,24.59,11.05B,401.71M,120.51M,346.37K,30,0,-1.87,-1.96,0.84,-14.71,0.99
2026-07-24,CFL,61.39,58.36,61.39,61,94.01,45.1,724.71M,12.42M,3.73M,3.18K,30,0,-49.59,-18.39,0.19,-1.18,0.04
2026-07-24,CHAS,105.34,101.75,109.98,100.12,160.49,56.01,2.92B,28.69M,4.3M,4.3K,15,0,-57.51,-5.08,0.28,-1.77,-0.16
2026-07-24,CHCC,301.98,295.61,305,291.5,390,225,57.44B,194.3M,116.58M,266.19K,60,1.86,37.91,19.73,1.53,7.8,0.29
2026-07-24,CLOV,7.49,7.49,7.6,7.47,88.64,6.59,2.92B,389.29M,214.11M,626.61K,55,0,0.61,4.44,4,12.26,-0.3
2026-07-24,CNERGY,10.11,10.29,10.59,10.05,11.11,5.87,56.53B,5.49B,1.37B,129.83M,25,0,2.78,4.49,0.25,3.7,0.06
2026-07-24,COLG,1207,1229.65,1237.1,1207,1335,1050,298.53B,242.77M,24.28M,4.39K,10,4.76,73.22,14.79,8.18,16.79,0.36
2026-07-24,CPHL,72.97,72.5,73,71.05,104.25,69.25,16.56B,228.46M,114.23M,318.46K,50,4.83,4.8,7.92,1.51,15.1,
2026-07-24,CPPL,100.22,99.13,101,98.01,125.5,64.79,4.87B,49.1M,29.46M,48.61K,60,3.03,1.5,0.52,0.56,66.11,-5.01
2026-07-24,CRTM,72.01,73.1,75,70.1,96.5,16.6,7.31B,100M,60M,13.33K,60,0,1.31,0.69,0.57,55.9,-7.85
2026-07-24,CSAP,103.16,101.54,104.02,101,143.5,78.25,7.88B,77.63M,34.93M,295.68K,45,7.39,5.08,4.79,0.88,19.97,2.9
2026-07-24,DAAG,84.8,81.64,84.8,79.95,120.25,52,326.56M,4M,970.7K,1.96K,24.27,,,,,,
2026-07-24,DADX,95.88,89.02,95.88,89,121.88,42.75,958.21M,10.76M,538.2K,1.77K,5,0,-30.29,-37.21,3.7,-2.94,0.05
2026-07-24,DCL,11.16,11.22,11.55,11.16,16.31,6.61,6.1B,544.11M,190.44M,12.08M,35,0,-2.37,-4.8,0.25,-4.73,0.04
2026-07-24,DCR,38.19,37.64,38.19,37.36,41.8,27.9,83.7B,2.22B,555.92M,381.63K,25,6.85,2.31,78.71,1.1,16.29,
2026-07-24,DFSM,17.5,17.05,17.95,16.55,35.24,3.75,1.67B,97.75M,34.21M,3.98M,35,,,,,,
2026-07-24,DGKC,194,195.18,198.89,191.1,275.75,145.1,85.51B,438.12M,219.06M,4.64M,50,1.02,27.64,14.23,0.76,7.06,0.24
2026-07-24,DINT,77,72.9,77,71.05,96,41.36,3.82B,52.47M,7.87M,1.03K,15,0,-3.91,-0.63,0.55,-18.63,-2.03
2026-07-24,DMC,195,184.63,195,178.01,351.9,43.05,563.56M,3.05M,915.73K,267.6,30,,,,,,
2026-07-24,DNCC,17,17,17.17,16.5,28.07,14,5.38B,316.36M,94.91M,162.75K,30,0,-0.39,-1.76,2.6,-43.26,-0.29
2026-07-24,DOL,29.45,29.4,29.79,28.98,41,25.36,5.15B,175.03M,52.51M,162.93K,30,13.61,2.55,8.79,1.72,11.55,-3.76
2026-07-24,DYNO,345.99,344.99,348,342.01,366.9,254.3,6.51B,18.87M,12.27M,11.74K,65,4.71,55.14,7.33,1.2,6.26,0.68
2026-07-24,ECOP,49.5,48.2,49.75,47.1,78.25,33.82,2.33B,48.26M,36.19M,55.45K,75,4.15,7.67,5.37,1.28,6.28,0.15
2026-07-24,EFERT,187.01,187.37,189,185.55,263.3,185.11,250.2B,1.34B,600.88M,545.23K,45,7.87,17.26,9.42,5.86,10.86,-1.55
2026-07-24,ELCM,205.3,208.5,216,205,343.44,124,271.05M,1.3M,260K,595.8,20,0,-24.15,-3.34,4,-8.63,0.15
2026-07-24,ELSM,123.01,121.25,127.86,120,138,99,1.33B,10.95M,3.29M,587.75,30,3.3,3.97,0.28,0.31,30.51,-29.33
2026-07-24,EMCO,53.24,51.86,54.44,50.9,98.89,31.29,1.82B,35M,10.5M,7.77K,30,,,,,,
2026-07-24,ENGROH,265.83,267.94,272.9,264.51,302.5,206.8,322.66B,1.2B,903.17M,1.58M,75,0,53.18,10.18,,5.04,0.3
2026-07-24,EPCL,32.89,32.73,32.89,32.12,39.32,27.01,29.75B,908.92M,227.23M,967.77K,25,0,-2.97,-3.28,1.43,-11.01,1
2026-07-24,EPQL,25.98,25.67,26.23,25.14,34.98,22.3,8.31B,323.8M,161.9M,275.89K,50,45.77,1.86,5.05,0.73,13.78,-4.95
2026-07-24,EXIDE,490,488.98,505,485,900,365,3.8B,7.77M,1.94M,6.16K,25,1.02,55.53,2.2,0.51,8.81,
2026-07-24,FABL,98,98.68,100.1,96.62,106,69.33,149.77B,1.52B,531.19M,705.71K,35,6.59,15.03,11.4,1.32,6.57,
2026-07-24,FANM,7.11,7.25,7.65,6.99,10.83,4.25,167.47M,23.1M,11.55M,153.77K,50,,,,,,
2026-07-24,FASM,283,307.86,310,283,430,240.02,3.08B,10M,1M,2.93K,10,0,-52.85,-1.19,0.29,-5.83,-1.46
2026-07-24,FATIMA,151,150.39,152.8,147,192.8,107,315.82B,2.1B,315M,934.52K,15,6.32,17.58,13.62,1.82,8.55,0.23
2026-07-24,FCCL,50.5,51.74,52.6,50.5,62.84,36.26,126.91B,2.45B,858.5M,5.39M,35,2.42,5.99,16.04,1.38,8.64,0.08
2026-07-24,FCEPL,101.11,100.82,102,98.5,118.01,63.86,77.29B,766.6M,76.66M,219.66K,10,3.47,4.51,3.23,4.11,22.36,0.64
2026-07-24,FCL,23.79,23.48,23.98,23.3,28.56,19.65,15.13B,644.58M,161.14M,634.67K,25,,,,,,
2026-07-24,FECM,17.25,17.71,17.83,17.13,57.06,11.75,200.83M,11.34M,8.51M,23.22K,75,,,,,,
2026-07-24,FECTC,99.24,99.79,102.79,96.71,195.75,72,5.01B,50.16M,12.54M,118.09K,25,2,14,5.6,0.99,7.13,-0.06
2026-07-24,FEM,11,10.96,11.35,9.8,17.7,4.8,574.74M,52.44M,36.71M,36.55K,70,,,,,,
2026-07-24,FEROZ,373.21,366.04,381.6,363,475,293.01,15.91B,43.47M,17.39M,12.01K,40,1.09,21.66,4.15,1.23,16.9,0.78
2026-07-24,FFC,534.89,533.52,539.65,529,685,425,767.75B,1.44B,791.46M,843.56K,55,7.22,59.83,16.49,2.81,8.92,0.13
2026-07-24,FFL,16,16.49,16.8,15.75,23.93,14,41.55B,2.52B,503.99M,1.95M,20,0,0.44,3.79,3.79,37.09,-0.1
2026-07-24,FFLM,13.56,14.92,14.92,12.75,27.23,4.4,394.09M,26.41M,17.17M,456.24K,65,,,,,,
2026-07-24,FHAM,32.47,32.78,33.73,30.11,39.49,23.81,3.63B,110.83M,94.21M,8.15K,85,6.86,7.53,17.05,0.59,4.35,0.1
2026-07-24,FIBLM,14,15.15,15.15,13.31,22.24,6.7,328.57M,21.69M,10.84M,760.8K,50,0,0.94,43.94,1.31,16.17,0.41
2026-07-24,FIMM,212,200,212,212,397.69,173.39,600M,3M,900K,13,30,,,,,,
2026-07-24,FLYNG,41.25,40.92,41.3,38.51,61,38.51,28.43B,694.8M,104.22M,10.22K,15,0,1.29,5.99,2.21,31.68,0.11
2026-07-24,FML,51.88,52.83,53.9,50.1,86,34.05,21.1B,399.41M,39.94M,82.14K,10,0,0.46,0.27,0.62,114.72,-23.48
2026-07-24,FPJM,9.55,10.44,10.47,8.95,14.99,4.23,355.17M,34.02M,13.61M,1.91M,40,0,-3.22,-38.72,-0.77,-3.24,0.39
2026-07-24,FPRM,12.58,12.72,13.3,12.5,16.99,9,175.39M,13.79M,6.2M,15.71K,45,,,,,,
2026-07-24,FRCL,91.2,104.22,106.2,91.2,118.45,39.02,3.95B,37.87M,1.89M,1.42K,5,,,,,,
2026-07-24,FRSM,45,43.68,45.59,42.4,63.48,34.22,1.73B,39.51M,11.85M,4.15K,30,0,17.31,5.93,0.79,2.52,0.02
2026-07-24,FTMM,16.7,15.53,16.7,15.12,23.75,11.14,3.04B,195.6M,9.78M,1.28K,5,9.66,0.5,2.47,1.09,31.33,-1.47
2026-07-24,FTSM,28.06,31.37,31.37,28.06,57,11.52,663.89M,21.16M,8.47M,15.49K,40,,,,,,
2026-07-24,FZCM,250,250.02,252,250,365.89,185.52,7.5B,30M,3M,993.4,10,0,3.02,0.1,0.15,82.86,40.36
2026-07-24,GADT,270,269.49,271.9,265.1,530,215,7.55B,28.03M,8.41M,7.53K,30,0,43.77,1.72,0.31,6.16,0.52
2026-07-24,GAL,558,562.42,571,546,633,291,32.06B,57M,22.8M,629.34K,40,1.78,117.24,12.52,1.67,4.8,0
2026-07-24,GATI,82.1,82.74,86.9,82,164.64,62.55,9B,108.73M,16.31M,12.1K,15,0,-10.67,-4.01,0.76,-7.76,-5.35
2026-07-24,GATM,25.8,25.35,25.99,25,40.7,16.5,18.76B,740.06M,185.01M,429.48K,25,0,2.72,1.18,0.36,9.33,0.79
2026-07-24,GCIL,33.21,35.38,36.65,33.21,40.6,23.81,20.18B,570.45M,228.18M,2.62M,40,0,5.27,33.37,,6.72,
2026-07-24,GCWL,15.75,15.68,15.92,15.3,25.15,11.75,3.92B,250.14M,111.05M,473.93K,44.39,,,,,,
2026-07-24,GDL,17.05,17.29,17.38,16.96,33,16.9,7.42B,429.2M,107.3M,732.56K,25,,,,,,
2026-07-24,GEMBCEM,11.3,11.25,11.3,11.25,14.5,9.64,1.12B,100M,25M,3.5K,25,,,,,,
2026-07-24,GEMMEL,22.61,24.73,22.61,22.61,39,22.61,4.8B,194.1M,19.41M,1.33,10,,,,,,
2026-07-24,GEMPACRA,36,39.62,36,36,49,22,2.95B,74.53M,7.45M,101,10,,,,,,
2026-07-24,GEMPAPL,11.75,11.75,11.75,10.75,19,9,235M,20M,15M,2,75,,,,,,
2026-07-24,GFIL,30.7,31.2,31.35,30.01,35.18,11.1,1.02B,32.64M,3.26M,24.02K,10,,,,,,
2026-07-24,GGGL,8.93,8.91,9.5,8.88,14.47,6.7,2.14B,240M,120M,1.23M,50,0,0.54,4.51,0.73,16.63,0.8
2026-07-24,GGL,24.9,25.06,25.39,24.42,31.31,14.1,8.87B,354.12M,177.06M,4.27M,50,0,9.78,31.53,1.1,2.56,0.05
2026-07-24,GHGL,37.01,37.69,38,36.9,52.25,27.78,37.68B,999.71M,349.9M,190.99K,35,5.31,6.21,13.11,0.93,6.07,0.24
2026-07-24,GHNI,1146,1145.64,1160,1120.02,1285.15,590,48.81B,42.61M,14.91M,260.2K,35,0.87,162.33,11.84,2.65,7.06,0.02
2026-07-24,GIL,0,1000,0,0,0,0,0,0,0,0,0,0.3,15.14,0.25,0,66.03,-14.54
2026-07-24,GLAXO,340,342.65,351,337.5,459.94,293.09,109.12B,318.47M,63.69M,132.23K,20,4.96,33,15.6,3.01,10.38,0.17
2026-07-24,GOC,223.21,216.33,235,210,235,77,1.59B,7.35M,1.1M,30.57K,15,0.46,4.14,6.12,2.21,52.2,1.94
2026-07-24,GTYR,32.35,31.55,33,31.3,49.19,22.26,3.85B,121.93M,48.77M,1.2M,40,0,-6.34,-4.84,0.6,-4.98,0.54
2026-07-24,GVGL,54.5,54.6,56.49,53.47,75,43.65,8.19B,149.94M,29.38M,1.43K,19.59,5.49,6.64,15.54,1.62,8.22,
2026-07-24,GWLC,46.99,46.5,47.2,45.4,77.96,38.75,18.61B,400.27M,40.03M,133.28K,10,3.23,6.74,12.64,0.68,6.89,0.47
2026-07-24,HAEL,28.9,26.44,29.8,25,37.96,14.91,343.62M,13M,1.95M,73.19K,15,,,,,,
2026-07-24,HAFL,500,499.98,504.98,483.01,629.5,283.58,599.98M,1.2M,42.48K,157.6,3.54,,,,,,
2026-07-24,HALEON,745,743.74,773.99,737,1010,655,87.06B,117.05M,15.74M,22.03K,13.44,4.03,55.96,15.35,5.98,13.29,0.19
2026-07-24,HCAR,229,226.68,234,222.5,318,147.5,32.37B,142.8M,28.56M,442.41K,20,3.97,22.64,2.64,1.27,10.01,32.55
2026-07-24,HINO,395.08,387.85,395.08,372,634.5,264.69,9.62B,24.8M,2.55M,7.77K,10.28,2.81,21.82,4.92,1.59,17.77,0.25
2026-07-24,HINOON,974,961.21,974.99,954.5,1241,755.56,50.93B,52.98M,21.19M,13.45K,40,5.2,75.63,14.32,3.44,12.71,0.3
2026-07-24,HPL,4034.8,4043,4098.9,3850,4889.99,2925.66,38.99B,9.64M,964.48K,74.2,10,5.94,317.04,9.84,4.38,12.75,0.28
2026-07-24,HRPL,20.69,20.45,20.89,20.01,37,16.51,818M,40M,8M,129.44K,20,0,-3.09,-5.61,1.1,-6.62,0.28
2026-07-24,HTL,39.52,39.23,40,38.53,66.5,31.01,5.46B,139.2M,34.8M,122.1K,25,0,3.83,1.49,0.83,10.26,0.99
2026-07-24,HUBC,214.1,213.97,215.49,211.98,249.99,144,277.55B,1.3B,972.87M,2.11M,75,11.68,34.65,63.41,1.23,6.18,-4.86
2026-07-24,IBFL,290.09,286.21,299.2,280,397.32,176.55,88.87B,310.51M,15.53M,219.8,5,0,-1.49,-0.44,1.55,-191.73,-18.83
2026-07-24,IBLHL,47.4,46.8,47.8,45.21,85.82,36,4.61B,98.53M,24.63M,186.23K,25,0,2.44,5.36,1.85,19.18,4.87
2026-07-24,ICCI,13.25,13.33,13.9,13.2,17.91,8.61,399.91M,30M,4.5M,87.09K,15,,,,,,
2026-07-24,ICL,138.68,134.82,138.68,132.16,176,85.02,13.48B,100M,45M,26.37K,45,2.23,13.74,4.34,1.23,9.81,0.37
2026-07-24,IDEAL,45,42.48,47.9,41.25,87.7,15.75,421.4M,9.92M,1.49M,5.82K,15,,,,,,
2026-07-24,IDRT,37.5,37.15,39.9,36.01,68.08,19.3,737.53M,19.85M,1.99M,59.13K,10,,,,,,
2026-07-24,ILP,97.91,98.07,99.5,96.36,110.5,67.4,137.47B,1.4B,280.34M,516.55K,20,3.06,8.3,6.45,2.26,11.82,0.19
2026-07-24,IMAGE,26,26.29,26.62,26,32.46,19,6.06B,230.37M,149.74M,535.36K,65,7.61,3.49,17.93,1.25,7.52,
2026-07-24,INIL,164,159.99,164,158.01,249,127.3,21.1B,131.88M,59.35M,42.16K,45,3.75,14.32,1.72,0.65,11.17,-3.56
2026-07-24,INKL,90.05,96.94,101,87.5,126,30.15,937.89M,9.68M,3.87M,5.62K,40,,,,,,
2026-07-24,IPAK,35.52,35.84,36.4,35,38,21.02,26.35B,735.21M,220.56M,408.9K,30,1.59,3.81,7.22,2.06,9.42,
2026-07-24,IREIT,8,8,8.06,7.85,13.05,7.26,2.21B,275.86M,96.55M,143.7K,35,,,,,,
2026-07-24,ISIL,1936,1900.11,1936,1929.99,2370,1725.01,126.09B,66.36M,3.32M,190.4,5,0.26,62.5,3.31,4.55,30.4,0.46
2026-07-24,ISL,80.4,80.86,81.5,78.81,135,65.45,35.17B,435M,152.25M,119.25K,35,5.57,6.93,3.59,1.38,11.66,-2.72
2026-07-24,ITANZ,41.25,43.91,44.95,40.9,44.95,40.9,5.21B,118.6M,48.52M,2.81M,40.91,,,,,,
2026-07-24,ITTEFAQ,8.61,8.93,9.45,8.51,12.64,5.75,1.29B,144.34M,93.82M,2.12M,65,0,-3.91,-27.88,0.44,-2.29,
2026-07-24,JATM,34,32.13,36.45,31.61,49.08,14.61,404.88M,12.6M,1.89M,12.19K,15,,,,,,
2026-07-24,JDMT,154,139.77,154.97,139.1,175,60.1,966.62M,6.92M,2.07M,70.05K,30,,,,,,
2026-07-24,JDWS,916.01,932.11,968.98,916.01,1019.98,780,53.85B,57.78M,8.67M,162.2,15,5.36,172.77,7.74,1.38,5.4,0.13
2026-07-24,JSML,58.12,59.66,61,58.12,147.5,40.61,2.04B,34.13M,13.65M,26.02K,40,0,5.89,1.94,0.22,10.12,0.32
2026-07-24,JVDC,141,139.58,143.65,138.5,163.9,65.15,53.16B,380.86M,190.43M,474.46K,50,3.58,10.67,38.34,1.92,13.09,-0.01
2026-07-24,KCL,153,141.37,153,150.99,195.69,115.02,2.06B,14.55M,10.91M,67.25,75,,,,,,
2026-07-24,KEL,7,7.14,7.24,7,9.58,4.91,197.17B,27.62B,2.76B,19.66M,10,0,0.42,2.19,1.71,17.12,
2026-07-24,KHYT,2219,2089.08,2219,2050,2689,1131.01,2.56B,1.23M,20.67K,235.2,1.68,,,,,,
2026-07-24,KOHC,90.4,90,90.99,88,567.99,74,82.74B,919.31M,229.83M,536.56K,25,0,10.62,25.96,1.49,8.47,0.29
2026-07-24,KOHE,15.05,15.11,15.4,14.5,23.49,12.33,2.56B,169.46M,67.78M,122.62K,40,0,3.94,15.83,0.57,3.83,-0.36
2026-07-24,KOHTM,140,131.57,140,130,210,40,2.74B,20.8M,6.24M,140.04K,30,1.52,14.85,3.65,0.56,8.86,0.22
2026-07-24,KPUS,1105.08,1105.08,1248.5,1105.08,2849.99,115.11,17.7B,16.02M,800.88K,17.18K,5,0,5.5,1.09,4.46,200.93,6.5
2026-07-24,KSBP,260,255.21,261.8,253,263.98,155.2,7.89B,30.9M,8.37M,517.72K,27.08,0.39,7.14,3.26,1.85,35.74,3.73
2026-07-24,KTML,41.04,42.99,43.5,41,305,37.02,57.89B,1.35B,269.3M,421.68K,20,0.93,7.94,8.01,0.72,5.42,0.17
2026-07-24,LCI,224.12,224.21,225.7,221.25,396,201.17,103.54B,461.8M,92.36M,75K,20,5.11,20.25,8.25,1.84,11.07,0.53
2026-07-24,LEUL,46.05,44.39,46.05,44,72.68,25.76,266.34M,6M,1.8M,115.93K,30,,,,,,
2026-07-24,LIVEN,36.16,35.49,36.16,34.2,74.4,27.82,4.01B,113.04M,11.3M,30.07K,10,,,,,,
2026-07-24,LOADS,13.01,12.92,13.25,12.8,22.6,10.93,4.8B,371.25M,185.62M,788.58K,50,0,1.07,4.28,0.92,12.1,-0.01
2026-07-24,LOTCHEM,28,26.81,28,26.37,34.3,18.41,40.6B,1.51B,378.55M,13.23M,25,24.24,3.09,5.49,2,8.67,-3.53
2026-07-24,LPGL,94.96,92.99,94.96,88.31,130.99,63.01,697.42M,7.5M,1.88M,1.4K,25,,,,,,
2026-07-24,LUCK,431,433.01,443,427.96,529.5,339,634.36B,1.47B,439.5M,1.46M,30,0.92,56.88,16.86,1.57,7.61,0.15
2026-07-24,MACFL,68.96,68.13,70.97,65,86.98,19.52,4.04B,59.3M,23.72M,203.88K,40,0.73,2.13,1.96,1.73,31.96,7.81
2026-07-24,MACTER,283,282.71,285,275.5,443.5,255.1,12.95B,45.81M,18.32M,29.96K,40,1.34,17.8,6.82,3.21,15.88,0.29
2026-07-24,MARI,634.4,633.02,642,630.05,795,544.56,760.02B,1.2B,240.12M,392.95K,20,4.74,57.11,37.45,2.66,11.08,0.48
2026-07-24,MEBL,535.79,540.11,544,531,582,349.89,972.5B,1.8B,450.14M,816.6K,25,5.28,50.58,19.77,3.42,10.68,
2026-07-24,MEHT,195.98,189.38,195.98,188,389,180,5.68B,30M,19.5M,18.76K,65,0,39.74,1.87,0.3,4.77,0.12
2026-07-24,MERIT,9.9,9.53,9.9,9.25,14.69,7.1,1.91B,199.96M,39.99M,43.8K,20,0,-1.75,-10.52,0.81,-5.45,0.01
2026-07-24,MFFL,177.09,173.23,180,159.39,237,139.66,3.96B,22.88M,3.85M,4.72K,16.82,,,,,,
2026-07-24,MFL,40.21,39.39,40.45,37.56,85.73,37.56,4.82B,122.4M,42.84M,177.06K,35,0,4.13,1.98,0.45,9.53,0.2
2026-07-24,MIRKS,34.5,34,34.5,33.4,44.5,22.28,2.26B,66.56M,29.95M,34.38K,45,0,0.03,0.01,0.94,1240.88,18.73
2026-07-24,MLCF,87.55,88.17,90.74,86.55,132.99,71,92.36B,1.05B,471.4M,13.42M,45,0,10.74,15.15,1.23,8.21,0.19
2026-07-24,MQTM,33,34.39,34.62,31.25,49,17.97,633.88M,18.43M,4.61M,223.68K,25,0,-79.43,-17.35,2,-0.43,0.01
2026-07-24,MRNS,59.52,61.78,62.9,59.52,94.01,52.32,4.63B,74.93M,26.22M,15.67K,35,10.52,22.15,14.35,0.99,2.79,
2026-07-24,MSCL,20.37,22.41,22.41,19.8,46.53,12.05,694.21M,30.98M,7.74M,124.91K,25,,,,,,
2026-07-24,MTL,282.02,284.11,284.98,279,636.99,279,113.37B,399.03M,179.56M,114.41K,45,6.16,18.49,12.64,14.66,15.37,0.89
2026-07-24,MUGHAL,77,78.05,80,76,113.99,59,26.2B,335.63M,117.47M,602.57K,35,0,6.37,2.8,0.87,12.25,0.82
2026-07-24,MWMP,61.34,60.47,64.5,58.5,170.95,30.1,1.74B,28.75M,7.19M,7.17K,25,,,,,,
2026-07-24,NATM,77,85.16,77,77,92.94,77,1.81B,21.27M,1.06M,1,5,0,-53.59,-51.27,0.83,-1.59,0.05
2026-07-24,NESTLE,7738.94,7752.21,7800,7630,10524.97,7000,351.56B,45.35M,4.53M,159,10,7.18,393.76,8.81,13.08,19.69,1.3
2026-07-24,NETSOL,118.79,118.75,119.9,116.1,164.59,87.66,10.67B,89.84M,26.95M,140.29K,30,0,32.29,21.96,0.85,3.68,0.09
2026-07-24,NML,139.5,140.27,141.97,138.1,208.4,120,49.32B,351.6M,158.22M,2.01M,45,1.43,33.41,5.75,0.29,4.2,1.45
2026-07-24,NONS,95.01,96.67,99.98,92.44,157.1,70.02,1.6B,16.52M,3.3M,7.32K,20,4.14,39.15,4.55,0.76,2.47,0.17
2026-07-24,NRL,415.8,413.09,420.9,411.11,477.45,224,33.03B,79.97M,26.31M,3.06M,32.91,0,108.68,2.33,0.56,3.8,0.01
2026-07-24,NRSL,33.9,32.94,33.9,32.51,39.25,20.6,4.66B,141.32M,42.4M,10.86K,30,0,2.09,2.61,1.28,15.74,1.44
2026-07-24,NSRM,289.98,251.32,289.98,250,362.31,84.01,3.91B,15.55M,777.66K,10.76K,5,0,6.79,4.51,2.44,37.03,0.25
2026-07-24,OCTOPUS,30.51,31,31.1,30.02,60.89,24.35,4.88B,157.26M,47.18M,123.63K,30,,,,,,
2026-07-24,OGDC,311.95,310.38,314,309.5,352,222.05,1.33T,4.3B,645.14M,2.84M,15,5.16,36.17,39.85,0.95,8.58,0.74
2026-07-24,OLPM,25.3,24.06,25.3,23.11,25.98,19,1.09B,45.38M,34.04M,20.33K,75,10.39,3.44,9.88,0.82,7,-1.83
2026-07-24,OML,161.11,173.26,173.26,161.11,173.26,25.8,2.08B,12M,1.2M,64.18K,10,,,,,,
2026-07-24,ORM,10.27,10.22,10.46,10.15,16.79,9.2,766.5M,75M,26.25M,13.98K,35,,,,,,
2026-07-24,OTSU,392.65,415.49,422,385,447.94,254.95,5.03B,12.1M,3.02M,26.53K,25,0,28.78,8.39,4.67,14.44,1.82
2026-07-24,PAEL,40.02,40.85,41.55,39.5,64.6,32.01,37.73B,923.65M,508.01M,5.5M,55,0,4.46,5.86,0.75,9.16,0.31
2026-07-24,PAKD,124.99,118.45,124.99,111,247.74,85.01,1.4B,11.86M,5.06M,6.08K,42.63,,,,,,
2026-07-24,PAKOXY,281,281,283.25,280.69,356.68,206,24.48B,87.12M,21.78M,6.78K,25,0,22.58,14.35,1.97,12.44,0.14
2026-07-24,PAKQATAR,20.08,20.27,20.79,19.8,29.4,15.24,4.68B,230.71M,80.75M,426.58K,35,,,,,,
2026-07-24,PIBTL,15.75,15.85,16.25,15.56,22.97,9.33,28.31B,1.79B,803.74M,8.74M,45,0,1.18,14.81,1.61,13.44,7.45
2026-07-24,PICT,53.5,52.72,54.25,52,61.5,23.65,5.75B,109.15M,21.83M,1.7M,20,0,-1.17,-1281.2,4.25,-44.91,2.14
2026-07-24,PIM,21.25,23.77,23.77,21.25,31.33,16.16,475.4M,20M,1M,14.9K,5,,,,,,
2026-07-24,PIOC,281,283.69,288,278.25,427.5,200.01,64.44B,227.15M,34.07M,927.77K,15,3.52,24.32,14.8,1.28,11.66,0.18
2026-07-24,PKGS,786.99,797,800,781,855,611.01,71.24B,89.38M,17.88M,15.73K,20,2.01,-9.43,-0.43,1.08,-84.51,-3.58
2026-07-24,PMRS,558,552.73,575,503.05,835,264.72,2.07B,3.75M,387.66K,1.57K,10.34,0,-300.03,-3.27,0.47,-1.84,-0.12
2026-07-24,POML,166,160,168.99,154.01,229,113.11,1.24B,7.76M,3.11M,5.56K,40,,,,,,
2026-07-24,POWER,20.1,19.94,20.48,19.69,24.26,13.75,25.73B,1.29B,452.11M,902.61K,35.03,0,2.24,8.78,1.09,8.9,0.15
2026-07-24,PPL,212,211.1,214.2,209.26,284.6,164.5,574.4B,2.72B,669.51M,3.62M,24.61,4.03,28.99,33.84,0.77,7.28,
2026-07-24,PPP,132.97,132.79,134,131.58,247,91,1.06B,8M,4M,2.07K,50,3.77,17.67,7.84,0.58,7.52,0.3
2026-07-24,PQGTL,13.85,13.79,14.19,13.51,19.8,10.25,1.39B,101.11M,40.44M,161.36K,40,,,,,,
2026-07-24,PREMA,30.02,29.69,30.8,29.13,56.38,23,6.49B,218.64M,65.59M,472.82K,30,0,2.73,9.01,1.07,10.86,0.23
2026-07-24,PRL,52.5,53.14,54.65,51.51,54.65,23.2,33.48B,630M,227.29M,38.86M,36.08,0,19.07,3.89,0.87,2.79,0.02
2026-07-24,PSEL,887.75,897.11,910.95,887.01,1635,799,29.18B,32.52M,30.82M,140.2,94.76,0,5.58,1.22,0.65,160.76,5.44
2026-07-24,PSO,336,337.15,340.2,332.21,506.75,320.11,158.28B,469.47M,234.74M,1.74M,50,2.97,92.73,1.35,0.54,3.64,0.03
2026-07-24,PSYL,144,134.52,145,133.11,158,52.26,18.66B,138.7M,6.93M,659.4,5,0,3.38,3.07,3.71,39.76,1.09
2026-07-24,PTL,51.95,51.5,52.5,50.12,65.88,45.12,8.65B,168M,42M,214.1K,25,7.77,6.4,3.09,1.07,8.05,
2026-07-24,QTECH,48.48,48.93,52.1,47.04,57.8,23.1,5.95B,121.58M,30.39M,2.08M,25,,,,,,
2026-07-24,QUICE,32.57,31.86,32.97,31.65,46.06,7.51,3.14B,98.46M,68.92M,250.66K,70,,,,,,
2026-07-24,REDCO,30.5,30.42,31,30,40.4,14.9,1.5B,49.29M,2.46M,6.11K,5,,,,,,
2026-07-24,REWM,178,161.47,178,161,244.05,96.02,4.98B,30.81M,10.78M,7.29K,35,,,,,,
2026-07-24,RMPL,9390,9242.49,9390,9121,13565.64,8500,85.37B,9.24M,461.82K,84.8,5,5.13,715.93,9.02,2.74,12.91,3.21
2026-07-24,RPL,16.3,16.17,16.48,16,25.05,12,2.29B,141.9M,44.42M,258.9K,31.3,0,0.13,0.16,0.26,128.33,-35.05
2026-07-24,RUPL,32,31.52,32,30.25,42.79,23.11,1.07B,34.07M,10.22M,3.74K,30,0,-20.94,-21.91,0.19,-1.51,0.03
2026-07-24,SANSM,126.5,126.18,129.99,126.5,148.99,41,1.51B,11.95M,6.57M,301.75,55,0,15.39,3.07,0.47,8.2,0.07
2026-07-24,SAPT,1430.01,1465.95,1499.89,1416.02,1606,1164,31.8B,21.69M,2.17M,32.67,10,0.68,387.04,5.77,0.39,3.79,0.25
2026-07-24,SARC,98,94.67,101,92.05,120.32,46.68,568.02M,6M,2.7M,10.46K,45,,,,,,
2026-07-24,SASML,390,358.5,395,350.02,469.49,86.99,3.74B,10.43M,2.61M,457.6,25,0.56,6.09,1.12,1.4,58.9,2.18
2026-07-24,SAZEW,1898,1884.24,1919,1852.01,2487,1246.41,113.89B,60.45M,21.16M,99.26K,35,3.71,303.75,12.89,3.2,6.2,0
2026-07-24,SCL,750,750.07,750,750,1125,288,2.93B,3.9M,195K,7.4,5,0,-53.91,-8.05,9.44,-13.91,1.05
2026-07-24,SEARL,88,88.41,89.5,87.26,137.44,76.37,52B,588.22M,294.11M,1.57M,50,0,2.04,6.01,1.51,43.42,176.64
2026-07-24,SEL,28,28.39,30,27.52,45.56,11.1,542.02M,19.09M,10.5M,15.3K,55,,,,,,
2026-07-24,SELECT,27.74,26.92,27.74,26.02,33.6,26.02,23.93B,888.89M,88.89M,814.64K,10,,,,,,
2026-07-24,SERT,46.4,43.56,46.4,42.05,84.49,19.17,600.59M,13.79M,2.07M,664.26K,15,,,,,,
2026-07-24,SGF,113.03,114.78,116.7,111.01,141.89,71.51,23.7B,206.47M,51.62M,69.54K,25,1.74,11.16,12.03,2.67,10.28,
2026-07-24,SGPL,60.55,70.06,70.84,58.25,129.07,7.2,1.25B,17.83M,16.05M,4.95M,90,,,,,,
2026-07-24,SHCM,59.5,52.81,60,52.79,96.58,30.52,931.4M,17.64M,1.76M,26.57K,10,,,,,,
2026-07-24,SHDT,51.5,51.11,52,50.01,74.81,36.46,1.17B,22.85M,8M,61.14K,35,,,,,,
2026-07-24,SHFA,503,517.48,528,503,615.28,424.13,32.71B,63.21M,28.45M,12.75K,45,0.97,41.05,8.72,1.97,12.6,0.26
2026-07-24,SHSML,377.77,373.1,377.77,367.99,549,326,7.88B,21.12M,7.39M,15.6K,35,5.36,41.33,4.41,0.61,9.03,0.83
2026-07-24,SIEM,1534.99,1534.77,1540,1471.1,1740,1335,12.66B,8.25M,412.35K,21.2,5,0,31.37,2.85,2.04,48.92,-2.45
2026-07-24,SINDM,23.45,22.67,23.53,22.44,41.25,12,1.02B,45M,4.5M,5.68K,10,,,,,,
2026-07-24,SITC,809.5,781.01,810.5,761,1060,555.32,16.74B,21.43M,6.43M,6.16K,30,1.41,65.36,4.3,0.84,11.95,0.75
2026-07-24,SLGL,15.01,15.17,15.4,14.82,26.5,13,6.4B,421.79M,126.54M,1.17M,30,,,,,,
2026-07-24,SLM,23.1,24.01,24.15,22.9,26.25,21.95,187.15B,7.79B,779.48M,4.07M,10,,,,,,
2026-07-24,SMCPL,41.48,41.32,41.51,41,57.3,23.52,1.03B,25M,7.5M,4.91K,30,,,,,,
2026-07-24,SNAI,35.51,37.81,39,34.66,43.9,24.5,754.88M,19.96M,6.99M,2.85K,35,0,6.54,5.84,1.06,5.78,-0.59
2026-07-24,SNGP,98,98.25,100.87,96.5,142.6,83.2,62.31B,634.22M,253.69M,2.04M,40,3.05,22.94,1.17,0.79,4.28,-0.76
2026-07-24,SPEL,44.51,44.79,45.5,43.7,83.5,32.91,8.95B,199.74M,39.95M,689.56K,20,2.68,6.37,13,1.33,7.03,0.16
2026-07-24,SPSL,16.5,16.36,16.95,16.15,23.45,16.15,27.48B,1.68B,335.98M,3.61M,20,,,,,,
2026-07-24,SRR,16.39,16.26,16.39,16.1,21,15.26,536.58M,33M,13.2M,52.97K,40,,,,,,
2026-07-24,SRVI,2051.05,2046.19,2070,2040,2464,1130,96.15B,46.99M,23.49M,14.36K,50,0.86,223.93,6.65,3.67,9.14,0.09
2026-07-24,SSGC,24.9,24.85,25.45,24.32,46.23,19.02,21.89B,880.92M,336.86M,10.65M,38.24,2.01,-2.87,-0.65,1.66,-8.67,88
2026-07-24,SSOM,452.13,449.17,463,445,1000,351.1,2.54B,5.66M,1.4M,13.28K,24.69,,,,,,
2026-07-24,STCL,10.86,10.91,11,10.8,19.4,8.55,2.61B,239.32M,131.63M,135.38K,55,0,-4.03,-8,1.5,-2.71,0.13
2026-07-24,STJT,152.95,153.5,155,142,162,70,1.48B,9.66M,1.45M,218.6,15,3.58,27.72,4.42,0.6,5.54,0.46
2026-07-24,STL,35.05,37.5,38.47,34.85,2231.81,34.85,4.04B,107.62M,43.05M,544.52K,40,,,,,,
2026-07-24,STML,59.77,53.26,61.8,53.23,70.38,22.8,460.17M,8.64M,2.59M,52.51K,30,0,-6.99,-1.76,0.6,-7.61,0.63
2026-07-24,STYLERS,51,50.97,52.8,49.5,61.12,36,24.92B,488.83M,24.44M,28.99K,5,2.94,2.28,5.99,1.83,22.39,
2026-07-24,SURC,134.8,133.66,134.8,130,152.48,88,6.52B,48.81M,9.76M,6.13K,20,3.74,29.17,5.06,0.45,4.58,0.77
2026-07-24,SYM,11.43,11.18,11.43,10.61,17.04,9.01,3.19B,285.25M,156.89M,795.37K,55,,,,,,
2026-07-24,SYS,133.25,132.24,134.5,131.47,174.4,105.98,194.84B,1.47B,957.71M,1.47M,65,1.51,7.86,13.4,3.15,16.82,0.22
2026-07-24,SZTM,84.65,88.08,94,82.11,127.25,36,1.58B,17.97M,1.8M,37.54K,10,,,,,,
2026-07-24,TATM,129.52,128.22,130.5,126.51,300,82,7.18B,55.99M,11.2M,27.04K,20,,,,,,
2026-07-24,TCORP,22.2,22.8,23.2,20.51,31.87,15.62,1.51B,66.21M,23.17M,36.3K,35,0,0.85,0.7,0.4,26.74,-1.39
2026-07-24,TELE,8.35,8.29,8.41,8.16,14.09,6.22,2.81B,338.62M,326M,3.41M,96.27,0,0.51,1.67,0.64,16.33,0.66
2026-07-24,TGL,183,180.57,187.64,178,291.5,128,31.09B,172.17M,68.87M,83.13K,40,3.88,24.49,13.38,1.27,7.37,0.25
2026-07-24,THCCL,59.7,59.77,61.34,58.13,103.5,42.52,29.8B,498.59M,174.51M,4.08M,35,0,7.24,24.4,2.93,8.26,0.04
2026-07-24,TICL,1010.01,1087.65,1105,1010.01,1270,468,16.34B,15.02M,226.46K,4.87K,1.51,0.92,182.06,7.68,1.32,5.97,0.33
2026-07-24,TOMCL,35,34.87,35.8,34.31,75.85,28.3,6.85B,196.34M,107.99M,1.44M,55,0,1.84,2.74,1.04,18.96,1.99
2026-07-24,TOWL,120.01,120.01,123.99,120,195.95,92.5,2.04B,17M,3.4M,3.92K,20,,,,,,
2026-07-24,TPLRF1,9.98,10.18,10.3,9.75,18.39,7.5,18.68B,1.83B,1.38B,5.32M,75,,,,,,
2026-07-24,TREET,21.39,21.43,21.6,20.95,37,19.55,7.95B,371.03M,185.51M,1.52M,50,0,1.29,1.81,0.98,16.55,0.46
2026-07-24,TRSM,15.02,15.02,15.5,14.6,71.65,8,447.6M,29.8M,23.84M,472.21K,80,,,,,,
2026-07-24,UBDL,27,25.67,27.5,25.5,34.5,20.01,2.36B,91.8M,4.59M,72.96K,5,,,,,,
2026-07-24,UDLI,20.28,21.77,21.77,19.76,25.5,8.31,764.57M,35.12M,14.05M,1.48M,40,,,,,,
2026-07-24,UDPL,116.1,120.01,121,116.1,168.99,72,4.23B,35.27M,5.29M,5.27K,15,,,,,,
2026-07-24,UNITY,9.9,9.88,10.1,9.6,31.74,7.51,11.8B,1.19B,537.32M,4.92M,45,0,1.6,2.34,0.63,6.18,0.11
2026-07-24,UPFL,24816,25011,25269,24816,36971.47,22562.78,159.32B,6.37M,521.22K,29,8.18,5.83,1001.9,14.74,18.8,24.96,1.02
2026-07-24,WAFI,177.99,174.51,179,173,260,165,37.35B,214.02M,32.1M,61.67K,15,,,,,,
2026-07-24,WAHDAT,16.23,16.12,16.4,15.45,21.78,15.45,5.4B,335.22M,83.81M,412.14K,25,,,,,,
2026-07-24,WAHN,292,284.03,294.07,279.3,435,225.23,2.56B,9M,3.15M,1.35K,35,3.52,51.77,9.43,0.88,5.49,0.35
2026-07-24,WASL,5.8,5.93,6.05,5.8,6.05,4.31,953.05M,160.72M,96.43M,2.88M,60,,,,,,
2026-07-24,WAVES,10.15,9.95,10.34,9.9,16.95,8.02,2.8B,281.41M,196.98M,1.36M,70,0,1,5.91,0.28,9.91,-2.03
2026-07-24,ZAHID,79.05,77.49,80.63,75,139,32.69,14.83B,191.42M,5.94M,98.29K,3.11,0,7.93,3.96,0.68,9.77,0.72
2026-07-24,ZAL,38.35,38.1,39.01,37.51,79.5,23.11,10B,262.5M,65.62M,310.72K,25,,,,,,
2026-07-24,ZIL,350.02,356.08,378.96,341,722,300,2.18B,6.12M,306.13K,309.8,5,,,,,,
2026-07-24,ZTL,18.31,18.49,18.9,18.2,24.48,9.75,1.1B,59.43M,14.86M,119.38K,25,0,-0.82,-0.65,0.44,-22.6,2.96
2026-07-27,ABOT,935,937.59,944,925,1304,821,91.79B,97.9M,21.17M,14.1K,21.63,4.27,84.85,10.97,2.72,11.05,0.6
2026-07-27,ACPL,226,227.65,230,224.11,325.01,205,31.29B,137.43M,13.74M,237.59K,10,3.73,20.97,6.74,1.31,10.86,0.78
2026-07-27,ADAMS,65.99,64.42,66.4,62,90.98,57.25,1.11B,17.29M,3.46M,9.23K,20,6.21,9.29,1.54,0.22,6.94,-5.83
2026-07-27,AGIL,157,157.69,162,156.5,198,121.2,5.68B,36M,21.6M,8.55K,60,1.11,24.75,5.37,0.85,6.37,0.48
2026-07-27,AGP,195,195.49,197.21,192.5,258.67,163,54.74B,280M,84M,294.61K,30,4.09,13.41,13.14,3.35,14.58,0.26
2026-07-27,AGTL,370,377.03,379.47,370,497,288,21.85B,57.96M,3.67M,7.64K,6.34,0,35.36,8.63,1.95,10.66,1.25
2026-07-27,AHTM,105,99.92,105,99.49,134.15,60,846.48M,8.47M,1.27M,23.58K,15,1.5,12.65,2.07,0.35,7.9,-3.07
2026-07-27,AIRLINK,136.5,142,147.18,136.5,199,118,56.13B,395.27M,118.58M,2.2M,30,6.34,14.02,6.35,3.06,10.13,
2026-07-27,AKGL,51.07,51.01,51.07,51.01,68.75,48.01,510.1M,10M,1M,417.8,10,,,,,,
2026-07-27,ALNRS,136,133.44,136,132.01,144,82,2.73B,20.47M,4.09M,813.4,20,3,13.88,1.67,0.38,9.61,3.83
2026-07-27,ANL,9.98,10.19,10.5,9.98,13.7,8.01,4.95B,485.41M,242.7M,259.59K,50,0,1.6,1.96,0.32,6.36,0.4
2026-07-27,ANTM,54.1,56,59.1,54.1,66.38,20.81,540.96M,9.66M,1.45M,10.12K,15,,,,,,
2026-07-27,ARCTM,35.9,37.01,38.9,35.36,46.98,24.14,487.6M,13.17M,2.7M,37.6K,20.52,,,,,,
2026-07-27,ARPL,383.99,389.02,390,378,535,325,13.45B,34.56M,8.64M,2.4K,25,7.71,38.21,4.75,2.78,10.18,4.78
2026-07-27,ASHT,34.64,34.64,34.64,34.64,70,13.64,1.61B,46.57M,2.33M,4.39K,5,,,,,,
2026-07-27,ASL,12.4,12.65,12.8,12.31,15.94,8.51,11.77B,930.78M,279.24M,1.13M,30,0,0.07,0.28,1.18,181.75,-13.53
2026-07-27,ASTM,24.37,26.22,26.22,24,41.94,12,397.94M,15.18M,2.28M,77.99K,15,,,,,,
2026-07-27,ATBA,205.01,205.17,208.99,204,308.99,169.02,7.18B,35.02M,8.75M,7.99K,25,0,2.24,0.23,0.91,91.73,440.06
2026-07-27,ATRL,949,943.67,950,936,1005,597.1,100.61B,106.62M,42.65M,1.09M,40,0.79,180.56,6.62,0.59,5.23,-0.01
2026-07-27,AVN,32,32.42,32.69,32,54.3,26.5,13.93B,429.67M,150.38M,390.95K,35,3.08,1.02,2.52,0.93,31.78,-11.58
2026-07-27,AWTX,1744.6,1586,1744.6,1744.6,1744.6,1270,1.27B,800K,4.5K,1,0.56,0,9.84,0.15,1.01,161.26,-19.84
2026-07-27,BAFS,445.11,497.23,519.98,433.05,519.98,84.55,4.7B,9.45M,472.5K,12.92K,5,0.4,60.89,8.1,2.29,8.17,0.05
2026-07-27,BATA,949.98,929.84,949.99,926.01,1750,875,7.03B,7.56M,1.79M,2.36K,23.67,0,-368,-15.26,2.33,-2.53,0.11
2026-07-27,BBFL,43.11,43.37,43.5,42.67,57.35,34,12.96B,298.91M,115.24M,392.2K,38.55,,,,,,
2026-07-27,BCL,73,75.04,75.91,72.25,130,56.02,860.9M,11.47M,6.31M,3.6K,55,0,-1.36,-1.1,2.7,-55.35,4.18
2026-07-27,BECO,5.15,5.21,5.25,5.15,73.6,3.9,6.51B,1.25B,437.37M,2.57M,35,,,,,,
2026-07-27,BERG,102,107.29,107.29,100.1,141,80.65,2.63B,24.55M,9.82M,87.86K,40,4.66,12.44,3.37,0.69,8.62,
2026-07-27,BFAGRO,34.19,34.2,34.29,33.7,49.25,29.03,10.6B,309.99M,77.5M,232.81K,25,,,,,,
2026-07-27,BFBIO,129.2,131.26,132,128.01,189.97,124,11.59B,88.33M,26.5M,72.57K,30,,,,,,
2026-07-27,BFMOD,22.5,22.02,22.99,21.8,38.84,10.11,165.48M,7.52M,2.63M,24.89K,35,,,,,,
2026-07-27,BHAT,780.06,806.37,805,780.06,1040,726.06,2.45B,3.04M,152.05K,11,5,0,30.09,0.28,0.23,26.8,3.78
2026-07-27,BIFO,132.5,132.94,135,130.56,207.1,79.1,6.17B,46.38M,16.23M,583.21K,35,5.64,9.41,12.78,1.89,14.13,0.65
2026-07-27,BIPL,27.25,27.62,27.75,27.06,44.1,23.6,30.62B,1.11B,166.31M,582.12K,15,9.96,3.87,5.45,0.66,7.13,
2026-07-27,BLUEX,7.23,7.21,7.29,7.1,80.85,4.9,2.05B,284.28M,113.71M,2.99M,40,,,,,,
2026-07-27,BNL,6.31,6.65,6.7,6.3,170.73,6.01,4.44B,668.05M,434.23M,1.62M,65,0,0.67,5.69,1.51,9.97,0.56
2026-07-27,BNWM,67.49,66.77,68.38,66.25,87.5,50,634.73M,9.51M,4.75M,9.03K,50,0,-9.58,-7,0.19,-6.97,-0.3
2026-07-27,BPL,55,53.63,55,48.05,80.97,20.01,1.21B,22.49M,6.75M,39.54K,30,,,,,,
2026-07-27,BRRG,49.5,47.92,49.5,47.6,53.77,27.53,4.55B,95.01M,47.5M,27.23K,50,,,,,,
2026-07-27,BTL,952.72,952.78,952.72,952.69,1580,275.01,6.13B,6.43M,321.6K,49.8,5,0,-35.67,-0.77,0.81,-26.71,
2026-07-27,BUXL,173.98,181.74,181.74,173.98,274.4,133.02,261.71M,1.44M,576K,4.47K,40,0,-17.12,-4.42,1.6,-10.61,0.11
2026-07-27,BWHL,224,224.95,226.4,224,257.92,157.51,3B,13.33M,7.33M,3.06K,55,7.56,29.35,14.67,1.27,7.66,0.06
2026-07-27,CCM,50,55.61,55.61,48.65,68.88,34.4,1.26B,22.66M,10.2M,121.4K,45,0,2.96,-0.18,0.18,18.77,-0.85
2026-07-27,CEPB,28.72,29.24,30.23,27.9,46.7,24.59,11.75B,401.71M,120.51M,789.81K,30,0,-1.87,-1.96,0.9,-15.64,0.97
2026-07-27,CFL,61.28,58.36,61.28,56.53,94.01,45.1,724.71M,12.42M,3.73M,3.23K,30,0,-49.59,-18.39,0.19,-1.18,0.03
2026-07-27,CHAS,103.5,101.57,105,101.5,160.49,56.01,2.91B,28.69M,4.3M,6.34K,15,0,-57.51,-5.08,0.28,-1.77,-0.15
2026-07-27,CHCC,305.5,322.18,324.9,304.11,390,225,62.6B,194.3M,116.58M,275.85K,60,1.71,37.91,19.73,1.67,8.5,0.29
2026-07-27,CLOV,7.59,8,8.18,7.51,88.64,6.59,3.11B,389.29M,214.11M,787.44K,55,0,0.61,4.44,4.28,13.1,-0.3
2026-07-27,CNERGY,10.6,10.76,10.99,10.59,11.11,5.87,59.11B,5.49B,1.37B,112.89M,25,0,2.78,4.49,0.26,3.87,0.06
2026-07-27,COLG,1234,1243.07,1270,1230,1335,1050,301.78B,242.77M,24.28M,3.22K,10,4.71,73.22,14.79,8.27,16.98,0.36
2026-07-27,CPHL,73.86,75.17,75.33,73.86,104.25,69.25,17.17B,228.46M,114.23M,348.18K,50,4.66,4.8,7.92,1.57,15.66,
2026-07-27,CPPL,101,101.09,102.72,100,125.5,64.79,4.96B,49.1M,29.46M,41.15K,60,2.97,1.5,0.52,0.57,67.42,-4.96
2026-07-27,CRTM,74,73.82,75,73.53,96.5,16.6,7.38B,100M,60M,11.7K,60,0,1.31,0.69,0.58,56.45,-7.59
2026-07-27,CSAP,103.02,104.65,104.95,103.02,143.5,78.25,8.12B,77.63M,34.93M,292.14K,45,7.17,5.08,4.79,0.91,20.58,2.83
2026-07-27,DAAG,83.32,82.67,83.32,81.5,120.25,52,330.68M,4M,970.7K,2.45K,24.27,,,,,,
2026-07-27,DADX,90,92.49,93,90,121.88,42.75,995.56M,10.76M,538.2K,1.52K,5,0,-30.29,-37.21,3.84,-3.05,0.05
2026-07-27,DCL,11.5,11.39,11.7,11.29,16.31,6.61,6.2B,544.11M,190.44M,13.18M,35,0,-2.37,-4.8,0.25,-4.81,0.04
2026-07-27,DCR,37.7,37.94,38.39,37.64,41.8,27.9,84.37B,2.22B,555.92M,348.89K,25,6.8,2.31,78.71,1.11,16.42,
2026-07-27,DFSM,17.6,18.19,18.6,17.5,35.24,3.75,1.78B,97.75M,34.21M,4M,35,,,,,,
2026-07-27,DGKC,206,213.87,214.7,204.51,275.75,145.1,93.7B,438.12M,219.06M,5.5M,50,0.94,27.64,14.23,0.84,7.74,0.26
2026-07-27,DINT,76.98,72.9,76.98,73,96,41.36,3.82B,52.47M,7.87M,587,15,0,-3.91,-0.63,0.55,-18.63,-1.92
2026-07-27,DMC,184,184.63,190,184,351.9,43.05,563.56M,3.05M,915.73K,238.2,30,,,,,,
2026-07-27,DNCC,17.4,17.85,17.89,17.4,28.07,14,5.65B,316.36M,94.91M,137.19K,30,0,-0.39,-1.76,2.72,-45.42,-0.29
2026-07-27,DOL,30,30.14,30.29,29.51,41,25.36,5.28B,175.03M,52.51M,161.47K,30,13.27,2.55,8.79,1.76,11.84,-3.84
2026-07-27,DYNO,353.95,349.63,353.95,346,366.9,254.3,6.6B,18.87M,12.27M,6.88K,65,4.65,55.14,7.33,1.21,6.34,0.68
2026-07-27,ECOP,51.5,49.6,51.5,48.41,78.25,33.82,2.39B,48.26M,36.19M,85K,75,4.03,7.67,5.37,1.32,6.46,0.16
2026-07-27,EFERT,189.99,191.06,191.6,189,263.3,185.11,255.12B,1.34B,600.88M,565.29K,45,7.72,17.26,9.42,5.97,11.07,-1.58
2026-07-27,ELCM,214.99,208.5,214.99,209.01,343.44,124,271.05M,1.3M,260K,417.4,20,0,-24.15,-3.34,4,-8.63,0.14
2026-07-27,ELSM,113.7,133.38,133.38,113.7,138,99,1.46B,10.95M,3.29M,11.81K,30,3,3.97,0.28,0.34,33.56,-27.53
2026-07-27,EMCO,53.99,52.2,53.99,51.63,84,31.29,1.83B,35M,10.5M,5.44K,30,,,,,,
2026-07-27,ENGROH,274,281.71,282.5,273.5,302.5,206.8,339.24B,1.2B,903.17M,1.82M,75,0,53.18,10.18,,5.3,0.3
2026-07-27,EPCL,33.01,33.77,34.09,33,39.32,27.01,30.69B,908.92M,227.23M,1.55M,25,0,-2.97,-3.28,1.48,-11.36,1.02
2026-07-27,EPQL,25.69,25.97,26.1,25.69,34.98,22.3,8.41B,323.8M,161.9M,197.69K,50,45.24,1.86,5.05,0.74,13.94,-4.97
2026-07-27,EXIDE,499.99,495.28,509,490.02,900,365,3.85B,7.77M,1.94M,6.86K,25,1.01,55.53,2.2,0.51,8.92,
2026-07-27,FABL,101.8,101.47,102,100.16,106,69.33,154B,1.52B,531.19M,795.57K,35,6.41,15.03,11.4,1.35,6.75,
2026-07-27,FANM,7.42,7.21,7.63,7.15,10.83,4.25,166.55M,23.1M,11.55M,129.45K,50,,,,,,
2026-07-27,FASM,313.9,309.89,313.9,285.02,430,240.02,3.1B,10M,1M,836.8,10,0,-52.85,-1.19,0.29,-5.86,-1.46
2026-07-27,FATIMA,156,158.13,159.3,153.02,192.8,107,332.07B,2.1B,315M,882.78K,15,6.01,17.58,13.62,1.92,8.99,0.24
2026-07-27,FCCL,53.5,56.47,56.91,53.5,62.84,36.26,138.51B,2.45B,858.5M,7.65M,35,2.21,5.99,16.04,1.51,9.43,0.08
2026-07-27,FCEPL,103,104.33,105.99,102.15,118.01,63.86,79.98B,766.6M,76.66M,352.74K,10,3.35,4.51,3.23,4.25,23.14,0.66
2026-07-27,FCL,24,24.42,24.54,23.83,28.56,19.65,15.74B,644.58M,161.14M,662.67K,25,,,,,,
2026-07-27,FECM,17.81,17.83,18.15,17.71,57.06,11.75,202.19M,11.34M,8.51M,23.79K,75,,,,,,
2026-07-27,FECTC,106.87,109.24,109.77,102.79,195.75,72,5.48B,50.16M,12.54M,141.99K,25,1.83,14,5.6,1.08,7.8,-0.06
2026-07-27,FEM,11.6,11.03,11.6,10.71,17.7,4.8,578.41M,52.44M,36.71M,39.54K,70,,,,,,
2026-07-27,FEROZ,383.87,381.88,383.87,372.01,475,293.01,16.6B,43.47M,17.39M,19.02K,40,1.05,21.66,4.15,1.28,17.63,0.75
2026-07-27,FFC,545,548.17,549.9,540.01,685,425,788.83B,1.44B,791.46M,904.78K,55,7.02,59.83,16.49,2.89,9.16,0.14
2026-07-27,FFL,16.85,16.85,17.1,16.77,23.93,14,42.46B,2.52B,503.99M,2.04M,20,0,0.44,3.79,3.87,37.9,-0.11
2026-07-27,FFLM,16.25,16.39,16.41,15.8,27.23,4.4,432.92M,26.41M,17.17M,580.93K,65,,,,,,
2026-07-27,FHAM,33.69,33.3,33.69,32.55,39.49,23.81,3.69B,110.83M,94.21M,8.59K,85,6.76,7.53,17.05,0.6,4.42,0.11
2026-07-27,FIBLM,16.67,16.67,16.67,16.67,22.24,6.7,361.53M,21.69M,10.84M,679.88K,50,0,0.94,43.94,1.45,17.79,0.46
2026-07-27,FIMM,195,200,210,195,397.69,173.39,600M,3M,900K,14.2,30,,,,,,
2026-07-27,FLYNG,41.3,43.73,44,41.3,61,38.51,30.38B,694.8M,104.22M,16.01K,15,0,1.29,5.99,2.36,33.85,0.12
2026-07-27,FML,54,54.06,55.98,53,86,34.05,21.59B,399.41M,39.94M,87.62K,10,0,0.46,0.27,0.64,117.39,-24.28
2026-07-27,FPJM,10.95,10.96,11.3,10.77,14.99,4.23,372.86M,34.02M,13.61M,1.37M,40,0,-3.22,-38.72,-0.8,-3.4,0.47
2026-07-27,FPRM,12.8,12.8,13.08,12.8,16.99,9,176.49M,13.79M,6.2M,16.49K,45,,,,,,
2026-07-27,FRCL,104.22,104.2,106,95.89,118.45,39.02,3.95B,37.87M,1.89M,2.06K,5,,,,,,
2026-07-27,FRSM,43.68,44.72,45,42,63.48,34.22,1.77B,39.51M,11.85M,4.17K,30,0,10.05,3.35,0.8,4.45,0.01
2026-07-27,FTMM,16.29,16.01,16.29,15.99,23.75,11.14,3.13B,195.6M,9.78M,1.51K,5,9.37,0.5,2.47,1.12,32.3,-1.4
2026-07-27,FTSM,33.7,34.51,34.51,33,57,11.52,730.34M,21.16M,8.47M,20.74K,40,,,,,,
2026-07-27,FZCM,252,243.78,258.95,242,356.9,185.52,7.31B,30M,3M,1.37K,10,0,3.02,0.1,0.15,80.79,40.04
2026-07-27,GADT,275,277.98,278,271.12,530,215,7.79B,28.03M,8.41M,6.04K,30,0,43.77,1.72,0.31,6.35,0.53
2026-07-27,GAL,578,598.93,601.77,578,633,291,34.14B,57M,22.8M,739.3K,40,1.67,117.24,12.52,1.78,5.11,0
2026-07-27,GATI,83.99,84.99,86.88,83.21,160.94,62.55,9.24B,108.73M,16.31M,19.36K,15,0,-10.67,-4.01,0.78,-7.97,-5.38
2026-07-27,GATM,26.01,26.53,26.84,26.01,40.7,16.5,19.63B,740.06M,185.01M,429.92K,25,0,2.72,1.18,0.38,9.77,0.78
2026-07-27,GCIL,36.55,36.9,37.8,36,40.6,23.81,21.05B,570.45M,228.18M,5.11M,40,0,5.27,33.37,,7.01,
2026-07-27,GCWL,15.9,16.1,16.25,15.83,25.15,11.75,4.03B,250.14M,111.05M,705.02K,44.39,,,,,,
2026-07-27,GDL,17.51,17.9,18,17.51,33,16.9,7.68B,429.2M,107.3M,737.33K,25,,,,,,
2026-07-27,GEMBCEM,11.3,11.25,11.3,11.25,14.5,9.64,1.12B,100M,25M,0,25,,,,,,
2026-07-27,GEMMEL,23.02,24.73,27.2,23.02,39,19.1,4.8B,194.1M,19.41M,38.75,10,,,,,,
2026-07-27,GEMPACRA,36.02,36.02,36.02,36.02,49,22,2.68B,74.53M,7.45M,20.55K,10,,,,,,
2026-07-27,GEMPAPL,11.75,11.75,11.75,10.75,19,9,235M,20M,15M,2,75,,,,,,
2026-07-27,GFIL,30.4,30.9,31.95,30.3,35.18,11.1,1.01B,32.64M,3.26M,25.17K,10,,,,,,
2026-07-27,GGGL,9.03,9.1,9.24,8.95,14.47,6.7,2.18B,240M,120M,1.17M,50,0,0.54,4.51,0.75,16.99,0.79
2026-07-27,GGL,25.6,25.76,26.25,25.25,31.31,14.1,9.12B,354.12M,177.06M,5.19M,50,0,9.78,31.53,1.13,2.64,0.05
2026-07-27,GHGL,38,39.94,39.99,38,52.25,27.78,39.93B,999.71M,349.9M,276.92K,35,5.01,6.21,13.11,0.99,6.43,0.25
2026-07-27,GHNI,1199,1214.18,1220,1180,1285.15,590,51.73B,42.61M,14.91M,301.39K,35,0.82,162.33,11.84,2.81,7.48,0.02
2026-07-27,GIL,0,1000,0,0,0,0,0,0,0,0,0,0.3,15.14,0.25,0,66.03,-14.54
2026-07-27,GLAXO,352,355.42,357,348.06,459.94,293.09,113.19B,318.47M,63.69M,128.58K,20,4.78,33,15.6,3.12,10.77,0.17
2026-07-27,GOC,224,210.03,224,209,235,77,1.54B,7.35M,1.1M,27.6K,15,0.48,4.14,6.12,2.15,50.68,1.87
2026-07-27,GTYR,32.46,33.17,34.71,32.01,49.19,22.26,4.04B,121.93M,48.77M,1.64M,40,0,-6.34,-4.84,0.63,-5.23,0.53
2026-07-27,GVGL,54.6,53.86,55.9,53.6,75,43.65,8.08B,149.94M,29.38M,1.68K,19.59,5.57,6.64,15.54,1.6,8.11,
2026-07-27,GWLC,48,50.38,50.94,48,77.96,38.75,20.17B,400.27M,40.03M,155.61K,10,2.98,6.74,12.64,0.74,7.47,0.46
2026-07-27,HAEL,25.62,27.42,27.9,25.62,37.96,14.91,356.36M,13M,1.95M,67.65K,15,,,,,,
2026-07-27,HAFL,520.9,513,525,481.01,629.5,283.58,615.6M,1.2M,42.48K,203.2,3.54,,,,,,
2026-07-27,HALEON,758.96,759.99,766,758,1010,655,88.96B,117.05M,15.74M,21.2K,13.44,3.95,55.96,15.35,6.11,13.58,0.19
2026-07-27,HCAR,235,249.35,249.35,231.12,318,147.5,35.61B,142.8M,28.56M,633.52K,20,3.61,22.64,2.64,1.4,11.01,32.55
2026-07-27,HINO,391,404.61,408.6,391,634.5,264.69,10.03B,24.8M,2.55M,7.72K,10.28,2.7,21.82,4.92,1.65,18.54,0.24
2026-07-27,HINOON,969.02,999.95,1057,969.02,1241,755.56,52.98B,52.98M,21.19M,17.7K,40,5,75.63,14.32,3.58,13.22,0.32
2026-07-27,HPL,4045,4040,4045,4011,4889.99,2925.66,38.96B,9.64M,964.48K,90.4,10,5.94,317.04,9.84,4.38,12.74,0.28
2026-07-27,HRPL,21,20.72,21,20.3,37,16.51,828.8M,40M,8M,141.52K,20,0,-3.09,-5.61,1.11,-6.71,0.28
2026-07-27,HTL,40.05,41.88,43.15,40,66.5,31.01,5.83B,139.2M,34.8M,269.08K,25,0,3.83,1.49,0.89,10.95,0.98
2026-07-27,HUBC,219.89,224.39,225,219,249.99,144,291.07B,1.3B,972.87M,3.04M,75,11.14,34.65,63.41,1.29,6.48,-5.02
2026-07-27,IBFL,294.99,297.33,303,294.99,397.32,176.55,92.32B,310.51M,15.53M,268.8,5,0,-1.49,-0.44,1.61,-199.18,-18.01
2026-07-27,IBLHL,48.05,50.19,50.9,48.05,85.82,36,4.95B,98.53M,24.63M,203.46K,25,0,2.44,5.36,1.99,20.57,5.16
2026-07-27,ICCI,14.25,13.57,14.25,13.4,17.91,8.61,407.12M,30M,4.5M,79.2K,15,,,,,,
2026-07-27,ICL,139.9,137.61,141.25,135.21,176,85.1,13.76B,100M,45M,63.74K,45,2.18,13.74,4.34,1.26,10.02,0.38
2026-07-27,IDEAL,41,42.21,45.49,40.22,87.7,15.75,418.72M,9.92M,1.49M,2.49K,15,,,,,,
2026-07-27,IDRT,37.75,38.61,40,37.75,68.08,19.3,766.52M,19.85M,1.99M,65.34K,10,,,,,,
2026-07-27,ILP,99.01,101.5,101.9,99.01,110.5,67.4,142.27B,1.4B,280.34M,544.05K,20,2.96,8.3,6.45,2.33,12.23,0.2
2026-07-27,IMAGE,26.29,26.73,26.99,26.29,32.46,19,6.16B,230.37M,149.74M,548.47K,65,7.48,3.49,17.93,1.27,7.65,
2026-07-27,INIL,162.03,168.57,170.48,162.03,249,127.3,22.23B,131.88M,59.35M,102.9K,45,3.56,14.32,1.72,0.68,11.77,-3.53
2026-07-27,INKL,98,96.3,98.8,94,126,30.15,931.7M,9.68M,3.87M,7.85K,40,,,,,,
2026-07-27,IPAK,36.45,36.84,37,36.3,38,21.02,27.09B,735.21M,220.56M,425.24K,30,1.55,3.81,7.22,2.12,9.68,
2026-07-27,IREIT,8.1,8.01,8.1,7.99,13.05,7.26,2.21B,275.86M,96.55M,164.21K,35,,,,,,
2026-07-27,ISIL,1902.52,1933.22,1934,1902.51,2370,1725.01,128.28B,66.36M,3.32M,199.4,5,0.26,62.5,3.31,4.63,30.93,0.46
2026-07-27,ISL,84.8,88.87,88.95,82.5,135,65.45,38.66B,435M,152.25M,221.13K,35,5.06,6.93,3.59,1.51,12.82,-2.85
2026-07-27,ITANZ,45.5,48.3,48.3,45.5,48.3,40.9,5.73B,118.6M,48.52M,4.11M,40.91,,,,,,
2026-07-27,ITTEFAQ,9.2,9.01,9.2,9,12.64,5.75,1.3B,144.34M,93.82M,1.95M,65,0,-3.91,-27.88,0.45,-2.31,
2026-07-27,JATM,33.57,35.34,35.34,31.5,49.08,14.61,445.33M,12.6M,1.89M,15.91K,15,,,,,,
2026-07-27,JDMT,140.98,149.79,153,135.02,175,60.1,1.04B,6.92M,2.07M,79.48K,30,,,,,,
2026-07-27,JDWS,959.94,932.49,959.94,931,1019.98,780,53.88B,57.78M,8.67M,324.6,15,5.36,172.77,7.74,1.38,5.4,0.13
2026-07-27,JSML,61.75,60.96,61.75,60.5,147.5,40.61,2.08B,34.13M,13.65M,24.07K,40,0,5.89,1.94,0.22,10.34,0.32
2026-07-27,JVDC,143.33,145.48,146,141.05,163.9,65.15,55.41B,380.86M,190.43M,504.11K,50,3.44,10.67,38.34,2,13.64,-0.01
2026-07-27,KCL,134.16,134.64,147.99,127.26,195.69,115.02,1.96B,14.55M,10.91M,132,75,,,,,,
2026-07-27,KEL,7.26,7.47,7.58,7.26,9.58,4.91,206.29B,27.62B,2.76B,25.98M,10,0,0.42,2.19,1.79,17.91,
2026-07-27,KHYT,2089.08,2045,2089.08,1930,2689,1131.01,2.51B,1.23M,20.67K,158.8,1.68,,,,,,
2026-07-27,KOHC,94,98.63,98.99,94,567.99,74,90.67B,919.31M,229.83M,460.94K,25,0,10.62,25.96,1.64,9.28,0.31
2026-07-27,KOHE,15.5,15.01,15.5,14.96,23.49,12.33,2.54B,169.46M,67.78M,145.89K,40,0,3.94,15.83,0.56,3.81,-0.36
2026-07-27,KOHTM,133,131.53,136,130.11,210,40,2.74B,20.8M,6.24M,146.03K,30,1.52,14.85,3.65,0.56,8.86,0.22
2026-07-27,KPUS,1106,1215.59,1215.59,1010,2849.99,115.11,19.47B,16.02M,800.88K,20.56K,5,0,5.5,1.09,4.9,221.02,6.71
2026-07-27,KSBP,255.21,262.74,263.73,255.21,263.98,155.2,8.12B,30.9M,8.37M,436.58K,27.08,0.38,7.14,3.26,1.91,36.8,3.67
2026-07-27,KTML,44,47.05,47.29,44,305,37.02,63.35B,1.35B,269.3M,323.83K,20,0.85,7.94,8.01,0.78,5.93,0.17
2026-07-27,LCI,231.5,229.9,231.5,225.05,396,201.17,106.17B,461.8M,92.36M,79.97K,20,4.98,20.25,8.25,1.89,11.36,0.53
2026-07-27,LEUL,44.9,45.93,46.95,44,72.68,25.76,275.58M,6M,1.8M,116.27K,30,,,,,,
2026-07-27,LIVEN,36.48,36.44,36.7,36.23,74.4,27.82,4.12B,113.04M,11.3M,34.47K,10,,,,,,
2026-07-27,LOADS,13.25,13.57,13.6,13.25,22.6,10.93,5.04B,371.25M,185.62M,885.54K,50,0,1.07,4.28,0.96,12.71,-0.01
2026-07-27,LOTCHEM,27.21,27.68,27.8,27.05,34.3,18.41,41.91B,1.51B,378.55M,11.27M,25,23.48,3.09,5.49,2.07,8.95,-3.58
2026-07-27,LPGL,94.8,92.38,95.1,90.16,130.99,63.01,692.85M,7.5M,1.88M,2.4K,25,,,,,,
2026-07-27,LUCK,450,456.6,460,445.25,529.5,339,668.92B,1.47B,439.5M,2M,30,0.88,56.88,16.86,1.66,8.03,0.16
2026-07-27,MACFL,69,68.87,70,68,86.98,19.52,4.08B,59.3M,23.72M,179.76K,40,0.73,2.13,1.96,1.75,32.3,7.64
2026-07-27,MACTER,289,288.62,290,280.55,443.5,255.1,13.22B,45.81M,18.32M,21K,40,1.32,17.8,6.82,3.28,16.21,0.29
2026-07-27,MARI,650.88,654.37,656.56,645,795,544.56,785.65B,1.2B,240.12M,453.39K,20,4.58,57.11,37.45,2.75,11.46,0.49
2026-07-27,MEBL,560,563.8,566.32,549,582,349.89,1.02T,1.8B,450.14M,1.1M,25,5.05,50.58,19.77,3.57,11.15,
2026-07-27,MEHT,202.19,192.22,202.19,189.39,389,180,5.77B,30M,19.5M,19.03K,65,0,39.74,1.87,0.3,4.84,0.12
2026-07-27,MERIT,9.74,9.94,9.96,9.7,14.69,7.1,1.99B,199.96M,39.99M,56.78K,20,0,-1.75,-10.52,0.84,-5.69,0.01
2026-07-27,MFFL,178.94,176.09,184,175.11,237,139.66,4.03B,22.88M,3.85M,18.39K,16.82,,,,,,
2026-07-27,MFL,40.9,40.57,41,40.02,85.73,37.56,4.97B,122.4M,42.84M,183.05K,35,0,4.13,1.98,0.46,9.81,0.2
2026-07-27,MIRKS,35.48,34.57,35.48,34.5,44.5,22.28,2.3B,66.56M,29.95M,42.85K,45,0,0.03,0.01,0.96,1261.68,18.3
2026-07-27,MLCF,93.73,96.56,96.99,92.7,132.99,71,101.15B,1.05B,471.4M,15.81M,45,0,10.74,15.15,1.35,8.99,0.21
2026-07-27,MQTM,35,35.97,36.96,31.95,49,17.97,663M,18.43M,4.61M,234.83K,25,0,-79.43,-17.35,2.09,-0.45,0.01
2026-07-27,MRNS,62.97,63.47,63.9,62.27,94.01,52.32,4.76B,74.93M,26.22M,17.41K,35,10.24,22.15,14.35,1.02,2.87,
2026-07-27,MSCL,24.65,24.65,24.65,24.65,46.53,12.05,763.6M,30.98M,7.74M,79.72K,25,,,,,,
2026-07-27,MTL,290,294.82,297,288,636.99,279,117.64B,399.03M,179.56M,144.3K,45,5.94,18.49,12.64,15.21,15.95,0.89
2026-07-27,MUGHAL,81.5,82.79,83.3,80.59,113.99,59,27.79B,335.63M,117.47M,876.51K,35,0,6.37,2.8,0.92,12.99,0.87
2026-07-27,MWMP,64,63.83,64,62.04,170.95,30.1,1.83B,28.75M,7.19M,7.13K,25,,,,,,
2026-07-27,NATM,77,85.16,77,77,92.94,77,1.81B,21.27M,1.06M,0,5,0,-53.59,-51.27,0.83,-1.59,0.05
2026-07-27,NESTLE,7799.95,7810.07,7849.98,7770,10524.97,7000,354.18B,45.35M,4.53M,173.2,10,7,370.41,8.2,18.04,21.09,1.23
2026-07-27,NETSOL,120.24,123.23,124,120,164.59,87.66,11.07B,89.84M,26.95M,149.03K,30,0,32.29,21.96,0.88,3.82,0.09
2026-07-27,NML,145.03,146.37,146.99,143.69,208.4,120,51.46B,351.6M,158.22M,2.19M,45,1.37,33.41,5.75,0.3,4.38,1.46
2026-07-27,NONS,99.97,95.25,103,94.5,157.1,70.02,1.57B,16.52M,3.3M,31.14K,20,4.2,39.15,4.55,0.75,2.43,0.17
2026-07-27,NRL,426.9,420.74,426.9,414,477.45,224,33.65B,79.97M,26.31M,2.17M,32.91,0,108.68,2.33,0.57,3.87,0.01
2026-07-27,NRSL,33.5,33.5,34.3,32.94,39.25,20.6,4.73B,141.32M,42.4M,22.1K,30,0,2.09,2.61,1.3,16.01,1.4
2026-07-27,NSRM,269.98,276.45,276.45,226.19,362.31,84.01,4.3B,15.55M,777.66K,8.91K,5,0,6.79,4.51,2.68,40.73,0.21
2026-07-27,OCTOPUS,31.66,31.95,32,31.55,60.89,24.35,5.02B,157.26M,47.18M,135.84K,30,,,,,,
2026-07-27,OGDC,317.9,323.45,324.45,316.52,352,222.05,1.39T,4.3B,645.14M,3.13M,15,4.95,36.17,39.85,0.99,8.94,0.76
2026-07-27,OLPM,24.75,24.06,25.94,24.75,25.98,19,1.09B,45.38M,34.04M,10.78K,75,10.39,3.44,9.88,0.82,7,-1.81
2026-07-27,OML,179.1,155.93,187.24,155.93,187.24,25.8,1.87B,12M,1.2M,64.47K,10,,,,,,
2026-07-27,ORM,10.3,10.39,10.4,10.3,16.79,9.2,779.25M,75M,26.25M,13.84K,35,,,,,,
2026-07-27,OTSU,420,418.64,430,411.11,447.94,254.95,5.07B,12.1M,3.02M,25.98K,25,0,28.78,8.39,4.71,14.55,1.89
2026-07-27,PAEL,42.26,43.37,43.69,42.1,64.6,32.01,40.06B,923.65M,508.01M,5.84M,55,0,4.46,5.86,0.8,9.72,0.31
2026-07-27,PAKD,121,123.38,124,119.8,247.74,85.01,1.46B,11.86M,5.06M,5.56K,42.63,,,,,,
2026-07-27,PAKOXY,281,287.11,289.2,281,356.68,217.1,25.01B,87.12M,21.78M,6.42K,25,0,22.58,14.35,2.01,12.71,0.14
2026-07-27,PAKQATAR,20.7,21.09,21.29,20.7,29.4,15.24,4.87B,230.71M,80.75M,457.76K,35,,,,,,
2026-07-27,PIBTL,16.41,16.8,16.87,16.26,22.97,9.33,30.01B,1.79B,803.74M,9.68M,45,0,1.18,14.81,1.71,14.25,7.73
2026-07-27,PICT,54.8,57.99,57.99,54.05,61.5,23.65,6.33B,109.15M,21.83M,1.98M,20,0,-1.17,-1281.2,4.67,-49.4,2.21
2026-07-27,PIM,23,23.77,23,22.47,31.33,16.16,475.4M,20M,1M,3.7K,5,,,,,,
2026-07-27,PIOC,291,295.89,297.89,289,427.5,200.01,67.21B,227.15M,34.07M,745.03K,15,3.38,24.32,14.8,1.33,12.16,0.19
2026-07-27,PKGS,799.88,803.37,805,798,855,611.01,71.8B,89.38M,17.88M,15.18K,20,1.99,-9.43,-0.43,1.09,-85.19,-3.56
2026-07-27,PMRS,560,505.79,573.9,505.5,835,264.72,1.9B,3.75M,387.66K,1.67K,10.34,0,-300.03,-3.27,0.43,-1.69,-0.12
2026-07-27,POML,161,161.67,167.9,161,226.9,113.11,1.25B,7.76M,3.11M,5.79K,40,,,,,,
2026-07-27,POWER,20.29,21.38,21.64,20.29,24.26,13.75,27.59B,1.29B,452.11M,1.26M,35.03,0,2.24,8.78,1.17,9.54,0.14
2026-07-27,PPL,219.88,224.67,225.9,216.3,284.6,164.5,611.32B,2.72B,669.51M,3.76M,24.61,3.78,28.99,33.84,0.82,7.75,
2026-07-27,PPP,134.9,133.88,136.99,132.79,221.99,91,1.07B,8M,4M,2.29K,50,3.73,17.67,7.84,0.59,7.58,0.3
2026-07-27,PQGTL,14.2,14.16,14.25,13.81,19.8,10.25,1.43B,101.11M,40.44M,137.92K,40,,,,,,
2026-07-27,PREMA,30.6,32.66,32.66,30.5,56.38,23,7.14B,218.64M,65.59M,838.54K,30,0,2.73,9.01,1.18,11.95,0.24
2026-07-27,PRL,55.1,55.51,56.24,53.9,56.24,23.2,34.97B,630M,227.29M,32.62M,36.08,0,19.07,3.89,0.9,2.91,0.02
2026-07-27,PSEL,916.95,906.71,986.82,880,1635,799,29.49B,32.52M,30.82M,2.98K,94.76,0,5.58,1.22,0.65,162.48,5.5
2026-07-27,PSO,342.02,347.95,349,342,506.75,320.11,163.35B,469.47M,234.74M,1.75M,50,2.87,92.73,1.35,0.56,3.75,0.03
2026-07-27,PSYL,134.55,136.5,143,134.5,158,52.26,18.93B,138.7M,6.93M,724.6,5,0,3.38,3.07,3.77,40.34,1.03
2026-07-27,PTL,52.99,54.63,56.4,52.5,65.88,46.06,9.18B,168M,42M,220.76K,25,7.32,6.4,3.09,1.14,8.54,
2026-07-27,QTECH,50.44,50.92,51.7,49.4,57.8,23.1,6.19B,121.58M,30.39M,2.17M,25,,,,,,
2026-07-27,QUICE,32.88,34.64,35.05,32.5,46.06,7.51,3.41B,98.46M,68.92M,385.06K,70,,,,,,
2026-07-27,REDCO,31,31.23,32,30.03,40.4,14.9,1.54B,49.29M,2.46M,6.68K,5,,,,,,
2026-07-27,REWM,161.69,175,177.62,161.69,244.05,96.02,5.39B,30.81M,10.78M,7.25K,35,,,,,,
2026-07-27,RMPL,9480,9294.95,9480,9270.01,13565.64,8500,85.85B,9.24M,461.82K,92.8,5,5.1,715.93,9.02,2.75,12.98,3.23
2026-07-27,RPL,16.4,16.85,17.19,16.35,25.05,12,2.39B,141.9M,44.42M,337.44K,31.3,0,0.13,0.16,0.27,133.73,-35.35
2026-07-27,RUPL,32,31.6,32,29.25,42.79,23.11,1.08B,34.07M,10.22M,3.95K,30,0,-20.94,-21.91,0.19,-1.51,0.03
2026-07-27,SANSM,133.98,120.74,133.98,118.05,148.99,41,1.44B,11.95M,6.57M,466,55,0,15.39,3.07,0.45,7.84,0.07
2026-07-27,SAPT,1461.99,1465.95,1462.02,1461.99,1606,1164,31.8B,21.69M,2.17M,33,10,0.68,387.04,5.77,0.39,3.79,0.25
2026-07-27,SARC,95.05,98.79,101,95.05,120.32,46.68,592.74M,6M,2.7M,7.78K,45,,,,,,
2026-07-27,SASML,358.5,343.16,378,331,469.49,97,3.58B,10.43M,2.61M,854.2,25,0.58,6.09,1.12,1.34,56.38,2.01
2026-07-27,SAZEW,1920,1961.38,1968,1920,2487,1250,118.56B,60.45M,21.16M,122.64K,35,3.57,303.75,12.89,3.33,6.46,0
2026-07-27,SCL,750,750.07,750,750,1125,288,2.93B,3.9M,195K,9,5,0,-53.91,-8.05,9.44,-13.91,1.05
2026-07-27,SEARL,91,93.01,93.51,90.12,137.44,76.37,54.71B,588.22M,294.11M,1.76M,50,0,2.04,6.01,1.59,45.68,183.83
2026-07-27,SEL,29.79,30.43,31.23,28.7,45.56,11.1,580.97M,19.09M,10.5M,18.04K,55,,,,,,
2026-07-27,SELECT,27.9,28.57,29.3,27.46,33.6,26.02,25.4B,888.89M,88.89M,2.27M,10,,,,,,
2026-07-27,SERT,47,47.92,47.92,44.3,84.49,19.17,660.7M,13.79M,2.07M,402.54K,15,,,,,,
2026-07-27,SGF,119,117.78,119,117,141.89,71.51,24.32B,206.47M,51.62M,62.8K,25,1.7,11.16,12.03,2.74,10.55,
2026-07-27,SGPL,77,76.65,77.07,73.12,129.07,7.2,1.37B,17.83M,16.05M,5.51M,90,,,,,,
2026-07-27,SHCM,50,51.32,52.92,50,96.58,30.52,905.12M,17.64M,1.76M,21.75K,10,,,,,,
2026-07-27,SHDT,52.05,54.83,55.9,52.05,74.81,36.46,1.25B,22.85M,8M,66.15K,35,,,,,,
2026-07-27,SHFA,535,525.58,535,519.99,615.28,424.13,33.22B,63.21M,28.45M,14.11K,45,0.95,41.05,8.72,2.01,12.8,0.26
2026-07-27,SHSML,373.1,364.47,379,363,549,326,7.7B,21.12M,7.39M,10.14K,35,5.49,41.33,4.41,0.6,8.82,0.82
2026-07-27,SIEM,1534.76,1529.81,1534.76,1520,1740,1335,12.62B,8.25M,412.35K,71.8,5,0,31.37,2.85,2.04,48.76,-2.55
2026-07-27,SINDM,21.5,23.92,24.9,21.5,41.25,12,1.08B,45M,4.5M,11K,10,,,,,,
2026-07-27,SITC,789.98,792.91,809.98,789.98,1060,555.32,16.99B,21.43M,6.43M,4.73K,30,1.39,65.36,4.3,0.85,12.13,0.72
2026-07-27,SLGL,15.99,16.03,16.15,15.62,26.5,13,6.76B,421.79M,126.54M,1.22M,30,,,,,,
2026-07-27,SLM,24.31,24.27,24.75,24.2,26.25,21.95,189.18B,7.79B,779.48M,4.04M,10,,,,,,
2026-07-27,SMCPL,41.95,42.37,43.5,41.6,57.3,23.52,1.06B,25M,7.5M,7.16K,30,,,,,,
2026-07-27,SNAI,38.95,39.99,40,36.63,43.9,25,798.4M,19.96M,6.99M,22.6K,35,0,6.54,5.84,1.12,6.11,-0.58
2026-07-27,SNGP,101.49,104.67,105.5,101.49,142.6,83.2,66.38B,634.22M,253.69M,1.98M,40,2.87,22.94,1.17,0.84,4.56,-0.76
2026-07-27,SPEL,46.62,48.42,48.84,46.48,83.5,32.91,9.67B,199.74M,39.95M,892.41K,20,2.48,6.37,13,1.44,7.6,0.17
2026-07-27,SPSL,16.9,17.28,17.65,16.72,23.45,16.15,29.03B,1.68B,335.98M,3.95M,20,,,,,,
2026-07-27,SRR,16.2,16.37,16.49,16.15,21,15.26,540.21M,33M,13.2M,52.93K,40,,,,,,
2026-07-27,SRVI,2065,2074.31,2079,2050,2464,1130,97.47B,46.99M,23.49M,14.75K,50,0.84,223.93,6.65,3.72,9.26,0.09
2026-07-27,SSGC,25.7,25.97,26.3,25.7,46.23,19.02,22.88B,880.92M,336.86M,12.18M,38.24,1.93,-2.87,-0.65,1.74,-9.06,88
2026-07-27,SSOM,454.88,464.24,473,454.88,965,351.1,2.63B,5.66M,1.4M,18.13K,24.69,,,,,,
2026-07-27,STCL,11.25,11.29,11.34,11,19.4,8.55,2.7B,239.32M,131.63M,190.45K,55,0,-4.03,-8,1.55,-2.8,0.13
2026-07-27,STJT,148,151.45,152,143,162,70,1.46B,9.66M,1.45M,723.8,15,3.63,27.72,4.42,0.59,5.46,0.5
2026-07-27,STL,38.5,39.66,40.5,37.6,2231.81,34.85,4.27B,107.62M,43.05M,569.69K,40,,,,,,
2026-07-27,STML,53.27,53.04,55.99,50.56,70.38,22.8,458.27M,8.64M,2.59M,48.33K,30,0,-6.99,-1.76,0.6,-7.58,0.56
2026-07-27,STYLERS,50,51.33,51.89,48.2,61.12,36,25.09B,488.83M,24.44M,33.32K,5,2.92,2.28,5.99,1.84,22.55,
2026-07-27,SURC,134.9,135.98,136.22,132.66,152.48,88,6.64B,48.81M,9.76M,10.52K,20,3.68,29.17,5.06,0.46,4.66,0.78
2026-07-27,SYM,11.3,11.84,11.92,11.3,17.04,9.01,3.38B,285.25M,156.89M,1.26M,55,,,,,,
2026-07-27,SYS,135.3,135.87,136.99,134.1,174.4,105.98,200.19B,1.47B,957.71M,1.55M,65,1.47,7.86,13.4,3.24,17.28,0.22
2026-07-27,SZTM,88.09,96.89,96.89,79.27,127.25,36,1.74B,17.97M,1.8M,71.78K,10,,,,,,
2026-07-27,TATM,130.01,133.23,136,130.01,300,82,7.46B,55.99M,11.2M,27K,20,,,,,,
2026-07-27,TCORP,22.99,22.96,23.5,22.4,31.87,15.62,1.52B,66.21M,23.17M,31.15K,35,0,0.85,0.7,0.4,26.93,-1.48
2026-07-27,TELE,8.52,8.65,8.74,8.35,14.09,6.22,2.93B,338.62M,326M,3.37M,96.27,0,0.51,1.67,0.66,17.04,0.68
2026-07-27,TGL,185.22,195.31,198.63,185.22,291.5,128,33.63B,172.17M,68.87M,111.48K,40,3.58,24.49,13.38,1.37,7.98,0.24
2026-07-27,THCCL,63.25,65.75,65.75,62.9,103.5,42.52,32.78B,498.59M,174.51M,3.79M,35,0,7.24,24.4,3.22,9.08,0.05
2026-07-27,TICL,1012.1,1017.82,1039.98,978.89,1270,514,15.29B,15.02M,226.46K,6.48K,1.51,0.98,182.06,7.68,1.24,5.59,0.33
2026-07-27,TOMCL,36.94,37.88,38.18,36.05,75.85,28.3,7.44B,196.34M,107.99M,1.47M,55,0,1.84,2.74,1.13,20.59,2.12
2026-07-27,TOWL,126.57,124,127.99,123.01,195.95,92.5,2.11B,17M,3.4M,3.61K,20,,,,,,
2026-07-27,TPLRF1,10.4,10.18,10.49,10.11,18.39,7.5,18.68B,1.83B,1.38B,6.27M,75,,,,,,
2026-07-27,TREET,22.95,22.67,22.95,22,37,19.55,8.41B,371.03M,185.51M,1.59M,50,0,1.29,1.81,1.04,17.51,0.46
2026-07-27,TRSM,15.5,16.52,16.52,15.1,71.65,8,492.3M,29.8M,23.84M,1.07M,80,,,,,,
2026-07-27,UBDL,26.99,25.56,26.99,25.15,34.5,20.01,2.35B,91.8M,4.59M,73.13K,5,,,,,,
2026-07-27,UDLI,22.24,19.8,22.49,19.59,25.5,8.31,695.39M,35.12M,14.05M,2.01M,40,,,,,,
2026-07-27,UDPL,124.98,122.14,124.98,121,168.99,72,4.31B,35.27M,5.29M,5.72K,15,,,,,,
2026-07-27,UNITY,10.2,10.24,10.28,10.1,31.74,7.51,12.23B,1.19B,537.32M,5.08M,45,0,1.6,2.34,0.65,6.4,0.11
2026-07-27,UPFL,25438,25300,25438,25008,34999,22562.78,161.16B,6.37M,521.22K,30.4,8.18,5.76,1001.9,14.74,19.01,25.25,1.03
2026-07-27,WAFI,179.3,180.34,180.99,176.6,260,165,38.6B,214.02M,32.1M,62.34K,15,,,,,,
2026-07-27,WAHDAT,16.48,16.46,17.18,16.21,21.78,15.45,5.52B,335.22M,83.81M,505.71K,25,,,,,,
2026-07-27,WAHN,292,288,294,286,435,225.23,2.59B,9M,3.15M,2.82K,35,3.47,51.77,9.43,0.9,5.56,0.34
2026-07-27,WASL,6,5.94,6.1,5.9,6.1,4.31,954.66M,160.72M,96.43M,3.17M,60,,,,,,
2026-07-27,WAVES,10.11,10.95,10.95,10.11,16.95,8.02,3.08B,281.41M,196.98M,2.96M,70,0,1,5.91,0.31,10.9,-2.03
2026-07-27,ZAHID,81.99,79.89,84,77,135.9,32.69,15.29B,191.42M,5.94M,121.51K,3.11,0,7.93,3.96,0.7,10.07,0.71
2026-07-27,ZAL,39.49,41.43,41.89,39.2,79.5,23.11,10.88B,262.5M,65.62M,385.22K,25,,,,,,
2026-07-27,ZIL,387.99,363,387.99,357.03,722,300,2.22B,6.12M,306.13K,274.8,5,,,,,,
2026-07-27,ZTL,18.9,19.1,19.34,17.6,24.48,9.75,1.14B,59.43M,14.86M,150.99K,25,0,-0.82,-0.65,0.46,-23.34,3.06
2026-07-28,ABOT,944,934.91,944,930,1304,821,91.53B,97.9M,21.17M,12.66K,21.63,4.28,84.85,10.97,2.72,11.02,0.62
2026-07-28,ACPL,228,231.04,232.5,227.6,325.01,205,31.75B,137.43M,13.74M,265.63K,10,3.68,20.97,6.74,1.33,11.02,0.79
2026-07-28,ADAMS,64.99,63.37,64.99,61.5,90.98,57.25,1.1B,17.29M,3.46M,9.82K,20,6.31,9.29,1.54,0.21,6.82,-5.83
2026-07-28,AGIL,159.89,155.28,159.89,155,198,121.2,5.59B,36M,21.6M,9.22K,60,1.13,24.75,5.37,0.83,6.28,0.49
2026-07-28,AGP,195.89,193.64,196.89,192.5,258.67,163,54.22B,280M,84M,311.34K,30,4.13,13.41,13.14,3.32,14.44,0.26
2026-07-28,AGTL,380,379.16,384.5,377.5,497,288,21.98B,57.96M,3.67M,7.37K,6.34,0,35.36,8.63,1.96,10.72,1.29
2026-07-28,AHTM,99.92,97.92,103.99,95.2,134.15,60,829.53M,8.47M,1.27M,17.26K,15,1.53,12.65,2.07,0.35,7.74,-2.78
2026-07-28,AIRLINK,143,139.32,143,138.5,199,118,55.07B,395.27M,118.58M,2.01M,30,6.46,14.02,6.35,3.01,9.94,
2026-07-28,AKGL,51,51.01,53.8,51,68.75,48.01,510.1M,10M,1M,477.6,10,,,,,,
2026-07-28,ALNRS,136.9,129.29,136.9,129,144,82,2.65B,20.47M,4.09M,2.13K,20,3.09,13.88,1.67,0.37,9.31,3.88
2026-07-28,ANL,10.18,10.11,10.18,10.05,13.7,8.01,4.91B,485.41M,242.7M,191.87K,50,0,1.6,1.96,0.32,6.31,0.39
2026-07-28,ANTM,57.99,56,58,54,66.38,20.81,540.96M,9.66M,1.45M,8.7K,15,,,,,,
2026-07-28,ARCTM,37.94,36.06,37.94,36,46.98,24.14,475.08M,13.17M,2.7M,33.8K,20.52,,,,,,
2026-07-28,ARPL,389.99,415.22,423,387,535,325,14.35B,34.56M,8.64M,28.42K,25,7.23,38.21,4.75,2.96,10.87,4.86
2026-07-28,ASHT,38.1,32.02,38.1,31.5,70,13.64,1.49B,46.57M,2.33M,6.68K,5,,,,,,
2026-07-28,ASL,12.68,12.6,12.68,12.57,15.94,8.51,11.73B,930.78M,279.24M,725.27K,30,0,0.07,0.28,1.17,181.03,-13.62
2026-07-28,ASTM,28.84,28.84,28.84,27,41.94,12,437.7M,15.18M,2.28M,126.55K,15,,,,,,
2026-07-28,ATBA,205.17,203.45,207.9,203.01,308.99,169.02,7.12B,35.02M,8.75M,8.32K,25,0,2.24,0.23,0.9,90.96,444.44
2026-07-28,ATRL,955,971.56,1003.9,953.5,1005,597.1,103.58B,106.62M,42.65M,1.07M,40,0.77,180.56,6.62,0.6,5.38,-0.01
2026-07-28,AVN,32.99,32.49,33.05,32.4,54.3,26.5,13.96B,429.67M,150.38M,393.75K,35,3.08,1.02,2.52,0.93,31.85,-11.7
2026-07-28,AWTX,1744.6,1586,1744.6,1744.6,1744.6,1270,1.27B,800K,4.5K,0,0.56,0,9.84,0.15,1.01,161.26,-19.84
2026-07-28,BAFS,546.95,546.95,546.95,495,546.95,92.98,5.17B,9.45M,472.5K,11.48K,5,0.37,60.89,8.1,2.52,8.98,0.06
2026-07-28,BATA,929.84,929.88,938.95,929.84,1750,875,7.03B,7.56M,1.79M,2.49K,23.67,0,-368,-15.26,2.33,-2.53,0.11
2026-07-28,BBFL,42.9,43.16,43.5,42.8,57.35,34,12.9B,298.91M,115.24M,406.3K,38.55,,,,,,
2026-07-28,BCL,76,73.76,76,71,130,56.02,846.21M,11.47M,6.31M,5.35K,55,0,-1.36,-1.1,2.66,-54.41,4.33
2026-07-28,BECO,5.21,5.17,5.27,5.11,73.6,3.9,6.46B,1.25B,437.37M,2.5M,35,,,,,,
2026-07-28,BERG,110.45,105.08,114,105,141,80.65,2.58B,24.55M,9.82M,157.05K,40,4.76,12.44,3.37,0.68,8.45,
2026-07-28,BFAGRO,34.7,33.93,34.7,33.81,49.25,29.03,10.52B,309.99M,77.5M,158.26K,25,,,,,,
2026-07-28,BFBIO,132.99,129.45,132.99,129.01,189.97,124,11.43B,88.33M,26.5M,70.17K,30,,,,,,
2026-07-28,BFMOD,22.03,22.13,22.6,21.8,38.84,10.11,166.31M,7.52M,2.63M,14.76K,35,,,,,,
2026-07-28,BHAT,790.5,806.37,790.5,790.5,1040,726.06,2.45B,3.04M,152.05K,10.8,5,0,30.09,0.28,0.23,26.8,3.78
2026-07-28,BIFO,134.31,128.69,134.31,128.01,207.1,79.1,5.97B,46.38M,16.23M,420.18K,35,5.83,9.41,12.78,1.83,13.67,0.66
2026-07-28,BIPL,27.66,27.47,27.75,27.21,44.1,23.6,30.46B,1.11B,166.31M,554.55K,15,10.01,3.87,5.45,0.66,7.09,
2026-07-28,BLUEX,7.31,7.12,7.4,7,80.85,4.9,2.02B,284.28M,113.71M,2.68M,40,,,,,,
2026-07-28,BNL,6.72,6.54,6.75,6.4,170.73,6.01,4.37B,668.05M,434.23M,1.66M,65,0,0.67,5.69,1.49,9.8,0.6
2026-07-28,BNWM,66.77,66.11,66.99,66.01,87.5,50,628.46M,9.51M,4.75M,7.65K,50,0,-9.58,-7,0.19,-6.9,-0.3
2026-07-28,BPL,53,53.53,54.01,51.1,80.97,20.01,1.2B,22.49M,6.75M,43.91K,30,,,,,,
2026-07-28,BRRG,50.23,47.92,50.23,47.77,53.77,27.53,4.55B,95.01M,47.5M,25.68K,50,,,,,,
2026-07-28,BTL,999.96,952.78,999.99,999.96,1580,275.01,6.13B,6.43M,321.6K,27.6,5,0,-35.67,-0.77,0.81,-26.71,
2026-07-28,BUXL,189.95,184.48,191.5,182,274.4,133.02,265.65M,1.44M,576K,5.7K,40,0,-17.12,-4.42,1.63,-10.77,0.12
2026-07-28,BWHL,225,225.02,228,225,257.92,157.51,3B,13.33M,7.33M,2.43K,55,7.55,29.35,14.67,1.27,7.67,0.06
2026-07-28,CCM,59.88,57.49,59.99,56.25,68.88,34.4,1.3B,22.66M,10.2M,88.61K,45,0,2.96,-0.18,0.19,19.41,-0.94
2026-07-28,CEPB,29.24,29.22,29.68,29.01,46.7,24.59,11.74B,401.71M,120.51M,772.82K,30,0,-1.87,-1.96,0.9,-15.63,1.04
2026-07-28,CFL,58.37,58.35,63.49,54.12,94.01,45.1,724.58M,12.42M,3.73M,3.66K,30,0,-49.59,-18.39,0.19,-1.18,0.03
2026-07-28,CHAS,101.57,99.59,102.95,99,160.49,56.01,2.86B,28.69M,4.3M,7.7K,15,0,-57.51,-5.08,0.28,-1.73,-0.15
2026-07-28,CHCC,327,316.58,327,315,390,225,61.51B,194.3M,116.58M,254.74K,60,1.74,37.91,19.73,1.64,8.35,0.32
2026-07-28,CLOV,8,7.81,8,7.78,88.64,6.59,3.04B,389.29M,214.11M,801.99K,55,0,0.61,4.44,4.17,12.79,-0.32
2026-07-28,CNERGY,10.96,10.95,11.48,10.8,11.48,5.87,60.15B,5.49B,1.37B,114.77M,25,0,2.78,4.49,0.27,3.94,0.07
2026-07-28,COLG,1259.77,1249.76,1259.77,1243.03,1335,1050,303.41B,242.77M,24.28M,3.17K,10,4.68,73.22,14.79,8.31,17.07,0.36
2026-07-28,CPHL,75.78,74.55,75.78,74.31,104.25,69.25,17.03B,228.46M,114.23M,368.51K,50,4.69,4.8,7.92,1.56,15.53,
2026-07-28,CPPL,102,101.6,102,100,125.5,64.79,4.99B,49.1M,29.46M,29.55K,60,2.95,1.5,0.52,0.57,67.76,-5.06
2026-07-28,CRTM,75.79,74.77,75.79,74.5,96.5,16.6,7.48B,100M,60M,9.32K,60,0,1.31,0.69,0.59,57.17,-7.66
2026-07-28,CSAP,106,103.46,106.23,103.25,143.5,78.25,8.03B,77.63M,34.93M,293.67K,45,7.25,5.08,4.79,0.9,20.35,2.92
2026-07-28,DAAG,83.89,76.71,89,74.8,120.25,52,306.84M,4M,970.7K,7.72K,24.27,,,,,,
2026-07-28,DADX,90,90.01,91.99,90,121.88,42.75,968.87M,10.76M,538.2K,781.4,5,0,-30.29,-37.21,3.74,-2.97,0.05
2026-07-28,DCL,11.51,11.35,11.65,11.26,16.31,6.61,6.18B,544.11M,190.44M,11.99M,35,0,-2.37,-4.8,0.25,-4.79,0.04
2026-07-28,DCR,37.7,37.96,38.18,37.7,41.8,27.9,84.41B,2.22B,555.92M,315.82K,25,6.8,2.31,78.71,1.11,16.43,
2026-07-28,DFSM,18.49,17.44,18.5,17.35,35.24,3.75,1.7B,97.75M,34.21M,3.32M,35,,,,,,
2026-07-28,DGKC,213.87,213.33,219.5,211.52,275.75,145.1,93.46B,438.12M,219.06M,6.67M,50,0.94,27.64,14.23,0.83,7.72,0.27
2026-07-28,DINT,73,72.9,73,72.9,96,41.36,3.82B,52.47M,7.87M,416.6,15,0,-3.91,-0.63,0.55,-18.63,-1.92
2026-07-28,DMC,201.9,184.87,201.9,184.5,351.9,43.05,564.3M,3.05M,915.73K,314.4,30,,,,,,
2026-07-28,DNCC,17.98,18,18,17.42,28.07,14,5.69B,316.36M,94.91M,120.42K,30,0,-0.39,-1.76,2.75,-45.8,-0.3
2026-07-28,DOL,30.49,30.03,30.49,29.92,41,25.36,5.26B,175.03M,52.51M,59.62K,30,13.32,2.55,8.79,1.76,11.79,-3.94
2026-07-28,DYNO,349.63,347.63,349.63,347,366.9,254.3,6.56B,18.87M,12.27M,6.66K,65,4.67,55.14,7.33,1.21,6.3,0.69
2026-07-28,ECOP,50.49,49.24,50.49,49,78.25,33.82,2.38B,48.26M,36.19M,84.36K,75,4.06,7.67,5.37,1.31,6.42,0.15
2026-07-28,EFERT,192,189.65,192,189.25,263.3,185.11,253.24B,1.34B,600.88M,583.07K,45,7.78,17.26,9.42,5.93,10.99,-1.57
2026-07-28,ELCM,227.98,228.27,229.35,225,343.44,124,296.75M,1.3M,260K,661.6,20,0,-24.15,-3.34,4.38,-9.45,0.14
2026-07-28,ELSM,146.7,146.72,146.72,146.7,146.72,99,1.61B,10.95M,3.29M,12.16K,30,2.73,3.97,0.28,0.37,36.92,-30.28
2026-07-28,EMCO,52.2,51.11,53.47,50.56,84,31.29,1.79B,35M,10.5M,6.59K,30,,,,,,
2026-07-28,ENGROH,282.9,282.66,285.77,280,302.5,206.8,340.39B,1.2B,903.17M,1.71M,75,0,53.18,10.18,,5.32,0.32
2026-07-28,EPCL,34.1,34.14,34.6,33.25,39.32,27.01,31.03B,908.92M,227.23M,1.47M,25,0,-2.97,-3.28,1.49,-11.48,1.04
2026-07-28,EPQL,25.97,26.21,26.3,25.86,34.98,22.3,8.49B,323.8M,161.9M,202.01K,50,44.83,1.86,5.05,0.75,14.07,-4.97
2026-07-28,EXIDE,498.89,488.2,499.9,485,900,365,3.79B,7.77M,1.94M,6.99K,25,1.02,55.53,2.2,0.51,8.79,
2026-07-28,FABL,102,100.96,102,99.1,106,69.33,153.23B,1.52B,531.19M,817.51K,35,6.44,15.03,11.4,1.35,6.72,
2026-07-28,FANM,7.39,7.2,7.4,7.1,10.83,4.25,166.32M,23.1M,11.55M,117.18K,50,,,,,,
2026-07-28,FASM,293,297.57,313.98,287,430,240.02,2.98B,10M,1M,1.08K,10,0,-52.85,-1.19,0.28,-5.63,-1.47
2026-07-28,FATIMA,158.5,157.21,159,155.03,192.8,110,330.14B,2.1B,315M,690.16K,15,6.04,17.58,13.62,1.91,8.94,0.24
2026-07-28,FCCL,56.9,55.85,57.19,55.45,62.84,36.26,136.99B,2.45B,858.5M,8.46M,35,2.24,5.99,16.04,1.49,9.32,0.09
2026-07-28,FCEPL,104.98,103.7,104.98,103.25,118.01,63.86,79.5B,766.6M,76.66M,291.57K,10,3.38,4.51,3.23,4.22,23,0.67
2026-07-28,FCL,24.37,24.07,24.6,24.01,28.56,19.65,15.51B,644.58M,161.14M,765.71K,25,,,,,,
2026-07-28,FECM,17.71,17.65,18.19,17.51,57.06,11.75,200.15M,11.34M,8.51M,21.28K,75,,,,,,
2026-07-28,FECTC,110.9,105.97,110.9,102.25,195.75,72,5.32B,50.16M,12.54M,165.93K,25,1.89,14,5.6,1.05,7.57,-0.06
2026-07-28,FEM,11.6,11.01,11.6,11.01,17.7,4.8,577.36M,52.44M,36.71M,22.32K,70,,,,,,
2026-07-28,FEROZ,382,376.43,385,375,475,293.01,16.36B,43.47M,17.39M,16.09K,40,1.06,21.66,4.15,1.26,17.38,0.78
2026-07-28,FFC,548.17,547.71,554.9,547,685,425,788.17B,1.44B,791.46M,943.67K,55,7.03,59.83,16.49,2.89,9.15,0.14
2026-07-28,FFL,16.6,16.21,16.6,16.02,23.93,14,40.85B,2.52B,503.99M,2.57M,20,0,0.44,3.79,3.73,36.46,-0.11
2026-07-28,FFLM,16.5,15.51,16.5,15.4,27.23,4.4,409.68M,26.41M,17.17M,580.55K,65,,,,,,
2026-07-28,FHAM,33.25,33.2,33.25,32.7,39.49,25.04,3.68B,110.83M,94.21M,9.84K,85,6.78,7.53,17.05,0.6,4.41,0.11
2026-07-28,FIBLM,17.2,15.24,18.34,15,22.24,6.7,330.52M,21.69M,10.84M,970.55K,50,0,0.94,43.94,1.32,16.27,0.5
2026-07-28,FIMM,196,200,200,196,397.69,173.39,600M,3M,900K,13.8,30,,,,,,
2026-07-28,FLYNG,44,43.23,44.25,43.01,61,38.51,30.04B,694.8M,104.22M,17.31K,15,0,1.29,5.99,2.33,33.47,0.13
2026-07-28,FML,54.2,54.17,55.47,53.5,86,34.05,21.64B,399.41M,39.94M,81.74K,10,0,0.46,0.27,0.64,117.63,-24.85
2026-07-28,FPJM,10.9,10.55,11.2,10.22,14.99,4.23,358.91M,34.02M,13.61M,1.12M,40,0,-3.22,-38.72,-0.77,-3.28,0.44
2026-07-28,FPRM,13.08,12.97,13.08,12.75,16.99,9,178.84M,13.79M,6.2M,13.97K,45,,,,,,
2026-07-28,FRCL,96.01,104.64,104.95,96.01,118.45,39.02,3.96B,37.87M,1.89M,2.42K,5,,,,,,
2026-07-28,FRSM,44.72,43.39,45,43.36,63.48,34.22,1.71B,39.51M,11.85M,4.22K,30,0,10.05,3.35,0.78,4.32,0.01
2026-07-28,FTMM,16.6,16.01,16.6,15.9,23.75,11.14,3.13B,195.6M,9.78M,2.14K,5,9.37,0.5,2.47,1.12,32.3,-1.45
2026-07-28,FTSM,36.99,37.96,37.96,36,57,11.52,803.35M,21.16M,8.47M,46.93K,40,,,,,,
2026-07-28,FZCM,246.5,249.76,254.99,246.5,343,185.52,7.49B,30M,3M,1.52K,10,0,3.02,0.1,0.15,82.78,39.04
2026-07-28,GADT,282.5,275.03,282.5,273,530,215,7.71B,28.03M,8.41M,5.26K,30,0,43.77,1.72,0.31,6.28,0.53
2026-07-28,GAL,600.21,597.58,604.25,592.02,633,291,34.06B,57M,22.8M,839.06K,40,1.67,117.24,12.52,1.78,5.1,0
2026-07-28,GATI,85.99,84.16,85.99,83.51,159,62.55,9.15B,108.73M,16.31M,18.23K,15,0,-10.67,-4.01,0.77,-7.89,-5.6
2026-07-28,GATM,26.85,27.19,27.47,26.4,40.7,16.5,20.12B,740.06M,185.01M,382.08K,25,0,2.72,1.18,0.39,10.01,0.82
2026-07-28,GCIL,37,38.14,39.19,36.4,40.6,23.81,21.76B,570.45M,228.18M,8.83M,40,0,5.27,33.37,,7.24,
2026-07-28,GCWL,16.15,16.42,16.6,16.02,25.15,11.75,4.11B,250.14M,111.05M,836.96K,44.39,,,,,,
2026-07-28,GDL,17.9,17.88,18.1,17.84,33,16.9,7.67B,429.2M,107.3M,710.52K,25,,,,,,
2026-07-28,GEMBCEM,11.3,11.25,11.3,11.25,14.5,9.64,1.12B,100M,25M,0,25,,,,,,
2026-07-28,GEMMEL,27.2,24.73,27.2,24.01,39,19.1,4.8B,194.1M,19.41M,33.2,10,,,,,,
2026-07-28,GEMPACRA,33,32.52,33.1,32.52,49,22,2.42B,74.53M,7.45M,51K,10,,,,,,
2026-07-28,GEMPAPL,0,11.75,0,0,19,9,235M,20M,15M,1.25K,75,,,,,,
2026-07-28,GFIL,30.96,30.62,31.78,30.6,35.18,11.1,999.3M,32.64M,3.26M,17.55K,10,,,,,,
2026-07-28,GGGL,9.1,9.03,9.19,9,14.47,6.7,2.17B,240M,120M,1.01M,50,0,0.54,4.51,0.74,16.86,0.79
2026-07-28,GGL,25.81,25.08,25.9,24.7,31.31,14.1,8.88B,354.12M,177.06M,4.66M,50,0,9.78,31.53,1.1,2.57,0.05
2026-07-28,GHGL,40.13,39.07,40.13,38.01,52.25,27.78,39.06B,999.71M,349.9M,290.78K,35,5.12,6.21,13.11,0.96,6.29,0.25
2026-07-28,GHNI,1216,1226.94,1244.9,1200,1285.15,590,52.28B,42.61M,14.91M,325.8K,35,0.81,162.33,11.84,2.84,7.56,0.02
2026-07-28,GIL,0,1000,0,0,0,0,0,0,0,0,0,0.3,15.14,0.25,0,66.03,-14.54
2026-07-28,GLAXO,355,354.45,361.75,353,459.94,293.09,112.88B,318.47M,63.69M,162.47K,20,4.8,33,15.6,3.11,10.74,0.17
2026-07-28,GOC,210.03,207.66,212.23,195.25,235,77,1.53B,7.35M,1.1M,25.77K,15,0.48,4.14,6.12,2.13,50.11,1.81
2026-07-28,GTYR,33.48,32.87,33.9,32.75,49.19,22.26,4.01B,121.93M,48.77M,1.53M,40,0,-6.34,-4.84,0.63,-5.18,0.56
2026-07-28,GVGL,55.01,55,55.11,53.88,75,43.65,8.25B,149.94M,29.38M,2.54K,19.59,5.45,6.64,15.54,1.64,8.28,
2026-07-28,GWLC,50.98,49.87,50.98,49.51,77.96,38.75,19.96B,400.27M,40.03M,170.15K,10,3.01,6.74,12.64,0.73,7.39,0.5
2026-07-28,HAEL,28.35,28,28.35,26.84,37.96,14.91,363.9M,13M,1.95M,67.9K,15,,,,,,
2026-07-28,HAFL,490.01,490.12,500.96,490.01,629.5,283.58,588.14M,1.2M,42.48K,148.4,3.54,,,,,,
2026-07-28,HALEON,766,760.14,766,753,1010,655,88.98B,117.05M,15.74M,21.95K,13.44,3.95,55.96,15.35,6.11,13.58,0.19
2026-07-28,HCAR,254.89,244.5,256.5,242.52,318,147.5,34.91B,142.8M,28.56M,880.98K,20,3.68,22.64,2.64,1.37,10.8,32.55
2026-07-28,HINO,408.1,393.38,412,391.02,629.99,264.69,9.76B,24.8M,2.55M,10.89K,10.28,2.77,21.82,4.92,1.61,18.03,0.25
2026-07-28,HINOON,1007.84,996.04,1007.84,990,1241,755.56,52.77B,52.98M,21.19M,15.44K,40,5.02,75.63,14.32,3.57,13.17,0.31
2026-07-28,HPL,4040,4044.97,4045,4011.01,4889.99,2925.66,39.01B,9.64M,964.48K,390.8,10,5.93,317.04,9.84,4.38,12.76,0.28
2026-07-28,HRPL,20.9,21.11,21.45,20.4,37,16.51,844.4M,40M,8M,158.37K,20,0,-3.09,-5.61,1.14,-6.84,0.28
2026-07-28,HTL,42,41.1,42.49,41.01,66.5,31.01,5.72B,139.2M,34.8M,317.25K,25,0,3.83,1.49,0.87,10.75,1.05
2026-07-28,HUBC,225.88,223.01,226.3,222.5,249.99,144,289.28B,1.3B,972.87M,3.2M,75,11.21,34.65,63.41,1.28,6.44,-5.11
2026-07-28,IBFL,300,297.33,300,300,397.32,176.55,92.32B,310.51M,15.53M,232,5,0,-1.49,-0.44,1.61,-199.18,-18.71
2026-07-28,IBLHL,50.55,49.77,50.55,49.05,85.82,36,4.9B,98.53M,24.63M,171.6K,25,0,2.44,5.36,1.97,20.4,5.23
2026-07-28,ICCI,14.23,13.63,14.23,13.51,17.91,8.61,408.92M,30M,4.5M,81.99K,15,,,,,,
2026-07-28,ICL,139,141.52,142,137.61,176,85.1,14.15B,100M,45M,65.43K,45,2.12,13.74,4.34,1.29,10.3,0.38
2026-07-28,IDEAL,44.9,42.36,44.9,42,87.7,15.75,420.21M,9.92M,1.49M,2.46K,15,,,,,,
2026-07-28,IDRT,38.5,38,39,37.75,68.08,19.3,754.41M,19.85M,1.99M,42.53K,10,,,,,,
2026-07-28,ILP,102.5,104.16,104.9,101.6,110.5,67.4,146B,1.4B,280.34M,637.01K,20,2.88,8.3,6.45,2.4,12.55,0.2
2026-07-28,IMAGE,26.73,26.6,26.75,26.4,32.46,19,6.13B,230.37M,149.74M,564K,65,7.52,3.49,17.93,1.26,7.61,
2026-07-28,INIL,170.8,166.88,170.8,166.29,249,127.3,22.01B,131.88M,59.35M,115.97K,45,3.6,14.32,1.72,0.68,11.65,-3.72
2026-07-28,INKL,95,93,95,93,126,30.15,899.77M,9.68M,3.87M,8.24K,40,,,,,,
2026-07-28,IPAK,36.95,36.7,36.99,36.51,38,21.02,26.98B,735.21M,220.56M,418.77K,30,1.56,3.81,7.22,2.11,9.64,
2026-07-28,IREIT,8.01,8.01,8.08,7.98,13.05,7.26,2.21B,275.86M,96.55M,181.72K,35,,,,,,
2026-07-28,ISIL,1935,1941.07,1945,1906.1,2370,1725.01,128.8B,66.36M,3.32M,203.2,5,0.26,62.5,3.31,4.65,31.06,0.47
2026-07-28,ISL,89.5,87.49,90.2,87.07,135,65.45,38.06B,435M,152.25M,245.45K,35,5.14,6.93,3.59,1.49,12.62,-3.05
2026-07-28,ITANZ,49.5,47.14,51,45,51,45,5.59B,118.6M,48.52M,6.2M,40.91,,,,,,
2026-07-28,ITTEFAQ,9.1,8.82,9.1,8.71,12.64,5.75,1.27B,144.34M,93.82M,1.96M,65,0,-3.91,-27.88,0.44,-2.26,
2026-07-28,JATM,37.5,34.38,37.5,33.22,49.08,14.61,433.23M,12.6M,1.89M,16.83K,15,,,,,,
2026-07-28,JDMT,149.79,154.18,156.98,145.03,175,60.1,1.07B,6.92M,2.07M,117.39K,30,,,,,,
2026-07-28,JDWS,933.11,910.13,933.11,893,1019.98,780,52.58B,57.78M,8.67M,3.76K,15,5.49,172.77,7.74,1.35,5.27,0.13
2026-07-28,JSML,61.5,60.92,61.61,60.52,147.5,40.61,2.08B,34.13M,13.65M,19.83K,40,0,5.89,1.94,0.22,10.34,0.32
2026-07-28,JVDC,146.74,145.18,146.74,144,163.9,65.15,55.29B,380.86M,190.43M,523.1K,50,3.44,10.67,38.34,1.99,13.61,-0.01
2026-07-28,KCL,140,145,145,140,195.69,115.02,2.11B,14.55M,10.91M,218.5,75,,,,,,
2026-07-28,KEL,7.58,7.39,7.58,7.35,9.58,4.91,204.08B,27.62B,2.76B,25.79M,10,0,0.42,2.19,1.77,17.72,
2026-07-28,KHYT,2130,1998.29,2130,1990,2689,1131.01,2.45B,1.23M,20.67K,170.2,1.68,,,,,,
2026-07-28,KOHC,99.97,98.46,99.97,97.16,567.99,74,90.51B,919.31M,229.83M,439.99K,25,0,10.62,25.96,1.64,9.27,0.32
2026-07-28,KOHE,15.45,15.03,15.45,15,23.49,12.33,2.55B,169.46M,67.78M,162.34K,40,0,3.94,15.83,0.56,3.81,-0.37
2026-07-28,KOHTM,132.02,128.79,133.39,128,210,40,2.68B,20.8M,6.24M,160.39K,30,1.55,14.85,3.65,0.55,8.68,0.22
2026-07-28,KPUS,1299,1337.15,1337.15,1275,2849.99,115.11,21.42B,16.02M,800.88K,18.34K,5,0,5.5,1.09,5.39,243.12,7.86
2026-07-28,KSBP,262,260.28,263.88,254.4,263.98,155.2,8.04B,30.9M,8.37M,311.88K,27.08,0.38,7.14,3.26,1.89,36.45,3.77
2026-07-28,KTML,47.3,46.27,47.49,45.35,305,37.02,62.3B,1.35B,269.3M,263.64K,20,0.86,7.94,8.01,0.77,5.83,0.19
2026-07-28,LCI,231,229.87,231.5,228.05,396,201.17,106.15B,461.8M,92.36M,63.61K,20,4.98,20.25,8.25,1.89,11.35,0.55
2026-07-28,LEUL,44.05,43.13,45.9,42.51,72.68,25.76,258.78M,6M,1.8M,102.69K,30,,,,,,
2026-07-28,LIVEN,36.8,36.27,36.8,36.06,74.4,27.82,4.1B,113.04M,11.3M,30.57K,10,,,,,,
2026-07-28,LOADS,13.75,13.53,13.75,13.45,22.6,10.93,5.02B,371.25M,185.62M,843.58K,50,0,1.07,4.28,0.96,12.68,-0.01
2026-07-28,LOTCHEM,27.9,27.7,28.2,27.35,34.3,18.41,41.94B,1.51B,378.55M,10.22M,25,23.47,3.09,5.49,2.07,8.96,-3.6
2026-07-28,LPGL,90.56,93.68,94.88,90.55,128,63.01,702.6M,7.5M,1.88M,2.08K,25,,,,,,
2026-07-28,LUCK,461,455.04,462,452.01,529.5,339,666.63B,1.47B,439.5M,2.57M,30,0.88,56.88,16.86,1.65,8,0.16
2026-07-28,MACFL,69.5,67.83,69.5,67.5,86.98,19.52,4.02B,59.3M,23.72M,169.86K,40,0.74,2.13,1.96,1.73,31.82,7.59
2026-07-28,MACTER,289.75,284.63,289.75,282.52,443.5,255.1,13.04B,45.81M,18.32M,16.78K,40,1.34,17.8,6.82,3.23,15.99,0.29
2026-07-28,MARI,658.9,650.85,658.9,650,795,544.56,781.43B,1.2B,240.12M,462.67K,20,4.61,57.11,37.45,2.74,11.4,0.49
2026-07-28,MEBL,566,562.68,570.05,561.11,582,351.2,1.01T,1.8B,450.14M,1.41M,25,5.07,50.58,19.77,3.56,11.12,
2026-07-28,MEHT,192.22,196.78,197.01,192.16,389,180,5.9B,30M,19.5M,7.7K,65,0,39.74,1.87,0.31,4.95,0.12
2026-07-28,MERIT,9.98,9.93,10.08,9.85,14.69,7.1,1.99B,199.96M,39.99M,54.03K,20,0,-1.75,-10.52,0.84,-5.68,0.01
2026-07-28,MFFL,176.09,175.01,179.89,169.05,237,139.66,4B,22.88M,3.85M,17.81K,16.82,,,,,,
2026-07-28,MFL,41,40.51,41,40.2,85.73,37.56,4.96B,122.4M,42.84M,173.14K,35,0,4.13,1.98,0.46,9.8,0.2
2026-07-28,MIRKS,35.87,33.98,35.87,33.15,44.5,22.28,2.26B,66.56M,29.95M,60.17K,45,0,0.03,0.01,0.94,1240.15,18.61
2026-07-28,MLCF,98,96.91,99.01,96.15,132.99,71,101.52B,1.05B,471.4M,17.93M,45,0,10.74,15.15,1.35,9.02,0.22
2026-07-28,MQTM,35,33.26,35.97,32.37,49,17.97,613.05M,18.43M,4.61M,262.59K,25,0,-79.43,-17.35,1.93,-0.42,0.01
2026-07-28,MRNS,62.98,62.57,63.98,62.3,94.01,52.32,4.69B,74.93M,26.22M,22.57K,35,10.39,22.15,14.35,1.01,2.82,
2026-07-28,MSCL,27,24.76,27,24,46.53,12.05,767M,30.98M,7.74M,150.76K,25,,,,,,
2026-07-28,MTL,295,297.77,299.6,293.01,636.99,279,118.82B,399.03M,179.56M,165.27K,45,5.88,18.49,12.64,15.37,16.11,0.92
2026-07-28,MUGHAL,83.8,83.04,84.4,82.8,113.99,59,27.87B,335.63M,117.47M,796.17K,35,0,6.37,2.8,0.92,13.03,0.89
2026-07-28,MWMP,64.98,63.59,65.5,62.02,170.95,30.1,1.83B,28.75M,7.19M,9.64K,25,,,,,,
2026-07-28,NATM,77,85.16,77,77,92.94,77,1.81B,21.27M,1.06M,0,5,0,-53.59,-51.27,0.83,-1.59,0.05
2026-07-28,NESTLE,7811,7823.13,7849.99,7750.5,10524.97,7000,354.78B,45.35M,4.53M,190.4,10,6.99,370.41,8.2,18.07,21.12,1.24
2026-07-28,NETSOL,123.99,122.59,124.4,122.26,164.59,87.66,11.01B,89.84M,26.95M,137.19K,30,0,32.29,21.96,0.88,3.8,0.09
2026-07-28,NML,147.79,149.93,157.48,146.94,208.4,120,52.72B,351.6M,158.22M,2.96M,45,1.33,33.41,5.75,0.31,4.49,1.52
2026-07-28,NONS,97.99,93,97.99,91.25,157.1,70.02,1.54B,16.52M,3.3M,31.83K,20,4.3,39.15,4.55,0.73,2.38,0.17
2026-07-28,NRL,430,434.82,451.9,424.02,477.45,224,34.77B,79.97M,26.31M,2.08M,32.91,0,108.68,2.33,0.59,4,0.01
2026-07-28,NRSL,33.75,33.05,33.75,33.05,39.25,20.6,4.67B,141.32M,42.4M,19.7K,30,0,2.09,2.61,1.28,15.79,1.44
2026-07-28,NSRM,304.1,304.1,304.1,280.01,362.31,84.01,4.73B,15.55M,777.66K,9.17K,5,0,6.79,4.51,2.95,44.81,0.23
2026-07-28,OCTOPUS,32,31.66,32,31.5,60.89,24.35,5.01B,158.22M,47.18M,145.23K,29.82,,,,,,
2026-07-28,OGDC,325.9,321,326.9,320.16,352,222.05,1.38T,4.3B,645.14M,3.06M,15,4.98,36.17,39.85,0.98,8.88,0.77
2026-07-28,OLPM,24.75,25,25.1,24.5,25.98,19,1.13B,45.38M,34.04M,11.31K,75,10,3.44,9.88,0.85,7.28,-1.76
2026-07-28,OML,140.34,140.34,140.34,140.34,187.24,25.8,1.68B,12M,1.2M,54.37K,10,,,,,,
2026-07-28,ORM,10.46,10.41,10.49,10.32,16.79,9.2,780.75M,75M,26.25M,12.66K,35,,,,,,
2026-07-28,OTSU,423.75,411,423.75,411,447.94,254.95,4.97B,12.1M,3.02M,26.8K,25,0,28.78,8.39,4.62,14.28,1.9
2026-07-28,PAEL,43.99,43.19,44.28,43,64.6,32.01,39.89B,923.65M,508.01M,5.12M,55,0,4.46,5.86,0.79,9.68,0.33
2026-07-28,PAKD,125,124.08,125,123.3,232.01,85.01,1.47B,11.86M,5.06M,6.51K,42.63,,,,,,
2026-07-28,PAKOXY,291,286.89,291.11,280,356.68,217.1,25B,87.12M,21.78M,3.82K,25,0,22.58,14.35,2.01,12.7,0.15
2026-07-28,PAKQATAR,21.3,20.76,21.3,20.51,29.4,15.24,4.79B,230.71M,80.75M,400.7K,35,,,,,,
2026-07-28,PIBTL,16.85,16.73,16.95,16.6,22.97,9.33,29.88B,1.79B,803.74M,9.62M,45,0,1.18,14.81,1.7,14.19,7.89
2026-07-28,PICT,57.9,56.45,60,56,61.5,23.65,6.16B,109.15M,21.83M,2.42M,20,0,-1.17,-1281.2,4.55,-48.09,2.36
2026-07-28,PIM,21.63,22.91,23,21.63,31.33,16.16,458.2M,20M,1M,3.33K,5,,,,,,
2026-07-28,PIOC,296,287.58,299.7,286.5,427.5,200.01,65.32B,227.15M,34.07M,682.67K,15,3.48,24.32,14.8,1.3,11.82,0.19
2026-07-28,PKGS,801,805.72,808.98,800,855,611.01,72.01B,89.38M,17.88M,15.43K,20,1.99,-9.43,-0.43,1.1,-85.44,-3.59
2026-07-28,PMRS,550,534.5,556.37,505.8,835,264.72,2B,3.75M,387.66K,2.12K,10.34,0,-300.03,-3.27,0.46,-1.78,-0.11
2026-07-28,POML,168.5,161.67,168.5,162.12,225,113.11,1.25B,7.76M,3.11M,2.58K,40,,,,,,
2026-07-28,POWER,21.21,21.04,21.39,21,24.26,13.75,27.15B,1.29B,452.11M,1.11M,35.03,0,2.24,8.78,1.15,9.39,0.15
2026-07-28,PPL,227.45,222.84,227.45,222,284.6,164.5,606.34B,2.72B,669.51M,3.62M,24.61,3.81,28.99,33.84,0.81,7.69,
2026-07-28,PPP,137.41,133.01,137.41,132,218.89,91,1.06B,8M,4M,3.23K,50,3.76,17.67,7.84,0.59,7.53,0.3
2026-07-28,PQGTL,14.25,14.46,14.5,14.09,19.8,10.25,1.46B,101.11M,40.44M,121.75K,40,,,,,,
2026-07-28,PREMA,33.3,32.88,34.44,32.5,56.38,23,7.19B,218.64M,65.59M,1.29M,30,0,2.73,9.01,1.18,12.03,0.26
2026-07-28,PRL,56.2,59.15,61,55.75,61,23.2,37.26B,630M,227.29M,28.69M,36.08,0,19.07,3.89,0.96,3.1,0.02
2026-07-28,PSEL,925,904.73,926.95,901,1635,799,29.43B,32.52M,30.82M,3.04K,94.76,0,5.58,1.22,0.65,162.12,5.56
2026-07-28,PSO,348.49,344.59,349.55,342.37,506.75,320.11,161.78B,469.47M,234.74M,1.71M,50,2.9,92.73,1.35,0.56,3.72,0.03
2026-07-28,PSYL,145,136.49,145,125.15,158,52.26,18.93B,138.7M,6.93M,700,5,0,3.38,3.07,3.77,40.34,1.05
2026-07-28,PTL,54.9,54.25,55.5,54.01,65.88,46.06,9.11B,168M,42M,237.86K,25,7.37,6.4,3.09,1.13,8.48,
2026-07-28,QTECH,50.89,49.37,51.23,48.6,57.8,23.1,6B,121.58M,30.39M,1.97M,25,,,,,,
2026-07-28,QUICE,35.19,34.68,35.4,34,46.06,7.51,3.41B,98.46M,68.92M,305.05K,70,,,,,,
2026-07-28,REDCO,33,30.58,33,28.11,40.4,14.9,1.51B,49.29M,2.46M,7.11K,5,,,,,,
2026-07-28,REWM,183.8,178.37,192.5,176.1,244.05,96.02,5.5B,30.81M,10.78M,5.69K,35,,,,,,
2026-07-28,RMPL,9295,9275.97,9315.98,9200.1,13565.64,8500,85.68B,9.24M,461.82K,65.6,5,5.11,715.93,9.02,2.75,12.96,3.25
2026-07-28,RPL,16.85,16.82,16.99,16.45,25.05,12,2.39B,141.9M,44.42M,298.62K,31.3,0,0.13,0.16,0.27,133.49,-36.1
2026-07-28,RUPL,30.67,31.09,31.9,29.28,42.79,23.11,1.06B,34.07M,10.22M,4.51K,30,0,-20.94,-21.91,0.19,-1.48,0.03
2026-07-28,SANSM,120.74,120.74,121,120.74,148.99,41,1.44B,11.95M,6.57M,490.5,55,0,15.39,3.07,0.45,7.84,0.07
2026-07-28,SAPT,1461.99,1465.95,1462.02,1461.99,1606,1164,31.8B,21.69M,2.17M,45,10,0.68,387.04,5.77,0.39,3.79,0.25
2026-07-28,SARC,99.9,98.56,104.99,98,120.32,46.68,591.36M,6M,2.7M,6.31K,45,,,,,,
2026-07-28,SASML,343.16,363.01,373,343.16,469.49,109.95,3.78B,10.43M,2.61M,971.8,25,0.55,6.09,1.12,1.41,59.64,1.92
2026-07-28,SAZEW,1980,1951.9,1989.5,1948,2487,1300.2,117.98B,60.45M,21.16M,123.66K,35,3.59,303.75,12.89,3.32,6.43,0
2026-07-28,SCL,750,750.07,750,750,1125,288,2.93B,3.9M,195K,4.33,5,0,-53.91,-8.05,9.44,-13.91,1.05
2026-07-28,SEARL,93.48,91.98,93.55,91.7,137.44,76.37,54.1B,588.22M,294.11M,1.66M,50,0,2.04,6.01,1.57,45.17,186.75
2026-07-28,SEL,30,30,30.5,29.15,45.56,11.1,572.76M,19.09M,10.5M,13.09K,55,,,,,,
2026-07-28,SELECT,28.7,27.76,28.8,27.6,33.6,26.02,24.68B,888.89M,88.89M,2.81M,10,,,,,,
2026-07-28,SERT,48.96,49.3,52.7,47.75,84.49,19.17,679.73M,13.79M,2.07M,372.34K,15,,,,,,
2026-07-28,SGF,118.49,116.89,118.49,116.8,141.89,71.51,24.13B,206.47M,51.62M,44.76K,25,1.71,11.16,12.03,2.72,10.47,
2026-07-28,SGPL,77.99,70.57,78,69.65,129.07,7.2,1.26B,17.83M,16.05M,4.19M,90,,,,,,
2026-07-28,SHCM,50.22,51.5,52.21,50,96.58,30.52,908.3M,17.64M,1.76M,20.24K,10,,,,,,
2026-07-28,SHDT,55.89,56.78,58,55.1,74.81,36.46,1.3B,22.85M,8M,73.63K,35,,,,,,
2026-07-28,SHFA,525.58,527.94,533,525.51,615.28,424.13,33.37B,63.21M,28.45M,11.31K,45,0.95,41.05,8.72,2.01,12.86,0.26
2026-07-28,SHSML,364.48,370.2,372,358,549,326,7.82B,21.12M,7.39M,8.09K,35,5.4,41.33,4.41,0.61,8.96,0.8
2026-07-28,SIEM,1530,1513.24,1530,1411,1740,1335,12.48B,8.25M,412.35K,185.6,5,0,31.37,2.85,2.01,48.23,-2.54
2026-07-28,SINDM,24.04,22.64,24.04,21.65,41.25,12,1.02B,45M,4.5M,17.31K,10,,,,,,
2026-07-28,SITC,795,767.4,804,760,1060,555.32,16.44B,21.43M,6.43M,5.8K,30,1.43,65.36,4.3,0.83,11.74,0.73
2026-07-28,SLGL,16.1,15.9,16.3,15.8,26.5,13,6.71B,421.79M,126.54M,1.26M,30,,,,,,
2026-07-28,SLM,24.5,24.15,24.5,24.09,26.25,21.95,188.24B,7.79B,779.48M,3.24M,10,,,,,,
2026-07-28,SMCPL,43.69,41.5,43.7,41.11,57.3,23.52,1.04B,25M,7.5M,9.5K,30,,,,,,
2026-07-28,SNAI,36.51,37.4,39.52,36.51,43.9,25,746.69M,19.96M,6.99M,26.21K,35,0,6.54,5.84,1.05,5.71,-0.62
2026-07-28,SNGP,105,103.86,106.5,103.13,142.6,83.2,65.87B,634.22M,253.69M,1.74M,40,2.89,22.94,1.17,0.84,4.53,-0.81
2026-07-28,SPEL,48.99,48.53,49.64,48.01,83.5,32.91,9.69B,199.74M,39.95M,865.99K,20,2.47,6.37,13,1.44,7.62,0.17
2026-07-28,SPSL,17.44,17.05,17.44,17,23.45,16.15,28.64B,1.68B,335.98M,3.95M,20,,,,,,
2026-07-28,SRR,16.4,16.31,16.4,16.3,21,15.26,538.23M,33M,13.2M,47.32K,40,,,,,,
2026-07-28,SRVI,2082,2081.83,2090,2055.02,2464,1130,97.82B,46.99M,23.49M,12.07K,50,0.84,223.93,6.65,3.73,9.3,0.09
2026-07-28,SSGC,26.44,25.96,26.44,25.7,46.23,19.02,22.87B,880.92M,336.86M,11.74M,38.24,1.93,-2.87,-0.65,1.74,-9.06,88
2026-07-28,SSOM,465,456.08,473,454,960,351.1,2.58B,5.66M,1.4M,23.43K,24.69,,,,,,
2026-07-28,STCL,11.39,11.23,11.48,11.1,19.4,8.55,2.69B,239.32M,131.63M,161.39K,55,0,-4.03,-8,1.54,-2.79,0.14
2026-07-28,STJT,154.97,151.45,154.97,150.03,162,70,1.46B,9.66M,1.45M,693.2,15,3.63,27.72,4.42,0.59,5.46,0.49
2026-07-28,STL,40,38.1,40.01,37.99,2231.81,34.85,4.1B,107.62M,43.05M,448.62K,40,,,,,,
2026-07-28,STML,53.04,51.25,54.8,50.56,70.38,22.8,442.8M,8.64M,2.59M,43.61K,30,0,-6.99,-1.76,0.58,-7.33,0.56
2026-07-28,STYLERS,50.5,50,51.49,48.71,61.12,36,24.44B,488.83M,24.44M,34.21K,5,3,2.28,5.99,1.79,21.97,
2026-07-28,SURC,135.01,138.02,140,134,152.48,88,6.74B,48.81M,9.76M,17.83K,20,3.62,29.17,5.06,0.46,4.73,0.79
2026-07-28,SYM,12,12.54,12.6,11.61,17.04,9.01,3.58B,285.25M,156.89M,2.61M,55,,,,,,
2026-07-28,SYS,136.87,135.01,136.87,133.85,174.4,105.98,198.92B,1.47B,957.71M,1.48M,65,1.48,7.86,13.4,3.22,17.17,0.22
2026-07-28,SZTM,102,88.84,102,87.2,127.25,36,1.6B,17.97M,1.8M,98.19K,10,,,,,,
2026-07-28,TATM,136,131.38,136,130.6,285,82,7.36B,55.99M,11.2M,17.98K,20,,,,,,
2026-07-28,TCORP,22.97,23,23.48,22.48,31.87,15.62,1.52B,66.21M,23.17M,29.48K,35,0,0.85,0.7,0.4,26.98,-1.51
2026-07-28,TELE,8.6,8.56,8.73,8.46,14.09,6.22,2.9B,338.62M,326M,3.1M,96.27,0,0.51,1.67,0.66,16.86,0.68
2026-07-28,TGL,197.95,192.92,197.95,190.1,291.5,128,33.21B,172.17M,68.87M,120.25K,40,3.63,24.49,13.38,1.36,7.88,0.26
2026-07-28,THCCL,66.98,66.14,67.75,65.75,103.5,42.52,32.98B,498.59M,174.51M,4.19M,35,0,7.24,24.4,3.24,9.14,0.05
2026-07-28,TICL,1001,1013.6,1019,1000.53,1270,540.05,15.23B,15.02M,226.46K,6.32K,1.51,0.99,182.06,7.68,1.23,5.57,0.31
2026-07-28,TOMCL,38.29,37.99,38.77,37.5,75.85,28.3,7.46B,196.34M,107.99M,1.57M,55,0,1.84,2.74,1.14,20.65,2.19
2026-07-28,TOWL,124.9,123.18,124.9,122.01,195.95,92.5,2.09B,17M,3.4M,3.62K,20,,,,,,
2026-07-28,TPLRF1,10.35,10.05,10.35,10.01,18.39,7.5,18.44B,1.83B,1.38B,5.34M,75,,,,,,
2026-07-28,TREET,22.79,22.82,23.2,22.45,37,19.55,8.47B,371.03M,185.51M,1.84M,50,0,1.29,1.81,1.04,17.63,0.49
2026-07-28,TRSM,18,18.17,18.17,17.09,71.65,8,541.47M,29.8M,23.84M,2.35M,80,,,,,,
2026-07-28,UBDL,25.56,25.35,25.56,24.51,34.5,20.01,2.33B,91.8M,4.59M,46.96K,5,,,,,,
2026-07-28,UDLI,19.49,18.46,20,17.95,25.5,8.31,648.33M,35.12M,14.05M,2.39M,40,,,,,,
2026-07-28,UDPL,122,121.41,122.5,121.15,168.99,75.05,4.28B,35.27M,5.29M,4.92K,15,,,,,,
2026-07-28,UNITY,10.44,10.2,10.44,10.15,31.74,7.51,12.18B,1.19B,537.32M,3.02M,45,0,1.6,2.34,0.65,6.38,0.11
2026-07-28,UPFL,25302.01,25302.92,25400,25302.01,34500,22562.78,161.18B,6.37M,521.22K,30,8.18,5.76,1001.9,14.74,19.02,25.25,1.02
2026-07-28,WAFI,180.34,178.63,184,175,260,165,38.23B,214.02M,32.1M,62.17K,15,,,,,,
2026-07-28,WAHDAT,16.87,16.81,17.15,16.05,21.78,15.45,5.64B,335.22M,83.81M,674.14K,25,,,,,,
2026-07-28,WAHN,290,289.77,291,288,435,225.23,2.61B,9M,3.15M,2.93K,35,3.45,51.77,9.43,0.9,5.6,0.35
2026-07-28,WASL,6.02,5.94,6.09,5.85,6.1,5.85,954.66M,160.72M,96.43M,1.98M,60,,,,,,
2026-07-28,WAVES,11.24,10.81,11.45,10.77,16.95,8.02,3.04B,281.41M,196.98M,4.28M,70,0,1,5.91,0.31,10.76,-2.23
2026-07-28,ZAHID,80,76.16,82.7,73.61,135.9,32.69,14.58B,191.42M,5.94M,113.42K,3.11,0,7.93,3.96,0.67,9.6,0.73
2026-07-28,ZAL,41.9,40.65,41.9,40.5,79.5,23.11,10.67B,262.5M,65.62M,387.55K,25,,,,,,
2026-07-28,ZIL,364,363,376.46,364,722,300,2.22B,6.12M,306.13K,200,5,,,,,,
2026-07-28,ZTL,19.4,18.63,19.4,18.5,24.48,9.75,1.11B,59.43M,14.86M,160.74K,25,0,-0.82,-0.65,0.44,-22.77,3.04
2026-07-29,ABOT,935,924.12,935,915,1304,821,90.47B,97.9M,21.17M,10.35K,21.63,4.33,84.85,10.97,2.69,10.89,0.61
2026-07-29,ACPL,229,233.67,234.99,227.11,325.01,205,32.11B,137.43M,13.74M,93.18K,10,3.64,20.97,6.74,1.35,11.14,0.79
2026-07-29,ADAMS,63.01,63.36,64,63,90.98,57.25,1.1B,17.29M,3.46M,10.05K,20,6.31,9.29,1.54,0.21,6.82,-5.74
2026-07-29,AGIL,155.04,153.86,157,153.61,198,121.2,5.54B,36M,21.6M,10.37K,60,1.14,24.75,5.37,0.82,6.22,0.48
2026-07-29,AGP,193,192.17,193.15,190,258.67,163,53.81B,280M,84M,315K,30,4.16,13.41,13.14,3.3,14.33,0.25
2026-07-29,AGTL,381.89,378.2,381.89,375,497,288,21.92B,57.96M,3.67M,7.96K,6.34,0,35.36,8.63,1.96,10.69,1.3
2026-07-29,AHTM,92,95.44,97.85,88.13,134.15,60,808.52M,8.47M,1.27M,12.61K,15,1.57,12.65,2.07,0.34,7.54,-2.72
2026-07-29,AIRLINK,138.85,137.07,138.85,136.11,199,118,54.18B,395.27M,118.58M,1.86M,30,6.57,14.02,6.35,2.96,9.78,
2026-07-29,AKGL,51,51.01,51,51,68.25,48.01,510.1M,10M,1M,483.8,10,,,,,,
2026-07-29,ALNRS,135.5,129.05,135.5,129,144,82,2.64B,20.47M,4.09M,1.95K,20,3.1,13.88,1.67,0.37,9.29,3.76
2026-07-29,ANL,10.06,10.14,10.28,10,13.7,8.01,4.92B,485.41M,242.7M,280.14K,50,0,1.6,1.96,0.32,6.33,0.39
2026-07-29,ANTM,57,52.74,57,51.11,66.38,20.81,509.47M,9.66M,1.45M,8.52K,15,,,,,,
2026-07-29,ARCTM,36,39.18,39.5,35.13,46.98,24.14,516.19M,13.17M,2.7M,61.97K,20.52,,,,,,
2026-07-29,ARPL,415.22,421.75,423.5,410,535,325,14.58B,34.56M,8.64M,40.6K,25,7.11,38.21,4.75,3.01,11.04,5.17
2026-07-29,ASHT,33.99,35.07,35.22,31.5,70,13.64,1.63B,46.57M,2.33M,9.48K,5,,,,,,
2026-07-29,ASL,12.31,12.77,12.88,12.31,15.94,8.51,11.89B,930.78M,279.24M,729.11K,30,0,0.07,0.28,1.19,183.48,-13.33
2026-07-29,ASTM,31.72,31.72,31.72,31.72,41.94,12,481.41M,15.18M,2.28M,142.67K,15,,,,,,
2026-07-29,ATBA,203.04,204.41,206.95,201.11,306.5,169.02,7.16B,35.02M,8.75M,9.31K,25,0,2.24,0.23,0.91,91.39,440.71
2026-07-29,ATRL,972,959.46,984,956,1005,597.1,102.29B,106.62M,42.65M,993.67K,40,0.78,180.56,6.62,0.6,5.31,-0.01
2026-07-29,AVN,32.4,32.11,32.7,31.9,54.3,26.5,13.8B,429.67M,150.38M,384.94K,35,3.11,1.02,2.52,0.92,31.47,-11.76
2026-07-29,AWTX,1744.6,1586,1744.6,1744.6,1744.6,1270,1.27B,800K,4.5K,0,0.56,0,9.84,0.15,1.01,161.26,-19.84
2026-07-29,BAFS,579,583.66,601.65,552,601.65,102.28,5.52B,9.45M,472.5K,13.05K,5,0.34,60.89,8.1,2.69,9.59,0.06
2026-07-29,BATA,930,925.07,934,924,1750,875,6.99B,7.56M,1.79M,2.13K,23.67,0,-368,-15.26,2.32,-2.51,0.11
2026-07-29,BBFL,43,42.35,43,42.2,57.35,34,12.66B,298.91M,115.24M,282.16K,38.55,,,,,,
2026-07-29,BCL,71.1,72.54,74.75,71.1,130,56.02,832.22M,11.47M,6.31M,6.29K,55,0,-1.36,-1.1,2.61,-53.51,4.26
2026-07-29,BECO,5.24,5.15,5.24,5.11,73.6,3.9,6.44B,1.25B,437.37M,2.54M,35,,,,,,
2026-07-29,BERG,105,103.93,105,103,141,80.65,2.55B,24.55M,9.82M,160.15K,40,4.81,12.44,3.37,0.67,8.35,
2026-07-29,BFAGRO,34.4,33.86,34.4,33.6,49.25,29.03,10.5B,309.99M,77.5M,143.44K,25,,,,,,
2026-07-29,BFBIO,127.16,129.03,129.99,127.16,189.97,124,11.4B,88.33M,26.5M,89.46K,30,,,,,,
2026-07-29,BFMOD,22,22.02,22.88,21.7,38.84,10.11,165.48M,7.52M,2.63M,18.18K,35,,,,,,
2026-07-29,BHAT,806,800.08,875,800,1040,726.06,2.43B,3.04M,152.05K,711.6,5,0,30.09,0.28,0.22,26.59,3.78
2026-07-29,BIFO,128.99,129,129.95,126.6,207.1,79.1,5.98B,46.38M,16.23M,256.2K,35,5.81,9.41,12.78,1.84,13.71,0.63
2026-07-29,BIPL,27.5,27.08,27.5,27.05,44.1,23.6,30.02B,1.11B,166.31M,533.33K,15,10.16,3.87,5.45,0.65,6.99,
2026-07-29,BLUEX,7.13,7.04,7.2,7,80.85,4.9,2B,284.28M,113.71M,2.43M,40,,,,,,
2026-07-29,BNL,6.52,6.43,6.54,6.35,170.73,6.01,4.3B,668.05M,434.23M,1.69M,65,0,0.67,5.69,1.46,9.64,0.59
2026-07-29,BNWM,66.99,66.11,66.99,66.02,87.5,50,628.46M,9.51M,4.75M,6.46K,50,0,-9.58,-7,0.19,-6.9,-0.3
2026-07-29,BPL,57,56.63,57.8,53.1,80.97,20.01,1.27B,22.49M,6.75M,73.18K,30,,,,,,
2026-07-29,BRRG,46.77,47.06,47.77,46.77,53.77,27.53,4.47B,95.01M,47.5M,14.41K,50,,,,,,
2026-07-29,BTL,999.96,952.78,999.99,999.96,1580,275.01,6.13B,6.43M,321.6K,14.5,5,0,-35.67,-0.77,0.81,-26.71,
2026-07-29,BUXL,184.48,183.85,184.98,172,274.4,133.02,264.74M,1.44M,576K,5.74K,40,0,-17.12,-4.42,1.62,-10.74,0.12
2026-07-29,BWHL,226.89,226.16,228,225,257.92,157.51,3.02B,13.33M,7.33M,3.68K,55,7.52,29.35,14.67,1.27,7.7,0.06
2026-07-29,CCM,58,54.6,58.5,54,68.88,34.4,1.24B,22.66M,10.2M,55.83K,45,0,2.96,-0.18,0.18,18.43,-0.97
2026-07-29,CEPB,29,28.39,29,28.2,46.7,24.59,11.4B,401.71M,120.51M,800.29K,30,0,-1.87,-1.96,0.87,-15.19,1.04
2026-07-29,CFL,56.01,58.35,61,56.01,94.01,45.1,724.58M,12.42M,3.73M,2.95K,30,0,-49.59,-18.39,0.19,-1.18,0.03
2026-07-29,CHAS,96.22,90.68,100.98,89.63,160.49,56.01,2.6B,28.69M,4.3M,23.55K,15,0,-57.51,-5.08,0.25,-1.58,-0.14
2026-07-29,CHCC,312,310.24,312.99,308,390,225,60.28B,194.3M,116.58M,245.76K,60,1.77,37.91,19.73,1.61,8.18,0.31
2026-07-29,CLOV,7.81,7.81,8.13,7.7,88.64,6.59,3.04B,389.29M,214.11M,1.12M,55,0,0.61,4.44,4.17,12.79,-0.32
2026-07-29,CNERGY,10.95,10.76,11.09,10.68,11.48,5.87,59.11B,5.49B,1.37B,106.62M,25,0,2.78,4.49,0.26,3.87,0.07
2026-07-29,COLG,1253.99,1230.54,1254,1228,1333.9,1050,298.74B,242.77M,24.28M,4.48K,10,4.75,73.22,14.79,8.19,16.81,0.37
2026-07-29,CPHL,74.21,74.37,74.54,73.5,104.25,69.25,16.99B,228.46M,114.23M,297.53K,50,4.71,4.8,7.92,1.55,15.49,
2026-07-29,CPPL,100.25,100.02,101,99.02,125.5,64.79,4.91B,49.1M,29.46M,29.93K,60,3,1.5,0.52,0.57,66.7,-5.02
2026-07-29,CRTM,75,72.2,75,72,96.5,16.6,7.22B,100M,60M,10.24K,60,0,1.31,0.69,0.57,55.21,-7.76
2026-07-29,CSAP,103,101.8,103.45,101.5,143.5,78.25,7.9B,77.63M,34.93M,244.41K,45,7.37,5.08,4.79,0.88,20.02,2.89
2026-07-29,DAAG,76.72,77.4,78.98,76.72,120.25,52,309.6M,4M,970.7K,7.53K,24.27,,,,,,
2026-07-29,DADX,89,90.01,92,84,121.88,42.75,968.87M,10.76M,538.2K,733.6,5,0,-30.29,-37.21,3.74,-2.97,0.05
2026-07-29,DCL,11.3,11.05,11.3,11.01,16.31,6.61,6.01B,544.11M,190.44M,8.17M,35,0,-2.37,-4.8,0.24,-4.66,0.04
2026-07-29,DCR,37.99,37.89,37.99,37.7,41.8,28,84.26B,2.22B,555.92M,304.25K,25,6.81,2.31,78.71,1.11,16.4,
2026-07-29,DFSM,17.41,16.99,17.42,16.9,35.24,3.75,1.66B,97.75M,34.21M,1.88M,35,,,,,,
2026-07-29,DGKC,211.77,207.89,211.77,207.39,275.75,145.1,91.08B,438.12M,219.06M,7.17M,50,0.96,27.64,14.23,0.81,7.52,0.26
2026-07-29,DINT,75,72.9,75,75,96,41.36,3.82B,52.47M,7.87M,360.6,15,0,-3.91,-0.63,0.55,-18.63,-1.92
2026-07-29,DMC,185,186.62,190,184.85,351.9,43.05,569.64M,3.05M,915.73K,408,30,,,,,,
2026-07-29,DNCC,17.05,17.6,18.19,17.01,28.07,14,5.57B,316.36M,94.91M,75.19K,30,0,-0.39,-1.76,2.69,-44.78,-0.31
2026-07-29,DOL,30.03,29.64,30.04,29.55,41,25.36,5.19B,175.03M,52.51M,59.62K,30,13.5,2.55,8.79,1.73,11.64,-3.88
2026-07-29,DYNO,348,345.19,349,345,366.9,254.3,6.51B,18.87M,12.27M,4.86K,65,4.71,55.14,7.33,1.2,6.26,0.69
2026-07-29,ECOP,49.4,48.8,49.4,48.5,78.25,33.82,2.36B,48.26M,36.19M,83.32K,75,4.1,7.67,5.37,1.3,6.36,0.15
2026-07-29,EFERT,188,187.21,188.97,187,263.3,185.11,249.98B,1.34B,600.88M,660.76K,45,7.88,17.26,9.42,5.85,10.85,-1.56
2026-07-29,ELCM,251,224.26,251.1,220,343.44,124,291.54M,1.3M,260K,944,20,0,-24.15,-3.34,4.3,-9.29,0.15
2026-07-29,ELSM,161.39,161.39,161.39,161.39,161.39,99,1.77B,10.95M,3.29M,13.02K,30,2.48,3.97,0.28,0.41,40.61,-33.31
2026-07-29,EMCO,51.11,51.57,51.87,50.2,80.55,31.29,1.8B,35M,10.5M,5.8K,30,,,,,,
2026-07-29,ENGROH,281,277.64,281.48,276.5,302.5,206.8,334.34B,1.2B,903.17M,1.65M,75,0,53.18,10.18,,5.22,0.32
2026-07-29,EPCL,34,33.74,34,33.51,39.32,27.01,30.67B,908.92M,227.23M,1.39M,25,0,-2.97,-3.28,1.48,-11.35,1.04
2026-07-29,EPQL,26.07,25.9,26.29,25.76,34.98,22.3,8.39B,323.8M,161.9M,289.3K,50,45.37,1.86,5.05,0.74,13.91,-4.99
2026-07-29,EXIDE,493.99,499.34,506,489,900,365,3.88B,7.77M,1.94M,6.47K,25,1,55.53,2.2,0.52,8.99,
2026-07-29,FABL,101,100.29,101,99.05,106,69.33,152.21B,1.52B,531.19M,875.69K,35,6.48,15.03,11.4,1.34,6.67,
2026-07-29,FANM,7.48,7.76,8,7.21,10.83,4.25,179.26M,23.1M,11.55M,213.69K,50,,,,,,
2026-07-29,FASM,297.57,290.71,304,286,430,240.02,2.91B,10M,1M,514.8,10,0,-52.85,-1.19,0.28,-5.5,-1.41
2026-07-29,FATIMA,157,154.63,157,153.99,192.8,110,324.72B,2.1B,315M,657.24K,15,6.14,17.58,13.62,1.88,8.8,0.24
2026-07-29,FCCL,55.25,54.68,55.5,54.5,62.84,36.26,134.12B,2.45B,858.5M,8.48M,35,2.29,5.99,16.04,1.46,9.13,0.08
2026-07-29,FCEPL,103.45,103.72,104.4,102.5,118.01,63.86,79.51B,766.6M,76.66M,309.32K,10,3.37,4.51,3.23,4.23,23,0.66
2026-07-29,FCL,24.08,23.76,24.34,23.5,28.56,19.65,15.32B,644.58M,161.14M,790.53K,25,,,,,,
2026-07-29,FECM,17.65,17.6,18,17.51,57.06,11.75,199.58M,11.34M,8.51M,15.03K,75,,,,,,
2026-07-29,FECTC,103.6,106.39,113,103.6,195.75,72,5.34B,50.16M,12.54M,183.17K,25,1.88,14,5.6,1.05,7.6,-0.06
2026-07-29,FEM,11.01,10.99,11.08,10.55,17.7,4.8,576.32M,52.44M,36.71M,31.3K,70,,,,,,
2026-07-29,FEROZ,376,381.07,383.45,372.73,475,293.01,16.56B,43.47M,17.39M,17.29K,40,1.05,21.66,4.15,1.28,17.59,0.77
2026-07-29,FFC,547.71,558.73,564,547,685,425,804.03B,1.44B,791.46M,1.75M,55,6.89,59.83,16.49,2.94,9.34,0.14
2026-07-29,FFL,16.18,16.07,16.25,16.01,23.93,14,40.5B,2.52B,503.99M,2.88M,20,0,0.44,3.79,3.7,36.14,-0.1
2026-07-29,FFLM,15.5,15.63,16.29,15.1,27.23,4.4,412.85M,26.41M,17.17M,582K,65,,,,,,
2026-07-29,FHAM,33,33.23,33.3,32.9,39.49,25.1,3.68B,110.83M,94.21M,8.37K,85,6.77,7.53,17.05,0.6,4.41,0.11
2026-07-29,FIBLM,15,14.46,15.25,14.2,22.24,6.7,313.6M,21.69M,10.84M,655.93K,50,0,0.94,43.94,1.25,15.44,0.46
2026-07-29,FIMM,195.25,200,197,195.25,397.69,173.39,600M,3M,900K,17.4,30,,,,,,
2026-07-29,FLYNG,43.75,43.58,44.25,43,61,38.51,30.28B,694.8M,104.22M,20.51K,15,0,1.29,5.99,2.35,33.74,0.13
2026-07-29,FML,53.05,53.08,54.98,52,86,34.05,21.2B,399.41M,39.94M,82.42K,10,0,0.46,0.27,0.63,115.27,-24.9
2026-07-29,FPJM,10.32,10.6,10.95,10.32,14.99,4.23,360.61M,34.02M,13.61M,1.04M,40,0,-3.22,-38.72,-0.78,-3.29,0.45
2026-07-29,FPRM,13.1,12.76,14,12.5,16.99,9,175.94M,13.79M,6.2M,7.48K,45,,,,,,
2026-07-29,FRCL,97.25,97.33,102.95,97.25,118.45,39.02,3.69B,37.87M,1.89M,2.48K,5,,,,,,
2026-07-29,FRSM,43.39,42.33,43.97,42,63.48,34.22,1.67B,39.51M,11.85M,4.55K,30,0,10.05,3.35,0.76,4.21,0.01
2026-07-29,FTMM,16.01,15.99,16.44,15.86,23.75,11.14,3.13B,195.6M,9.78M,2.62K,5,9.38,0.5,2.47,1.12,32.26,-1.45
2026-07-29,FTSM,40.88,35.05,40.89,34.16,57,11.52,741.77M,21.16M,8.47M,72.93K,40,,,,,,
2026-07-29,FZCM,251,259.65,261.9,251,342,185.52,7.79B,30M,3M,1.75K,10,0,3.02,0.1,0.16,86.05,40
2026-07-29,GADT,278,276.1,278,275,525,215,7.74B,28.03M,8.41M,4.94K,30,0,43.77,1.72,0.31,6.31,0.53
2026-07-29,GAL,593.5,591.55,596,586.05,633,291,33.72B,57M,22.8M,810.86K,40,1.69,117.24,12.52,1.76,5.05,0
2026-07-29,GATI,84.16,83.8,86.7,83.25,152.5,62.55,9.11B,108.73M,16.31M,17.01K,15,0,-10.67,-4.01,0.77,-7.86,-5.48
2026-07-29,GATM,27.2,26.82,27.2,26.67,40.7,16.5,19.85B,740.06M,185.01M,374.95K,25,0,2.72,1.18,0.38,9.88,0.84
2026-07-29,GCIL,37.98,37.26,38.69,37.05,40.6,23.81,21.26B,570.45M,228.18M,9.82M,40,0,5.27,33.37,,7.07,
2026-07-29,GCWL,16.2,16,16.34,15.9,25.15,11.75,4B,250.14M,111.05M,862.51K,44.39,,,,,,
2026-07-29,GDL,17.88,18.01,18.15,17.79,33,16.9,7.73B,429.2M,107.3M,659.06K,25,,,,,,
2026-07-29,GEMBCEM,11.05,11.05,11.05,11.05,14.5,9.64,1.1B,100M,25M,1K,25,,,,,,
2026-07-29,GEMMEL,27.2,27.2,27.2,27.19,39,19.1,5.28B,194.1M,19.41M,332.8,10,,,,,,
2026-07-29,GEMPACRA,33,32.52,33.1,32.52,49,22,2.42B,74.53M,7.45M,51K,10,,,,,,
2026-07-29,GEMPAPL,11.25,11.25,11.25,11.25,19,11.25,225M,20M,15M,1.67K,75,,,,,,
2026-07-29,GFIL,30.89,30.65,30.89,30.36,35.18,11.1,1B,32.64M,3.26M,15.83K,10,,,,,,
2026-07-29,GGGL,9.01,8.96,9.05,8.9,14.47,6.7,2.15B,240M,120M,954.97K,50,0,0.54,4.51,0.73,16.73,0.78
2026-07-29,GGL,24.9,24.48,25.12,24.35,31.31,14.1,8.67B,354.12M,177.06M,4.16M,50,0,9.78,31.53,1.07,2.5,0.05
2026-07-29,GHGL,39,39.52,39.8,38.32,52.25,27.78,39.51B,999.71M,349.9M,368.6K,35,5.06,6.21,13.11,0.98,6.36,0.25
2026-07-29,GHNI,1210,1209.38,1229,1200.01,1285.15,590,51.53B,42.61M,14.91M,319.17K,35,0.83,162.33,11.84,2.8,7.45,0.02
2026-07-29,GIL,0,1000,0,0,0,0,0,0,0,0,0,0.3,15.14,0.25,0,66.03,-14.54
2026-07-29,GLAXO,352,350,352.3,348,459.94,293.09,111.46B,318.47M,63.69M,162.98K,20,4.86,33,15.6,3.07,10.61,0.17
2026-07-29,GOC,202,193.06,205.49,190,235,77,1.42B,7.35M,1.1M,21.71K,15,0.52,4.14,6.12,1.98,46.59,1.79
2026-07-29,GTYR,32.5,32.67,33.2,32.5,48,22.26,3.98B,121.93M,48.77M,1.51M,40,0,-6.34,-4.84,0.62,-5.15,0.55
2026-07-29,GVGL,54.26,55,55,53.02,73.99,43.65,8.25B,149.94M,29.38M,2.6K,19.59,5.45,6.64,15.54,1.64,8.28,
2026-07-29,GWLC,49.51,49.05,49.99,48.51,77.96,38.75,19.63B,400.27M,40.03M,162.85K,10,3.06,6.74,12.64,0.72,7.27,0.5
2026-07-29,HAEL,27,27.11,28.5,26.51,37.96,14.91,352.33M,13M,1.95M,21.27K,15,,,,,,
2026-07-29,HAFL,486,491.51,506.35,470,629.5,283.58,589.81M,1.2M,42.48K,172.8,3.54,,,,,,
2026-07-29,HALEON,760,753.71,760,750,1010,655,88.23B,117.05M,15.74M,19.26K,13.44,3.98,55.96,15.35,6.06,13.47,0.19
2026-07-29,HCAR,243.88,244.72,257.5,241.01,318,147.5,34.95B,142.8M,28.56M,1.56M,20,3.68,22.64,2.64,1.37,10.81,32.55
2026-07-29,HINO,392,385.08,398.99,381,607,264.69,9.55B,24.8M,2.55M,11.25K,10.28,2.83,21.82,4.92,1.57,17.64,0.24
2026-07-29,HINOON,995,988.11,998,983,1241,755.56,52.35B,52.98M,21.19M,15.52K,40,5.06,75.63,14.32,3.54,13.07,0.3
2026-07-29,HPL,4011.02,4002,4030.98,3990.01,4889.99,2925.66,38.6B,9.64M,964.48K,393.2,10,6,317.04,9.84,4.33,12.62,0.28
2026-07-29,HRPL,21.11,21.21,21.7,20.8,37,16.51,848.4M,40M,8M,177.41K,20,0,-3.09,-5.61,1.14,-6.87,0.29
2026-07-29,HTL,40.5,40.52,41,40.5,66.5,31.01,5.64B,139.2M,34.8M,318.48K,25,0,3.83,1.49,0.86,10.59,1.03
2026-07-29,HUBC,222.05,219.33,222.05,218.8,249.99,144,284.5B,1.3B,972.87M,3.17M,75,11.4,34.65,63.41,1.26,6.33,-5.02
2026-07-29,IBFL,290.3,290.36,290.36,290.3,397.32,176.55,90.16B,310.51M,15.53M,212,5,0,-1.49,-0.44,1.57,-194.51,-18.71
2026-07-29,IBLHL,49.9,49.03,49.9,48.8,85.82,36,4.83B,98.53M,24.63M,159.14K,25,0,2.44,5.36,1.94,20.1,5.14
2026-07-29,ICCI,14.04,13.57,14.04,13.51,17.91,8.61,407.12M,30M,4.5M,20.63K,15,,,,,,
2026-07-29,ICL,140.5,139.22,140.5,137.02,176,85.1,13.92B,100M,45M,77.37K,45,2.15,13.74,4.34,1.27,10.13,0.38
2026-07-29,IDEAL,45,42.49,45,42,87.7,15.75,421.5M,9.92M,1.49M,2.34K,15,,,,,,
2026-07-29,IDRT,38,37.76,38,36.4,68.08,19.3,749.64M,19.85M,1.99M,38.13K,10,,,,,,
2026-07-29,ILP,103.16,102.89,103.3,102.11,110.5,67.4,144.22B,1.4B,280.34M,561.06K,20,2.92,8.3,6.45,2.37,12.4,0.2
2026-07-29,IMAGE,26.5,26.64,26.87,26.31,32.46,19,6.14B,230.37M,149.74M,516.44K,65,7.51,3.49,17.93,1.26,7.62,
2026-07-29,INIL,166.9,163.27,166.9,161.52,249,127.3,21.53B,131.88M,59.35M,122.75K,45,3.67,14.32,1.72,0.66,11.4,-3.68
2026-07-29,INKL,94.49,91.35,94.99,90.6,126,30.15,883.81M,9.68M,3.87M,8.28K,40,,,,,,
2026-07-29,IPAK,36.99,36.6,36.99,36.05,38,21.02,26.91B,735.21M,220.56M,265.78K,30,1.56,3.81,7.22,2.1,9.62,
2026-07-29,IREIT,8.08,8.03,8.08,7.99,13.05,7.26,2.22B,275.86M,96.55M,171.64K,35,,,,,,
2026-07-29,ISIL,1905.51,1941.07,1940,1905.51,2370,1725.01,128.8B,66.36M,3.32M,179.2,5,0.26,62.5,3.31,4.65,31.06,0.47
2026-07-29,ISL,87,87.29,87.9,84.5,135,65.45,37.97B,435M,152.25M,280.51K,35,5.16,6.93,3.59,1.49,12.59,-2.95
2026-07-29,ITANZ,48.99,49.07,49.99,47.45,49.99,47.45,5.82B,118.6M,48.52M,8.37M,40.91,,,,,,
2026-07-29,ITTEFAQ,8.73,8.74,8.9,8.6,12.64,5.75,1.26B,144.34M,93.82M,1.97M,65,0,-3.91,-27.88,0.43,-2.24,
2026-07-29,JATM,36.37,32.03,36.37,31.35,49.08,14.61,403.62M,12.6M,1.89M,19.26K,15,,,,,,
2026-07-29,JDMT,154.2,165.2,168.4,150,175,60.1,1.14B,6.92M,2.07M,196.87K,30,,,,,,
2026-07-29,JDWS,910.13,918.45,919.98,895.02,1019.98,780,53.06B,57.78M,8.67M,3.77K,15,5.44,172.77,7.74,1.36,5.32,0.13
2026-07-29,JSML,60.92,58.26,61.48,58,147.5,40.61,1.99B,34.13M,13.65M,28.17K,40,0,5.89,1.94,0.21,9.88,0.32
2026-07-29,JVDC,144.01,145.22,145.99,142.3,163.9,65.15,55.31B,380.86M,190.43M,519.14K,50,3.44,10.67,38.34,1.99,13.62,-0.01
2026-07-29,KCL,145,145,145,145,195.69,115.02,2.11B,14.55M,10.91M,243.75,75,,,,,,
2026-07-29,KEL,7.32,7.29,7.35,7.22,9.58,4.91,201.31B,27.62B,2.76B,23.55M,10,0,0.42,2.19,1.75,17.48,
2026-07-29,KHYT,1860.01,2088.41,2095,1850,2689,1131.01,2.56B,1.23M,20.67K,161.4,1.68,,,,,,
2026-07-29,KOHC,97,95.07,97,94.9,567.99,74,87.4B,919.31M,229.83M,453.23K,25,0,10.62,25.96,1.58,8.95,0.32
2026-07-29,KOHE,15.06,15.2,15.2,15,23.49,12.33,2.58B,169.46M,67.78M,165.19K,40,0,3.94,15.83,0.57,3.85,-0.36
2026-07-29,KOHTM,128.79,130.78,133.5,126.9,210,40,2.72B,20.8M,6.24M,152.39K,30,1.53,14.85,3.65,0.56,8.81,0.21
2026-07-29,KPUS,1399,1203.44,1464.1,1203.44,2849.99,115.11,19.28B,16.02M,800.88K,23.54K,5,0,5.5,1.09,4.85,218.81,8.38
2026-07-29,KSBP,258,252.2,261.8,250,263.98,155.2,7.79B,30.9M,8.37M,247.87K,27.08,0.4,7.14,3.26,1.83,35.32,3.74
2026-07-29,KTML,45.9,44.29,45.95,44,305,37.02,59.64B,1.35B,269.3M,289.94K,20,0.9,7.94,8.01,0.74,5.58,0.18
2026-07-29,LCI,230,228.98,231.9,228.01,396,201.17,105.74B,461.8M,92.36M,53.33K,20,5,20.25,8.25,1.88,11.31,0.55
2026-07-29,LEUL,43.9,44,44.99,42.67,72.68,25.76,264M,6M,1.8M,40.19K,30,,,,,,
2026-07-29,LIVEN,36.25,35.99,36.56,35.97,74.4,27.82,4.07B,113.04M,11.3M,28.74K,10,,,,,,
2026-07-29,LOADS,13.4,13.32,13.65,13.28,22.6,10.93,4.95B,371.25M,185.62M,880.45K,50,0,1.07,4.28,0.95,12.48,-0.01
2026-07-29,LOTCHEM,27.48,27.32,27.55,27.2,34.3,18.41,41.37B,1.51B,378.55M,9.04M,25,23.79,3.09,5.49,2.04,8.83,-3.58
2026-07-29,LPGL,93.47,93.68,93.48,90.52,124.48,63.01,702.6M,7.5M,1.88M,1.82K,25,,,,,,
2026-07-29,LUCK,450.16,445.76,453,443,529.5,339,653.04B,1.47B,439.5M,2.64M,30,0.9,56.88,16.86,1.62,7.84,0.16
2026-07-29,MACFL,68.5,67.68,68.51,66.61,86.98,19.52,4.01B,59.3M,23.72M,100.98K,40,0.74,2.13,1.96,1.72,31.75,7.54
2026-07-29,MACTER,283.99,281.93,285,280.01,443.5,255.1,12.92B,45.81M,18.32M,13.67K,40,1.35,17.8,6.82,3.2,15.83,0.29
2026-07-29,MARI,648.99,650.28,652.99,645.11,795,544.56,780.74B,1.2B,240.12M,450.06K,20,4.61,57.11,37.45,2.74,11.39,0.49
2026-07-29,MEBL,562,555.82,562,548.3,582,352.8,1T,1.8B,450.14M,1.45M,25,5.13,50.58,19.77,3.52,10.99,
2026-07-29,MEHT,183.6,189.65,196.69,183.6,389,180,5.69B,30M,19.5M,8.35K,65,0,39.74,1.87,0.3,4.77,0.12
2026-07-29,MERIT,9.8,9.88,10,9.8,14.69,7.1,1.98B,199.96M,39.99M,54.86K,20,0,-1.75,-10.52,0.84,-5.65,0.01
2026-07-29,MFFL,177.87,174.99,178.7,173.11,237,139.66,4B,22.88M,3.85M,18.71K,16.82,,,,,,
2026-07-29,MFL,40.01,40.88,41,39.1,85.73,37.56,5B,122.4M,42.84M,168.8K,35,0,4.13,1.98,0.46,9.89,0.2
2026-07-29,MIRKS,34.01,33.49,34.01,33.15,44.5,22.28,2.23B,66.56M,29.95M,64.27K,45,0,0.03,0.01,0.93,1222.26,18.29
2026-07-29,MLCF,94,95.67,96.29,93.25,132.99,71,100.22B,1.05B,471.4M,18.82M,45,0,10.74,15.15,1.34,8.91,0.21
2026-07-29,MQTM,33.2,29.94,33.5,29.93,49,17.97,551.85M,18.43M,4.61M,329.95K,25,0,-79.43,-17.35,1.74,-0.38,0.01
2026-07-29,MRNS,62.57,62.16,63.45,61.11,94.01,52.32,4.66B,74.93M,26.22M,32.32K,35,10.46,22.15,14.35,1,2.81,
2026-07-29,MSCL,24.91,24.54,25.45,23,46.53,12.05,760.19M,30.98M,7.74M,193.69K,25,,,,,,
2026-07-29,MTL,298,296.57,298.69,292.35,636.99,279,118.34B,399.03M,179.56M,189.55K,45,5.9,18.49,12.64,15.3,16.04,0.93
2026-07-29,MUGHAL,82,81.04,82,80.56,113.99,59,27.2B,335.63M,117.47M,806.51K,35,0,6.37,2.8,0.9,12.72,0.87
2026-07-29,MWMP,65.44,61,65.44,60.9,170.95,30.1,1.75B,28.75M,7.19M,14.25K,25,,,,,,
2026-07-29,NATM,77,85.16,77,77,92.94,77,1.81B,21.27M,1.06M,0,5,0,-53.59,-51.27,0.83,-1.59,0.05
2026-07-29,NESTLE,7822.98,7822.14,7830,7660,10524.97,7000,354.73B,45.35M,4.53M,193.2,10,6.99,370.41,8.2,18.06,21.12,1.24
2026-07-29,NETSOL,121.45,121.15,122.42,120.76,164.59,87.66,10.88B,89.84M,26.95M,121.7K,30,0,32.29,21.96,0.86,3.75,0.09
2026-07-29,NML,148,146.43,149,145.56,208.4,120,51.48B,351.6M,158.22M,3.06M,45,1.37,33.41,5.75,0.3,4.38,1.56
2026-07-29,NONS,93,91.37,94,90.02,157.1,70.02,1.51B,16.52M,3.3M,32.88K,20,4.38,39.15,4.55,0.72,2.33,0.16
2026-07-29,NRL,432.49,431.36,440,428.11,477.45,225,34.49B,79.97M,26.31M,1.84M,32.91,0,108.68,2.33,0.58,3.97,0.01
2026-07-29,NRSL,33.5,33.42,34.4,33.3,39.25,20.6,4.72B,141.32M,42.4M,44.09K,30,0,2.09,2.61,1.3,15.97,1.41
2026-07-29,NSRM,320,273.85,333.9,273.69,362.31,84.01,4.26B,15.55M,777.66K,10.03K,5,0,6.79,4.51,2.66,40.35,0.26
2026-07-29,OCTOPUS,31.66,31.29,31.75,31.16,60.89,24.35,4.95B,158.22M,47.18M,164.69K,29.82,,,,,,
2026-07-29,OGDC,320,317.05,320,316.7,352,223.4,1.36T,4.3B,645.14M,2.87M,15,5.05,36.17,39.85,0.97,8.77,0.76
2026-07-29,OLPM,24.13,24.8,25.2,24.13,25.98,19,1.13B,45.38M,34.04M,9.91K,75,10.08,3.44,9.88,0.84,7.22,-1.83
2026-07-29,OML,127,154.37,154.37,127,187.24,25.8,1.85B,12M,1.2M,72.4K,10,,,,,,
2026-07-29,ORM,10.48,10.27,10.48,9.9,16.79,9.2,770.25M,75M,26.25M,35.85K,35,,,,,,
2026-07-29,OTSU,419.9,406.67,422,402.01,447.94,254.95,4.92B,12.1M,3.02M,20.38K,25,0,28.78,8.39,4.57,14.13,1.87
2026-07-29,PAEL,42.89,42.34,42.95,41.9,64.6,32.01,39.11B,923.65M,508.01M,4.98M,55,0,4.46,5.86,0.78,9.49,0.33
2026-07-29,PAKD,123.32,122.24,125.49,122,231.24,85.01,1.45B,11.86M,5.06M,6.46K,42.63,,,,,,
2026-07-29,PAKOXY,286,285.5,286.87,284,356.68,217.1,24.87B,87.12M,21.78M,3.72K,25,0,22.58,14.35,2,12.64,0.15
2026-07-29,PAKQATAR,20.76,20.53,20.76,20.25,29.4,15.24,4.74B,230.71M,80.75M,393.62K,35,,,,,,
2026-07-29,PIBTL,16.62,16.77,17.03,16.35,22.97,9.33,29.95B,1.79B,803.74M,10.79M,45,0,1.18,14.81,1.7,14.22,7.75
2026-07-29,PICT,55.99,54.75,55.99,54.5,61.5,23.65,5.98B,109.15M,21.83M,1.68M,20,0,-1.17,-1281.2,4.41,-46.64,2.26
2026-07-29,PIM,22.83,22.91,22.83,21.56,31.33,16.16,458.2M,20M,1M,3.28K,5,,,,,,
2026-07-29,PIOC,286,276.22,286,274,427.5,200.01,62.74B,227.15M,34.07M,466.59K,15,3.62,24.32,14.8,1.25,11.36,0.18
2026-07-29,PKGS,809.99,801,809.99,800,855,611.01,71.59B,89.38M,17.88M,14.08K,20,2,-9.43,-0.43,1.09,-84.94,-3.6
2026-07-29,PMRS,525,500.54,535,495,835,276.45,1.88B,3.75M,387.66K,2.49K,10.34,0,-300.03,-3.27,0.43,-1.67,-0.12
2026-07-29,POML,166.99,166.18,166.99,162,220,113.11,1.29B,7.76M,3.11M,2.26K,40,,,,,,
2026-07-29,POWER,21.01,20.41,21.01,19.51,24.26,13.75,26.34B,1.29B,452.11M,1.19M,35.03,0,2.24,8.78,1.11,9.11,0.15
2026-07-29,PPL,221,218.15,221,217.65,284.6,164.5,593.58B,2.72B,669.51M,3.33M,24.61,3.9,28.99,33.84,0.79,7.52,
2026-07-29,PPP,132.81,131.6,133.5,130.05,209,91,1.05B,8M,4M,3.1K,50,3.8,17.67,7.84,0.58,7.45,0.3
2026-07-29,PQGTL,14.21,14.38,14.55,14,19.8,10.25,1.45B,101.11M,40.44M,146.16K,40,,,,,,
2026-07-29,PREMA,32.33,34.09,35.86,32,56.38,23,7.45B,218.64M,65.59M,3.11M,30,0,2.73,9.01,1.23,12.47,0.26
2026-07-29,PRL,59.3,57.37,60.36,57.01,61,23.2,36.14B,630M,227.29M,25.27M,36.08,0,19.07,3.89,0.93,3.01,0.02
2026-07-29,PSEL,909.6,890.4,909.99,881,1635,799,28.96B,32.52M,30.82M,3.08K,94.76,0,5.58,1.22,0.64,159.56,5.55
2026-07-29,PSO,342.75,340.36,344,339.6,506.75,320.11,159.79B,469.47M,234.74M,1.71M,50,2.94,92.73,1.35,0.55,3.67,0.03
2026-07-29,PSYL,145,136.49,145,125.15,158,52.26,18.93B,138.7M,6.93M,719,5,0,3.38,3.07,3.77,40.34,1.05
2026-07-29,PTL,54.88,53,54.88,53,65.88,46.06,8.9B,168M,42M,200.09K,25,7.55,6.4,3.09,1.1,8.29,
2026-07-29,QTECH,49,47.45,49.6,46.8,57.8,23.1,5.77B,121.58M,30.39M,1.93M,25,,,,,,
2026-07-29,QUICE,34.11,33.84,34.84,33.8,46.06,7.51,3.33B,98.46M,68.92M,287.71K,70,,,,,,
2026-07-29,REDCO,30.05,30,30.8,30,40.4,14.9,1.48B,49.29M,2.46M,5.05K,5,,,,,,
2026-07-29,REWM,178.41,167.2,178.41,167,244.05,96.02,5.15B,30.81M,10.78M,2.09K,35,,,,,,
2026-07-29,RMPL,9319.99,9236.78,9319.99,9200.01,13565.64,8500,85.31B,9.24M,461.82K,96.4,5,5.13,715.93,9.02,2.73,12.9,3.24
2026-07-29,RPL,16.89,16.8,16.99,16.07,25.05,12,2.38B,141.9M,44.42M,327.75K,31.3,0,0.13,0.16,0.27,133.33,-35.35
2026-07-29,RUPL,30.01,31,31.5,30.01,42.79,23.11,1.06B,34.07M,10.22M,4.42K,30,0,-20.94,-21.91,0.19,-1.48,0.03
2026-07-29,SANSM,122.74,132.81,132.81,120.05,148.99,41,1.59B,11.95M,6.57M,2.23K,55,0,15.39,3.07,0.49,8.63,0.07
2026-07-29,SAPT,1461.99,1465.95,1462.02,1461.99,1606,1164,31.8B,21.69M,2.17M,7,10,0.68,387.04,5.77,0.39,3.79,0.25
2026-07-29,SARC,98.01,99,99.85,98,120.32,46.68,594M,6M,2.7M,4.41K,45,,,,,,
2026-07-29,SASML,350.01,351.45,383.99,350,469.49,109.95,3.66B,10.43M,2.61M,1.06K,25,0.57,6.09,1.12,1.37,57.74,2.04
2026-07-29,SAZEW,1950,1934,1950,1925,2487,1300.2,116.9B,60.45M,21.16M,115.48K,35,3.62,303.75,12.89,3.29,6.37,0
2026-07-29,SCL,750,750.07,750,750,1125,288,2.93B,3.9M,195K,1,5,0,-53.91,-8.05,9.44,-13.91,1.05
2026-07-29,SEARL,91.4,89.91,91.4,89.78,137.44,76.37,52.89B,588.22M,294.11M,1.86M,50,0,2.04,6.01,1.54,44.16,182.21
2026-07-29,SEL,29.06,29.23,30,29.06,45.56,11.1,558.06M,19.09M,10.5M,11.51K,55,,,,,,
2026-07-29,SELECT,27.76,27.27,27.76,27.25,33.6,26.02,24.24B,888.89M,88.89M,2.8M,10,,,,,,
2026-07-29,SERT,50.01,50.7,53.1,46,84.49,19.17,699.03M,13.79M,2.07M,247.02K,15,,,,,,
2026-07-29,SGF,115,115.99,117.49,115,141.89,71.51,23.95B,206.47M,51.62M,37.59K,25,1.72,11.16,12.03,2.7,10.39,
2026-07-29,SGPL,70,75.52,76.7,67.02,129.07,7.2,1.35B,17.83M,16.05M,4.27M,90,,,,,,
2026-07-29,SHCM,53.9,56.47,56.65,50.12,96.58,30.52,995.95M,17.64M,1.76M,16.71K,10,,,,,,
2026-07-29,SHDT,57,55.27,57.96,54.65,74.81,36.46,1.26B,22.85M,8M,69.84K,35,,,,,,
2026-07-29,SHFA,525.01,525.9,529,515.56,615.28,424.13,33.24B,63.21M,28.45M,9.42K,45,0.95,41.05,8.72,2.01,12.81,0.26
2026-07-29,SHSML,367.11,370.49,374.98,362.55,549,326,7.82B,21.12M,7.39M,7.56K,35,5.4,41.33,4.41,0.61,8.96,0.81
2026-07-29,SIEM,1491,1509.75,1510,1450,1740,1335,12.45B,8.25M,412.35K,203.2,5,0,31.37,2.85,2.01,48.12,-2.51
2026-07-29,SINDM,22.75,23.49,23.5,22.75,41.25,12,1.06B,45M,4.5M,20.47K,10,,,,,,
2026-07-29,SITC,769.98,759.24,779.98,752,1060,555.32,16.27B,21.43M,6.43M,6.51K,30,1.45,65.36,4.3,0.82,11.62,0.71
2026-07-29,SLGL,15.71,15.65,15.75,15.52,26.5,13,6.6B,421.79M,126.54M,1.19M,30,,,,,,
2026-07-29,SLM,24,23.91,24.09,23.8,26.25,21.95,186.37B,7.79B,779.48M,2.51M,10,,,,,,
2026-07-29,SMCPL,41.5,41.21,42.74,41.01,57.3,23.55,1.03B,25M,7.5M,8.88K,30,,,,,,
2026-07-29,SNAI,38.99,37,38.99,37,43.9,25,738.71M,19.96M,6.99M,27.67K,35,0,6.54,5.84,1.03,5.65,-0.58
2026-07-29,SNGP,103.33,101.08,103.33,100.5,142.6,83.2,64.11B,634.22M,253.69M,1.35M,40,2.97,22.94,1.17,0.81,4.41,-0.8
2026-07-29,SPEL,48,46.77,48,46.7,83.5,32.91,9.34B,199.74M,39.95M,868.48K,20,2.57,6.37,13,1.39,7.34,0.17
2026-07-29,SPSL,17.04,16.83,17.04,16.8,23.45,16.15,28.27B,1.68B,335.98M,3.88M,20,,,,,,
2026-07-29,SRR,16.31,16.37,16.48,16.31,21,15.26,540.21M,33M,13.2M,44.78K,40,,,,,,
2026-07-29,SRVI,2089.75,2064.58,2089.75,2050,2464,1130,97.01B,46.99M,23.49M,3.67K,50,0.85,223.93,6.65,3.7,9.22,0.09
2026-07-29,SSGC,25.7,25.57,25.8,25.35,46.23,19.02,22.53B,880.92M,336.86M,10.14M,38.24,1.96,-2.87,-0.65,1.71,-8.92,88
2026-07-29,SSOM,466,459.89,466,454.02,909,351.1,2.6B,5.66M,1.4M,29.41K,24.69,,,,,,
2026-07-29,STCL,11.25,11.1,11.25,11,19.4,8.55,2.66B,239.32M,131.63M,151.27K,55,0,-4.03,-8,1.52,-2.75,0.14
2026-07-29,STJT,153.49,151.45,153.49,141.56,162,70,1.46B,9.66M,1.45M,697.2,15,3.63,27.72,4.42,0.59,5.46,0.5
2026-07-29,STL,37.99,38.04,38.39,37.6,2231.81,34.85,4.09B,107.62M,43.05M,411.04K,40,,,,,,
2026-07-29,STML,50.3,50.01,53.79,50,70.38,22.8,432.09M,8.64M,2.59M,34.35K,30,0,-6.99,-1.76,0.57,-7.15,0.54
2026-07-29,STYLERS,49.5,49.99,50.99,49.5,56.84,36,24.44B,488.83M,24.44M,24.04K,5,3,2.28,5.99,1.79,21.96,
2026-07-29,SURC,139.98,151.82,151.82,138,152.48,88,7.41B,48.81M,9.76M,47.22K,20,3.29,29.17,5.06,0.51,5.21,0.8
2026-07-29,SYM,12.45,12.07,12.45,12.01,17.04,9.01,3.44B,285.25M,156.89M,2.97M,55,,,,,,
2026-07-29,SYS,134.99,132.53,134.99,131.7,174.4,105.98,195.27B,1.47B,957.71M,1.28M,65,1.51,7.86,13.4,3.16,16.85,0.22
2026-07-29,SZTM,88.85,87.47,88.85,86.5,127.25,36,1.57B,17.97M,1.8M,99.8K,10,,,,,,
2026-07-29,TATM,130.16,131.62,132.9,130,284,82,7.37B,55.99M,11.2M,16.57K,20,,,,,,
2026-07-29,TCORP,22.3,23,23.48,22.3,31.87,15.62,1.52B,66.21M,23.17M,34.11K,35,0,0.85,0.7,0.4,26.98,-1.51
2026-07-29,TELE,8.57,8.32,8.57,8.3,14.09,6.22,2.82B,338.62M,326M,3.44M,96.27,0,0.51,1.67,0.64,16.39,0.66
2026-07-29,TGL,190,190.01,191.99,188.15,291.5,128,32.71B,172.17M,68.87M,130.19K,40,3.68,24.49,13.38,1.33,7.76,0.26
2026-07-29,THCCL,65.5,64.43,65.72,64.2,103.5,42.52,32.12B,498.59M,174.51M,4.39M,35,0,7.24,24.4,3.16,8.9,0.05
2026-07-29,TICL,1001,991.81,1002.4,990,1270,540.05,14.9B,15.02M,226.46K,4.48K,1.51,1.01,182.06,7.68,1.21,5.45,0.31
2026-07-29,TOMCL,37.7,37.01,37.7,36.89,75.85,28.3,7.27B,196.34M,107.99M,1.69M,55,0,1.84,2.74,1.11,20.12,2.14
2026-07-29,TOWL,123.18,121.5,124.5,120,195.95,92.5,2.07B,17M,3.4M,3.55K,20,,,,,,
2026-07-29,TPLRF1,10.14,9.99,10.14,9.82,18.39,7.5,18.33B,1.83B,1.38B,5.07M,75,,,,,,
2026-07-29,TREET,22.79,23.27,23.64,22.5,37,19.55,8.63B,371.03M,185.51M,2.72M,50,0,1.29,1.81,1.06,17.97,0.49
2026-07-29,TRSM,18.6,19.99,19.99,17.17,71.65,8,595.7M,29.8M,23.84M,3.7M,80,,,,,,
2026-07-29,UBDL,24.51,24.4,25.5,24.32,34.5,20.01,2.24B,91.8M,4.59M,41.79K,5,,,,,,
2026-07-29,UDLI,18.9,18.57,18.9,18.16,25.5,8.31,652.19M,35.12M,14.05M,2.5M,40,,,,,,
2026-07-29,UDPL,120.15,120.04,121.99,119.71,168.99,75.05,4.23B,35.27M,5.29M,4.67K,15,,,,,,
2026-07-29,UNITY,10.3,10.06,10.3,10.01,31.74,7.51,12.01B,1.19B,537.32M,2.55M,45,0,1.6,2.34,0.64,6.29,0.11
2026-07-29,UPFL,25302.92,25480,25482,25300,34500,22562.78,162.31B,6.37M,521.22K,31,8.18,5.72,1001.9,14.74,19.15,25.43,1.02
2026-07-29,WAFI,176.1,176.93,179,176.1,260,165,37.87B,214.02M,32.1M,45.14K,15,,,,,,
2026-07-29,WAHDAT,16.78,16.43,16.78,16.12,21.78,15.45,5.51B,335.22M,83.81M,662.19K,25,,,,,,
2026-07-29,WAHN,288.58,287,290,286.11,435,225.23,2.58B,9M,3.15M,2.8K,35,3.48,51.77,9.43,0.89,5.54,0.35
2026-07-29,WASL,6.02,5.92,6.03,5.87,6.09,5.85,951.45M,160.72M,96.43M,1.5M,60,,,,,,
2026-07-29,WAVES,10.7,10.58,10.74,10.5,16.95,8.02,2.98B,281.41M,196.98M,4.57M,70,0,1,5.91,0.3,10.53,-2.2
2026-07-29,ZAHID,78.78,75.06,78.78,74.11,119.49,32.69,14.37B,191.42M,5.94M,108.86K,3.11,0,7.93,3.96,0.66,9.46,0.69
2026-07-29,ZAL,40.2,39.49,40.5,39.13,79.5,23.11,10.37B,262.5M,65.62M,390.53K,25,,,,,,
2026-07-29,ZIL,360.02,363,374.97,360.01,722,300,2.22B,6.12M,306.13K,100.8,5,,,,,,
2026-07-29,ZTL,18.88,18.04,18.88,18,24.48,9.75,1.07B,59.43M,14.86M,129.19K,25,0,-0.82,-0.65,0.43,-22.05,3.01
2026-07-30,ABOT,924,915.48,924,910.25,1304,821,89.63B,97.9M,21.17M,10.37K,21.63,4.37,84.85,10.97,2.66,10.79,0.61
2026-07-30,ACPL,233,232.64,235,228.5,325.01,205,31.97B,137.43M,13.74M,106.51K,10,3.65,20.97,6.74,1.34,11.09,0.8
2026-07-30,ADAMS,61.6,62.89,63.98,61.51,90.98,57.25,1.09B,17.29M,3.46M,9.85K,20,6.36,9.29,1.54,0.21,6.77,-5.74
2026-07-30,AGIL,154,151.53,155.89,150,198,121.2,5.46B,36M,21.6M,12.07K,60,1.15,24.75,5.37,0.81,6.12,0.48
2026-07-30,AGP,191,191.67,192.5,190,258.67,163,53.67B,280M,84M,293.61K,30,4.17,13.41,13.14,3.29,14.29,0.25
2026-07-30,AGTL,379.99,370.81,379.99,370.01,497,288,21.49B,57.96M,3.67M,6.64K,6.34,0,35.36,8.63,1.92,10.49,1.29
2026-07-30,AHTM,94.13,96,100,92.02,134.15,60,813.27M,8.47M,1.27M,10.16K,15,1.56,12.65,2.07,0.34,7.59,-2.62
2026-07-30,AIRLINK,136.32,133.99,136.9,132.34,199,118,52.96B,395.27M,118.58M,1.3M,30,6.72,14.02,6.35,2.89,9.56,
2026-07-30,AKGL,52.9,51.01,52.9,51.3,68.25,48.01,510.1M,10M,1M,285.4,10,,,,,,
2026-07-30,ALNRS,130,129.05,131,128,144,82,2.64B,20.47M,4.09M,1.85K,20,3.1,13.88,1.67,0.37,9.29,3.75
2026-07-30,ANL,10.2,9.94,10.2,9.83,13.7,8.01,4.82B,485.41M,242.7M,278.86K,50,0,1.6,1.96,0.32,6.2,0.39
2026-07-30,ANTM,56.7,54.21,58.01,52,66.38,20.81,523.67M,9.66M,1.45M,11.31K,15,,,,,,
2026-07-30,ARCTM,39.1,38.18,40,37.12,46.98,24.14,503.01M,13.17M,2.7M,67.71K,20.52,,,,,,
2026-07-30,ARPL,423,414.9,423,410,507,325,14.34B,34.56M,8.64M,44.82K,25,7.23,38.21,4.75,2.96,10.86,5.12
2026-07-30,ASHT,34,32.46,35,32.07,70,13.64,1.51B,46.57M,2.33M,10.72K,5,,,,,,
2026-07-30,ASL,12.7,12.68,12.74,12.4,15.94,8.51,11.8B,930.78M,279.24M,773.55K,30,0,0.07,0.28,1.18,182.18,-13.64
2026-07-30,ASTM,34.89,34.89,34.89,34.89,41.94,12,529.53M,15.18M,2.28M,149.12K,15,,,,,,
2026-07-30,ATBA,202.2,201.17,204.89,201,303,169.02,7.04B,35.02M,8.75M,9.61K,25,0,2.24,0.23,0.89,89.94,442.79
2026-07-30,ATRL,955,970.86,975,950,1005,597.1,103.51B,106.62M,42.65M,900.25K,40,0.77,180.56,6.62,0.6,5.38,-0.01
2026-07-30,AVN,32.2,31.89,32.2,31,54.3,26.5,13.7B,429.67M,150.38M,360.23K,35,3.14,1.02,2.52,0.91,31.26,-11.51
2026-07-30,AWTX,1744.6,1586,1744.6,1744.6,1744.6,1270,1.27B,800K,4.5K,0,0.56,0,9.84,0.15,1.01,161.26,-19.84
2026-07-30,BAFS,599,576.18,629,563.66,629,112.51,5.44B,9.45M,472.5K,9.97K,5,0.35,60.89,8.1,2.66,9.46,0.06
2026-07-30,BATA,930,929.46,930,921,1750,875,7.03B,7.56M,1.79M,2.16K,23.67,0,-368,-15.26,2.33,-2.53,0.11
2026-07-30,BBFL,42.05,41.68,42.05,41.5,57.35,34,12.46B,298.91M,115.24M,203.77K,38.55,,,,,,
2026-07-30,BCL,71.1,71.51,72.5,70.1,130,56.02,820.4M,11.47M,6.31M,6.82K,55,0,-1.36,-1.1,2.58,-52.75,4.19
2026-07-30,BECO,5.15,5.08,5.15,5.05,73.6,3.9,6.35B,1.25B,437.37M,1.95M,35,,,,,,
2026-07-30,BERG,103.02,103.33,104.5,102,141,80.65,2.54B,24.55M,9.82M,155.21K,40,4.84,12.44,3.37,0.67,8.3,
2026-07-30,BFAGRO,33.6,33.41,33.9,33,49.25,29.03,10.36B,309.99M,77.5M,162.4K,25,,,,,,
2026-07-30,BFBIO,128,129.3,130,126.67,189.97,124,11.42B,88.33M,26.5M,104.37K,30,,,,,,
2026-07-30,BFMOD,22,21.86,22.79,21.51,38.84,10.11,164.28M,7.52M,2.63M,16.07K,35,,,,,,
2026-07-30,BHAT,848,879,879,840,1040,726.06,2.67B,3.04M,152.05K,910.2,5,0,30.09,0.28,0.25,29.21,3.75
2026-07-30,BIFO,131,127.73,131,126.02,207.1,79.1,5.92B,46.38M,16.23M,300.7K,35,5.87,9.41,12.78,1.82,13.57,0.64
2026-07-30,BIPL,26.99,26.98,27.19,26.81,44.1,23.6,29.91B,1.11B,166.31M,502.48K,15,10.19,3.87,5.45,0.64,6.96,
2026-07-30,BLUEX,7.02,7.06,7.15,7,80.85,4.9,2.01B,284.28M,113.71M,2.19M,40,,,,,,
2026-07-30,BNL,6.39,6.41,6.5,6.32,170.73,6.01,4.28B,668.05M,434.23M,1.47M,65,0,0.67,5.69,1.46,9.61,0.58
2026-07-30,BNWM,67,67.45,67.89,66,87.5,50,641.2M,9.51M,4.75M,8.05K,50,0,-9.58,-7,0.19,-7.04,-0.3
2026-07-30,BPL,55,54.5,56.62,53.51,80.97,20.01,1.23B,22.49M,6.75M,79.9K,30,,,,,,
2026-07-30,BRRG,48.24,48.99,49,48.24,53.77,27.53,4.65B,95.01M,47.5M,3.25K,50,,,,,,
2026-07-30,BTL,940,952.78,940,940,1580,275.01,6.13B,6.43M,321.6K,9,5,0,-35.67,-0.77,0.81,-26.71,
2026-07-30,BUXL,175.1,193.28,199,175.1,274.4,133.02,278.32M,1.44M,576K,7.53K,40,0,-17.12,-4.42,1.71,-11.29,0.12
2026-07-30,BWHL,226.5,239.91,241,226.5,257.92,157.51,3.2B,13.33M,7.33M,19.79K,55,7.09,29.35,14.67,1.35,8.17,0.06
2026-07-30,CCM,54.6,52.03,54.98,51.06,68.88,34.4,1.18B,22.66M,10.2M,40.48K,45,0,2.96,-0.18,0.17,17.57,-0.92
2026-07-30,CEPB,28.35,28.67,28.75,28,46.7,24.59,11.52B,401.71M,120.51M,807.8K,30,0,-1.87,-1.96,0.88,-15.34,1.01
2026-07-30,CFL,54.65,58.35,61,54.65,94.01,45.1,724.58M,12.42M,3.73M,461.8,30,0,-49.59,-18.39,0.19,-1.18,0.03
2026-07-30,CHAS,90,89.88,99.75,84.15,160.49,56.01,2.58B,28.69M,4.3M,95.19K,15,0,-57.51,-5.08,0.25,-1.56,-0.13
2026-07-30,CHCC,309,310.64,312,308,390,225,60.36B,194.3M,116.58M,240.52K,60,1.77,37.91,19.73,1.61,8.19,0.31
2026-07-30,CLOV,7.86,8.23,8.57,7.86,88.64,6.59,3.2B,389.29M,214.11M,3.24M,55,0,0.61,4.44,4.4,13.47,-0.32
2026-07-30,CNERGY,10.76,10.61,10.91,10.51,11.48,5.87,58.29B,5.49B,1.37B,100.22M,25,0,2.78,4.49,0.26,3.81,0.07
2026-07-30,COLG,1231,1233.81,1237.99,1221,1331.99,1050,299.54B,242.77M,24.28M,4.45K,10,4.74,73.22,14.79,8.21,16.85,0.36
2026-07-30,CPHL,74,73.48,74,73.02,104.25,69.25,16.79B,228.46M,114.23M,266.92K,50,4.76,4.8,7.92,1.53,15.31,
2026-07-30,CPPL,100,102.28,103.5,99.12,125.5,64.79,5.02B,49.1M,29.46M,43.76K,60,2.93,1.5,0.52,0.58,68.21,-5.01
2026-07-30,CRTM,72.95,73.72,74.99,71.11,96.5,16.6,7.37B,100M,60M,6.43K,60,0,1.31,0.69,0.58,56.37,-7.5
2026-07-30,CSAP,100.99,105.07,107.97,100.27,143.5,78.25,8.16B,77.63M,34.93M,228.84K,45,7.14,5.08,4.79,0.91,20.67,2.84
2026-07-30,DAAG,77.52,76.81,77.89,76.02,120.25,52,307.24M,4M,970.7K,7.75K,24.27,,,,,,
2026-07-30,DADX,91,90.01,91,91,121.88,42.75,968.87M,10.76M,538.2K,708.4,5,0,-30.29,-37.21,3.74,-2.97,0.05
2026-07-30,DCL,11,10.98,11.11,10.6,16.31,6.61,5.97B,544.11M,190.44M,4.03M,35,0,-2.37,-4.8,0.24,-4.63,0.04
2026-07-30,DCR,37.9,37.87,37.98,37.64,41.8,28,84.21B,2.22B,555.92M,288.3K,25,6.81,2.31,78.71,1.11,16.39,
2026-07-30,DFSM,17,16.66,17,16.3,35.24,3.75,1.63B,97.75M,34.21M,1.44M,35,,,,,,
2026-07-30,DGKC,206,207.23,208.5,204,275.75,145.1,90.79B,438.12M,219.06M,7.29M,50,0.97,27.64,14.23,0.81,7.5,0.26
2026-07-30,DINT,69,67.25,69,67.01,96,41.36,3.53B,52.47M,7.87M,319.2,15,0,-3.91,-0.63,0.51,-17.19,-1.92
2026-07-30,DMC,199.97,188.4,199.97,184.26,351.9,43.05,575.07M,3.05M,915.73K,408.2,30,,,,,,
2026-07-30,DNCC,18,17.31,18.1,17.07,28.07,14,5.48B,316.36M,94.91M,76.73K,30,0,-0.39,-1.76,2.64,-44.05,-0.3
2026-07-30,DOL,29.9,29.92,29.97,29.51,41,25.36,5.24B,175.03M,52.51M,49.35K,30,13.37,2.55,8.79,1.75,11.75,-3.86
2026-07-30,DYNO,345.04,340,345.04,340,366.9,254.3,6.42B,18.87M,12.27M,4.81K,65,4.78,55.14,7.33,1.18,6.17,0.68
2026-07-30,ECOP,48.8,48.51,48.99,48.4,78.25,33.82,2.34B,48.26M,36.19M,82.02K,75,4.12,7.67,5.37,1.29,6.32,0.15
2026-07-30,EFERT,180.15,190.14,191.6,180.15,263.3,180.15,253.89B,1.34B,600.88M,1.19M,45,7.76,17.26,9.42,5.94,11.02,-1.52
2026-07-30,ELCM,244.98,227.17,246,224.26,343.44,124,295.32M,1.3M,260K,984.6,20,0,-24.15,-3.34,4.35,-9.41,0.15
2026-07-30,ELSM,163.53,155.25,163.53,150.01,163.53,99,1.7B,10.95M,3.29M,13.25K,30,2.58,3.97,0.28,0.39,39.06,-36.64
2026-07-30,EMCO,53.16,51.96,53.16,50.72,80.55,31.29,1.82B,35M,10.5M,4.88K,30,,,,,,
2026-07-30,ENGROH,275.8,271.39,276.99,269,302.5,206.8,326.82B,1.2B,903.17M,1.76M,75,0,53.18,10.18,,5.1,0.31
2026-07-30,EPCL,33.74,33.51,33.9,33.1,39.32,27.01,30.46B,908.92M,227.23M,1.31M,25,0,-2.97,-3.28,1.47,-11.27,1.05
2026-07-30,EPQL,25.8,26.1,26.5,25.6,34.98,22.3,8.45B,323.8M,161.9M,456.91K,50,45.02,1.86,5.05,0.74,14.01,-4.97
2026-07-30,EXIDE,494.9,485.96,495,482.5,854.5,365,3.78B,7.77M,1.94M,8.25K,25,1.03,55.53,2.2,0.5,8.75,
2026-07-30,FABL,100,99.82,100.95,99.6,106,69.33,151.5B,1.52B,531.19M,805.07K,35,6.51,15.03,11.4,1.33,6.64,
2026-07-30,FANM,7.87,8.08,8.12,7.5,10.83,4.25,186.65M,23.1M,11.55M,273.82K,50,,,,,,
2026-07-30,FASM,300,304.4,317.99,276,430,240.02,3.04B,10M,1M,718.2,10,0,-52.85,-1.19,0.29,-5.76,-1.38
2026-07-30,FATIMA,154,155.22,156,152.96,192.8,110,325.96B,2.1B,315M,423.36K,15,6.12,17.58,13.62,1.88,8.83,0.24
2026-07-30,FCCL,54,54.06,54.65,53.5,62.84,36.26,132.6B,2.45B,858.5M,8.32M,35,2.31,5.99,16.04,1.44,9.02,0.08
2026-07-30,FCEPL,102.72,102.29,103.49,101.6,118.01,63.86,78.42B,766.6M,76.66M,302.7K,10,3.42,4.51,3.23,4.17,22.68,0.66
2026-07-30,FCL,23.75,23.4,23.75,23.31,28.56,19.65,15.08B,644.58M,161.14M,838.45K,25,,,,,,
2026-07-30,FECM,17.61,17.86,18.15,16.5,57.06,11.75,202.53M,11.34M,8.51M,12.02K,75,,,,,,
2026-07-30,FECTC,104.53,105.68,107,104.53,195.75,72,5.3B,50.16M,12.54M,178.94K,25,1.89,14,5.6,1.05,7.55,-0.06
2026-07-30,FEM,11.24,11.62,12,10.71,17.7,4.8,609.35M,52.44M,36.71M,52.29K,70,,,,,,
2026-07-30,FEROZ,380,380,385,376.05,475,293.01,16.52B,43.47M,17.39M,24.27K,40,1.05,21.66,4.15,1.28,17.54,0.78
2026-07-30,FFC,559.99,565.07,568.05,559,685,425,813.15B,1.44B,791.46M,2.03M,55,6.81,59.83,16.49,2.98,9.44,0.14
2026-07-30,FFL,16.05,16.07,16.2,16,23.93,14,40.5B,2.52B,503.99M,2.97M,20,0,0.44,3.79,3.7,36.14,-0.1
2026-07-30,FFLM,15.65,15.07,15.65,14.99,27.23,4.4,398.06M,26.41M,17.17M,579.58K,65,,,,,,
2026-07-30,FHAM,33.3,33.74,33.99,32.85,39.49,25.1,3.74B,110.83M,94.21M,10.23K,85,6.67,7.53,17.05,0.61,4.48,0.11
2026-07-30,FIBLM,14.46,14.2,14.46,13.5,22.24,6.7,307.96M,21.69M,10.84M,577.89K,50,0,0.94,43.94,1.23,15.16,0.44
2026-07-30,FIMM,196.25,200,200.05,196.25,397.69,173.39,600M,3M,900K,24.2,30,,,,,,
2026-07-30,FLYNG,43.58,43.56,44.23,43.35,61,38.51,30.27B,694.8M,104.22M,32.93K,15,0,1.29,5.99,2.35,33.72,0.13
2026-07-30,FML,52.71,52.71,53.45,52.03,86,34.05,21.05B,399.41M,39.94M,53.77K,10,0,0.46,0.27,0.62,114.46,-24.4
2026-07-30,FPJM,10.5,10.88,11.15,10.5,14.99,4.23,370.14M,34.02M,13.61M,963.98K,40,0,-3.22,-38.72,-0.8,-3.38,0.45
2026-07-30,FPRM,13.3,12.76,13.3,12.89,16.99,9.08,175.94M,13.79M,6.2M,6.46K,45,,,,,,
2026-07-30,FRCL,97.33,92.32,99,89.2,118.45,39.02,3.5B,37.87M,1.89M,3.06K,5,,,,,,
2026-07-30,FRSM,44.33,43.95,44.4,43.1,63.48,34.22,1.74B,39.51M,11.85M,4.23K,30,0,10.05,3.35,0.79,4.37,0.01
2026-07-30,FTMM,15.81,16.35,16.38,15.81,23.75,11.14,3.2B,195.6M,9.78M,2.64K,5,9.17,0.5,2.47,1.15,32.98,-1.44
2026-07-30,FTSM,35.05,33.56,35.05,33,57,11.52,710.23M,21.16M,8.47M,70.9K,40,,,,,,
2026-07-30,FZCM,254.06,256.1,269.89,254,333.39,185.52,7.68B,30M,3M,1.75K,10,0,3.02,0.1,0.16,84.88,41.58
2026-07-30,GADT,275,275.01,277,275,525,215,7.71B,28.03M,8.41M,4.23K,30,0,43.77,1.72,0.31,6.28,0.53
2026-07-30,GAL,588,592.14,595.99,583,633,291,33.75B,57M,22.8M,818.22K,40,1.69,117.24,12.52,1.76,5.05,0
2026-07-30,GATI,85.97,83.24,85.97,83,151.6,62.55,9.05B,108.73M,16.31M,13.25K,15,0,-10.67,-4.01,0.76,-7.8,-5.59
2026-07-30,GATM,26.81,26.31,26.81,26.15,40.7,16.5,19.47B,740.06M,185.01M,380.09K,25,0,2.72,1.18,0.38,9.69,0.83
2026-07-30,GCIL,37.19,37.32,37.99,36.65,40.6,23.81,21.29B,570.45M,228.18M,10.37M,40,0,5.27,33.37,,7.09,
2026-07-30,GCWL,16,15.86,16,15.75,25.15,11.75,3.97B,250.14M,111.05M,871.15K,44.39,,,,,,
2026-07-30,GDL,17.86,17.3,17.99,17,33,16.9,7.43B,429.2M,107.3M,503.46K,25,,,,,,
2026-07-30,GEMBCEM,11.05,11.05,11.05,11.05,14.5,9.64,1.1B,100M,25M,750,25,,,,,,
2026-07-30,GEMMEL,27.2,27.2,27.2,27.19,39,19.1,5.28B,194.1M,19.41M,415.75,10,,,,,,
2026-07-30,GEMPACRA,30,35.75,35.75,30,49,22,2.66B,74.53M,7.45M,47.93K,10,,,,,,
2026-07-30,GEMPAPL,11,11.35,11.45,11,19,9,227M,20M,15M,7.83K,75,,,,,,
2026-07-30,GFIL,30.97,30.55,30.97,30.55,35.18,11.8,997.02M,32.64M,3.26M,13.38K,10,,,,,,
2026-07-30,GGGL,9.11,9.01,9.14,8.8,14.47,6.7,2.16B,240M,120M,767.85K,50,0,0.54,4.51,0.74,16.82,0.78
2026-07-30,GGL,24.44,23.79,24.5,23.7,31.31,14.1,8.42B,354.12M,177.06M,3.31M,50,0,9.78,31.53,1.04,2.43,0.05
2026-07-30,GHGL,39.52,39.08,39.52,38.1,52.25,27.78,39.07B,999.71M,349.9M,360.88K,35,5.12,6.21,13.11,0.96,6.29,0.25
2026-07-30,GHNI,1180,1199.63,1218,1180,1285.15,590,51.11B,42.61M,14.91M,290.73K,35,0.83,162.33,11.84,2.78,7.39,0.02
2026-07-30,GIL,0,1000,0,0,0,0,0,0,0,0,0,0.3,15.14,0.25,0,66.03,-14.54
2026-07-30,GLAXO,348.01,345.37,349.45,344.97,459.94,293.09,109.99B,318.47M,63.69M,154.71K,20,4.92,33,15.6,3.03,10.47,0.17
2026-07-30,GOC,196,200.57,203.5,190,235,77,1.47B,7.35M,1.1M,21.2K,15,0.5,4.14,6.12,2.05,48.4,1.67
2026-07-30,GTYR,33.1,32.09,33.1,31.87,48,22.26,3.91B,121.93M,48.77M,1.47M,40,0,-6.34,-4.84,0.61,-5.06,0.55
2026-07-30,GVGL,55,55,55.41,55,73.99,43.65,8.25B,149.94M,29.38M,2.49K,19.59,5.45,6.64,15.54,1.64,8.28,
2026-07-30,GWLC,48.5,48.79,49,48.03,77.96,38.75,19.53B,400.27M,40.03M,179.28K,10,3.07,6.74,12.64,0.71,7.23,0.49
2026-07-30,HAEL,27.89,26.79,27.89,26.76,37.96,14.91,348.17M,13M,1.95M,17.43K,15,,,,,,
2026-07-30,HAFL,508,491.51,509.95,481.01,629.5,283.58,589.81M,1.2M,42.48K,147.2,3.54,,,,,,
2026-07-30,HALEON,745.1,751.3,753.99,745.1,1010,655,87.94B,117.05M,15.74M,19.48K,13.44,3.99,55.96,15.35,6.04,13.43,0.19
2026-07-30,HCAR,242.98,241.67,245.9,240.55,318,147.5,34.51B,142.8M,28.56M,1.66M,20,3.72,22.64,2.64,1.36,10.67,32.55
2026-07-30,HINO,384.99,381.51,385,380.01,585,264.69,9.46B,24.8M,2.55M,9.73K,10.28,2.86,21.82,4.92,1.56,17.48,0.24
2026-07-30,HINOON,988,972.46,988,955,1241,755.56,51.52B,52.98M,21.19M,15.89K,40,5.14,75.63,14.32,3.48,12.86,0.3
2026-07-30,HPL,4028.97,3997.8,4028.97,3990.1,4889.99,2925.66,38.56B,9.64M,964.48K,392.4,10,6,317.04,9.84,4.33,12.61,0.28
2026-07-30,HRPL,21.2,21.09,22.15,20.9,37,16.51,843.6M,40M,8M,159.1K,20,0,-3.09,-5.61,1.13,-6.83,0.29
2026-07-30,HTL,40.85,39.74,40.85,39.51,66.5,31.01,5.53B,139.2M,34.8M,325.16K,25,0,3.83,1.49,0.84,10.39,1.01
2026-07-30,HUBC,218,217.22,219.2,216.5,249.99,144,281.77B,1.3B,972.87M,3.11M,75,11.51,34.65,63.41,1.25,6.27,-4.96
2026-07-30,IBFL,285.05,300,301,285,397.32,176.55,93.15B,310.51M,15.53M,262.8,5,0,-1.49,-0.44,1.62,-200.96,-18.88
2026-07-30,IBLHL,48.14,48.76,49.9,48.14,85.82,36,4.8B,98.53M,24.63M,143.57K,25,0,2.44,5.36,1.93,19.99,5.13
2026-07-30,ICCI,13.85,13.68,14,13.5,17.91,8.61,410.42M,30M,4.5M,12.64K,15,,,,,,
2026-07-30,ICL,138.95,136.41,138.99,136,176,85.1,13.64B,100M,45M,80.2K,45,2.2,13.74,4.34,1.25,9.93,0.39
2026-07-30,IDEAL,42.02,42,42.02,42,87.7,15.75,416.64M,9.92M,1.49M,2.74K,15,,,,,,
2026-07-30,IDRT,37.5,37.26,37.85,37.05,68.08,19.31,739.72M,19.85M,1.99M,32.31K,10,,,,,,
2026-07-30,ILP,101.51,102.35,103.75,101.5,110.5,67.4,143.46B,1.4B,280.34M,592.43K,20,2.93,8.3,6.45,2.35,12.34,0.2
2026-07-30,IMAGE,26.7,27.01,27.39,26.4,32.46,19,6.22B,230.37M,149.74M,504.83K,65,7.4,3.49,17.93,1.28,7.73,
2026-07-30,INIL,162.65,159.97,164.84,148,249,127.3,21.1B,131.88M,59.35M,152.98K,45,3.75,14.32,1.72,0.65,11.17,-3.6
2026-07-30,INKL,85.05,94.79,96.99,85.05,126,30.15,917.09M,9.68M,3.87M,7.98K,40,,,,,,
2026-07-30,IPAK,36.5,36.51,36.9,36.45,38,21.02,26.84B,735.21M,220.56M,260.42K,30,1.57,3.81,7.22,2.1,9.59,
2026-07-30,IREIT,8.05,8.04,8.05,7.96,13.05,7.26,2.22B,275.86M,96.55M,167.91K,35,,,,,,
2026-07-30,ISIL,1939,1931.13,1940,1927.1,2370,1725.01,128.14B,66.36M,3.32M,21.4,5,0.26,62.5,3.31,4.63,30.9,0.47
2026-07-30,ISL,86.9,84.74,87,84,135,65.45,36.86B,435M,152.25M,306.82K,35,5.31,6.93,3.59,1.44,12.22,-2.95
2026-07-30,ITANZ,48.98,47.3,49.94,46.92,49.94,46.92,5.61B,118.6M,48.52M,8.78M,40.91,,,,,,
2026-07-30,ITTEFAQ,8.69,8.75,8.89,8.69,12.64,5.75,1.26B,144.34M,93.82M,1.65M,65,0,-3.91,-27.88,0.43,-2.24,
2026-07-30,JATM,32.25,35.23,35.23,32.25,49.08,14.61,443.94M,12.6M,1.89M,23.84K,15,,,,,,
2026-07-30,JDMT,164.97,181.72,181.72,164.15,181.72,60.1,1.26B,6.92M,2.07M,350.41K,30,,,,,,
2026-07-30,JDWS,901.2,914.79,920.99,901.2,1019.98,780,52.85B,57.78M,8.67M,3.76K,15,5.47,172.77,7.74,1.36,5.29,0.13
2026-07-30,JSML,58,57.82,58.7,57,147.5,40.61,1.97B,34.13M,13.65M,32.36K,40,0,5.89,1.94,0.21,9.81,0.31
2026-07-30,JVDC,145,145.06,145.85,143.05,163.9,65.15,55.25B,380.86M,190.43M,497.78K,50,3.45,10.67,38.34,1.99,13.6,-0.01
2026-07-30,KCL,155,145,155,136,195.69,115.02,2.11B,14.55M,10.91M,196.2,75,,,,,,
2026-07-30,KEL,7.27,7.19,7.33,7.12,9.58,4.91,198.55B,27.62B,2.76B,23.88M,10,0,0.42,2.19,1.73,17.24,
2026-07-30,KHYT,2088,2077.46,2119.99,2050,2689,1131.01,2.55B,1.23M,20.67K,277.4,1.68,,,,,,
2026-07-30,KOHC,94.61,93.21,95.49,91,567.99,74,85.69B,919.31M,229.83M,477.57K,25,0,10.62,25.96,1.55,8.77,0.31
2026-07-30,KOHE,15.01,15.12,15.34,15.01,23.49,12.33,2.56B,169.46M,67.78M,138.46K,40,0,3.94,15.83,0.57,3.83,-0.37
2026-07-30,KOHTM,130.78,123.06,132.9,120.1,210,40,2.56B,20.8M,6.24M,154.66K,30,1.63,14.85,3.65,0.53,8.29,0.22
2026-07-30,KPUS,1102,1109.65,1189,1085,2849.99,115.11,17.77B,16.02M,800.88K,27.07K,5,0,5.5,1.09,4.48,201.76,6.68
2026-07-30,KSBP,252,242.74,252,240.5,263.98,155.2,7.5B,30.9M,8.37M,173.89K,27.08,0.41,7.14,3.26,1.76,33.99,3.62
2026-07-30,KTML,44.2,42.88,45.68,42.5,305,37.02,57.74B,1.35B,269.3M,374.46K,20,0.93,7.94,8.01,0.71,5.4,0.18
2026-07-30,LCI,229,225.5,229,224,396,201.17,104.13B,461.8M,92.36M,60.88K,20,5.08,20.25,8.25,1.85,11.14,0.54
2026-07-30,LEUL,45,44.6,45.49,42.8,72.68,25.76,267.6M,6M,1.8M,39.24K,30,,,,,,
2026-07-30,LIVEN,35.99,35.06,36.29,34.9,74.4,27.82,3.96B,113.04M,11.3M,34.29K,10,,,,,,
2026-07-30,LOADS,13.33,13.26,13.43,13.13,22.6,10.93,4.92B,371.25M,185.62M,768.61K,50,0,1.07,4.28,0.94,12.42,-0.01
2026-07-30,LOTCHEM,27.08,27.13,27.4,26.91,34.3,18.41,41.08B,1.51B,378.55M,6.12M,25,23.96,3.09,5.49,2.03,8.77,-3.56
2026-07-30,LPGL,90.22,92.03,93.75,90,124.48,63.01,690.23M,7.5M,1.88M,2.32K,25,,,,,,
2026-07-30,LUCK,445.7,437.91,445.7,435.4,529.5,339,641.54B,1.47B,439.5M,2.72M,30,0.91,56.88,16.86,1.59,7.7,0.15
2026-07-30,MACFL,67,67.97,68.99,64.5,86.98,19.52,4.03B,59.3M,23.72M,71.06K,40,0.74,2.13,1.96,1.73,31.88,7.19
2026-07-30,MACTER,281.95,280.18,283.95,280,443.5,255.1,12.84B,45.81M,18.32M,6.94K,40,1.36,17.8,6.82,3.18,15.74,0.29
2026-07-30,MARI,648,646.82,657,645.01,795,544.56,776.59B,1.2B,240.12M,456.08K,20,4.64,57.11,37.45,2.72,11.33,0.49
2026-07-30,MEBL,551,558.85,563,551,582,358.02,1.01T,1.8B,450.14M,1.33M,25,5.1,50.58,19.77,3.54,11.05,
2026-07-30,MEHT,192,193.32,199,189,389,180,5.8B,30M,19.5M,8.23K,65,0,39.74,1.87,0.3,4.86,0.12
2026-07-30,MERIT,9.82,10.03,10.09,9.82,14.69,7.1,2.01B,199.96M,39.99M,58.61K,20,0,-1.75,-10.52,0.85,-5.74,0.01
2026-07-30,MFFL,174.01,180.95,191.99,174.01,237,139.66,4.14B,22.88M,3.85M,35.9K,16.82,,,,,,
2026-07-30,MFL,40.69,40.92,41.5,39.2,85.73,37.56,5.01B,122.4M,42.84M,211.86K,35,0,4.13,1.98,0.46,9.9,0.2
2026-07-30,MIRKS,33.1,31.99,34,31.6,44.5,22.28,2.13B,66.56M,29.95M,88.66K,45,0,0.03,0.01,0.89,1167.52,18.03
2026-07-30,MLCF,94.5,95.59,96.2,93.55,132.99,71,100.14B,1.05B,471.4M,19.23M,45,0,10.74,15.15,1.33,8.9,0.21
2026-07-30,MQTM,29.93,30.06,30.75,28.55,49,17.97,554.07M,18.43M,4.61M,325.22K,25,0,-79.43,-17.35,1.75,-0.38,0.01
2026-07-30,MRNS,62.16,63.05,63.5,61.25,94.01,52.32,4.72B,74.93M,26.22M,51.87K,35,10.31,22.15,14.35,1.01,2.85,
2026-07-30,MSCL,24.98,24.09,24.98,24,46.53,12.05,746.25M,30.98M,7.74M,195.47K,25,,,,,,
2026-07-30,MTL,295.01,298.83,303.5,295.01,636.99,279,119.24B,399.03M,179.56M,253.96K,45,5.86,18.49,12.64,15.42,16.16,0.93
2026-07-30,MUGHAL,80.01,80.35,80.99,79.49,113.99,59,26.97B,335.63M,117.47M,795.25K,35,0,6.37,2.8,0.89,12.61,0.86
2026-07-30,MWMP,63.98,60.45,64,59.8,170.95,30.1,1.74B,28.75M,7.19M,23.68K,25,,,,,,
2026-07-30,NATM,77,85.16,77,77,92.94,77,1.81B,21.27M,1.06M,0,5,0,-53.59,-51.27,0.83,-1.59,0.05
2026-07-30,NESTLE,7800,7821.88,7850,7751,10524.97,7000,354.72B,45.35M,4.53M,187,10,6.99,370.41,8.2,18.06,21.12,1.24
2026-07-30,NETSOL,120.5,120.23,120.96,119,164.59,87.66,10.8B,89.84M,26.95M,109.99K,30,0,32.29,21.96,0.86,3.72,0.09
2026-07-30,NML,145,144.61,146.33,144,208.4,120,50.84B,351.6M,158.22M,2.85M,45,1.38,33.41,5.75,0.3,4.33,1.52
2026-07-30,NONS,91,90.99,91.95,90,157.1,70.02,1.5B,16.52M,3.3M,30.39K,20,4.4,39.15,4.55,0.72,2.32,0.16
2026-07-30,NRL,431.97,435.13,438.5,430.99,477.45,226.1,34.8B,79.97M,26.31M,1.68M,32.91,0,108.68,2.33,0.59,4,0.01
2026-07-30,NRSL,33.42,34.05,34.2,32,39.25,20.6,4.81B,141.32M,42.4M,73.73K,30,0,2.09,2.61,1.32,16.27,1.42
2026-07-30,NSRM,273.85,253.15,273.85,247,362.31,84.01,3.94B,15.55M,777.66K,11.82K,5,0,6.79,4.51,2.46,37.3,0.23
2026-07-30,OCTOPUS,31.8,31.1,31.86,31.04,60.89,24.35,4.92B,158.22M,47.18M,133.5K,29.82,,,,,,
2026-07-30,OGDC,316.1,314,318,312,352,228,1.35T,4.3B,645.14M,2.69M,15,5.1,36.17,39.85,0.96,8.68,0.76
2026-07-30,OLPM,24.02,24.93,25.02,24.02,25.98,19,1.13B,45.38M,34.04M,8.8K,75,10.03,3.44,9.88,0.85,7.26,-1.81
2026-07-30,OML,159,164.28,169,141,187.24,25.8,1.97B,12M,1.2M,97.37K,10,,,,,,
2026-07-30,ORM,10.3,10.52,10.63,10.2,16.79,9.2,789M,75M,26.25M,41.22K,35,,,,,,
2026-07-30,OTSU,406.5,405.63,409,402.77,447.94,254.95,4.91B,12.1M,3.02M,17.58K,25,0,28.78,8.39,4.56,14.1,1.85
2026-07-30,PAEL,42,42.12,42.39,41.75,64.6,32.01,38.9B,923.65M,508.01M,4.84M,55,0,4.46,5.86,0.77,9.44,0.32
2026-07-30,PAKD,124,122.88,124,121.25,231.24,85.01,1.46B,11.86M,5.06M,4.45K,42.63,,,,,,
2026-07-30,PAKOXY,285.01,285,285.1,285,356.68,217.1,24.83B,87.12M,21.78M,2.42K,25,0,22.58,14.35,2,12.62,0.15
2026-07-30,PAKQATAR,20.76,20.57,20.95,20.1,29.4,15.24,4.75B,230.71M,80.75M,419.76K,35,,,,,,
2026-07-30,PIBTL,16.86,17.01,17.45,16.85,22.97,9.42,30.38B,1.79B,803.74M,14.05M,45,0,1.18,14.81,1.73,14.43,8.16
2026-07-30,PICT,54.5,53.25,55.55,52.9,61.5,23.65,5.81B,109.15M,21.83M,1.29M,20,0,-1.17,-1281.2,4.29,-45.37,2.23
2026-07-30,PIM,22.5,22.91,22.5,22.5,31.33,16.16,458.2M,20M,1M,1.56K,5,,,,,,
2026-07-30,PIOC,274,269.85,275.79,269,427.5,200.01,61.3B,227.15M,34.07M,405.29K,15,3.71,24.32,14.8,1.22,11.09,0.18
2026-07-30,PKGS,800,790.03,803.97,789,855,611.01,70.61B,89.38M,17.88M,3.71K,20,2.03,-9.43,-0.43,1.08,-83.77,-3.58
2026-07-30,PMRS,500.54,510.72,523,457,835,276.45,1.92B,3.75M,387.66K,2.34K,10.34,0,-300.03,-3.27,0.44,-1.7,-0.11
2026-07-30,POML,166.18,170,172,166.17,220,113.11,1.32B,7.76M,3.11M,3.49K,40,,,,,,
2026-07-30,POWER,20.31,19.94,20.99,19.68,24.26,13.75,25.73B,1.29B,452.11M,1.43M,35.03,0,2.24,8.78,1.09,8.9,0.15
2026-07-30,PPL,216.15,215.15,218.75,214,284.6,168,585.42B,2.72B,669.51M,3.17M,24.61,3.95,28.99,33.84,0.78,7.42,
2026-07-30,PPP,134,133,134,132,209,91,1.06B,8M,4M,2.93K,50,3.76,17.67,7.84,0.59,7.53,0.3
2026-07-30,PQGTL,14.38,14.25,14.45,14,19.8,10.25,1.44B,101.11M,40.44M,128.68K,40,,,,,,
2026-07-30,PREMA,33.5,33.56,34.7,33.4,56.38,23,7.34B,218.64M,65.59M,3.24M,30,0,2.73,9.01,1.21,12.27,0.27
2026-07-30,PRL,57,56.63,58.2,55.7,61,23.2,35.68B,630M,227.29M,21.86M,36.08,0,19.07,3.89,0.92,2.97,0.02
2026-07-30,PSEL,899.97,884.75,899.97,882.01,1635,799,28.78B,32.52M,30.82M,3.1K,94.76,0,5.58,1.22,0.64,158.54,5.46
2026-07-30,PSO,339.98,337.07,340.51,336,506.75,320.11,158.25B,469.47M,234.74M,1.68M,50,2.97,92.73,1.35,0.54,3.63,0.03
2026-07-30,PSYL,140,136.49,140,140,158,52.26,18.93B,138.7M,6.93M,561.25,5,0,3.38,3.07,3.77,40.34,1.05
2026-07-30,PTL,53,52.89,53.45,52.45,65.88,46.06,8.89B,168M,42M,150.21K,25,7.56,6.4,3.09,1.1,8.27,
2026-07-30,QTECH,47.6,46.03,47.8,45.11,57.8,23.1,5.6B,121.58M,30.39M,2.31M,25,,,,,,
2026-07-30,QUICE,33.44,33.22,33.9,32.81,46.06,7.51,3.27B,98.46M,68.92M,284.96K,70,,,,,,
2026-07-30,REDCO,29.17,32.34,32.85,29.17,40.4,14.9,1.59B,49.29M,2.46M,6.76K,5,,,,,,
2026-07-30,REWM,163.02,167.2,179,163.02,244.05,96.02,5.15B,30.81M,10.78M,1.74K,35,,,,,,
2026-07-30,RMPL,9419,9255.27,9419,9218.2,13565.64,8500,85.49B,9.24M,461.82K,78.4,5,5.12,715.93,9.02,2.74,12.93,3.23
2026-07-30,RPL,16.7,16.8,17.1,16.26,25.05,12,2.38B,141.9M,44.42M,349.5K,31.3,0,0.13,0.16,0.27,133.33,-35.44
2026-07-30,RUPL,31.38,31,31.38,29.5,42.79,23.11,1.06B,34.07M,10.22M,2.5K,30,0,-20.94,-21.91,0.19,-1.48,0.03
2026-07-30,SANSM,122.7,124.24,135,122.7,148.99,41,1.48B,11.95M,6.57M,3.28K,55,0,15.39,3.07,0.46,8.07,0.08
2026-07-30,SAPT,0,1465.95,0,0,1606,1164,31.8B,21.69M,2.17M,4,10,0.68,387.04,5.77,0.39,3.79,0.25
2026-07-30,SARC,99,97.32,99.85,97,120.32,46.68,583.92M,6M,2.7M,4.05K,45,,,,,,
2026-07-30,SASML,365,351.45,365,345.02,469.49,121.7,3.66B,10.43M,2.61M,1.01K,25,0.57,6.09,1.12,1.37,57.74,1.97
2026-07-30,SAZEW,1910,1918.31,1929,1905,2487,1300.2,115.95B,60.45M,21.16M,104.8K,35,3.65,303.75,12.89,3.26,6.32,0
2026-07-30,SCL,750,750.07,750,750,1125,290,2.93B,3.9M,195K,1,5,0,-53.91,-8.05,9.44,-13.91,1.05
2026-07-30,SEARL,89.1,89.68,90,89.01,137.44,76.37,52.75B,588.22M,294.11M,1.77M,50,0,2.04,6.01,1.53,44.04,178.84
2026-07-30,SEL,29.6,29.19,29.98,29,45.56,11.1,557.3M,19.09M,10.5M,11.82K,55,,,,,,
2026-07-30,SELECT,27.11,27.9,28.02,27.11,33.6,26.02,24.8B,888.89M,88.89M,2.79M,10,,,,,,
2026-07-30,SERT,52,48.92,52,48.1,84.49,19.17,674.49M,13.79M,2.07M,213K,15,,,,,,
2026-07-30,SGF,115.26,114.8,116.25,114.1,141.89,71.51,23.7B,206.47M,51.62M,45.02K,25,1.74,11.16,12.03,2.67,10.29,
2026-07-30,SGPL,73.98,76.17,77.5,71.9,129.07,7.2,1.36B,17.83M,16.05M,4.17M,90,,,,,,
2026-07-30,SHCM,53.7,54.06,60.79,53.7,96.58,30.52,953.45M,17.64M,1.76M,14.44K,10,,,,,,
2026-07-30,SHDT,54.7,54.75,57.5,53.01,74.81,36.46,1.25B,22.85M,8M,61.43K,35,,,,,,
2026-07-30,SHFA,518,522.36,532.92,518,615.28,424.13,33.02B,63.21M,28.45M,7.14K,45,0.96,41.05,8.72,1.99,12.72,0.26
2026-07-30,SHSML,370,371.69,379.99,369.99,549,326,7.85B,21.12M,7.39M,5.59K,35,5.38,41.33,4.41,0.61,8.99,0.81
2026-07-30,SIEM,1480,1509.75,1507,1480,1740,1335,12.45B,8.25M,412.35K,205.8,5,0,31.37,2.85,2.01,48.12,-2.51
2026-07-30,SINDM,23.74,23.73,23.74,23.1,41.25,12,1.07B,45M,4.5M,19.84K,10,,,,,,
2026-07-30,SITC,769.98,764.7,769.98,761,1060,555.32,16.39B,21.43M,6.43M,6.93K,30,1.44,65.36,4.3,0.82,11.7,0.7
2026-07-30,SLGL,15.47,15.65,15.9,15.47,26.5,13,6.6B,421.79M,126.54M,768.47K,30,,,,,,
2026-07-30,SLM,23.9,23.68,23.99,23.52,26.25,21.95,184.58B,7.79B,779.48M,2.37M,10,,,,,,
2026-07-30,SMCPL,42,41.21,42,41.5,57.3,23.55,1.03B,25M,7.5M,8.32K,30,,,,,,
2026-07-30,SNAI,37.05,36.23,37.9,36,43.9,25,723.33M,19.96M,6.99M,29.32K,35,0,6.54,5.84,1.01,5.54,-0.57
2026-07-30,SNGP,100.98,100.92,101.4,99.4,142.6,83.2,64.01B,634.22M,253.69M,1.3M,40,2.97,22.94,1.17,0.81,4.4,-0.78
2026-07-30,SPEL,46.5,47.73,48.5,46.12,83.5,32.91,9.53B,199.74M,39.95M,861.69K,20,2.51,6.37,13,1.42,7.49,0.17
2026-07-30,SPSL,16.75,16.52,16.85,16.4,23.45,16.15,27.75B,1.68B,335.98M,3.95M,20,,,,,,
2026-07-30,SRR,16.37,16.36,16.4,16.35,21,15.26,539.88M,33M,13.2M,40.59K,40,,,,,,
2026-07-30,SRVI,2064.6,2047.37,2070,2040,2464,1130,96.2B,46.99M,23.49M,4.62K,50,0.85,223.93,6.65,3.67,9.14,0.09
2026-07-30,SSGC,25.5,25.18,25.6,25.09,46.23,19.02,22.18B,880.92M,336.86M,8.03M,38.24,1.99,-2.87,-0.65,1.69,-8.79,88
2026-07-30,SSOM,456.14,455.71,464,454,843,351.1,2.58B,5.66M,1.4M,28.29K,24.69,,,,,,
2026-07-30,STCL,11.34,11.16,11.34,11.09,19.4,8.55,2.67B,239.32M,131.63M,140.52K,55,0,-4.03,-8,1.53,-2.77,0.13
2026-07-30,STJT,153.49,152,153.49,146.1,162,70,1.47B,9.66M,1.45M,807,15,3.62,27.72,4.42,0.59,5.48,0.5
2026-07-30,STL,37.75,37.92,38.34,37.15,2231.81,34.85,4.08B,107.62M,43.05M,345.6K,40,,,,,,
2026-07-30,STML,50,55.01,55.01,50,70.38,22.8,475.29M,8.64M,2.59M,29.7K,30,0,-6.99,-1.76,0.62,-7.87,0.53
2026-07-30,STYLERS,50,50.42,50.99,49.74,56.84,36,24.65B,488.83M,24.44M,14.33K,5,2.98,2.28,5.99,1.81,22.15,
2026-07-30,SURC,165,167,167,155.25,167,88,8.15B,48.81M,9.76M,77.29K,20,2.99,29.17,5.06,0.56,5.73,0.88
2026-07-30,SYM,12.05,12.05,12.2,11.76,17.04,9.01,3.44B,285.25M,156.89M,3.14M,55,,,,,,
2026-07-30,SYS,133,129.97,133,129.7,174.4,105.98,191.5B,1.47B,957.71M,1.45M,65,1.54,7.86,13.4,3.1,16.53,0.21
2026-07-30,SZTM,87.47,85.24,87.95,82.55,127.25,36,1.53B,17.97M,1.8M,101.4K,10,,,,,,
2026-07-30,TATM,131.62,129.15,132,128.01,284,82,7.23B,55.99M,11.2M,14.27K,20,,,,,,
2026-07-30,TCORP,22.99,22.93,23.2,22.25,31.87,15.62,1.52B,66.21M,23.17M,40.32K,35,0,0.85,0.7,0.4,26.89,-1.47
2026-07-30,TELE,8.32,8.31,8.42,8.25,14.09,6.22,2.81B,338.62M,326M,2.91M,96.27,0,0.51,1.67,0.64,16.37,0.66
2026-07-30,TGL,188.2,186.24,192.8,185.56,291.5,128,32.06B,172.17M,68.87M,137.92K,40,3.76,24.49,13.38,1.31,7.61,0.25
2026-07-30,THCCL,63.61,63.17,64.43,62.5,103.5,42.52,31.5B,498.59M,174.51M,4.34M,35,0,7.24,24.4,3.1,8.73,0.05
2026-07-30,TICL,981,1046.78,1090.99,981,1270,540.05,15.73B,15.02M,226.46K,4.97K,1.51,0.96,182.06,7.68,1.27,5.75,0.3
2026-07-30,TOMCL,36.8,36.53,36.98,36.22,75.85,28.3,7.17B,196.34M,107.99M,1.61M,55,0,1.84,2.74,1.09,19.86,2.13
2026-07-30,TOWL,121.56,120.98,123.99,120.55,195.95,92.5,2.06B,17M,3.4M,3.1K,20,,,,,,
2026-07-30,TPLRF1,9.99,9.93,10.12,9.7,18.39,7.5,18.22B,1.83B,1.38B,4.37M,75,,,,,,
2026-07-30,TREET,23.12,23.33,23.5,23,37,19.55,8.66B,371.03M,185.51M,2.67M,50,0,1.29,1.81,1.07,18.02,0.5
2026-07-30,TRSM,20.5,21.99,21.99,20.5,71.65,8,655.3M,29.8M,23.84M,4.14M,80,,,,,,
2026-07-30,UBDL,25.19,25.57,26.84,24.3,34.5,20.01,2.35B,91.8M,4.59M,68.38K,5,,,,,,
2026-07-30,UDLI,18.51,20.31,20.43,18.1,25.5,8.31,713.3M,35.12M,14.05M,2.48M,40,,,,,,
2026-07-30,UDPL,120.9,119.92,120.99,119.71,168.99,75.05,4.23B,35.27M,5.29M,3.82K,15,,,,,,
2026-07-30,UNITY,10,10.03,10.12,9.9,31.74,7.51,11.98B,1.19B,537.32M,2.25M,45,0,1.6,2.34,0.64,6.27,0.11
2026-07-30,UPFL,25301,25300.01,25399,25300.01,34500,22562.78,161.16B,6.37M,521.22K,26.4,8.18,5.76,1001.9,14.74,19.01,25.25,1.03
2026-07-30,WAFI,177,177.09,178.75,176.05,260,165,37.9B,214.02M,32.1M,36K,15,,,,,,
2026-07-30,WAHDAT,16.78,16.24,16.78,16.12,21.78,15.45,5.44B,335.22M,83.81M,632.9K,25,,,,,,
2026-07-30,WAHN,290,289.65,290,285,435,225.23,2.61B,9M,3.15M,3.11K,35,3.45,51.77,9.43,0.9,5.6,0.35
2026-07-30,WASL,5.9,6.92,6.92,5.81,6.92,5.81,1.11B,160.72M,96.43M,3.84M,60,,,,,,
2026-07-30,WAVES,10.7,10.81,11.02,10.3,16.95,8.02,3.04B,281.41M,196.98M,7.49M,70,0,1,5.91,0.31,10.76,-2.15
2026-07-30,ZAHID,77.92,82.57,82.57,75,111,32.69,15.81B,191.42M,5.94M,146.07K,3.11,0,7.93,3.96,0.72,10.41,0.68
2026-07-30,ZAL,39.49,39.32,39.8,39.12,79.5,23.11,10.32B,262.5M,65.62M,393.97K,25,,,,,,
2026-07-30,ZIL,373.99,363,373.99,355,722,300,2.22B,6.12M,306.13K,77.4,5,,,,,,
2026-07-30,ZTL,18,17.21,18.35,17.02,24.48,9.75,1.02B,59.43M,14.86M,176.51K,25,0,-0.82,-0.65,0.41,-21.03,2.91
2026-07-31,ABOT,920,917.23,922.8,915,1304,821,89.8B,97.9M,21.17M,9.64K,21.63,4.36,84.85,10.97,2.67,10.81,0.6
2026-07-31,ACPL,232.64,230.62,232.99,230,325.01,205,31.69B,137.43M,13.74M,98.98K,10,3.69,20.97,6.74,1.33,11,0.81
2026-07-31,ADAMS,64.94,63,64.94,62.25,90.98,57.25,1.09B,17.29M,3.46M,7.56K,20,6.35,9.29,1.54,0.21,6.78,-5.88
2026-07-31,AGIL,152,152.63,159.99,150,198,121.2,5.49B,36M,21.6M,14.92K,60,1.15,24.75,5.37,0.82,6.17,0.47
2026-07-31,AGP,192.4,190.93,193,190.3,258.67,163,53.46B,280M,84M,291.86K,30,4.19,13.41,13.14,3.28,14.24,0.25
2026-07-31,AGTL,374,371.56,377,370.01,497,288,21.54B,57.96M,3.67M,6.58K,6.34,0,35.36,8.63,1.92,10.51,1.28
2026-07-31,AHTM,100,95.51,100,93.52,134.15,60,809.12M,8.47M,1.27M,9.97K,15,1.57,12.65,2.07,0.34,7.55,-2.78
2026-07-31,AIRLINK,134,133.9,136.4,133.5,199,118,52.93B,395.27M,118.58M,1.04M,30,6.72,14.02,6.35,2.89,9.55,
2026-07-31,AKGL,49.5,54.32,54.5,49.5,68.25,48.01,543.2M,10M,1M,481.4,10,,,,,,
2026-07-31,ALNRS,125.51,122.22,132.69,116.6,144,82,2.5B,20.47M,4.09M,1.82K,20,3.27,13.88,1.67,0.35,8.8,3.75
2026-07-31,ANL,10,10,10.2,10,13.7,8.01,4.85B,485.41M,242.7M,261.58K,50,0,1.6,1.96,0.32,6.24,0.39
2026-07-31,ANTM,54.25,54.21,55.99,52.1,66.38,20.81,523.67M,9.66M,1.45M,9.63K,15,,,,,,
2026-07-31,ARCTM,38.9,37.52,39.7,36.1,46.98,24.14,494.32M,13.17M,2.7M,75.25K,20.52,,,,,,
2026-07-31,ARPL,414.8,415.11,419,414,507,325,14.35B,34.56M,8.64M,45.23K,25,7.23,38.21,4.75,2.96,10.86,5.17
2026-07-31,ASHT,34,32.5,34,32.3,70,13.64,1.51B,46.57M,2.33M,11.05K,5,,,,,,
2026-07-31,ASL,12.82,13.1,13.15,12.6,15.94,8.51,12.19B,930.78M,279.24M,1.01M,30,0,0.07,0.28,1.22,188.22,-13.54
2026-07-31,ASTM,38.38,38.38,38.38,38.38,41.94,12,582.49M,15.18M,2.28M,146.87K,15,,,,,,
2026-07-31,ATBA,203.99,202.67,209,200,303,169.02,7.1B,35.02M,8.75M,10.08K,25,0,2.24,0.23,0.9,90.62,435.77
2026-07-31,ATRL,972.11,968.1,984,964.01,1005,597.1,103.22B,106.62M,42.65M,860.71K,40,0.77,180.56,6.62,0.6,5.36,-0.01
2026-07-31,AVN,32,31.38,32.2,31.32,54.3,26.5,13.48B,429.67M,150.38M,331.21K,35,3.19,1.02,2.52,0.9,30.76,-11.55
2026-07-31,AWTX,1744.6,1586,1744.6,1744.6,1744.6,1270,1.27B,800K,4.5K,0,0.56,0,9.84,0.15,1.01,161.26,-19.84
2026-07-31,BAFS,580,576.89,599.98,560,629,123.75,5.45B,9.45M,472.5K,8.72K,5,0.35,60.89,8.1,2.66,9.48,0.07
2026-07-31,BATA,930,928.91,935,926,1750,875,7.02B,7.56M,1.79M,1.1K,23.67,0,-368,-15.26,2.33,-2.52,0.11
2026-07-31,BBFL,41.9,42.07,42.28,41.51,57.35,34,12.57B,298.91M,115.24M,199.14K,38.55,,,,,,
2026-07-31,BCL,74,72.05,74,71.5,128.4,56.02,826.6M,11.47M,6.31M,6.46K,55,0,-1.36,-1.1,2.6,-53.15,4.27
2026-07-31,BECO,5.13,5.3,5.48,5.08,73.6,3.9,6.62B,1.25B,437.37M,3.23M,35,,,,,,
2026-07-31,BERG,104.01,104.31,105.2,103.5,141,80.65,2.56B,24.55M,9.82M,156.01K,40,4.79,12.44,3.37,0.67,8.38,
2026-07-31,BFAGRO,33.6,33.87,34.19,33.01,49.25,29.03,10.5B,309.99M,77.5M,164.62K,25,,,,,,
2026-07-31,BFBIO,129.95,127.2,132.05,126,189.97,124,11.24B,88.33M,26.5M,129.74K,30,,,,,,
2026-07-31,BFMOD,21.56,21.79,22.69,21,38.84,10.11,163.76M,7.52M,2.63M,16.58K,35,,,,,,
2026-07-31,BHAT,827,830.44,869,822,1040,726.06,2.53B,3.04M,152.05K,1K,5,0,30.09,0.28,0.23,27.59,4.12
2026-07-31,BIFO,129.44,129.53,134,128.25,207.1,79.1,6.01B,46.38M,16.23M,374.44K,35,5.79,9.41,12.78,1.84,13.76,0.63
2026-07-31,BIPL,27.02,27,27.27,26.83,44.1,23.6,29.93B,1.11B,166.31M,347.96K,15,10.19,3.87,5.45,0.64,6.97,
2026-07-31,BLUEX,7.17,7.07,7.19,7.03,80.85,4.9,2.01B,284.28M,113.71M,1.54M,40,,,,,,
2026-07-31,BNL,6.44,6.4,6.48,6.36,170.73,6.01,4.28B,668.05M,434.23M,1.37M,65,0,0.67,5.69,1.46,9.59,0.58
2026-07-31,BNWM,67.45,67.5,68.93,66.16,87.5,50,641.67M,9.51M,4.75M,10.03K,50,0,-9.58,-7,0.19,-7.04,-0.31
2026-07-31,BPL,54,53.55,55.9,53.51,80.97,20.01,1.2B,22.49M,6.75M,73.7K,30,,,,,,
2026-07-31,BRRG,49,49,49.99,49,53.77,27.53,4.66B,95.01M,47.5M,3.58K,50,,,,,,
2026-07-31,BTL,998.99,952.78,999,998.99,1580,275.01,6.13B,6.43M,321.6K,8.75,5,0,-35.67,-0.77,0.81,-26.71,
2026-07-31,BUXL,187.2,195.43,210,187.2,274.4,133.02,281.42M,1.44M,576K,7.99K,40,0,-17.12,-4.42,1.73,-11.41,0.12
2026-07-31,BWHL,242,235.41,242,235,257.92,160,3.14B,13.33M,7.33M,21.49K,55,7.22,29.35,14.67,1.33,8.02,0.06
2026-07-31,CCM,51.5,52.12,53.98,50,68.88,34.4,1.18B,22.66M,10.2M,37.46K,45,0,2.96,-0.18,0.17,17.6,-0.88
2026-07-31,CEPB,28.95,28.42,28.95,28.26,46.7,24.59,11.42B,401.71M,120.51M,767.88K,30,0,-1.87,-1.96,0.87,-15.21,1.01
2026-07-31,CFL,56.57,58.35,64,56.57,94.01,45.1,724.58M,12.42M,3.73M,458.2,30,0,-49.59,-18.39,0.19,-1.18,0.03
2026-07-31,CHAS,89.99,88.47,91.97,88.02,160.49,56.01,2.54B,28.69M,4.3M,99.53K,15,0,-57.51,-5.08,0.25,-1.54,-0.13
2026-07-31,CHCC,310.7,316.63,321.82,310.7,390,225,61.52B,194.3M,116.58M,238.23K,60,1.74,37.91,19.73,1.64,8.35,0.31
2026-07-31,CLOV,8.37,8.29,8.53,8.25,88.64,6.59,3.23B,389.29M,214.11M,3.91M,55,0,0.61,4.44,4.43,13.57,-0.34
2026-07-31,CNERGY,10.67,10.74,10.92,10.55,11.48,5.87,59B,5.49B,1.37B,98.45M,25,0,2.78,4.49,0.26,3.86,0.06
2026-07-31,COLG,1222.16,1239.25,1242,1222.16,1330,1050,300.86B,242.77M,24.28M,4.35K,10,4.72,73.22,14.79,8.24,16.93,0.36
2026-07-31,CPHL,73.99,73.53,74.5,73.01,104.25,69.25,16.8B,228.46M,114.23M,272.55K,50,4.76,4.8,7.92,1.53,15.32,
2026-07-31,CPPL,102,101.95,108.95,101,125.5,64.79,5.01B,49.1M,29.46M,87.3K,60,2.94,1.5,0.52,0.58,67.99,-5.12
2026-07-31,CRTM,74.71,74.21,74.71,73.01,96.5,16.6,7.42B,100M,60M,4.87K,60,0,1.31,0.69,0.58,56.74,-7.76
2026-07-31,CSAP,107,107.7,113,105,143.5,78.25,8.36B,77.63M,34.93M,442.02K,45,6.96,5.08,4.79,0.93,21.18,2.93
2026-07-31,DAAG,78,76.58,78,76,120.25,52,306.32M,4M,970.7K,6.74K,24.27,,,,,,
2026-07-31,DADX,94.1,92.69,94.1,85,121.88,42.75,997.72M,10.76M,538.2K,397,5,0,-30.29,-37.21,3.85,-3.06,0.05
2026-07-31,DCL,11.05,10.98,11.19,10.82,16.31,6.61,5.97B,544.11M,190.44M,3.48M,35,0,-2.37,-4.8,0.24,-4.63,0.04
2026-07-31,DCR,37.87,37.86,37.97,37.65,41.8,28,84.19B,2.22B,555.92M,239.47K,25,6.81,2.31,78.71,1.11,16.38,
2026-07-31,DFSM,16.83,17.08,17.3,16.7,35.24,3.75,1.67B,97.75M,34.21M,1.21M,35,,,,,,
2026-07-31,DGKC,210,207.31,211.5,206.3,275.75,145.1,90.83B,438.12M,219.06M,6.98M,50,0.96,27.64,14.23,0.81,7.5,0.26
2026-07-31,DINT,72.99,67.25,73,68.11,96,41.36,3.53B,52.47M,7.87M,358,15,0,-3.91,-0.63,0.51,-17.19,-1.77
2026-07-31,DMC,188.99,188.4,188.99,188.99,351.9,43.05,575.07M,3.05M,915.73K,381.6,30,,,,,,
2026-07-31,DNCC,17.55,17.02,17.59,16.9,28.07,14,5.38B,316.36M,94.91M,88.29K,30,0,-0.39,-1.76,2.6,-43.31,-0.3
2026-07-31,DOL,29.97,29.9,30.4,29.52,41,25.36,5.23B,175.03M,52.51M,47.54K,30,13.38,2.55,8.79,1.75,11.74,-3.93
2026-07-31,DYNO,340.02,341,341,340,366.9,254.3,6.44B,18.87M,12.27M,1.96K,65,4.77,55.14,7.33,1.18,6.18,0.67
2026-07-31,ECOP,49.39,48.95,50.5,48.5,78.25,33.82,2.36B,48.26M,36.19M,74.17K,75,4.09,7.67,5.37,1.3,6.38,0.15
2026-07-31,EFERT,190.14,188.24,191.36,187.9,263.3,180.15,251.36B,1.34B,600.88M,1.2M,45,7.84,17.26,9.42,5.88,10.91,-1.57
2026-07-31,ELCM,211.01,215.88,229.9,211,343.44,124,280.64M,1.3M,260K,704.4,20,0,-24.15,-3.34,4.14,-8.94,0.15
2026-07-31,ELSM,155,165.71,170,155,170,99,1.81B,10.95M,3.29M,13.51K,30,2.41,3.97,0.28,0.42,41.7,-35.25
2026-07-31,EMCO,52,51.89,53,50,80.55,31.29,1.82B,35M,10.5M,5.78K,30,,,,,,
2026-07-31,ENGROH,275,274.16,275.99,272.25,302.5,206.8,330.15B,1.2B,903.17M,1.45M,75,0,53.18,10.18,,5.16,0.31
2026-07-31,EPCL,33.8,33.74,33.88,33.2,39.32,27.01,30.67B,908.92M,227.23M,1.28M,25,0,-2.97,-3.28,1.48,-11.35,1.04
2026-07-31,EPQL,26.11,26.13,26.29,25.75,34.98,22.3,8.46B,323.8M,161.9M,1.01M,50,44.97,1.86,5.05,0.74,14.03,-4.96
2026-07-31,EXIDE,485.8,490.24,534.56,482.29,845,365,3.81B,7.77M,1.94M,8.84K,25,1.02,55.53,2.2,0.51,8.83,
2026-07-31,FABL,100.01,100.36,101.68,99,106,69.33,152.32B,1.52B,531.19M,770.12K,35,6.48,15.03,11.4,1.34,6.68,
2026-07-31,FANM,8.35,9.08,9.08,8.11,10.83,4.25,209.75M,23.1M,11.55M,644.68K,50,,,,,,
2026-07-31,FASM,318,310.44,319,294,430,240.02,3.1B,10M,1M,794,10,0,-52.85,-1.19,0.29,-5.87,-1.51
2026-07-31,FATIMA,155.1,155.03,157.69,154.91,192.8,112,325.56B,2.1B,315M,412.69K,15,6.13,17.58,13.62,1.88,8.82,0.24
2026-07-31,FCCL,54.89,54.18,55.2,54,62.84,36.26,132.9B,2.45B,858.5M,8.47M,35,2.31,5.99,16.04,1.44,9.04,0.08
2026-07-31,FCEPL,103.19,104.39,105.4,102.05,118.01,63.86,80.02B,766.6M,76.66M,417.92K,10,3.35,4.51,3.23,4.25,23.15,0.66
2026-07-31,FCL,23.48,23.36,23.8,23.31,28.56,19.65,15.06B,644.58M,161.14M,856.27K,25,,,,,,
2026-07-31,FECM,19.63,18.07,19.63,17.85,57.06,11.75,204.91M,11.34M,8.51M,13.25K,75,,,,,,
2026-07-31,FECTC,106,105.87,107.99,105.11,195.75,72,5.31B,50.16M,12.54M,159.38K,25,1.89,14,5.6,1.05,7.56,-0.06
2026-07-31,FEM,12,11.94,12.49,11.7,17.7,4.93,626.13M,52.44M,36.71M,83.43K,70,,,,,,
2026-07-31,FEROZ,381.11,385.1,390,381.11,475,293.01,16.74B,43.47M,17.39M,23.36K,40,1.04,21.66,4.15,1.29,17.78,0.78
2026-07-31,FFC,566.99,565.38,571,564.89,685,425,813.59B,1.44B,791.46M,2.11M,55,6.81,59.83,16.49,2.98,9.45,0.14
2026-07-31,FFL,16.08,16.07,16.35,15.98,23.93,14,40.5B,2.52B,503.99M,2.9M,20,0,0.44,3.79,3.7,36.14,-0.11
2026-07-31,FFLM,15.45,15.09,15.75,14.99,27.23,4.4,398.58M,26.41M,17.17M,419.89K,65,,,,,,
2026-07-31,FHAM,33.98,33.63,33.98,33.55,39.49,25.52,3.73B,110.83M,94.21M,7.8K,85,6.69,7.53,17.05,0.61,4.47,0.11
2026-07-31,FIBLM,14,14.49,15.55,14,22.24,6.78,314.25M,21.69M,10.84M,554.87K,50,0,0.94,43.94,1.26,15.47,0.43
2026-07-31,FIMM,194.5,200,210,181.01,397.69,173.39,600M,3M,900K,38.6,30,,,,,,
2026-07-31,FLYNG,44,42.15,44.05,42.1,61,38.51,29.29B,694.8M,104.22M,31.61K,15,0,1.29,5.99,2.28,32.63,0.13
2026-07-31,FML,51.17,52.56,53.34,51.17,86,34.05,20.99B,399.41M,39.94M,45.16K,10,0,0.46,0.27,0.62,114.14,-23.52
2026-07-31,FPJM,10.88,11.05,11.58,10.45,14.99,4.23,375.92M,34.02M,13.61M,932.12K,40,0,-3.22,-38.72,-0.81,-3.43,0.46
2026-07-31,FPRM,12.7,12.61,13.3,12.5,16.99,9.08,173.87M,13.79M,6.2M,24.25K,45,,,,,,
2026-07-31,FRCL,98.95,100,101.39,95.1,118.45,39.02,3.79B,37.87M,1.89M,2.17K,5,,,,,,
2026-07-31,FRSM,44.9,43.49,44.9,43.49,63.48,34.22,1.72B,39.51M,11.85M,5K,30,0,10.05,3.35,0.78,4.33,0.01
2026-07-31,FTMM,15.81,16,16.48,15.81,23.75,11.14,3.13B,195.6M,9.78M,3.54K,5,9.38,0.5,2.47,1.12,32.28,-1.48
2026-07-31,FTSM,33.56,33.61,34.95,33.05,57,11.52,711.29M,21.16M,8.47M,68.79K,40,,,,,,
2026-07-31,FZCM,265,255.99,265,254.1,333.39,185.52,7.68B,30M,3M,1.84K,10,0,3.02,0.1,0.16,84.84,41.01
2026-07-31,GADT,279.97,275.26,279.97,275,505,215,7.72B,28.03M,8.41M,4.72K,30,0,43.77,1.72,0.31,6.29,0.53
2026-07-31,GAL,589,589.19,598,587,633,291,33.59B,57M,22.8M,776.59K,40,1.7,117.24,12.52,1.75,5.03,0
2026-07-31,GATI,83.1,83.27,85.3,82.11,147.89,62.55,9.05B,108.73M,16.31M,14.14K,15,0,-10.67,-4.01,0.76,-7.81,-5.55
2026-07-31,GATM,26.35,26.27,26.95,26.1,40.7,16.5,19.44B,740.06M,185.01M,365.09K,25,0,2.72,1.18,0.38,9.67,0.83
2026-07-31,GCIL,37.74,36.69,37.98,36.6,40.6,23.81,20.93B,570.45M,228.18M,10.82M,40,0,5.27,33.37,,6.97,
2026-07-31,GCWL,16.3,15.92,16.3,15.56,25.15,11.75,3.98B,250.14M,111.05M,811.79K,44.39,,,,,,
2026-07-31,GDL,17.47,17.37,17.54,17.3,33,16.9,7.46B,429.2M,107.3M,494.24K,25,,,,,,
2026-07-31,GEMBCEM,11.05,11.05,11.05,11.05,14.5,9.64,1.1B,100M,25M,750,25,,,,,,
2026-07-31,GEMMEL,27.2,27.2,27.2,27.19,39,19.1,5.28B,194.1M,19.41M,554,10,,,,,,
2026-07-31,GEMPACRA,37.99,35.75,37.99,37.99,49,22,2.66B,74.53M,7.45M,36K,10,,,,,,
2026-07-31,GEMPAPL,11,11,11,11,19,9,220M,20M,15M,8.38K,75,,,,,,
2026-07-31,GFIL,30.64,30.66,31,30.64,35.18,12.1,1B,32.64M,3.26M,14.39K,10,,,,,,
2026-07-31,GGGL,8.84,8.93,9.1,8.84,14.47,6.7,2.14B,240M,120M,310.03K,50,0,0.54,4.51,0.73,16.67,0.78
2026-07-31,GGL,24,22.91,24,22.7,31.31,14.1,8.11B,354.12M,177.06M,3.46M,50,0,9.78,31.53,1,2.34,0.05
2026-07-31,GHGL,39.08,38.67,39.43,38.38,52.25,27.78,38.66B,999.71M,349.9M,282.02K,35,5.17,6.21,13.11,0.95,6.23,0.25
2026-07-31,GHNI,1209,1201.53,1215,1198,1285.15,590,51.2B,42.61M,14.91M,257.3K,35,0.83,162.33,11.84,2.78,7.4,0.02
2026-07-31,GIL,0,1000,0,0,0,0,0,0,0,0,0,0.3,15.14,0.25,0,66.03,-14.54
2026-07-31,GLAXO,345.98,345.65,350.99,342,459.94,293.09,110.08B,318.47M,63.69M,141.41K,20,4.92,33,15.6,3.03,10.47,0.17
2026-07-31,GOC,195,199.52,200,195,235,77,1.47B,7.35M,1.1M,15.23K,15,0.5,4.14,6.12,2.04,48.15,1.73
2026-07-31,GTYR,32.49,32.16,32.79,32,48,22.26,3.92B,121.93M,48.77M,1.39M,40,0,-6.34,-4.84,0.61,-5.07,0.55
2026-07-31,GVGL,55.25,55,55.3,54.02,73.99,43.65,8.25B,149.94M,29.38M,2.54K,19.59,5.45,6.64,15.54,1.64,8.28,
2026-07-31,GWLC,49.49,49.21,49.85,48.51,77.96,38.75,19.7B,400.27M,40.03M,213.2K,10,3.05,6.74,12.64,0.72,7.3,0.49
2026-07-31,HAEL,27.8,26.97,28,26.36,37.96,14.91,350.51M,13M,1.95M,6.88K,15,,,,,,
2026-07-31,HAFL,481.01,518.42,539.99,475.02,629.5,283.58,622.1M,1.2M,42.48K,150.8,3.54,,,,,,
2026-07-31,HALEON,753.8,752.7,756.99,745,1010,655,88.11B,117.05M,15.74M,16.03K,13.44,3.99,55.96,15.35,6.05,13.45,0.19
2026-07-31,HCAR,243,241.29,247.9,240.35,318,147.5,34.46B,142.8M,28.56M,1.7M,20,3.73,22.64,2.64,1.35,10.66,32.55
2026-07-31,HINO,393,388.88,398,383,585,264.69,9.64B,24.8M,2.55M,10.22K,10.28,2.81,21.82,4.92,1.59,17.82,0.25
2026-07-31,HINOON,980,983.46,985,975.01,1241,755.56,52.11B,52.98M,21.19M,14.41K,40,5.08,75.63,14.32,3.52,13,0.3
2026-07-31,HPL,3990.55,4010.71,4015,3990.55,4889.99,2925.66,38.68B,9.64M,964.48K,348.4,10,5.98,317.04,9.84,4.34,12.65,0.28
2026-07-31,HRPL,21.09,21.1,21.36,20.75,37,16.51,844M,40M,8M,147.86K,20,0,-3.09,-5.61,1.14,-6.84,0.29
2026-07-31,HTL,40.29,39.88,40.39,39.8,66.5,31.01,5.55B,139.2M,34.8M,327.81K,25,0,3.83,1.49,0.85,10.43,0.99
2026-07-31,HUBC,217.8,217.12,219.36,216.51,249.99,145.2,281.64B,1.3B,972.87M,2.77M,75,11.51,34.65,63.41,1.24,6.27,-4.97
2026-07-31,IBFL,309.99,307.03,309.99,285,397.32,176.55,95.33B,310.51M,15.53M,282.6,5,0,-1.49,-0.44,1.66,-205.67,-18.88
2026-07-31,IBLHL,49.5,48.96,49.5,48.3,85.82,36,4.82B,98.53M,24.63M,121.29K,25,0,2.44,5.36,1.94,20.07,5.09
2026-07-31,ICCI,13.68,13.63,13.99,13.56,17.91,8.61,408.92M,30M,4.5M,11.82K,15,,,,,,
2026-07-31,ICL,138.97,138.13,139.18,136,176,85.1,13.81B,100M,45M,77.27K,45,2.17,13.74,4.34,1.26,10.06,0.39
2026-07-31,IDEAL,45.5,42.07,45.5,42,87.7,15.75,417.33M,9.92M,1.49M,2.36K,15,,,,,,
2026-07-31,IDRT,37,37.1,37.74,37,68.08,19.31,736.54M,19.85M,1.99M,23.8K,10,,,,,,
2026-07-31,ILP,103.75,104.82,105.85,102.36,110.5,67.4,146.93B,1.4B,280.34M,843.24K,20,2.86,8.3,6.45,2.41,12.63,0.2
2026-07-31,IMAGE,27.25,27.2,27.82,26.53,32.46,19,6.27B,230.37M,149.74M,743.88K,65,7.35,3.49,17.93,1.29,7.78,
2026-07-31,INIL,161.51,156.61,161.9,156,249,127.3,20.65B,131.88M,59.35M,186.29K,45,3.83,14.32,1.72,0.64,10.94,-3.55
2026-07-31,INKL,92.06,95.23,97.97,92.05,126,30.15,921.35M,9.68M,3.87M,56.61K,40,,,,,,
2026-07-31,IPAK,36,37.31,37.5,36,38,21.02,27.43B,735.21M,220.56M,274.89K,30,1.53,3.81,7.22,2.14,9.8,
2026-07-31,IREIT,8.09,8.06,8.09,7.96,13.05,7.26,2.22B,275.86M,96.55M,172.11K,35,,,,,,
2026-07-31,ISIL,1927,1931.13,1927,1927,2370,1725.01,128.14B,66.36M,3.32M,20.2,5,0.26,62.5,3.31,4.63,30.9,0.47
2026-07-31,ISL,85.74,84.89,85.75,83.8,135,65.45,36.93B,435M,152.25M,337.32K,35,5.3,6.93,3.59,1.44,12.24,-2.94
2026-07-31,ITANZ,47.99,48.76,49.5,47.31,49.94,46.92,5.78B,118.6M,48.52M,9.08M,40.91,,,,,,
2026-07-31,ITTEFAQ,8.85,8.76,8.89,8.72,12.64,5.75,1.26B,144.34M,93.82M,884.25K,65,0,-3.91,-27.88,0.43,-2.24,
2026-07-31,JATM,38.75,38.75,38.75,37.7,49.08,14.61,488.3M,12.6M,1.89M,32.36K,15,,,,,,
2026-07-31,JDMT,190,179.23,199.89,175,199.89,60.1,1.24B,6.92M,2.07M,432.09K,30,,,,,,
2026-07-31,JDWS,905.51,907.53,914.99,905.51,1019.98,780,52.43B,57.78M,8.67M,3.82K,15,5.51,172.77,7.74,1.35,5.25,0.13
2026-07-31,JSML,58.8,58.43,59.49,57.5,147.5,43.65,1.99B,34.13M,13.65M,30.15K,40,0,5.89,1.94,0.21,9.91,0.31
2026-07-31,JVDC,145.3,143.13,146.5,142.33,163.9,65.15,54.51B,380.86M,190.43M,484.96K,50,3.49,10.67,38.34,1.97,13.42,-0.01
2026-07-31,KCL,155,145,155,136,195.69,115.02,2.11B,14.55M,10.91M,199.5,75,,,,,,
2026-07-31,KEL,7.25,7.18,7.29,7.12,9.58,4.91,198.28B,27.62B,2.76B,23.15M,10,0,0.42,2.19,1.72,17.22,
2026-07-31,KHYT,2077.46,2002.81,2077.46,1975.1,2689,1131.01,2.46B,1.23M,20.67K,278.6,1.68,,,,,,
2026-07-31,KOHC,93,96.63,97.5,93,567.99,74,88.83B,919.31M,229.83M,504.27K,25,0,10.62,25.96,1.6,9.1,0.31
2026-07-31,KOHE,15.3,15.07,15.4,15.05,23.49,12.33,2.55B,169.46M,67.78M,98.33K,40,0,3.94,15.83,0.57,3.82,-0.37
2026-07-31,KOHTM,126.29,123.85,129,121.8,210,40,2.58B,20.8M,6.24M,153.16K,30,1.61,14.85,3.65,0.53,8.34,0.21
2026-07-31,KPUS,1135,1146,1199.99,1115,2849.99,115.11,18.36B,16.02M,800.88K,25.04K,5,0,5.5,1.09,4.62,208.37,6.69
2026-07-31,KSBP,242,238.77,245,238,263.98,155.2,7.38B,30.9M,8.37M,167.6K,27.08,0.42,7.14,3.26,1.73,33.44,3.49
2026-07-31,KTML,43.01,44.64,45.78,42.99,305,37.02,60.11B,1.35B,269.3M,907.51K,20,0.9,7.94,8.01,0.74,5.62,0.17
2026-07-31,LCI,225.5,227.09,227.5,225,384.95,201.17,104.87B,461.8M,92.36M,42.57K,20,5.04,20.25,8.25,1.87,11.22,0.53
2026-07-31,LEUL,48.7,43.86,48.7,43.7,72.68,25.76,263.16M,6M,1.8M,28.81K,30,,,,,,
2026-07-31,LIVEN,35.5,35.18,35.62,35.01,74.4,27.82,3.98B,113.04M,11.3M,43.56K,10,,,,,,
2026-07-31,LOADS,13.3,13.33,13.65,13.2,22.6,10.93,4.95B,371.25M,185.62M,702.75K,50,0,1.07,4.28,0.95,12.49,-0.01
2026-07-31,LOTCHEM,27.26,26.97,27.43,26.9,34.3,18.41,40.84B,1.51B,378.55M,4.4M,25,24.1,3.09,5.49,2.01,8.72,-3.56
2026-07-31,LPGL,91.88,91.49,93.75,90.25,124.48,63.01,686.17M,7.5M,1.88M,2.58K,25,,,,,,
2026-07-31,LUCK,441.11,440.91,445.25,440,529.5,339,645.93B,1.47B,439.5M,2.46M,30,0.91,56.88,16.86,1.6,7.75,0.15
2026-07-31,MACFL,68.9,67.8,68.9,67.6,86.98,19.52,4.02B,59.3M,23.72M,55.65K,40,0.74,2.13,1.96,1.73,31.8,7.61
2026-07-31,MACTER,278.01,278.64,282,276.27,443.5,255.1,12.76B,45.81M,18.32M,7.38K,40,1.36,17.8,6.82,3.16,15.65,0.29
2026-07-31,MARI,648,646.4,652.5,645.1,795,544.56,776.08B,1.2B,240.12M,439.43K,20,4.64,57.11,37.45,2.72,11.32,0.49
2026-07-31,MEBL,565,560.92,565,557,582,358.02,1.01T,1.8B,450.14M,1.29M,25,5.08,50.58,19.77,3.55,11.09,
2026-07-31,MEHT,199.95,194.46,199.95,193.12,389,180,5.83B,30M,19.5M,8.51K,65,0,39.74,1.87,0.3,4.89,0.12
2026-07-31,MERIT,10.15,9.86,10.24,9.86,14.69,7.1,1.97B,199.96M,39.99M,70K,20,0,-1.75,-10.52,0.84,-5.64,0.01
2026-07-31,MFFL,180,177.56,184.4,177.16,237,139.66,4.06B,22.88M,3.85M,35.42K,16.82,,,,,,
2026-07-31,MFL,41.07,41.4,42.99,41.07,85.73,37.56,5.07B,122.4M,42.84M,200.16K,35,0,4.13,1.98,0.47,10.01,0.21
2026-07-31,MIRKS,32.7,32.49,32.7,32,44.5,22.28,2.16B,66.56M,29.95M,85.5K,45,0,0.03,0.01,0.9,1185.77,17.22
2026-07-31,MLCF,96.75,94.87,98.15,94.5,132.99,71,99.38B,1.05B,471.4M,19.17M,45,0,10.74,15.15,1.32,8.83,0.21
2026-07-31,MQTM,30,30.12,30.99,29.06,49,17.97,555.17M,18.43M,4.61M,238.27K,25,0,-79.43,-17.35,1.75,-0.38,0.01
2026-07-31,MRNS,63,62.25,64.95,62,94.01,52.32,4.66B,74.93M,26.22M,62.42K,35,10.44,22.15,14.35,1,2.81,
2026-07-31,MSCL,24.9,23.25,24.9,23,46.53,12.05,720.23M,30.98M,7.74M,176.72K,25,,,,,,
2026-07-31,MTL,298.83,299.66,304,298.01,636.99,279,119.57B,399.03M,179.56M,280.02K,45,5.84,18.49,12.64,15.46,16.21,0.93
2026-07-31,MUGHAL,82,80.97,82,80.52,113.99,59,27.18B,335.63M,117.47M,743.2K,35,0,6.37,2.8,0.9,12.71,0.87
2026-07-31,MWMP,62.84,60.03,63,59,170.95,32,1.73B,28.75M,7.19M,26.91K,25,,,,,,
2026-07-31,NATM,77,85.16,77,77,92.94,77,1.81B,21.27M,1.06M,0,5,0,-53.59,-51.27,0.83,-1.59,0.05
2026-07-31,NESTLE,7848.5,7913.37,7998.9,7800,10524.97,7000,358.87B,45.35M,4.53M,208.6,10,6.91,370.41,8.2,18.27,21.36,1.24
2026-07-31,NETSOL,121,120.95,121.8,120.02,164.59,87.66,10.87B,89.84M,26.95M,96.68K,30,0,32.29,21.96,0.86,3.75,0.09
2026-07-31,NML,146.55,146.1,148.02,145.13,208.4,120,51.37B,351.6M,158.22M,2.77M,45,1.37,33.41,5.75,0.3,4.37,1.52
2026-07-31,NONS,90,90,93,89.01,157.1,70.02,1.49B,16.52M,3.3M,30.31K,20,4.44,39.15,4.55,0.71,2.3,0.16
2026-07-31,NRL,439.84,437.5,443.9,435.7,477.45,227.01,34.99B,79.97M,26.31M,1.67M,32.91,0,108.68,2.33,0.59,4.03,0.01
2026-07-31,NRSL,34.14,34,34.5,34,39.25,20.6,4.8B,141.32M,42.4M,104.54K,30,0,2.09,2.61,1.32,16.25,1.45
2026-07-31,NSRM,272.5,255.51,272.5,250,362.31,84.01,3.97B,15.55M,777.66K,12.03K,5,0,6.79,4.51,2.48,37.65,0.23
2026-07-31,OCTOPUS,31.84,31.06,31.84,31,60.89,24.35,4.91B,158.22M,47.18M,121.24K,29.82,,,,,,
2026-07-31,OGDC,316.1,314.04,316.85,313.5,352,231.01,1.35T,4.3B,645.14M,2.38M,15,5.09,36.17,39.85,0.96,8.68,0.76
2026-07-31,OLPM,25,24.98,25.9,23.1,25.98,19,1.13B,45.38M,34.04M,2.2K,75,10.01,3.44,9.88,0.85,7.27,-1.69
2026-07-31,OML,164.28,148.54,169.36,147.85,187.24,25.8,1.78B,12M,1.2M,164.79K,10,,,,,,
2026-07-31,ORM,10.5,11.22,11.57,10.35,16.79,9.2,841.5M,75M,26.25M,183.46K,35,,,,,,
2026-07-31,OTSU,415.88,413.21,417,401.2,447.94,254.95,5B,12.1M,3.02M,10.35K,25,0,28.78,8.39,4.65,14.36,1.89
2026-07-31,PAEL,42.77,42.27,42.95,42.06,64.6,32.01,39.04B,923.65M,508.01M,4.49M,55,0,4.46,5.86,0.78,9.47,0.33
2026-07-31,PAKD,123.99,122.46,124,119,231.24,85.01,1.45B,11.86M,5.06M,4.04K,42.63,,,,,,
2026-07-31,PAKOXY,286,286.01,288.22,285.5,356.68,217.1,24.92B,87.12M,21.78M,2.24K,25,0,22.58,14.35,2.01,12.66,0.15
2026-07-31,PAKQATAR,20.85,20.75,21,20.2,29.4,15.24,4.79B,230.71M,80.75M,426.4K,35,,,,,,
2026-07-31,PIBTL,17.2,17.04,17.44,16.9,22.97,9.7,30.44B,1.79B,803.74M,17.01M,45,0,1.18,14.81,1.73,14.45,8.06
2026-07-31,PICT,53.5,55.39,57.85,53.5,61.5,23.65,6.05B,109.15M,21.83M,1.42M,20,0,-1.17,-1281.2,4.46,-47.19,2.23
2026-07-31,PIM,22.01,22.83,22.83,21,31.33,16.16,456.6M,20M,1M,2.16K,5,,,,,,
2026-07-31,PIOC,271,269.45,274.6,268,427.5,200.01,61.21B,227.15M,34.07M,386.93K,15,3.71,24.32,14.8,1.21,11.08,0.17
2026-07-31,PKGS,790,810.16,823.99,776.1,855,611.01,72.41B,89.38M,17.88M,3.68K,20,1.97,-9.43,-0.43,1.1,-85.91,-3.47
2026-07-31,PMRS,518,499.04,518,480.01,835,276.45,1.87B,3.75M,387.66K,2.39K,10.34,0,-300.03,-3.27,0.43,-1.66,-0.11
2026-07-31,POML,166.79,172.01,172.95,166.78,220,113.11,1.34B,7.76M,3.11M,2.52K,40,,,,,,
2026-07-31,POWER,20,20.19,20.3,19.81,24.26,13.75,26.06B,1.29B,452.11M,1.45M,35.03,0,2.24,8.78,1.1,9.01,0.14
2026-07-31,PPL,217,216.21,217.93,215.65,284.6,168,588.3B,2.72B,669.51M,2.86M,24.61,3.93,28.99,33.84,0.79,7.46,
2026-07-31,PPP,134.9,133.48,134.9,132,209,91,1.07B,8M,4M,2.72K,50,3.75,17.67,7.84,0.59,7.55,0.3
2026-07-31,PQGTL,14.37,14.38,14.5,14.07,19.8,10.25,1.45B,101.11M,40.44M,144.93K,40,,,,,,
2026-07-31,PREMA,33.6,33.09,34,32.9,56.38,23,7.23B,218.64M,65.59M,3.27M,30,0,2.73,9.01,1.19,12.1,0.27
2026-07-31,PRL,57,60.14,61,57,61,23.2,37.89B,630M,227.29M,21.31M,36.08,0,19.07,3.89,0.98,3.15,0.02
2026-07-31,PSEL,873,889.91,905,870.07,1635,799,28.94B,32.52M,30.82M,3.12K,94.76,0,5.58,1.22,0.64,159.47,5.35
2026-07-31,PSO,339,337.35,340.65,336,506.75,320.11,158.38B,469.47M,234.74M,1.72M,50,2.96,92.73,1.35,0.54,3.64,0.03
2026-07-31,PSYL,137,136.49,139,131.01,158,52.26,18.93B,138.7M,6.93M,402.5,5,0,3.38,3.07,3.77,40.34,1.05
2026-07-31,PTL,53.4,53.62,53.8,52.6,65.88,46.06,9.01B,168M,42M,192.53K,25,7.46,6.4,3.09,1.11,8.38,
2026-07-31,QTECH,46.2,47.37,48.5,46.2,57.8,23.1,5.76B,121.58M,30.39M,1.84M,25,,,,,,
2026-07-31,QUICE,33.43,33.81,34.5,33.3,46.06,7.51,3.33B,98.46M,68.92M,270.23K,70,,,,,,
2026-07-31,REDCO,32.5,31.5,32.5,31.28,40.4,14.9,1.55B,49.29M,2.46M,8.18K,5,,,,,,
2026-07-31,REWM,167.21,167.2,177.99,167.21,244.05,96.02,5.15B,30.81M,10.78M,1.49K,35,,,,,,
2026-07-31,RMPL,0,9255.27,0,0,13565.64,8500,85.49B,9.24M,461.82K,66.8,5,5.12,715.93,9.02,2.74,12.93,3.23
2026-07-31,RPL,16.99,16.54,16.99,16.42,25.05,12,2.35B,141.9M,44.42M,379.01K,31.3,0,0.13,0.16,0.27,131.27,-35.98
2026-07-31,RUPL,31,30,31,30,42.79,23.11,1.02B,34.07M,10.22M,2.76K,30,0,-20.94,-21.91,0.18,-1.43,0.03
2026-07-31,SANSM,125,124.96,130,123.03,148.99,41,1.49B,11.95M,6.57M,3.49K,55,0,15.39,3.07,0.47,8.12,0.07
2026-07-31,SAPT,1405.01,1428.13,1505,1405.01,1606,1405.01,30.98B,21.69M,2.17M,59.33,10,0.7,387.04,5.77,0.38,3.69,0.25
2026-07-31,SARC,99,99.78,102.5,90.5,120.32,46.68,598.68M,6M,2.7M,3.9K,45,,,,,,
2026-07-31,SASML,345,357.55,386.6,345,469.49,146.32,3.73B,10.43M,2.61M,743,25,0.56,6.09,1.12,1.39,58.75,2.16
2026-07-31,SAZEW,1919.98,1917.86,1935,1913,2487,1300.2,115.93B,60.45M,21.16M,94.71K,35,3.65,303.75,12.89,3.26,6.31,0
2026-07-31,SCL,750,750.07,750,750,1125,290,2.93B,3.9M,195K,0,5,0,-53.91,-8.05,9.44,-13.91,1.05
2026-07-31,SEARL,90.07,89.79,91.19,89.61,137.44,76.37,52.82B,588.22M,294.11M,1.83M,50,0,2.04,6.01,1.54,44.1,181.35
2026-07-31,SEL,29.1,29.11,29.63,29.05,45.56,11.1,555.77M,19.09M,10.5M,7.92K,55,,,,,,
2026-07-31,SELECT,27.9,28.01,28.45,27.75,33.6,26.02,24.9B,888.89M,88.89M,2.84M,10,,,,,,
2026-07-31,SERT,48.92,47.46,49.7,47,84.49,19.17,654.36M,13.79M,2.07M,210.27K,15,,,,,,
2026-07-31,SGF,114.51,114.75,115.98,114.07,141.89,71.51,23.69B,206.47M,51.62M,48.78K,25,1.74,11.16,12.03,2.67,10.28,
2026-07-31,SGPL,77.5,73.45,77.5,73,129.07,7.2,1.31B,17.83M,16.05M,2.84M,90,,,,,,
2026-07-31,SHCM,54.1,52.5,54.1,51.3,96.58,30.52,925.93M,17.64M,1.76M,7.83K,10,,,,,,
2026-07-31,SHDT,55,54.21,55.99,53.62,74.81,36.46,1.24B,22.85M,8M,64.4K,35,,,,,,
2026-07-31,SHFA,523,520.84,525.51,511,615.28,424.13,32.92B,63.21M,28.45M,7.27K,45,0.96,41.05,8.72,1.99,12.69,0.26
2026-07-31,SHSML,371.69,380,387,371.68,549,326,8.03B,21.12M,7.39M,6.95K,35,5.26,41.33,4.41,0.63,9.19,0.82
2026-07-31,SIEM,1515,1512,1515,1502.01,1740,1335,12.47B,8.25M,412.35K,204.2,5,0,31.37,2.85,2.01,48.19,-2.51
2026-07-31,SINDM,23.75,24.02,24.25,23.7,41.25,12,1.08B,45M,4.5M,17.99K,10,,,,,,
2026-07-31,SITC,769.98,791.26,829.98,750.02,1060,555.32,16.96B,21.43M,6.43M,6.35K,30,1.39,65.36,4.3,0.85,12.11,0.71
2026-07-31,SLGL,15.8,15.37,16,15.2,26.5,13,6.48B,421.79M,126.54M,906.67K,30,,,,,,
2026-07-31,SLM,23.7,24.13,24.29,23.7,26.25,21.95,188.09B,7.79B,779.48M,2.16M,10,,,,,,
2026-07-31,SMCPL,42.75,41.59,42.94,41.12,57.3,23.99,1.04B,25M,7.5M,8.84K,30,,,,,,
2026-07-31,SNAI,38.49,36.99,38.5,36.23,43.9,25,738.51M,19.96M,6.99M,29.16K,35,0,6.54,5.84,1.03,5.65,-0.59
2026-07-31,SNGP,102.4,102.89,104.4,100.89,142.6,83.2,65.25B,634.22M,253.69M,1.13M,40,2.92,22.94,1.17,0.83,4.48,-0.79
2026-07-31,SPEL,48,47.16,49.05,46.8,83.5,32.91,9.42B,199.74M,39.95M,928.58K,20,2.54,6.37,13,1.4,7.4,0.17
2026-07-31,SPSL,16.6,16.61,16.78,16.55,23.45,16.15,27.9B,1.68B,335.98M,3.56M,20,,,,,,
2026-07-31,SRR,16.3,16.39,16.49,16.3,21,15.26,540.87M,33M,13.2M,44.67K,40,,,,,,
2026-07-31,SRVI,2061,2056.71,2097.89,2045,2464,1130,96.64B,46.99M,23.49M,5.05K,50,0.85,223.93,6.65,3.69,9.18,0.09
2026-07-31,SSGC,25.38,25.28,25.7,25.12,46.23,19.02,22.27B,880.92M,336.86M,6.92M,38.24,1.98,-2.87,-0.65,1.69,-8.82,88
2026-07-31,SSOM,456.05,456.92,464,456.02,843,351.1,2.59B,5.66M,1.4M,27.95K,24.69,,,,,,
2026-07-31,STCL,11.07,10.95,11.3,10.8,19.4,8.55,2.62B,239.32M,131.63M,308.66K,55,0,-4.03,-8,1.5,-2.72,0.13
2026-07-31,STJT,146,154.08,162,146,162,70,1.49B,9.66M,1.45M,997,15,3.57,27.72,4.42,0.6,5.56,0.48
2026-07-31,STL,37.98,38.33,38.94,37.51,2231.81,34.85,4.13B,107.62M,43.05M,280.49K,40,,,,,,
2026-07-31,STML,57,52.07,57,51.5,70.38,22.8,449.88M,8.64M,2.59M,20.39K,30,0,-6.99,-1.76,0.59,-7.44,0.6
2026-07-31,STYLERS,51.35,50.2,51.35,50,56.84,36,24.54B,488.83M,24.44M,21.09K,5,2.99,2.28,5.99,1.8,22.05,
2026-07-31,SURC,172,158.14,181,154.5,181,88,7.72B,48.81M,9.76M,132.47K,20,3.16,29.17,5.06,0.53,5.42,1
2026-07-31,SYM,12.1,11.92,12.38,11.86,17.04,9.01,3.4B,285.25M,156.89M,3.24M,55,,,,,,
2026-07-31,SYS,130.06,130.45,132.25,130,174.4,105.98,192.21B,1.47B,957.71M,1.38M,65,1.53,7.86,13.4,3.11,16.59,0.21
2026-07-31,SZTM,88.7,87.61,88.7,85,127.25,36,1.57B,17.97M,1.8M,99.66K,10,,,,,,
2026-07-31,TATM,129.15,130.7,131.7,129.15,284,82,7.32B,55.99M,11.2M,18.88K,20,,,,,,
2026-07-31,TCORP,22.95,22.81,23.48,22.11,31.87,15.62,1.51B,66.21M,23.17M,29.28K,35,0,0.85,0.7,0.4,26.75,-1.5
2026-07-31,TELE,8.31,8.25,8.56,8.24,14.09,6.22,2.79B,338.62M,326M,3M,96.27,0,0.51,1.67,0.63,16.25,0.67
2026-07-31,TGL,187.99,188.67,190.5,186.27,291.5,128,32.48B,172.17M,68.87M,108.62K,40,3.71,24.49,13.38,1.33,7.71,0.25
2026-07-31,THCCL,64.4,63.68,64.8,63.3,103.5,42.52,31.75B,498.59M,174.51M,4.14M,35,0,7.24,24.4,3.12,8.8,0.05
2026-07-31,TICL,1045,1151.46,1151.46,1045,1270,540.05,17.3B,15.02M,226.46K,6.8K,1.51,0.87,182.06,7.68,1.4,6.32,0.32
2026-07-31,TOMCL,36.8,35.88,37.3,35.7,75.85,28.3,7.04B,196.34M,107.99M,1.79M,55,0,1.84,2.74,1.07,19.5,2.13
2026-07-31,TOWL,122,121.01,124.88,120.35,195.95,92.5,2.06B,17M,3.4M,3.08K,20,,,,,,
2026-07-31,TPLRF1,9.97,9.87,10,9.3,18.39,7.5,18.11B,1.83B,1.38B,3.96M,75,,,,,,
2026-07-31,TREET,23.69,23.05,23.69,22.96,37,19.55,8.55B,371.03M,185.51M,2.44M,50,0,1.29,1.81,1.05,17.8,0.51
2026-07-31,TRSM,23.98,24.19,24.19,23.5,71.65,8,720.86M,29.8M,23.84M,4.41M,80,,,,,,
2026-07-31,UBDL,25.79,27.26,27.5,24.8,34.5,20.01,2.5B,91.8M,4.59M,95.64K,5,,,,,,
2026-07-31,UDLI,19.6,19.47,20.6,19.3,25.5,8.31,683.8M,35.12M,14.05M,2.06M,40,,,,,,
2026-07-31,UDPL,117.05,121.81,123.94,117.05,168.99,75.05,4.3B,35.27M,5.29M,2.61K,15,,,,,,
2026-07-31,UNITY,10.04,9.96,10.2,9.91,31.74,7.51,11.89B,1.19B,537.32M,2.21M,45,0,1.6,2.34,0.64,6.23,0.11
2026-07-31,UPFL,25250,25250,25400,25225.02,34500,22562.78,160.84B,6.37M,521.22K,24.4,8.18,5.77,1001.9,14.74,18.98,25.2,1.02
2026-07-31,WAFI,178.4,175.04,178.5,174.84,260,165,37.46B,214.02M,32.1M,29.07K,15,,,,,,
2026-07-31,WAHDAT,16.24,16.26,16.6,16.1,21.78,15.45,5.45B,335.22M,83.81M,622.35K,25,,,,,,
2026-07-31,WAHN,290,286.45,290,285.2,435,225.23,2.58B,9M,3.15M,2.51K,35,3.49,51.77,9.43,0.89,5.53,0.35
2026-07-31,WASL,7.21,7.92,7.92,7.13,7.92,4.31,1.27B,160.72M,96.43M,13.35M,60,,,,,,
2026-07-31,WAVES,10.9,10.67,10.98,10.53,16.95,8.02,3B,281.41M,196.98M,7.08M,70,0,1,5.91,0.3,10.62,-2.2
2026-07-31,ZAHID,80,77.7,85,76.61,102.51,32.69,14.87B,191.42M,5.94M,218.9K,3.11,0,7.93,3.96,0.68,9.79,0.74
2026-07-31,ZAL,39.5,39.35,40.38,39.2,79.5,23.11,10.33B,262.5M,65.62M,377.16K,25,,,,,,
2026-07-31,ZIL,360,355.05,373,341.12,722,300,2.17B,6.12M,306.13K,82,5,,,,,,
2026-07-31,ZTL,17.49,17.31,17.5,16.75,24.48,9.75,1.03B,59.43M,14.86M,177.39K,25,0,-0.82,-0.65,0.41,-21.16,2.81
2026-08-03,ABOT,920,927.48,931,918,1304,821,90.8B,97.9M,21.17M,8.94K,21.63,4.31,84.85,10.97,2.7,10.93,0.6
2026-08-03,ACPL,235,233.92,235.3,231.8,325.01,205,32.15B,137.43M,13.74M,83.13K,10,3.63,20.97,6.74,1.35,11.15,0.81
2026-08-03,ADAMS,64.89,64.81,65,63.01,90.98,57.25,1.12B,17.29M,3.46M,5.31K,20,6.17,-5.93,-1.01,0.18,-10.93,1.02
2026-08-03,AGIL,150.05,152.92,155,149.51,198,121.2,5.51B,36M,21.6M,12.9K,60,1.14,24.75,5.37,0.82,6.18,0.47
2026-08-03,AGP,194,191.14,194,190.41,258.67,163,53.52B,280M,84M,165.14K,30,4.19,13.41,13.14,3.28,14.25,0.26
2026-08-03,AGTL,374.49,371.12,376.49,371.01,497,288,21.51B,57.96M,3.67M,7.03K,6.34,0,35.36,8.63,1.92,10.49,1.27
2026-08-03,AHTM,103,98.1,103,98,134.15,60,831.06M,8.47M,1.27M,3.82K,15,1.53,12.65,2.07,0.35,7.75,-2.86
2026-08-03,AIRLINK,136.11,135.83,137,135.3,199,118,53.69B,395.27M,118.58M,683.55K,30,6.63,14.02,6.35,2.93,9.69,
2026-08-03,AKGL,50.1,54.32,57,50.1,68.25,48.01,543.2M,10M,1M,479.8,10,,,,,,
2026-08-03,ALNRS,123,127.89,134,123,144,82,2.62B,20.47M,4.09M,2.51K,20,3.13,8.19,0.99,0.37,15.62,-5.35
2026-08-03,ANL,10.1,10.21,10.42,9.9,13.7,8.01,4.96B,485.41M,242.7M,447.08K,50,0,1.6,1.96,0.32,6.37,0.39
2026-08-03,ANTM,54.21,51.5,54.21,51.47,66.38,20.81,497.49M,9.66M,1.45M,4.19K,15,,,,,,
2026-08-03,ARCTM,38.9,41.27,41.27,38,46.98,24.14,543.72M,13.17M,2.7M,169.12K,20.52,,,,,,
2026-08-03,ARPL,420,425.13,429,414,490,325,14.69B,34.56M,8.64M,51.57K,25,7.06,46.47,5.66,2.72,9.15,63.31
2026-08-03,ASHT,33,33.8,34,31.5,70,13.64,1.57B,46.57M,2.33M,14.72K,5,,,,,,
2026-08-03,ASL,13.29,13.62,13.76,13.16,15.94,8.51,12.68B,930.78M,279.24M,4.2M,30,0,0.07,0.28,1.27,195.69,-14.19
2026-08-03,ASTM,37.5,42.22,42.22,36,42.22,12,640.77M,15.18M,2.28M,241.19K,15,,,,,,
2026-08-03,ATBA,203,202.19,204.69,202,303,169.02,7.08B,35.02M,8.75M,8.18K,25,0,2.24,0.23,0.9,90.4,439.02
2026-08-03,ATRL,972.02,974.23,987.03,968,1005,597.1,103.87B,106.62M,42.65M,856.61K,40,0.77,180.56,6.62,0.61,5.4,-0.01
2026-08-03,AVN,31.89,31.54,31.95,31.46,54.3,26.5,13.55B,429.67M,150.38M,282.86K,35,3.17,1.02,2.52,0.9,30.92,-11.39
2026-08-03,AWTX,1744.6,1586,1744.6,1744.6,1744.6,1270,1.27B,800K,4.5K,0,0.56,0,9.84,0.15,1.01,161.26,-19.84
2026-08-03,BAFS,560,611.31,634.58,560,634.58,136.14,5.78B,9.45M,472.5K,8.59K,5,0.33,-11.24,-2.1,3.18,-54.38,-30.51
2026-08-03,BATA,930,925.02,930,920.02,1750,875,6.99B,7.56M,1.79M,1.16K,23.67,0,-368,-15.26,2.32,-2.51,0.11
2026-08-03,BBFL,42.85,42.52,42.85,42.02,57.35,34,12.71B,298.91M,115.24M,192.95K,38.55,,,,,,
2026-08-03,BCL,72.51,72.56,74.5,72.51,125,56.02,832.45M,11.47M,6.31M,4.79K,55,0,-1.36,-1.1,2.61,-53.52,4.16
2026-08-03,BECO,5.43,5.3,5.43,5.23,73.6,3.9,6.62B,1.25B,437.37M,3.33M,35,,,,,,
2026-08-03,BERG,104.9,106.52,107.9,104.5,141,80.65,2.62B,24.55M,9.82M,140.06K,40,4.69,12.44,3.37,0.69,8.56,
2026-08-03,BFAGRO,34.34,34.12,34.34,33.91,49.25,29.03,10.58B,309.99M,77.5M,126.03K,25,,,,,,
2026-08-03,BFBIO,129.94,129,133,128,189.97,124,11.4B,88.33M,26.5M,133.75K,30,,,,,,
2026-08-03,BFMOD,22.47,22.05,22.47,21.5,38.84,10.11,165.71M,7.52M,2.63M,21.54K,35,,,,,,
2026-08-03,BHAT,868.99,829.68,869,828,1040,726.06,2.52B,3.04M,152.05K,1.02K,5,0,30.09,0.28,0.23,27.57,3.9
2026-08-03,BIFO,130.01,135.95,136.9,129.51,207.1,79.1,6.31B,46.38M,16.23M,570.95K,35,5.52,9.41,12.78,1.94,14.45,0.65
2026-08-03,BIPL,26.6,27.08,27.4,26.6,44.1,23.6,30.02B,1.11B,166.31M,278.16K,15,10.16,3.87,5.45,0.65,6.99,
2026-08-03,BLUEX,7.2,7.03,7.27,7,80.85,4.9,2B,284.28M,113.71M,1.57M,40,,,,,,
2026-08-03,BNL,6.48,6.42,6.48,6.38,170.73,6.01,4.29B,668.05M,434.23M,939.98K,65,0,0.67,5.69,1.46,9.62,0.58
2026-08-03,BNWM,67.02,67.49,68.5,67.02,87.5,50,641.58M,9.51M,4.75M,6.5K,50,0,-9.58,-7,0.19,-7.04,-0.31
2026-08-03,BPL,54.01,56.52,57.5,53.61,80.97,20.01,1.27B,22.49M,6.75M,81.04K,30,,,,,,
2026-08-03,BRRG,49,48,49.49,48,53.77,27.53,4.56B,95.01M,47.5M,4.72K,50,,,,,,
2026-08-03,BTL,910,999,999,910,1580,275.01,6.43B,6.43M,321.6K,18.75,5,0,-35.67,-0.77,0.85,-28,
2026-08-03,BUXL,194.98,187.95,199.7,187.6,274.4,133.02,270.65M,1.44M,576K,6.2K,40,0,-17.12,-4.42,1.66,-10.98,0.13
2026-08-03,BWHL,236,235.58,240,235,257.92,160,3.14B,13.33M,7.33M,21.76K,55,7.22,29.35,14.67,1.33,8.03,0.06
2026-08-03,CCM,52.12,51.28,53.86,51,68.88,34.4,1.16B,22.66M,10.2M,31.95K,45,0,2.96,-0.18,0.17,17.31,-0.88
2026-08-03,CEPB,28.98,29.54,29.94,28.5,46.7,24.59,11.87B,401.71M,120.51M,385.19K,30,0,-1.87,-1.96,0.91,-15.81,1.01
2026-08-03,CFL,62.99,58.35,62.99,62.99,94.01,45.1,724.58M,12.42M,3.73M,426.4,30,0,-49.59,-18.39,0.19,-1.18,0.03
2026-08-03,CHAS,89.98,97.32,97.32,88.49,160.49,56.01,2.79B,28.69M,4.3M,123.11K,15,0,-57.51,-5.08,0.27,-1.69,-0.13
2026-08-03,CHCC,321,329.18,332,321,390,225,63.96B,194.3M,116.58M,226.74K,60,1.67,37.91,19.73,1.7,8.68,0.31
2026-08-03,CLOV,8.4,8.51,8.65,8.35,88.64,6.59,3.31B,389.29M,214.11M,5.07M,55,0,0.61,4.44,4.55,13.93,-0.34
2026-08-03,CNERGY,10.96,11.1,11.2,10.83,11.48,5.87,60.98B,5.49B,1.37B,95.97M,25,0,2.78,4.49,0.27,3.99,0.07
2026-08-03,COLG,1245,1226.86,1253,1225,1330,1050,297.85B,242.77M,24.28M,5.06K,10,4.77,73.22,14.79,8.16,16.76,0.36
2026-08-03,CPHL,74.84,74.26,74.9,74.01,104.25,69.25,16.97B,228.46M,114.23M,209.37K,50,4.71,4.8,7.92,1.55,15.47,
2026-08-03,CPPL,102,100.11,102.9,99.99,125.5,64.79,4.91B,49.1M,29.46M,152.55K,60,3,1.5,0.52,0.57,66.76,-5.11
2026-08-03,CRTM,74.21,73.54,74.99,73,96.5,16.6,7.35B,100M,60M,5.61K,60,0,1.31,0.69,0.58,56.23,-7.79
2026-08-03,CSAP,109.26,107.59,109.5,107.02,143.5,78.25,8.35B,77.63M,34.93M,476.7K,45,6.97,19.74,17.22,0.85,5.45,0.77
2026-08-03,DAAG,76.02,76.54,79.9,76,120.25,52,306.16M,4M,970.7K,6.69K,24.27,,,,,,
2026-08-03,DADX,94.95,91.11,94.95,88.02,121.88,42.75,980.71M,10.76M,538.2K,364.6,5,0,-30.29,-37.21,3.78,-3.01,0.05
2026-08-03,DCL,11.24,11.05,11.33,11.02,16.31,6.61,6.01B,544.11M,190.44M,2.5M,35,0,-2.37,-4.8,0.24,-4.66,0.04
2026-08-03,DCR,37.9,37.8,38,37.69,41.8,28,84.06B,2.22B,555.92M,226.89K,25,6.83,2.31,78.71,1.1,16.36,
2026-08-03,DFSM,17.12,17.5,18.1,16.9,35.24,3.75,1.71B,97.75M,34.21M,1.06M,35,,,,,,
2026-08-03,DGKC,215.01,215.83,217,212.56,275.75,145.1,94.56B,438.12M,219.06M,6.65M,50,0.93,27.64,14.23,0.84,7.81,0.27
2026-08-03,DINT,67.51,68,72.98,67.51,96,41.36,3.57B,52.47M,7.87M,2.63K,15,0,-3.91,-0.63,0.51,-17.38,-1.77
2026-08-03,DMC,189.99,184.63,189.99,170.02,351.9,43.05,563.56M,3.05M,915.73K,394.8,30,,,,,,
2026-08-03,DNCC,17.01,17.29,17.4,17.01,28.07,14,5.47B,316.36M,94.91M,82.92K,30,0,-0.39,-1.76,2.64,-43.99,-0.29
2026-08-03,DOL,29.93,30.16,30.86,29.9,41,25.36,5.28B,175.03M,52.51M,36.47K,30,13.26,2.55,8.79,1.76,11.85,-3.94
2026-08-03,DYNO,344.1,340,344.1,340,366.9,254.3,6.42B,18.87M,12.27M,2.1K,65,4.78,55.14,7.33,1.18,6.17,0.67
2026-08-03,ECOP,49.26,49.29,49.32,48.56,78.25,33.82,2.38B,48.26M,36.19M,24.61K,75,4.06,7.67,5.37,1.31,6.42,0.15
2026-08-03,EFERT,189.98,190.36,190.7,187.8,263.3,180.15,254.19B,1.34B,600.88M,1.5M,45,6.44,15.94,9.36,5.8,11.94,-1.7
2026-08-03,ELCM,230,215.88,230,213,343.44,124,280.64M,1.3M,260K,688.8,20,0,-24.15,-3.34,4.14,-8.94,0.14
2026-08-03,ELSM,162.05,153.41,162.05,152.5,170,99,1.68B,10.95M,3.29M,2.3K,30,2.61,3.97,0.28,0.39,38.6,-37.62
2026-08-03,EMCO,51,51.19,52.79,50,80.55,31.29,1.79B,35M,10.5M,6.88K,30,,,,,,
2026-08-03,ENGROH,277.4,277.79,279.25,275.57,302.5,206.8,334.52B,1.2B,903.17M,1.06M,75,0,53.18,10.18,,5.22,0.31
2026-08-03,EPCL,33.56,34.84,35,33.5,39.32,27.01,31.67B,908.92M,227.23M,579.53K,25,0,-2.97,-3.28,1.52,-11.72,1.04
2026-08-03,EPQL,26.25,26.63,26.74,26.25,34.98,22.3,8.62B,323.8M,161.9M,1.04M,50,44.12,2.23,5.69,0.75,11.94,-4.22
2026-08-03,EXIDE,490,487.67,490,486,834,365,3.79B,7.77M,1.94M,8.62K,25,1.03,43.18,1.88,0.5,11.29,
2026-08-03,FABL,101.9,100.69,101.99,100.4,106,69.33,152.82B,1.52B,531.19M,628.52K,35,6.46,15.03,11.4,1.34,6.7,
2026-08-03,FANM,9.43,8.78,9.46,8.4,10.83,4.25,202.82M,23.1M,11.55M,842.36K,50,,,,,,
2026-08-03,FASM,322.99,318.62,322.99,298,430,240.02,3.19B,10M,1M,784.6,10,0,-52.85,-1.19,0.3,-6.03,-1.47
2026-08-03,FATIMA,157.49,157.35,158.49,155.5,192.8,112.52,330.44B,2.1B,315M,420K,15,6.04,17.58,13.62,1.91,8.95,0.25
2026-08-03,FCCL,55.55,55.9,56.38,55.3,62.84,36.26,137.11B,2.45B,858.5M,6.96M,35,2.24,5.99,16.04,1.49,9.33,0.08
2026-08-03,FCEPL,105,109.81,112.5,105,118.01,63.86,84.18B,766.6M,76.66M,1.06M,10,3.19,4.51,3.23,4.47,24.35,0.67
2026-08-03,FCL,23.74,23.74,23.87,23.61,28.56,19.65,15.3B,644.58M,161.14M,792.83K,25,,,,,,
2026-08-03,FECM,19.6,19.88,19.88,18.73,57.06,11.75,225.44M,11.34M,8.51M,32.33K,75,,,,,,
2026-08-03,FECTC,108.99,107.56,109.95,107,195.75,72,5.4B,50.16M,12.54M,138.67K,25,1.86,14,5.6,1.07,7.68,-0.06
2026-08-03,FEM,12.08,11.44,12.08,11.2,17.7,5,599.91M,52.44M,36.71M,83.13K,70,,,,,,
2026-08-03,FEROZ,395,387.97,395,375.5,475,293.01,16.86B,43.47M,17.39M,17.54K,40,1.03,21.66,4.15,1.3,17.91,0.79
2026-08-03,FFC,570.16,572.84,574.1,569.1,685,425,824.33B,1.44B,791.46M,2.14M,55,7.16,61.43,16.53,3.01,9.32,0.14
2026-08-03,FFL,16.35,16.08,16.35,16.04,23.93,14,40.52B,2.52B,503.99M,2.47M,20,0,0.39,3.18,3.6,41.64,0.02
2026-08-03,FFLM,15.46,15.1,15.7,14.81,27.23,4.4,398.85M,26.41M,17.17M,254.64K,65,,,,,,
2026-08-03,FHAM,33.5,33.72,33.99,33.5,39.49,26,3.74B,110.83M,94.21M,8.16K,85,6.67,7.53,17.05,0.61,4.48,0.11
2026-08-03,FIBLM,14.98,14.36,14.98,13.94,22.24,6.78,311.43M,21.69M,10.84M,562.23K,50,0,0.94,43.94,1.25,15.33,0.44
2026-08-03,FIMM,194.5,200,210,181.01,397.69,173.39,600M,3M,900K,34.25,30,,,,,,
2026-08-03,FLYNG,43.8,44.05,45,43.4,61,38.51,30.61B,694.8M,104.22M,42.44K,15,0,1.29,5.99,2.38,34.1,0.13
2026-08-03,FML,53.13,53.95,55.98,52,86,34.05,21.55B,399.41M,39.94M,35.24K,10,0,0.46,0.27,0.64,117.16,-24.16
2026-08-03,FPJM,11.08,10.67,11.3,10.61,14.99,4.23,362.99M,34.02M,13.61M,735.51K,40,0,-3.22,-38.72,-0.78,-3.31,0.47
2026-08-03,FPRM,12.7,11.64,12.7,11.35,16.99,9.25,160.5M,13.79M,6.2M,119.88K,45,,,,,,
2026-08-03,FRCL,108.98,100,108.98,94,118.45,39.02,3.79B,37.87M,1.89M,1.45K,5,,,,,,
2026-08-03,FRSM,44,43.49,44,43.98,63.48,34.22,1.72B,39.51M,11.85M,4.74K,30,0,10.05,3.35,0.78,4.33,0.01
2026-08-03,FTMM,16,16.03,16.45,15.5,23.75,11.14,3.14B,195.6M,9.78M,4.34K,5,9.36,0.5,2.47,1.13,32.34,-1.44
2026-08-03,FTSM,33.61,31.74,34.2,31.3,57,11.52,671.72M,21.16M,8.47M,67.26K,40,,,,,,
2026-08-03,FZCM,264.44,255.99,268,264.44,333.39,185.52,7.68B,30M,3M,1.47K,10,0,3.02,0.1,0.16,84.84,40.99
2026-08-03,GADT,276,302.79,302.79,276,499,215,8.49B,28.03M,8.41M,10.46K,30,0,43.77,1.72,0.34,6.92,0.56
2026-08-03,GAL,600,601.37,610.49,593.02,633,291,34.28B,57M,22.8M,755.75K,40,1.66,117.24,12.52,1.79,5.13,0
2026-08-03,GATI,85.95,83.94,85.95,83,147.5,62.55,9.13B,108.73M,16.31M,7.12K,15,0,-10.67,-4.01,0.77,-7.87,-5.42
2026-08-03,GATM,26.94,26.64,26.94,26.27,40.7,16.5,19.72B,740.06M,185.01M,449.52K,25,0,2.72,1.18,0.38,9.81,0.81
2026-08-03,GCIL,37.47,37.19,37.99,37.01,40.6,23.81,21.22B,570.45M,228.18M,8.66M,40,0,5.27,33.37,,7.06,
2026-08-03,GCWL,16.16,16.11,16.35,15.92,25.15,11.76,4.03B,250.14M,111.05M,564.81K,44.39,,,,,,
2026-08-03,GDL,17.57,17.5,17.64,17.1,33,16.9,7.51B,429.2M,107.3M,454.77K,25,,,,,,
2026-08-03,GEMBCEM,11.05,11.05,11.05,11.05,14.5,9.64,1.1B,100M,25M,750,25,,,,,,
2026-08-03,GEMMEL,24.51,27.2,24.51,24.51,39,19.1,5.28B,194.1M,19.41M,504,10,,,,,,
2026-08-03,GEMPACRA,37.99,35.75,37.99,37.99,49,22,2.66B,74.53M,7.45M,34.34K,10,,,,,,
2026-08-03,GEMPAPL,10.75,10.52,10.75,10,19,9,210.4M,20M,15M,26.01K,75,,,,,,
2026-08-03,GFIL,31,31.05,31.5,30.8,35.18,12.1,1.01B,32.64M,3.26M,8.47K,10,,,,,,
2026-08-03,GGGL,9.1,9.03,9.2,8.9,14.47,6.7,2.17B,240M,120M,366.62K,50,0,0.54,4.51,0.74,16.86,0.79
2026-08-03,GGL,23.2,23.9,24.2,23.05,31.31,14.1,8.46B,354.12M,177.06M,2.86M,50,0,9.78,31.53,1.05,2.44,0.05
2026-08-03,GHGL,38.99,39.4,39.55,38.61,52.25,27.78,39.39B,999.71M,349.9M,281.47K,35,5.08,6.21,13.11,0.97,6.34,0.25
2026-08-03,GHNI,1225,1222.94,1235,1213,1285.15,590,52.11B,42.61M,14.91M,182.18K,35,0.82,162.33,11.84,2.83,7.53,0.02
2026-08-03,GIL,0,1000,0,0,0,0,0,0,0,0,0,0.3,15.14,0.25,0,66.03,-25.47
2026-08-03,GLAXO,350,350.5,353,348,459.94,293.09,111.62B,318.47M,63.69M,126.6K,20,4.85,33,15.6,3.08,10.62,0.17
2026-08-03,GOC,199.52,183.63,200,183,235,77,1.35B,7.35M,1.1M,13.04K,15,0.54,4.14,6.12,1.88,44.31,1.72
2026-08-03,GTYR,32.79,33.34,33.8,32.21,48,22.26,4.07B,121.93M,48.77M,474.32K,40,0,-6.34,-4.84,0.64,-5.26,0.54
2026-08-03,GVGL,55,54.14,55,54.05,73.99,43.65,8.12B,149.94M,29.38M,1.59K,19.59,5.54,6.64,15.54,1.61,8.15,
2026-08-03,GWLC,50.5,50.23,50.5,50.02,77.96,38.75,20.11B,400.27M,40.03M,184.19K,10,2.99,6.74,12.64,0.73,7.45,0.49
2026-08-03,HAEL,27.76,27.49,27.77,26.51,37.96,14.91,357.27M,13M,1.95M,4.9K,15,,,,,,
2026-08-03,HAFL,518.42,518.42,518.42,518.42,629.5,283.58,622.1M,1.2M,42.48K,91,3.54,,,,,,
2026-08-03,HALEON,758,765.52,775,754,1010,655,89.61B,117.05M,15.74M,22.42K,13.44,3.92,55.96,15.35,6.15,13.68,0.19
2026-08-03,HCAR,244.45,241.03,245.9,240.3,318,147.5,34.42B,142.8M,28.56M,1.5M,20,3.73,34.25,3.68,1.29,7.04,32.55
2026-08-03,HINO,390,388.56,390.5,386,585,264.69,9.64B,24.8M,2.55M,8.51K,10.28,2.81,13.47,3.24,1.54,28.84,10.51
2026-08-03,HINOON,990.01,978.41,997,970,1241,755.56,51.84B,52.98M,21.19M,17.87K,40,5.11,75.63,14.32,3.5,12.94,0.31
2026-08-03,HPL,4026.99,3992.92,4027,3992.92,4889.99,2925.66,38.51B,9.64M,964.48K,334.4,10,6.01,317.04,9.84,4.33,12.59,0.28
2026-08-03,HRPL,21.29,21,21.29,20.9,37,16.51,840M,40M,8M,141.51K,20,0,-3.09,-5.61,1.13,-6.8,0.29
2026-08-03,HTL,40.5,40.06,40.79,39.53,66.5,31.01,5.58B,139.2M,34.8M,243.31K,25,0,3.83,1.49,0.85,10.47,1
2026-08-03,HUBC,221,219.89,221.5,219.01,249.99,152,285.23B,1.3B,972.87M,2.06M,75,11.37,34.65,63.41,1.26,6.35,-5.02
2026-08-03,IBFL,307.03,293.4,316.95,283,397.32,176.55,91.1B,310.51M,15.53M,756.8,5,0,-1.49,-0.44,1.59,-196.54,-19.32
2026-08-03,IBLHL,49,49.19,50.84,49,85.82,36,4.85B,98.53M,24.63M,88.31K,25,0,2.44,5.36,1.95,20.16,5.21
2026-08-03,ICCI,13.63,13.41,13.95,13.02,17.91,8.61,402.32M,30M,4.5M,18.03K,15,,,,,,
2026-08-03,ICL,139,135.87,141,135.03,176,85.1,13.59B,100M,45M,43.43K,45,2.21,13.74,4.34,1.24,9.89,0.39
2026-08-03,IDEAL,39.5,40.17,44,39.5,87.7,15.75,398.49M,9.92M,1.49M,1.46K,15,,,,,,
2026-08-03,IDRT,37.5,37,37.75,36.9,68.08,19.31,734.55M,19.85M,1.99M,16.81K,10,,,,,,
2026-08-03,ILP,106.4,104.61,106.5,104.01,110.5,67.4,146.63B,1.4B,280.34M,878.22K,20,2.87,8.3,6.45,2.41,12.61,0.21
2026-08-03,IMAGE,27.01,26.84,27.5,26.71,32.46,19,6.18B,230.37M,149.74M,771.85K,65,7.45,3.49,17.93,1.27,7.68,
2026-08-03,INIL,160.02,158.2,160.99,158,249,127.3,20.86B,131.88M,59.35M,150.09K,45,3.79,14.32,1.72,0.64,11.05,-3.45
2026-08-03,INKL,93.02,92.04,97.49,86.11,126,30.15,890.49M,9.68M,3.87M,52.07K,40,,,,,,
2026-08-03,IPAK,37.55,37.32,37.9,37,38,21.02,27.44B,735.21M,220.56M,235.08K,30,1.53,3.81,7.22,2.14,9.8,
2026-08-03,IREIT,8.05,8.06,8.1,8.01,13.05,7.26,2.22B,275.86M,96.55M,134.4K,35,,,,,,
2026-08-03,ISIL,1931.13,1920.16,1931.13,1906.1,2370,1725.01,127.42B,66.36M,3.32M,15,5,0.26,62.5,3.31,4.6,30.72,0.47
2026-08-03,ISL,86.89,86.02,88.5,85.92,135,65.45,37.42B,435M,152.25M,253.59K,35,5.23,6.93,3.59,1.46,12.41,-3
2026-08-03,ITANZ,50,49.29,51.2,49.02,51.2,47.31,5.85B,118.6M,48.52M,8.8M,40.91,,,,,,
2026-08-03,ITTEFAQ,8.89,8.83,8.91,8.75,12.64,5.75,1.27B,144.34M,93.82M,777.18K,65,0,-3.91,-27.88,0.44,-2.26,
2026-08-03,JATM,42.59,42.63,42.63,34.95,49.08,14.61,537.19M,12.6M,1.89M,73.62K,15,,,,,,
2026-08-03,JDMT,178,163.33,178,162.02,199.89,60.1,1.13B,6.92M,2.07M,446.52K,30,,,,,,
2026-08-03,JDWS,907.53,907.28,920.59,900,1019.98,780,52.42B,57.78M,8.67M,3.6K,15,5.51,162.29,7.18,1.39,5.59,0.19
2026-08-03,JSML,59.25,64.27,64.27,58,147.5,44,2.19B,34.13M,13.65M,71.05K,40,0,3.91,1.36,0.23,16.45,0.76
2026-08-03,JVDC,145.51,144.41,146.5,143.5,163.9,65.15,55B,380.86M,190.43M,499.12K,50,3.46,10.67,38.34,1.98,13.54,-0.01
2026-08-03,KCL,155,145,155,136,195.69,115.02,2.11B,14.55M,10.91M,169.33,75,,,,,,
2026-08-03,KEL,7.31,7.3,7.38,7.27,9.58,4.91,201.59B,27.62B,2.76B,12.79M,10,0,0.42,2.19,1.75,17.51,
2026-08-03,KHYT,2049.35,2157.19,2175,2020,2689,1131.01,2.65B,1.23M,20.67K,298.6,1.68,,,,,,
2026-08-03,KOHC,98.5,98.08,99.99,97.61,567.99,74,90.17B,919.31M,229.83M,399.86K,25,0,10.62,25.96,1.63,9.23,0.33
2026-08-03,KOHE,15.46,15.53,15.65,15.03,23.49,12.33,2.63B,169.46M,67.78M,85.97K,40,0,3.94,15.83,0.58,3.94,-0.37
2026-08-03,KOHTM,124.1,122.34,127.85,121,210,40,2.54B,20.8M,6.24M,114.11K,30,1.63,14.85,3.65,0.53,8.24,0.2
2026-08-03,KPUS,1170,1138.95,1199.99,1118,2849.99,115.11,18.24B,16.02M,800.88K,21.99K,5,0,5.68,1.21,4.55,200.49,7.77
2026-08-03,KSBP,239.2,234.05,242,233.5,263.98,155.2,7.23B,30.9M,8.37M,104.65K,27.08,0.43,7.14,3.26,1.7,32.78,3.43
2026-08-03,KTML,45.04,44.01,46.7,43.5,305,37.02,59.26B,1.35B,269.3M,1.09M,20,0.91,7.94,8.01,0.73,5.54,0.18
2026-08-03,LCI,228,228.33,230.85,227.03,377.88,201.17,105.44B,461.8M,92.36M,49.95K,20,5.01,20.25,8.25,1.88,11.28,0.54
2026-08-03,LEUL,45.4,43.31,45.4,42.42,72.68,25.76,259.86M,6M,1.8M,28.98K,30,,,,,,
2026-08-03,LIVEN,35.78,35.71,36.2,35.01,74.4,27.82,4.04B,113.04M,11.3M,40.65K,10,,,,,,
2026-08-03,LOADS,13.58,13.66,13.85,13.5,22.6,10.93,5.07B,371.25M,185.62M,877.32K,50,0,1.07,4.28,0.97,12.8,-0.01
2026-08-03,LOTCHEM,27.47,27.29,27.47,26.91,34.3,18.41,41.32B,1.51B,378.55M,3.51M,25,23.82,3.1,5.49,2.04,8.81,-6.43
2026-08-03,LPGL,93.89,93.29,93.89,92,124.48,63.01,699.67M,7.5M,1.88M,1.32K,25,,,,,,
2026-08-03,LUCK,450,449.08,454.99,446.01,529.5,339,657.9B,1.47B,439.5M,1.96M,30,0.89,56.88,16.86,1.63,7.9,0.16
2026-08-03,MACFL,67.8,70.9,71.5,67.2,86.98,19.52,4.2B,59.3M,23.72M,84.98K,40,0.71,2.13,1.96,1.81,33.26,7.57
2026-08-03,MACTER,281,280.01,285,280,443.5,255.1,12.83B,45.81M,18.32M,6.21K,40,1.36,17.8,6.82,3.18,15.73,0.29
2026-08-03,MARI,655.99,651.48,657.87,650.33,795,544.56,782.18B,1.2B,240.12M,383.95K,20,4.6,57.11,37.45,2.74,11.41,0.49
2026-08-03,MEBL,565.26,569.15,570,565.25,582,361.06,1.02T,1.8B,450.14M,1.01M,25,5.01,50.58,19.77,3.6,11.25,
2026-08-03,MEHT,199.87,188.87,199.87,187,389,180,5.67B,30M,19.5M,16.17K,65,0,39.74,1.87,0.29,4.75,0.12
2026-08-03,MERIT,9.8,9.81,9.99,9.8,14.69,7.1,1.96B,199.96M,39.99M,64.33K,20,0,-1.75,-10.52,0.83,-5.61,0.01
2026-08-03,MFFL,178.01,177.73,180,177.16,237,139.66,4.07B,22.88M,3.85M,22.44K,16.82,,,,,,
2026-08-03,MFL,42.8,41.59,42.8,41.51,85.73,37.56,5.09B,122.4M,42.84M,187.95K,35,0,4.13,1.98,0.47,10.06,0.21
2026-08-03,MIRKS,32.4,32.57,32.85,32.21,44.5,22.28,2.17B,66.56M,29.95M,76.42K,45,0,-6.18,-3.48,0.87,-5.27,-0.1
2026-08-03,MLCF,99,97.45,99.43,96.76,132.99,71,102.08B,1.05B,471.4M,17.44M,45,0,11.34,13.96,1.23,8.59,0.21
2026-08-03,MQTM,29.5,29.82,30.7,28.67,49,17.97,549.64M,18.43M,4.61M,148.89K,25,0,-79.43,-17.35,1.73,-0.38,0.01
2026-08-03,MRNS,62.98,63.53,65,62.43,94.01,52.32,4.76B,74.93M,26.22M,98.02K,35,10.23,22.15,14.35,1.02,2.87,
2026-08-03,MSCL,24.4,23.28,24.9,21.51,46.53,12.05,721.16M,30.98M,7.74M,175.77K,25,,,,,,
2026-08-03,MTL,303,300.02,304.05,299.41,636.99,279,119.72B,399.03M,179.56M,251.55K,45,5.83,18.49,12.64,15.48,16.23,0.94
2026-08-03,MUGHAL,83,81.92,83.01,81.51,113.99,59,27.5B,335.63M,117.47M,534.31K,35,0,6.37,2.8,0.91,12.86,0.88
2026-08-03,MWMP,62.97,61,62.97,60,170.95,32.31,1.75B,28.75M,7.19M,28.18K,25,,,,,,
2026-08-03,NATM,77,85.16,77,77,92.94,77,1.81B,21.27M,1.06M,0,5,0,-53.59,-51.27,0.83,-1.59,0.05
2026-08-03,NESTLE,7913.37,7771.24,7950,7750,10524.97,7000,352.42B,45.35M,4.53M,642.4,10,7.04,370.41,8.2,17.95,20.98,1.26
2026-08-03,NETSOL,122.03,122.29,123.8,122.03,164.59,87.66,10.99B,89.84M,26.95M,75.58K,30,0,32.29,21.96,0.87,3.79,0.09
2026-08-03,NML,149.6,147.95,150.5,147.16,208.4,120,52.02B,351.6M,158.22M,2.48M,45,1.35,33.41,5.75,0.3,4.43,1.52
2026-08-03,NONS,92.99,90.01,92.99,90,157.1,70.02,1.49B,16.52M,3.3M,9.94K,20,4.44,18.71,2.44,0.79,4.81,0.73
2026-08-03,NRL,442.98,447.12,451.8,439,477.45,230,35.75B,79.97M,26.31M,1.81M,32.91,0,108.68,2.33,0.6,4.11,0.01
2026-08-03,NRSL,34,34.63,35.25,34,39.25,20.6,4.89B,141.32M,42.4M,108.95K,30,0,2.09,2.61,1.34,16.55,1.45
2026-08-03,NSRM,264.99,254.97,264.99,241.01,362.31,84.01,3.97B,15.55M,777.66K,11.42K,5,0,6.79,4.51,2.47,37.57,0.22
2026-08-03,OCTOPUS,31.87,31.47,32,31.2,60.89,24.35,4.98B,158.22M,47.18M,97.26K,29.82,,,,,,
2026-08-03,OGDC,319.9,319.09,320.5,317,352,238.2,1.37T,4.3B,645.14M,2.2M,15,5.01,36.17,39.85,0.98,8.82,0.76
2026-08-03,OLPM,25,25,25.87,24.83,25.98,19,1.13B,45.38M,34.04M,2.9K,75,10,3.44,9.88,0.85,7.28,-1.83
2026-08-03,OML,149.99,133.69,149.99,133.69,187.24,25.8,1.6B,12M,1.2M,191.37K,10,,,,,,
2026-08-03,ORM,12,11.7,12.34,11.53,16.79,9.2,877.5M,75M,26.25M,565.04K,35,,,,,,
2026-08-03,OTSU,419,407.98,419,405.5,447.94,254.95,4.94B,12.1M,3.02M,5.08K,25,0,28.78,8.39,4.59,14.18,1.88
2026-08-03,PAEL,43.11,42.52,43.25,42.4,64.6,32.01,39.27B,923.65M,508.01M,3.91M,55,0,4.46,5.86,0.78,9.53,0.32
2026-08-03,PAKD,123,122.81,124.99,122,231.24,85.01,1.46B,11.86M,5.06M,3.31K,42.63,,,,,,
2026-08-03,PAKOXY,286.9,285.5,287,285.5,356.68,217.1,24.87B,87.12M,21.78M,2.2K,25,0,22.58,14.35,2,12.64,0.15
2026-08-03,PAKQATAR,20.75,20.95,21.7,20.75,29.4,15.24,4.83B,230.71M,80.75M,438.48K,35,,,,,,
2026-08-03,PIBTL,17.44,17.08,17.44,16.96,22.97,10,30.51B,1.79B,803.74M,17.14M,45,0,1.18,14.81,1.73,14.49,8.14
2026-08-03,PICT,56.7,56.8,58.5,56.05,61.5,23.65,6.2B,109.15M,21.83M,1.3M,20,0,-1.17,-1281.2,4.58,-48.39,2.35
2026-08-03,PIM,22.41,22.83,22.41,21.51,31.33,16.16,456.6M,20M,1M,1.62K,5,,,,,,
2026-08-03,PIOC,273,272.98,278.9,270.01,427.5,200.01,62.01B,227.15M,34.07M,299.92K,15,3.66,29.03,17.09,1.25,9.4,0.15
2026-08-03,PKGS,810.16,798.29,810.16,795.02,855,611.01,71.35B,89.38M,17.88M,2.75K,20,2,-9.43,-0.43,1.09,-84.65,-3.62
2026-08-03,PMRS,499,473.43,513.95,449.14,835,276.45,1.78B,3.75M,387.66K,4.03K,10.34,0,-226.21,-2.28,0.38,-2.09,-0.06
2026-08-03,POML,173.34,173.65,177.31,164.1,220,113.11,1.35B,7.76M,3.11M,2.5K,40,,,,,,
2026-08-03,POWER,20.5,20.81,20.91,20.42,24.26,13.75,26.86B,1.29B,452.11M,1.2M,35.03,0,2.24,8.78,1.14,9.29,0.15
2026-08-03,PPL,221.01,221.32,222.98,219.4,284.6,175.8,602.2B,2.72B,669.51M,2.48M,24.61,3.84,28.99,33.84,0.81,7.63,
2026-08-03,PPP,134,133,135,133,209,91,1.06B,8M,4M,2.37K,50,3.76,17.67,7.84,0.59,7.53,0.3
2026-08-03,PQGTL,14.89,14.57,14.9,14.4,19.8,10.25,1.47B,101.11M,40.44M,183.22K,40,,,,,,
2026-08-03,PREMA,34,34.36,35.6,33.39,56.38,23,7.51B,218.64M,65.59M,3.52M,30,0,2.73,9.01,1.24,12.57,0.26
2026-08-03,PRL,61.25,63.42,65.99,60,65.99,23.2,39.95B,630M,227.29M,25.27M,36.08,0,19.07,3.89,1.03,3.33,0.02
2026-08-03,PSEL,871.01,890.51,894.8,871.01,1635,799,28.96B,32.52M,30.82M,234.8,94.76,0,5.58,1.22,0.64,159.58,5.34
2026-08-03,PSO,342.22,347.49,351,339.56,506.75,320.11,163.14B,469.47M,234.74M,2.24M,50,2.88,92.73,1.35,0.56,3.75,0.03
2026-08-03,PSYL,131.01,134.68,136.99,131.01,158,52.26,18.68B,138.7M,6.93M,203.75,5,0,3.38,3.07,3.72,39.8,1.05
2026-08-03,PTL,54.92,54.38,54.92,53.51,65.88,46.4,9.14B,168M,42M,152.48K,25,7.36,6.4,3.09,1.13,8.5,
2026-08-03,QTECH,48.21,48.03,48.9,47.92,57.8,23.1,5.84B,121.58M,30.39M,1.52M,25,,,,,,
2026-08-03,QUICE,33.72,34.34,35.3,33.72,46.06,7.61,3.38B,98.46M,68.92M,134.62K,70,,,,,,
2026-08-03,REDCO,31,30,31.8,30,40.4,14.9,1.48B,49.29M,2.46M,8.8K,5,,,,,,
2026-08-03,REWM,167.2,167.2,176.99,161.02,244.05,96.02,5.15B,30.81M,10.78M,998.2,35,,,,,,
2026-08-03,RMPL,9230.1,9248.58,9249,9200.02,13565.64,9200.02,85.42B,9.24M,461.82K,53.4,5,5.13,715.93,9.02,2.74,12.92,3.23
2026-08-03,RPL,16.89,16.74,17.2,16.6,25.05,12,2.38B,141.9M,44.42M,294.14K,31.3,0,0.13,0.16,0.27,132.86,-35.63
2026-08-03,RUPL,31,30,31,30,42.79,23.11,1.02B,34.07M,10.22M,3.08K,30,0,-20.94,-21.91,0.18,-1.43,0.03
2026-08-03,SANSM,129.99,130,130,125,148.99,41,1.55B,11.95M,6.57M,3.58K,55,0,16.24,3.1,0.48,8,0.07
2026-08-03,SAPT,1469.99,1428.13,1470,1469,1606,1164,30.98B,21.69M,2.17M,59.33,10,0.7,387.04,5.77,0.38,3.69,0.24
2026-08-03,SARC,95,100.01,105.95,95,120.32,46.68,600.06M,6M,2.7M,4.19K,45,,,,,,
2026-08-03,SASML,357.5,370.73,393.3,357.5,469.49,147.07,3.86B,10.43M,2.61M,395.8,25,0.54,6.09,1.12,1.44,60.91,2.01
2026-08-03,SAZEW,1964.99,1952.53,1964.99,1935.5,2487,1300.2,118.02B,60.45M,21.16M,74.73K,35,3.59,303.75,12.89,3.32,6.43,0
2026-08-03,SCL,750,750.07,750,750,1125,300,2.93B,3.9M,195K,0,5,0,-53.91,-8.05,9.44,-13.91,1.05
2026-08-03,SEARL,91,90.84,92,90.65,137.44,76.37,53.43B,588.22M,294.11M,1.47M,50,0,2.04,6.01,1.55,44.61,183.59
2026-08-03,SEL,29.01,28.4,29.87,28.06,45.56,11.1,542.21M,19.09M,10.5M,6.69K,55,,,,,,
2026-08-03,SELECT,28.15,28.36,28.49,28.06,33.6,26.02,25.21B,888.89M,88.89M,1.57M,10,,,,,,
2026-08-03,SERT,48.5,47.58,49.5,46.33,84.49,19.17,656.01M,13.79M,2.07M,167.61K,15,,,,,,
2026-08-03,SGF,116,115.68,116.3,114.67,141.89,71.51,23.88B,206.47M,51.62M,46.09K,25,1.73,11.16,12.03,2.69,10.36,
2026-08-03,SGPL,75,71.23,75.57,70.25,129.07,7.2,1.27B,17.83M,16.05M,2.52M,90,,,,,,
2026-08-03,SHCM,52.5,50,55.49,48.03,96.58,30.52,881.84M,17.64M,1.76M,7.4K,10,,,,,,
2026-08-03,SHDT,54.55,54.96,56.79,53,74.81,36.46,1.26B,22.85M,8M,76.21K,35,,,,,,
2026-08-03,SHFA,525.5,519.03,530.99,515.56,615.28,424.13,32.81B,63.21M,28.45M,7.08K,45,0.96,41.05,8.72,1.98,12.64,0.26
2026-08-03,SHSML,371.15,385.53,390,371.15,549,326,8.14B,21.12M,7.39M,6.14K,35,5.19,36.69,3.58,0.63,10.51,0.39
2026-08-03,SIEM,1516.5,1516.11,1518,1431.01,1740,1335,12.5B,8.25M,412.35K,273,5,0,4.55,0.48,2.03,333.05,-17.32
2026-08-03,SINDM,24.2,24,24.25,23.5,41.25,12,1.08B,45M,4.5M,14.11K,10,,,,,,
2026-08-03,SITC,804,807.46,808,790.02,1060,555.32,17.3B,21.43M,6.43M,6.08K,30,1.36,65.36,4.3,0.87,12.35,0.73
2026-08-03,SLGL,15.97,15.82,15.97,15.55,26.5,13,6.67B,421.79M,126.54M,769.06K,30,,,,,,
2026-08-03,SLM,24.5,24.32,24.5,24,26.25,21.95,189.57B,7.79B,779.48M,2.26M,10,,,,,,
2026-08-03,SMCPL,41.59,41.77,42.89,41,57.3,23.99,1.04B,25M,7.5M,5.2K,30,,,,,,
2026-08-03,SNAI,38,36.97,38,36,43.9,25,738.11M,19.96M,6.99M,10.04K,35,0,6.54,5.84,1.03,5.65,-0.57
2026-08-03,SNGP,105.15,105.88,106.55,104.01,142.6,83.2,67.15B,634.22M,253.69M,1.27M,40,2.83,22.94,1.17,0.85,4.61,-0.8
2026-08-03,SPEL,48.53,48.05,48.8,47.4,83.5,32.91,9.6B,199.74M,39.95M,757.91K,20,2.5,6.37,13,1.43,7.54,0.17
2026-08-03,SPSL,16.81,16.67,16.98,16.61,23.45,16.15,28B,1.68B,335.98M,2.49M,20,,,,,,
2026-08-03,SRR,16.26,16.42,16.47,16.25,21,15.26,541.86M,33M,13.2M,34.47K,40,,,,,,
2026-08-03,SRVI,2056.71,2073.78,2086,2051.11,2464,1130,97.44B,46.99M,23.49M,11.09K,50,0.84,223.93,6.65,3.72,9.26,0.09
2026-08-03,SSGC,26,25.93,26.18,25.65,46.23,19.02,22.84B,880.92M,336.86M,5.2M,38.24,1.93,-2.87,-0.65,1.74,-9.05,88
2026-08-03,SSOM,465,459.39,465,456.93,843,351.1,2.6B,5.66M,1.4M,19.3K,24.69,,,,,,
2026-08-03,STCL,11.3,11.05,11.3,10.99,19.4,8.55,2.64B,239.32M,131.63M,238.97K,55,0,-4.03,-8,1.52,-2.74,0.13
2026-08-03,STJT,154.99,154.08,154.99,154.99,162,70,1.49B,9.66M,1.45M,461,15,3.57,27.72,4.42,0.6,5.56,0.5
2026-08-03,STL,39,38.41,39.2,38.17,2231.81,34.85,4.13B,107.62M,43.05M,205.99K,40,,,,,,
2026-08-03,STML,52.11,50.67,53.47,50,70.38,22.8,437.79M,8.64M,2.59M,14.61K,30,0,-6.99,-1.76,0.57,-7.24,0.55
2026-08-03,STYLERS,51.2,51,51.7,50.2,56.84,36,24.93B,488.83M,24.44M,17.95K,5,2.94,2.28,5.99,1.83,22.41,
2026-08-03,SURC,163.52,170.81,173.95,152,181,88,8.34B,48.81M,9.76M,166.77K,20,2.93,29.17,5.06,0.57,5.86,0.92
2026-08-03,SYM,12.15,12.07,12.25,12.02,17.04,9.01,3.44B,285.25M,156.89M,2.79M,55,,,,,,
2026-08-03,SYS,133.4,133.12,135,131.48,174.4,105.98,196.14B,1.47B,957.71M,1.34M,65,1.5,7.86,13.4,3.17,16.93,0.21
2026-08-03,SZTM,91.7,88.05,91.7,87,127.25,36,1.58B,17.97M,1.8M,44.99K,10,,,,,,
2026-08-03,TATM,131.5,130.18,134,128,284,82,7.29B,55.99M,11.2M,17.69K,20,,,,,,
2026-08-03,TCORP,23.39,23.23,23.39,22.21,31.87,15.62,1.54B,66.21M,23.17M,28.04K,35,0,1.62,1.24,0.4,14.3,-0.87
2026-08-03,TELE,8.3,8.46,8.55,8.3,14.09,6.22,2.86B,338.62M,326M,2.74M,96.27,0,0.51,1.67,0.65,16.66,0.68
2026-08-03,TGL,190.13,191.92,193,190.13,291.5,128,33.04B,172.17M,68.87M,81.39K,40,3.65,24.49,13.38,1.35,7.84,0.25
2026-08-03,THCCL,65.98,65.56,66.83,64.7,103.5,42.52,32.69B,498.59M,174.51M,4.28M,35,0,7.24,24.4,3.21,9.06,0.05
2026-08-03,TICL,1199,1249.9,1266.61,1171,1270,540.05,18.78B,15.02M,226.46K,8.11K,1.51,0.8,107.51,4.88,1.52,11.63,1.14
2026-08-03,TOMCL,36.82,37.03,37.5,36.52,75.85,28.3,7.27B,196.34M,107.99M,1.6M,55,0,1.84,2.74,1.11,20.13,2.14
2026-08-03,TOWL,122,123.65,124.85,122,195.95,92.5,2.1B,17M,3.4M,3.67K,20,,,,,,
2026-08-03,TPLRF1,10.1,10.52,10.67,10,18.39,7.5,19.3B,1.83B,1.38B,5.8M,75,,,,,,
2026-08-03,TREET,23.49,23.19,23.5,23.14,37,19.55,8.6B,371.03M,185.51M,2.33M,50,0,1.29,1.81,1.06,17.91,0.49
2026-08-03,TRSM,24.95,21.77,25.49,21.77,71.65,8,648.75M,29.8M,23.84M,4.08M,80,,,,,,
2026-08-03,UBDL,27.5,26.78,27.5,26.21,34.5,20.01,2.46B,91.8M,4.59M,96.45K,5,,,,,,
2026-08-03,UDLI,19.51,18.53,19.79,18.45,25.5,8.31,650.78M,35.12M,14.05M,1.71M,40,,,,,,
2026-08-03,UDPL,122,119.91,123.95,119.75,168.99,75.05,4.23B,35.27M,5.29M,2.7K,15,,,,,,
2026-08-03,UNITY,10.11,10.01,10.14,10,31.74,7.51,11.95B,1.19B,537.32M,1.93M,45,0,1.6,2.34,0.64,6.26,0.11
2026-08-03,UPFL,25496,25300,25496,25251,34500,22562.78,161.16B,6.37M,521.22K,24,8.18,5.76,1001.9,14.74,19.01,25.25,1.03
2026-08-03,WAFI,176,179.31,180.49,176,260,165,38.38B,214.02M,32.1M,38.74K,15,,,,,,
2026-08-03,WAHDAT,16.55,16.25,16.55,16.16,21.78,15.45,5.45B,335.22M,83.81M,493.1K,25,,,,,,
2026-08-03,WAHN,290,287.2,290,287.15,435,225.23,2.58B,9M,3.15M,2.19K,35,3.48,51.77,9.43,0.89,5.55,0.34
2026-08-03,WASL,7.9,6.92,7.9,6.92,7.92,6.92,1.11B,160.72M,96.43M,16.54M,60,,,,,,
2026-08-03,WAVES,10.77,10.82,10.9,10.7,16.95,8.02,3.04B,281.41M,196.98M,5.8M,70,0,1,5.91,0.31,10.77,-2.17
2026-08-03,ZAHID,77.75,74.35,79.89,72,102.51,32.69,14.23B,191.42M,5.94M,212.77K,3.11,0,7.93,3.96,0.65,9.37,0.71
2026-08-03,ZAL,40.4,43.29,43.29,39.53,79.5,23.56,11.36B,262.5M,65.62M,682.8K,25,,,,,,
2026-08-03,ZIL,360,349.05,360,345.05,722,300,2.14B,6.12M,306.13K,131.6,5,,,,,,
2026-08-03,ZTL,17.47,17.08,17.59,17,24.48,9.75,1.02B,59.43M,14.86M,151.64K,25,0,-0.82,-0.65,0.41,-20.88,2.84
2026-08-04,ABOT,945,925.23,945,925,1304,821,90.58B,97.9M,21.17M,9.36K,21.63,4.32,84.85,10.97,2.69,10.9,0.61
2026-08-04,ACPL,233.39,232.79,235.5,231,325.01,205,31.99B,137.43M,13.74M,51.71K,10,3.65,20.97,6.74,1.34,11.1,0.81
2026-08-04,ADAMS,64.21,64.71,65.49,64.06,90.98,57.25,1.12B,17.29M,3.46M,6.73K,20,6.18,-5.93,-1.01,0.18,-10.91,1.05
2026-08-04,AGIL,154.5,152,154.5,151.15,198,121.2,5.47B,36M,21.6M,12.41K,60,1.15,24.75,5.37,0.82,6.14,0.47
2026-08-04,AGP,192,191.76,192.35,190.5,258.67,163,53.69B,280M,84M,130.03K,30,4.17,13.41,13.14,3.29,14.3,0.25
2026-08-04,AGTL,374.49,385.22,408.23,366,497,288,22.33B,57.96M,3.67M,19.59K,6.34,0,35.36,8.63,1.99,10.89,1.27
2026-08-04,AHTM,96.13,98,98,95,134.15,60,830.21M,8.47M,1.27M,3.68K,15,1.53,12.65,2.07,0.35,7.74,-2.73
2026-08-04,AIRLINK,135.83,134.33,136.15,134.21,199,118,53.1B,395.27M,118.58M,562.45K,30,6.7,14.02,6.35,2.9,9.58,
2026-08-04,AKGL,53,54.32,53,53,68.25,48.01,543.2M,10M,1M,421.4,10,,,,,,
2026-08-04,ALNRS,125,128.98,132,125,144,82,2.64B,20.47M,4.09M,1.28K,20,3.1,8.19,0.99,0.37,15.75,-5.6
2026-08-04,ANL,10.25,10.09,10.3,10.01,13.7,8.01,4.9B,485.41M,242.7M,500.75K,50,0,1.6,1.96,0.32,6.3,0.4
2026-08-04,ANTM,56.19,51.5,56.19,46.62,66.38,20.81,497.49M,9.66M,1.45M,4.24K,15,,,,,,
2026-08-04,ARCTM,45.4,42.47,45.4,41.3,46.98,24.14,559.53M,13.17M,2.7M,323.85K,20.52,,,,,,
2026-08-04,ARPL,425.15,422.33,429.15,418.25,490,325,14.6B,34.56M,8.64M,26.04K,25,7.1,46.47,5.66,2.7,9.09,64.09
2026-08-04,ASHT,32,34.4,34.5,31.55,70,13.64,1.6B,46.57M,2.33M,13.09K,5,,,,,,
2026-08-04,ASL,13.99,13.64,13.99,13.61,15.94,8.51,12.7B,930.78M,279.24M,7.71M,30,0,0.07,0.28,1.27,195.98,-14.72
2026-08-04,ASTM,46.44,46.44,46.44,46.44,46.44,12,704.82M,15.18M,2.28M,185.36K,15,,,,,,
2026-08-04,ATBA,206.98,201,206.98,200.27,303,169.02,7.04B,35.02M,8.75M,7.69K,25,0,2.24,0.23,0.89,89.87,437.98
2026-08-04,ATRL,977,968.03,982.5,965.15,1005,597.1,103.21B,106.62M,42.65M,383.64K,40,0.77,180.56,6.62,0.6,5.36,-0.01
2026-08-04,AVN,31.6,31.44,31.94,31.4,54.3,26.5,13.51B,429.67M,150.38M,280.62K,35,3.18,1.02,2.52,0.9,30.82,-11.4
2026-08-04,AWTX,1610,1586,1610,1610,1744.6,1270,1.27B,800K,4.5K,1,0.56,0,9.84,0.15,1.01,161.26,-19.84
2026-08-04,BAFS,620,596.36,647,594,647,149.75,5.64B,9.45M,472.5K,8.76K,5,0.34,-11.24,-2.1,3.11,-53.05,-32.33
2026-08-04,BATA,929.99,922,929.99,920,1750,875,6.97B,7.56M,1.79M,1.29K,23.67,0,-368,-15.26,2.31,-2.51,0.11
2026-08-04,BBFL,42.3,42.15,42.87,42,57.35,34,12.6B,298.91M,115.24M,218.27K,38.55,,,,,,
2026-08-04,BCL,72.98,71.11,72.99,70,122,56.02,815.81M,11.47M,6.31M,3.4K,55,0,-1.36,-1.1,2.56,-52.45,4.19
2026-08-04,BECO,5.42,5.24,5.42,5.22,73.6,3.9,6.55B,1.25B,437.37M,3.31M,35,,,,,,
2026-08-04,BERG,106.62,104.96,106.62,104.8,141,80.65,2.58B,24.55M,9.82M,70.51K,40,4.76,12.44,3.37,0.68,8.44,
2026-08-04,BFAGRO,34.35,33.97,34.35,33.1,49.25,29.03,10.53B,309.99M,77.5M,122.57K,25,,,,,,
2026-08-04,BFBIO,129.1,128.85,129.11,128.5,189.97,124,11.38B,88.33M,26.5M,119.56K,30,,,,,,
2026-08-04,BFMOD,22.54,23.32,23.75,21.9,38.84,10.2,175.25M,7.52M,2.63M,32.91K,35,,,,,,
2026-08-04,BHAT,830,829.68,830,830,1040,726.06,2.52B,3.04M,152.05K,1.02K,5,0,30.09,0.28,0.23,27.57,3.89
2026-08-04,BIFO,136.01,132.91,138.51,132.01,207.1,79.1,6.16B,46.38M,16.23M,706.53K,35,5.64,9.41,12.78,1.89,14.12,0.67
2026-08-04,BIPL,27.08,27,27.25,26.96,44.1,23.6,29.93B,1.11B,166.31M,272.53K,15,10.19,3.87,5.45,0.64,6.97,
2026-08-04,BLUEX,7.03,6.92,7.1,6.9,80.85,4.9,1.97B,284.28M,113.71M,1.51M,40,,,,,,
2026-08-04,BNL,6.48,6.38,6.48,6.31,170.73,6.01,4.26B,668.05M,434.23M,779.43K,65,0,0.67,5.69,1.45,9.56,0.58
2026-08-04,BNWM,67.99,67.78,68,66.17,87.5,50,644.33M,9.51M,4.75M,8.84K,50,0,-9.58,-7,0.19,-7.07,-0.31
2026-08-04,BPL,56.6,57.27,61.78,56,80.97,20.01,1.29B,22.49M,6.75M,137.19K,30,,,,,,
2026-08-04,BRRG,48.01,49.25,49.5,48,53.77,27.53,4.68B,95.01M,47.5M,5.34K,50,,,,,,
2026-08-04,BTL,912.17,999,912.21,912.17,1580,275.01,6.43B,6.43M,321.6K,16.75,5,0,-35.67,-0.77,0.85,-28,
2026-08-04,BUXL,193.99,189.14,193.99,188,274.4,133.02,272.36M,1.44M,576K,4.75K,40,0,-17.12,-4.42,1.67,-11.05,0.12
2026-08-04,BWHL,235.58,232.17,238,232,257.92,164.56,3.1B,13.33M,7.33M,21.53K,55,7.32,29.35,14.67,1.31,7.91,0.06
2026-08-04,CCM,51.25,52.18,52.89,51,68.88,34.4,1.18B,22.66M,10.2M,20.03K,45,0,2.96,-0.18,0.17,17.62,-0.87
2026-08-04,CEPB,30.15,29.13,30.15,29,46.7,24.59,11.7B,401.71M,120.51M,311.39K,30,0,-1.87,-1.96,0.89,-15.59,1.05
2026-08-04,CFL,56.9,58.35,61.9,55.02,94.01,45.1,724.58M,12.42M,3.73M,126.8,30,0,-49.59,-18.39,0.19,-1.18,0.03
2026-08-04,CHAS,98.57,93.86,100,93.5,160.49,56.01,2.69B,28.69M,4.3M,138.16K,15,0,-57.51,-5.08,0.26,-1.63,-0.15
2026-08-04,CHCC,333,326.91,334,324,390,225,63.52B,194.3M,116.58M,262.63K,60,1.68,37.91,19.73,1.69,8.62,0.33
2026-08-04,CLOV,8.6,8.38,8.6,8.35,88.64,6.59,3.26B,389.29M,214.11M,5.3M,55,0,0.61,4.44,4.48,13.72,-0.34
2026-08-04,CNERGY,11.16,11.01,11.16,10.9,11.48,5.87,60.48B,5.49B,1.37B,46.57M,25,0,2.78,4.49,0.27,3.96,0.07
2026-08-04,COLG,1239,1234.82,1250,1220,1330,1050,299.78B,242.77M,24.28M,7.51K,10,4.74,73.22,14.79,8.21,16.86,0.36
2026-08-04,CPHL,74.63,74.17,74.63,74.02,104.25,69.25,16.94B,228.46M,114.23M,162.28K,50,4.72,4.8,7.92,1.55,15.45,
2026-08-04,CPPL,100.95,98.98,100.95,98.83,125.5,64.79,4.86B,49.1M,29.46M,156.51K,60,3.03,1.5,0.52,0.56,66.01,-5.06
2026-08-04,CRTM,74,72,74,71,96.5,16.6,7.2B,100M,60M,7.91K,60,0,1.31,0.69,0.56,55.05,-7.64
2026-08-04,CSAP,107.6,106.1,108.59,105.6,143.5,78.25,8.24B,77.63M,34.93M,482.04K,45,7.07,19.74,17.22,0.84,5.37,0.77
2026-08-04,DAAG,75.59,76.54,78.5,75.59,120.25,52,306.16M,4M,970.7K,1.33K,24.27,,,,,,
2026-08-04,DADX,90,91.11,90,88.01,121.88,42.75,980.71M,10.76M,538.2K,312.2,5,0,-30.29,-37.21,3.78,-3.01,0.05
2026-08-04,DCL,11.05,10.94,11.06,10.9,16.31,6.61,5.95B,544.11M,190.44M,1.72M,35,0,-2.37,-4.8,0.24,-4.62,0.04
2026-08-04,DCR,37.94,38.49,38.69,37.7,41.8,28.1,85.59B,2.22B,555.92M,396.33K,25,6.7,2.31,78.71,1.13,16.66,
2026-08-04,DFSM,17.79,17.11,17.79,16.99,35.24,3.75,1.67B,97.75M,34.21M,845.93K,35,,,,,,
2026-08-04,DGKC,216,212.03,216.45,210.75,275.75,145.1,92.89B,438.12M,219.06M,4.99M,50,0.94,27.64,14.23,0.83,7.67,0.27
2026-08-04,DINT,67.16,67.16,69.98,67.16,96,41.36,3.52B,52.47M,7.87M,3.19K,15,0,-3.91,-0.63,0.5,-17.16,-1.79
2026-08-04,DMC,184,172.88,184,170,351.9,43.05,527.7M,3.05M,915.73K,290,30,,,,,,
2026-08-04,DNCC,17.12,17.07,17.3,17,28.07,14,5.4B,316.36M,94.91M,65.42K,30,0,-0.39,-1.76,2.61,-43.44,-0.3
2026-08-04,DOL,30.8,30.92,31.25,30.1,41,25.36,5.41B,175.03M,52.51M,69.21K,30,12.94,2.55,8.79,1.81,12.14,-3.94
2026-08-04,DYNO,344,344,344.95,341,366.9,254.3,6.49B,18.87M,12.27M,2.15K,65,4.72,55.14,7.33,1.19,6.24,0.67
2026-08-04,ECOP,49.11,49.38,49.5,48.79,78.25,33.82,2.38B,48.26M,36.19M,25.64K,75,4.05,7.67,5.37,1.32,6.43,0.15
2026-08-04,EFERT,190.9,187.08,191,186.54,263.3,180.15,249.81B,1.34B,600.88M,1.54M,45,6.55,15.94,9.36,5.7,11.73,-1.7
2026-08-04,ELCM,219.9,215.88,224.9,215,343.44,124,280.64M,1.3M,260K,411.8,20,0,-24.15,-3.34,4.14,-8.94,0.14
2026-08-04,ELSM,141.01,159.75,164.93,141.01,170,99,1.75B,10.95M,3.29M,1.83K,30,2.5,3.97,0.28,0.4,40.2,-34.83
2026-08-04,EMCO,52.7,51.99,52.7,51.5,80.55,31.29,1.82B,35M,10.5M,5.36K,30,,,,,,
2026-08-04,ENGROH,278.94,273.38,279,273,302.5,208,329.21B,1.2B,903.17M,939.51K,75,0,53.18,10.18,,5.14,0.31
2026-08-04,EPCL,34.7,34.7,35.76,34.01,39.32,27.01,31.54B,908.92M,227.23M,855.21K,25,0,-2.97,-3.28,1.52,-11.67,1.06
2026-08-04,EPQL,26.75,26.65,26.76,26.26,34.98,22.3,8.63B,323.8M,161.9M,1.08M,50,44.09,2.23,5.69,0.75,11.95,-4.24
2026-08-04,EXIDE,488,483.44,488,482.01,809,365,3.76B,7.77M,1.94M,7.51K,25,1.03,43.18,1.88,0.5,11.2,
2026-08-04,FABL,101.47,100.14,101.47,100,106,72.88,151.98B,1.52B,531.19M,429.47K,35,6.49,15.03,11.4,1.34,6.66,
2026-08-04,FANM,8.78,8.28,8.86,8,10.83,4.25,191.27M,23.1M,11.55M,900.12K,50,,,,,,
2026-08-04,FASM,293.2,314.07,350.48,293.2,430,240.02,3.14B,10M,1M,2.1K,10,0,-52.85,-1.19,0.3,-5.94,-1.51
2026-08-04,FATIMA,157.98,157.46,158,156.5,192.8,116.06,330.67B,2.1B,315M,476.51K,15,6.03,17.58,13.62,1.91,8.96,0.24
2026-08-04,FCCL,56.13,55.14,56.34,55,62.84,36.26,135.25B,2.45B,858.5M,5.24M,35,2.27,5.99,16.04,1.47,9.2,0.08
2026-08-04,FCEPL,110.4,110.62,114.49,109,118.01,63.86,84.8B,766.6M,76.66M,1.32M,10,3.16,4.51,3.23,4.51,24.53,0.71
2026-08-04,FCL,23.31,23.59,23.89,23.31,28.56,19.65,15.21B,644.58M,161.14M,673.14K,25,,,,,,
2026-08-04,FECM,20.84,21.87,21.87,20.79,57.06,11.75,248.01M,11.34M,8.51M,43.62K,75,,,,,,
2026-08-04,FECTC,107.02,105.99,108.5,105.8,195.75,72,5.32B,50.16M,12.54M,112.71K,25,1.89,14,5.6,1.05,7.57,-0.06
2026-08-04,FEM,11.69,11.29,11.95,11.25,17.7,5.13,592.05M,52.44M,36.71M,93.47K,70,,,,,,
2026-08-04,FEROZ,387.97,387.98,390,387.5,475,293.01,16.87B,43.47M,17.39M,16.73K,40,1.03,21.66,4.15,1.3,17.91,0.79
2026-08-04,FFC,572.99,571.13,574.55,570.1,685,425,821.87B,1.44B,791.46M,2.13M,55,7.18,61.43,16.53,3,9.3,0.14
2026-08-04,FFL,16.12,16.1,16.33,16,23.93,14,40.57B,2.52B,503.99M,2.2M,20,0,0.39,3.18,3.6,41.69,0.02
2026-08-04,FFLM,15.49,14.68,15.5,14.2,27.23,4.4,387.75M,26.41M,17.17M,166.99K,65,,,,,,
2026-08-04,FHAM,33.75,33.95,33.98,33.75,39.49,26.56,3.76B,110.83M,94.21M,7.9K,85,6.63,7.53,17.05,0.62,4.51,0.11
2026-08-04,FIBLM,14.59,14.04,14.59,13.96,22.24,6.81,304.49M,21.69M,10.84M,178.69K,50,0,0.94,43.94,1.22,14.99,0.43
2026-08-04,FIMM,186.07,185.36,209,181.02,397.69,173.39,556.08M,3M,900K,67.5,30,,,,,,
2026-08-04,FLYNG,44.6,44.84,46,44.58,61,38.51,31.15B,694.8M,104.22M,67.62K,15,0,1.29,5.99,2.42,34.71,0.13
2026-08-04,FML,53.03,52.36,54,52,86,34.05,20.91B,399.41M,39.94M,37.8K,10,0,0.46,0.27,0.62,113.7,-24.8
2026-08-04,FPJM,10.85,10.85,11.25,10.51,14.99,4.23,369.12M,34.02M,13.61M,724.04K,40,0,-3.22,-38.72,-0.8,-3.37,0.45
2026-08-04,FPRM,11.99,11.74,11.99,11.52,16.99,9.25,161.88M,13.79M,6.2M,120.92K,45,,,,,,
2026-08-04,FRCL,104.95,96.18,104.95,94.02,118.45,39.02,3.64B,37.87M,1.89M,1.42K,5,,,,,,
2026-08-04,FRSM,44,42.38,44,42.3,63.48,34.22,1.67B,39.51M,11.85M,4.75K,30,0,10.05,3.35,0.76,4.21,0.01
2026-08-04,FTMM,16.1,16.19,16.8,16.1,23.75,11.14,3.17B,195.6M,9.78M,4.82K,5,9.27,0.5,2.47,1.14,32.66,-1.45
2026-08-04,FTSM,32.37,34.85,34.91,31.6,57,11.52,737.53M,21.16M,8.47M,46.57K,40,,,,,,
2026-08-04,FZCM,260,246.23,260,231.5,333.39,185.52,7.39B,30M,3M,1.93K,10,0,3.02,0.1,0.15,81.61,40.99
2026-08-04,GADT,308.02,309.09,319,291,499,215,8.66B,28.03M,8.41M,45.64K,30,0,43.77,1.72,0.35,7.06,0.61
2026-08-04,GAL,601.37,595,604.25,593,633,291,33.92B,57M,22.8M,601.05K,40,1.68,117.24,12.52,1.77,5.08,0
2026-08-04,GATI,84.8,83.29,84.8,83.15,147.5,62.55,9.06B,108.73M,16.31M,6.66K,15,0,-10.67,-4.01,0.77,-7.81,-5.46
2026-08-04,GATM,26.93,26.38,26.95,26.01,40.7,16.5,19.52B,740.06M,185.01M,379.81K,25,0,2.72,1.18,0.38,9.71,0.82
2026-08-04,GCIL,37.19,36.26,37.21,36,40.6,23.81,20.68B,570.45M,228.18M,4.98M,40,0,5.27,33.37,,6.88,
2026-08-04,GCWL,16.31,16.1,16.31,15.95,25.15,11.76,4.03B,250.14M,111.05M,391.47K,44.39,,,,,,
2026-08-04,GDL,17.67,17.42,17.69,17.37,33,16.9,7.48B,429.2M,107.3M,403.96K,25,,,,,,
2026-08-04,GEMBCEM,0,11.05,0,0,14.5,9.64,1.1B,100M,25M,500.33,25,,,,,,
2026-08-04,GEMMEL,24.51,27.2,24.51,24.51,39,19.1,5.28B,194.1M,19.41M,750.5,10,,,,,,
2026-08-04,GEMPACRA,37.99,35.75,37.99,37.99,49,22,2.66B,74.53M,7.45M,21K,10,,,,,,
2026-08-04,GEMPAPL,11,10.5,11,10.5,19,9,210M,20M,15M,38.83K,75,,,,,,
2026-08-04,GFIL,31,30.92,31.5,30.75,35.18,12.1,1.01B,32.64M,3.26M,18.01K,10,,,,,,
2026-08-04,GGGL,9.1,8.91,9.1,8.88,14.47,6.7,2.14B,240M,120M,330.8K,50,0,0.54,4.51,0.73,16.63,0.79
2026-08-04,GGL,23.91,23.75,23.92,23.66,31.31,14.1,8.41B,354.12M,177.06M,1.96M,50,0,9.78,31.53,1.04,2.43,0.05
2026-08-04,GHGL,39.4,40.01,41.4,39.3,52.25,27.78,40B,999.71M,349.9M,420.7K,35,5,6.21,13.11,0.99,6.44,0.25
2026-08-04,GHNI,1229.89,1210.05,1229.89,1205,1285.15,590,51.56B,42.61M,14.91M,109.96K,35,0.83,162.33,11.84,2.8,7.45,0.02
2026-08-04,GIL,0,1000,0,0,0,0,0,0,0,0,0,0.3,15.14,0.25,0,66.03,-14.54
2026-08-04,GLAXO,352,350.87,354.88,349.71,459.94,293.09,111.74B,318.47M,63.69M,96.95K,20,4.85,33,15.6,3.08,10.63,0.17
2026-08-04,GOC,183.64,176.17,189.99,175.11,235,77,1.29B,7.35M,1.1M,10.9K,15,0.57,4.14,6.12,1.8,42.51,1.58
2026-08-04,GTYR,33.45,33.37,34.55,33.15,48,22.26,4.07B,121.93M,48.77M,517.53K,40,0,-6.34,-4.84,0.64,-5.26,0.56
2026-08-04,GVGL,54.9,54.22,55.41,54.02,73.99,43.65,8.13B,149.94M,29.38M,930,19.59,5.53,6.64,15.54,1.61,8.16,
2026-08-04,GWLC,50.2,49.84,50.87,49.51,77.96,38.75,19.95B,400.27M,40.03M,177.07K,10,3.01,6.74,12.64,0.73,7.39,0.5
2026-08-04,HAEL,27,27.54,28.1,27,37.96,14.91,357.92M,13M,1.95M,3.5K,15,,,,,,
2026-08-04,HAFL,535.96,482.13,570,478,629.5,283.58,578.56M,1.2M,42.48K,249.8,3.54,,,,,,
2026-08-04,HALEON,774.99,761.24,774.99,757,1010,655,89.11B,117.05M,15.74M,20.87K,13.44,3.94,55.96,15.35,6.12,13.6,0.19
2026-08-04,HCAR,241.98,238.8,242.88,237.99,318,147.5,34.1B,142.8M,28.56M,1.22M,20,3.77,34.25,3.68,1.28,6.97,32.55
2026-08-04,HINO,388.56,382.12,395.99,380,585,264.69,9.48B,24.8M,2.55M,4.92K,10.28,2.86,13.47,3.24,1.51,28.36,10.51
2026-08-04,HINOON,979,977.95,984.9,977.94,1241,755.56,51.82B,52.98M,21.19M,17.17K,40,5.11,75.63,14.32,3.5,12.93,0.3
2026-08-04,HPL,4022.94,3916.15,4022.94,3900,4889.99,2925.66,37.77B,9.64M,964.48K,37.4,10,6.13,317.04,9.84,4.24,12.35,0.28
2026-08-04,HRPL,21.57,20.74,21.69,20.6,37,16.51,829.6M,40M,8M,126.32K,20,0,-3.09,-5.61,1.12,-6.72,0.29
2026-08-04,HTL,40.66,40.58,42.47,40.35,66.5,31.01,5.65B,139.2M,34.8M,305.06K,25,0,3.83,1.49,0.86,10.61,1.04
2026-08-04,HUBC,221,218.48,221,218.05,249.99,157.25,283.4B,1.3B,972.87M,1.79M,75,11.44,34.65,63.41,1.25,6.31,-4.99
2026-08-04,IBFL,305.89,286.68,305.89,285,397.32,176.55,89.02B,310.51M,15.53M,1.06K,5,0,-1.49,-0.44,1.55,-192.04,-19.25
2026-08-04,IBLHL,49.2,49.02,49.92,48.81,85.82,36,4.83B,98.53M,24.63M,82.49K,25,0,2.44,5.36,1.94,20.09,5.11
2026-08-04,ICCI,13.41,13.54,13.95,13.41,17.91,8.61,406.22M,30M,4.5M,11.27K,15,,,,,,
2026-08-04,ICL,137,135.75,138,135,176,85.1,13.57B,100M,45M,40.88K,45,2.21,13.74,4.34,1.24,9.88,0.38
2026-08-04,IDEAL,40,40.01,44,40,87.7,15.75,396.9M,9.92M,1.49M,1.52K,15,,,,,,
2026-08-04,IDRT,37,39.64,40.7,37,68.08,19.31,786.96M,19.85M,1.99M,67.45K,10,,,,,,
2026-08-04,ILP,104.99,103.88,106,103,110.5,67.4,145.61B,1.4B,280.34M,855.4K,20,2.89,8.3,6.45,2.39,12.52,0.2
2026-08-04,IMAGE,26.7,26.9,27.07,26.67,32.46,19,6.2B,230.37M,149.74M,783.32K,65,7.43,3.49,17.93,1.28,7.7,
2026-08-04,INIL,158.3,157.17,158.5,156.51,249,127.3,20.73B,131.88M,59.35M,133.47K,45,3.82,14.32,1.72,0.64,10.98,-3.49
2026-08-04,INKL,96.04,91.9,96.04,91,126,30.15,889.13M,9.68M,3.87M,51.75K,40,,,,,,
2026-08-04,IPAK,37.29,37.01,37.45,36.91,38,21.02,27.21B,735.21M,220.56M,428.26K,30,1.54,3.81,7.22,2.13,9.72,
2026-08-04,IREIT,8.03,8.04,8.09,7.97,13.05,7.26,2.22B,275.86M,96.55M,110.51K,35,,,,,,
2026-08-04,ISIL,1930,1920.16,1930,1920.01,2370,1725.01,127.42B,66.36M,3.32M,11,5,0.26,62.5,3.31,4.6,30.72,0.47
2026-08-04,ISL,86.2,85.57,86.7,85.1,135,65.45,37.22B,435M,152.25M,211.66K,35,5.26,6.93,3.59,1.46,12.34,-2.97
2026-08-04,ITANZ,49.9,48.76,49.97,47.9,49.97,47.9,5.78B,118.6M,48.52M,6.72M,40.91,,,,,,
2026-08-04,ITTEFAQ,8.8,8.8,8.9,8.75,12.64,5.75,1.27B,144.34M,93.82M,601.29K,65,0,-3.91,-27.88,0.44,-2.25,
2026-08-04,JATM,43.25,46.89,46.89,43.25,49.08,14.61,590.87M,12.6M,1.89M,103.77K,15,,,,,,
2026-08-04,JDMT,164.99,169.25,174.9,153.1,199.89,60.1,1.17B,6.92M,2.07M,432.34K,30,,,,,,
2026-08-04,JDWS,917.97,907.6,917.97,907,1019.98,780,52.44B,57.78M,8.67M,174.6,15,5.51,162.29,7.18,1.39,5.59,0.19
2026-08-04,JSML,67.5,67.83,70.7,65.26,147.5,45.61,2.31B,34.13M,13.65M,320.16K,40,0,3.91,1.36,0.25,17.36,0.84
2026-08-04,JVDC,144.41,142.66,144.83,142.5,163.9,65.15,54.33B,380.86M,190.43M,429.14K,50,3.5,10.67,38.34,1.96,13.38,-0.01
2026-08-04,KCL,141,145,141,141,195.69,115.02,2.11B,14.55M,10.91M,54,75,,,,,,
2026-08-04,KEL,7.3,7.26,7.32,7.2,9.58,4.91,200.49B,27.62B,2.76B,10.95M,10,0,0.42,2.19,1.74,17.41,
2026-08-04,KHYT,2016.01,2041.1,2060,2016.01,2689,1131.01,2.51B,1.23M,20.67K,256.2,1.68,,,,,,
2026-08-04,KOHC,98.08,96.7,98.96,96,567.99,74,88.9B,919.31M,229.83M,350.34K,25,0,10.62,25.96,1.61,9.1,0.32
2026-08-04,KOHE,15.7,15.49,15.7,15.11,23.49,12.33,2.62B,169.46M,67.78M,72.59K,40,0,3.94,15.83,0.58,3.93,-0.38
2026-08-04,KOHTM,122.34,116.92,122.94,116.1,210,40,2.43B,20.8M,6.24M,102.35K,30,1.71,14.85,3.65,0.5,7.88,0.2
2026-08-04,KPUS,1160,1095.02,1165.5,1090,2849.99,115.11,17.54B,16.02M,800.88K,18.9K,5,0,5.68,1.21,4.38,192.76,7.56
2026-08-04,KSBP,237.95,245.67,257.46,233.95,263.98,155.2,7.59B,30.9M,8.37M,77.26K,27.08,0.41,7.14,3.26,1.78,34.4,3.36
2026-08-04,KTML,44.5,43,44.99,42.9,305,37.02,57.9B,1.35B,269.3M,1.15M,20,0.93,7.94,8.01,0.72,5.42,0.18
2026-08-04,LCI,230,228.35,233.5,227,377.88,201.17,105.45B,461.8M,92.36M,74.66K,20,5.01,20.25,8.25,1.88,11.28,0.54
2026-08-04,LEUL,44.84,43.35,44.84,43,72.68,25.76,260.1M,6M,1.8M,20.6K,30,,,,,,
2026-08-04,LIVEN,35.9,35.15,35.9,35.1,74.4,27.82,3.97B,113.04M,11.3M,35.59K,10,,,,,,
2026-08-04,LOADS,13.75,13.56,13.82,13.42,22.6,10.93,5.03B,371.25M,185.62M,811.69K,50,0,1.07,4.28,0.96,12.7,-0.01
2026-08-04,LOTCHEM,27.38,26.91,27.38,26.85,34.3,18.41,40.75B,1.51B,378.55M,2.61M,25,24.15,3.1,5.49,2.01,8.69,-6.4
2026-08-04,LPGL,92,90.75,93.85,88.85,124.48,63.01,680.62M,7.5M,1.88M,1.18K,25,,,,,,
2026-08-04,LUCK,450,443.4,451.99,442.5,529.5,339,649.58B,1.47B,439.5M,1.29M,30,0.9,56.88,16.86,1.61,7.8,0.16
2026-08-04,MACFL,71.01,70.3,77.4,69,86.98,19.52,4.17B,59.3M,23.72M,206.05K,40,0.71,2.13,1.96,1.79,32.98,7.82
2026-08-04,MACTER,280,278.97,280.01,275.52,443.5,255.1,12.78B,45.81M,18.32M,5.11K,40,1.36,17.8,6.82,3.17,15.67,0.29
2026-08-04,MARI,652.5,649.77,653,648.5,795,544.56,780.13B,1.2B,240.12M,381.36K,20,4.62,57.11,37.45,2.73,11.38,0.49
2026-08-04,MEBL,572,573.7,576.7,569.5,582,362,1.03T,1.8B,450.14M,757.16K,25,4.97,50.58,19.77,3.63,11.34,
2026-08-04,MEHT,190,169.98,190,169.98,389,169.98,5.1B,30M,19.5M,93.52K,65,0,39.74,1.87,0.27,4.28,0.12
2026-08-04,MERIT,10.22,9.83,10.22,9.8,14.69,7.1,1.97B,199.96M,39.99M,72.23K,20,0,-1.75,-10.52,0.84,-5.62,0.01
2026-08-04,MFFL,176.81,175.66,178.99,171,237,139.66,4.02B,22.88M,3.85M,22.6K,16.82,,,,,,
2026-08-04,MFL,41.65,41.21,41.98,41,85.73,37.56,5.04B,122.4M,42.84M,189.16K,35,0,4.13,1.98,0.47,9.97,0.2
2026-08-04,MIRKS,32.9,32.44,32.97,32.35,44.5,22.28,2.16B,66.56M,29.95M,60.38K,45,0,-6.18,-3.48,0.87,-5.25,-0.1
2026-08-04,MLCF,97,95.93,97,95.62,132.99,71,100.49B,1.05B,471.4M,13.53M,45,0,11.34,13.96,1.21,8.46,0.2
2026-08-04,MQTM,29.5,28.95,29.8,27.11,49,17.97,533.61M,18.43M,4.61M,119.17K,25,0,-79.43,-17.35,1.68,-0.36,0.01
2026-08-04,MRNS,63.98,63.08,64.85,63.03,94.01,52.32,4.73B,74.93M,26.22M,97.89K,35,10.3,22.15,14.35,1.01,2.85,
2026-08-04,MSCL,23,23.55,24,22.8,46.53,12.05,729.52M,30.98M,7.74M,95.9K,25,,,,,,
2026-08-04,MTL,300.91,302.21,305,298,636.99,279,120.59B,399.03M,179.56M,263.7K,45,5.79,18.49,12.64,15.6,16.35,0.94
2026-08-04,MUGHAL,82,81.48,82.49,81.01,113.99,59,27.35B,335.63M,117.47M,388.34K,35,0,6.37,2.8,0.9,12.79,0.87
2026-08-04,MWMP,62.45,60.09,62.45,59,170.95,33.1,1.73B,28.75M,7.19M,28.36K,25,,,,,,
2026-08-04,NATM,77,85.16,77,77,92.94,77,1.81B,21.27M,1.06M,0,5,0,-53.59,-51.27,0.83,-1.59,0.05
2026-08-04,NESTLE,7749,7589.91,7749,7550,10524.97,7000,344.2B,45.35M,4.53M,782.4,10,7.21,370.41,8.2,17.53,20.49,1.24
2026-08-04,NETSOL,122,121.98,122.9,121,164.59,87.66,10.96B,89.84M,26.95M,71.34K,30,0,32.29,21.96,0.87,3.78,0.09
2026-08-04,NML,147.98,144.38,149.01,143.85,208.4,120,50.76B,351.6M,158.22M,1.42M,45,1.39,33.41,5.75,0.3,4.32,1.53
2026-08-04,NONS,89.6,90.93,94.2,89.02,157.1,70.02,1.5B,16.52M,3.3M,9.13K,20,4.4,18.71,2.44,0.79,4.86,0.72
2026-08-04,NRL,451.16,442.76,453.02,442,477.45,230,35.41B,79.97M,26.31M,1.07M,32.91,0,108.68,2.33,0.6,4.07,0.01
2026-08-04,NRSL,34.04,34.64,34.88,34.04,39.25,20.6,4.9B,141.32M,42.4M,129.39K,30,0,2.09,2.61,1.34,16.55,1.48
2026-08-04,NSRM,254.98,247.97,259.9,245.01,362.31,84.01,3.86B,15.55M,777.66K,10.95K,5,0,6.79,4.51,2.41,36.54,0.22
2026-08-04,OCTOPUS,31.95,31.57,31.95,31.25,60.89,24.35,5B,158.22M,47.18M,75.86K,29.82,,,,,,
2026-08-04,OGDC,320.1,314.11,320.38,313.07,352,238.2,1.35T,4.3B,645.14M,2.17M,15,5.09,36.17,39.85,0.96,8.68,0.76
2026-08-04,OLPM,24.74,25.03,25.72,24.51,25.98,19,1.14B,45.38M,34.04M,2.48K,75,9.99,3.44,9.88,0.85,7.28,-1.83
2026-08-04,OML,129.98,120.32,129.98,120.32,187.24,25.8,1.44B,12M,1.2M,197.25K,10,,,,,,
2026-08-04,ORM,11.62,11.07,11.62,11,16.79,9.2,830.25M,75M,26.25M,652.96K,35,,,,,,
2026-08-04,OTSU,409.8,410,410,405,447.94,254.95,4.96B,12.1M,3.02M,2.17K,25,0,28.78,8.39,4.61,14.25,1.85
2026-08-04,PAEL,42.65,41.92,42.77,41.85,64.6,32.01,38.72B,923.65M,508.01M,3.02M,55,0,4.46,5.86,0.77,9.4,0.33
2026-08-04,PAKD,124,122.12,125,122,231.24,85.01,1.45B,11.86M,5.06M,2.47K,42.63,,,,,,
2026-08-04,PAKOXY,286,285.5,287,285.5,356.68,218.01,24.87B,87.12M,21.78M,3.36K,25,0,22.58,14.35,2,12.64,0.15
2026-08-04,PAKQATAR,20.85,20.77,20.9,20.75,29.4,15.24,4.79B,230.71M,80.75M,388.87K,35,,,,,,
2026-08-04,PIBTL,17.04,16.74,17.19,16.38,22.97,10,29.9B,1.79B,803.74M,33.56M,45,0,1.18,14.81,1.7,14.2,8.05
2026-08-04,PICT,57.25,54.64,57.25,54,61.5,23.65,5.96B,109.15M,21.83M,805.84K,20,0,-1.17,-1281.2,4.4,-46.55,2.31
2026-08-04,PIM,22.01,22,22.05,22,31.33,16.16,440M,20M,1M,916.2,5,,,,,,
2026-08-04,PIOC,273,267.17,273.5,266.55,427.5,200.01,60.69B,227.15M,34.07M,211.09K,15,3.74,29.03,17.09,1.23,9.2,0.15
2026-08-04,PKGS,811.83,796.13,811.83,792,855,611.01,71.16B,89.38M,17.88M,2.31K,20,2.01,-9.43,-0.43,1.08,-84.42,-3.57
2026-08-04,PMRS,473.43,481.47,515,455,835,276.45,1.81B,3.75M,387.66K,4.08K,10.34,0,-226.21,-2.28,0.39,-2.13,-0.06
2026-08-04,POML,171,170.39,174,170,220,113.11,1.32B,7.76M,3.11M,5.97K,40,,,,,,
2026-08-04,POWER,20.95,21.74,21.99,20.62,24.26,13.75,28.06B,1.29B,452.11M,1.69M,35.03,0,2.24,8.78,1.19,9.7,0.15
2026-08-04,PPL,222,217.72,222.48,217.45,284.6,175.8,592.41B,2.72B,669.51M,2.42M,24.61,3.9,28.99,33.84,0.79,7.51,
2026-08-04,PPP,134,132.4,135,132,203.29,91,1.06B,8M,4M,2.01K,50,3.78,17.67,7.84,0.58,7.49,0.3
2026-08-04,PQGTL,14.15,14.35,14.54,14.15,19.8,10.25,1.45B,101.11M,40.44M,170.16K,40,,,,,,
2026-08-04,PREMA,34.87,33.91,34.87,33.82,56.38,23,7.41B,218.64M,65.59M,3.11M,30,0,2.73,9.01,1.22,12.4,0.27
2026-08-04,PRL,63.9,62.7,64.89,62.4,65.99,23.2,39.5B,630M,227.29M,21.06M,36.08,0,19.07,3.89,1.02,3.29,0.02
2026-08-04,PSEL,871.01,887.92,902.95,871.01,1635,799,28.88B,32.52M,30.82M,175.2,94.76,0,5.58,1.22,0.64,159.11,5.46
2026-08-04,PSO,350.5,353.61,357.77,349,506.75,320.11,166.01B,469.47M,234.74M,3.46M,50,2.83,92.73,1.35,0.57,3.81,0.03
2026-08-04,PSYL,137,134.68,137,133,158,52.26,18.68B,138.7M,6.93M,149.25,5,0,3.38,3.07,3.72,39.8,1.03
2026-08-04,PTL,54.38,53.96,54.9,53.57,65.88,46.4,9.07B,168M,42M,142.08K,25,7.41,6.4,3.09,1.12,8.44,
2026-08-04,QTECH,48.03,45.6,48.45,45.11,57.8,23.1,5.54B,121.58M,30.39M,1.52M,25,,,,,,
2026-08-04,QUICE,34.69,34.35,34.83,34.2,46.06,7.7,3.38B,98.46M,68.92M,111.84K,70,,,,,,
2026-08-04,REDCO,31,30.34,31.91,27.3,40.4,14.9,1.5B,49.29M,2.46M,7.86K,5,,,,,,
2026-08-04,REWM,174,170,174,168,244.05,96.02,5.24B,30.81M,10.78M,386.6,35,,,,,,
2026-08-04,RMPL,9295,9301.28,9326,9294,13565.64,8500,85.91B,9.24M,461.82K,54.2,5,5.1,715.93,9.02,2.75,12.99,3.23
2026-08-04,RPL,16.74,16.63,16.9,16.51,25.05,12,2.36B,141.9M,44.42M,283.06K,31.3,0,0.13,0.16,0.27,131.98,-35.89
2026-08-04,RUPL,28.1,29.99,30,28.1,42.79,23.11,1.02B,34.07M,10.22M,3.48K,30,0,-20.94,-21.91,0.18,-1.43,0.03
2026-08-04,SANSM,134.99,132.05,140,130,148.99,41,1.58B,11.95M,6.57M,3.7K,55,0,16.24,3.1,0.49,8.13,0.07
2026-08-04,SAPT,1495.97,1428.13,1495.97,1431.01,1606,1164,30.98B,21.69M,2.17M,45.75,10,0.7,387.04,5.77,0.38,3.69,0.24
2026-08-04,SARC,101.7,101.62,103.5,97,120.32,46.68,609.72M,6M,2.7M,10.12K,45,,,,,,
2026-08-04,SASML,355,362.42,386.5,355,469.49,164.2,3.78B,10.43M,2.61M,312.4,25,0.55,6.09,1.12,1.41,59.55,2.08
2026-08-04,SAZEW,1952.53,1920.57,1960,1913,2487,1308,116.09B,60.45M,21.16M,63.83K,35,3.64,303.75,12.89,3.26,6.32,0
2026-08-04,SCL,750,750.07,750,750,1125,300,2.93B,3.9M,195K,0,5,0,-53.91,-8.05,9.44,-13.91,1.05
2026-08-04,SEARL,91,90.07,91,89.55,137.44,76.37,52.98B,588.22M,294.11M,1.27M,50,0,2.04,6.01,1.54,44.23,181.47
2026-08-04,SEL,29.5,28.17,29.5,27.57,45.56,11.1,537.82M,19.09M,10.5M,7.32K,55,,,,,,
2026-08-04,SELECT,28.35,27.78,28.45,27.65,33.6,26.02,24.69B,888.89M,88.89M,1.05M,10,,,,,,
2026-08-04,SERT,49.4,46.33,49.4,46.29,84.49,19.17,638.78M,13.79M,2.07M,111.92K,15,,,,,,
2026-08-04,SGF,116,114.65,116,114.45,141.89,71.51,23.67B,206.47M,51.62M,49.77K,25,1.74,11.16,12.03,2.66,10.27,
2026-08-04,SGPL,72,75.25,77.88,72,129.07,7.2,1.34B,17.83M,16.05M,2.94M,90,,,,,,
2026-08-04,SHCM,48.8,55,55,48.8,96.58,30.52,970.02M,17.64M,1.76M,9.85K,10,,,,,,
2026-08-04,SHDT,55.99,54.66,57.99,54,74.81,36.46,1.25B,22.85M,8M,92.08K,35,,,,,,
2026-08-04,SHFA,527.89,513.38,527.89,510,615.28,424.13,32.45B,63.21M,28.45M,8.35K,45,0.97,41.05,8.72,1.96,12.5,0.26
2026-08-04,SHSML,375.05,390,395.02,375.05,549,326,8.24B,21.12M,7.39M,3.86K,35,5.13,36.69,3.58,0.63,10.63,0.39
2026-08-04,SIEM,1516,1516.01,1517,1516,1740,1335,12.5B,8.25M,412.35K,285,5,0,4.55,0.48,2.03,333.03,-17.36
2026-08-04,SINDM,24.1,24,24.2,23.25,41.25,12,1.08B,45M,4.5M,9.29K,10,,,,,,
2026-08-04,SITC,829.3,800,829.3,799.9,1060,555.32,17.14B,21.43M,6.43M,3.86K,30,1.38,65.36,4.3,0.86,12.24,0.75
2026-08-04,SLGL,15.88,15.58,15.93,15.5,26.5,13,6.57B,421.79M,126.54M,648.73K,30,,,,,,
2026-08-04,SLM,24.35,24.25,24.7,24.1,26.25,21.95,189.02B,7.79B,779.48M,2.44M,10,,,,,,
2026-08-04,SMCPL,42.7,41.55,42.7,41.51,57.3,23.99,1.04B,25M,7.5M,3.95K,30,,,,,,
2026-08-04,SNAI,35.55,37.29,37.29,35.55,43.9,25,744.49M,19.96M,6.99M,6.88K,35,0,6.54,5.84,1.04,5.7,-0.57
2026-08-04,SNGP,106.3,106.8,109.9,105.76,142.6,83.2,67.73B,634.22M,253.69M,1.92M,40,2.81,22.94,1.17,0.86,4.66,-0.82
2026-08-04,SPEL,48.99,47.96,49.5,47.65,83.5,32.91,9.58B,199.74M,39.95M,738.88K,20,2.5,6.37,13,1.43,7.53,0.18
2026-08-04,SPSL,16.77,16.72,17.2,16.57,23.45,16.15,28.09B,1.68B,335.98M,3.03M,20,,,,,,
2026-08-04,SRR,16.25,16.46,16.52,16.25,21,15.26,543.18M,33M,13.2M,44.46K,40,,,,,,
2026-08-04,SRVI,2073.78,2087.63,2092,2055,2464,1130,98.09B,46.99M,23.49M,11.35K,50,0.84,223.93,6.65,3.74,9.32,0.09
2026-08-04,SSGC,25.93,26.74,27.74,25.9,46.23,19.02,23.56B,880.92M,336.86M,10.42M,38.24,1.87,-2.87,-0.65,1.79,-9.33,88
2026-08-04,SSOM,462,457.51,462,456.03,843,351.1,2.59B,5.66M,1.4M,12.18K,24.69,,,,,,
2026-08-04,STCL,11.21,11.04,11.21,10.9,19.4,8.55,2.64B,239.32M,131.63M,244.01K,55,0,-4.03,-8,1.52,-2.74,0.13
2026-08-04,STJT,151,152.99,152.99,150.05,162,70,1.48B,9.66M,1.45M,712.6,15,3.6,27.72,4.42,0.6,5.52,0.5
2026-08-04,STL,38.98,37.96,38.98,37.8,2231.81,34.85,4.09B,107.62M,43.05M,168.58K,40,,,,,,
2026-08-04,STML,54,50.67,54,50.68,70.38,22.8,437.79M,8.64M,2.59M,14.12K,30,0,-6.99,-1.76,0.57,-7.24,0.54
2026-08-04,STYLERS,50.47,50.53,51.25,50.01,56.84,36,24.7B,488.83M,24.44M,12.41K,5,2.97,2.28,5.99,1.81,22.2,
2026-08-04,SURC,171.11,158.34,178,155,181,88,7.73B,48.81M,9.76M,204.65K,20,3.16,29.17,5.06,0.53,5.43,0.99
2026-08-04,SYM,12.2,11.81,12.2,11.6,17.04,9.01,3.37B,285.25M,156.89M,1.32M,55,,,,,,
2026-08-04,SYS,133.85,132.56,134,132.2,174.4,105.98,195.31B,1.47B,957.71M,1.15M,65,1.51,7.86,13.4,3.16,16.86,0.22
2026-08-04,SZTM,86.28,92.63,96.85,85.05,127.25,36,1.66B,17.97M,1.8M,25.18K,10,,,,,,
2026-08-04,TATM,131.5,130.19,133.18,129.9,284,82,7.29B,55.99M,11.2M,15.52K,20,,,,,,
2026-08-04,TCORP,23.25,21.3,23.25,20.91,31.87,15.62,1.41B,66.21M,23.17M,123.36K,35,0,1.62,1.24,0.37,13.11,-0.87
2026-08-04,TELE,8.5,8.48,8.57,8.4,14.09,6.22,2.87B,338.62M,326M,3.09M,96.27,0,0.51,1.67,0.65,16.7,0.68
2026-08-04,TGL,193,190.94,193,188.13,291.5,128,32.87B,172.17M,68.87M,69.32K,40,3.67,24.49,13.38,1.34,7.8,0.25
2026-08-04,THCCL,65.95,64.06,65.95,63.91,103.5,42.52,31.94B,498.59M,174.51M,2.96M,35,0,7.24,24.4,3.14,8.85,0.05
2026-08-04,TICL,1259.98,1286.72,1309,1259.98,1309,540.05,19.33B,15.02M,226.46K,8.92K,1.51,0.78,107.51,4.88,1.56,11.97,1.24
2026-08-04,TOMCL,36.82,36.52,37.19,36.4,75.85,28.3,7.17B,196.34M,107.99M,1.28M,55,0,1.84,2.74,1.09,19.85,2.12
2026-08-04,TOWL,124.34,122.74,124.34,120.11,195.95,92.5,2.09B,17M,3.4M,4.56K,20,,,,,,
2026-08-04,TPLRF1,10.7,10.18,10.7,10.1,18.39,7.5,18.68B,1.83B,1.38B,8.69M,75,,,,,,
2026-08-04,TREET,23.3,23.07,23.34,22.99,37,19.55,8.56B,371.03M,185.51M,2.21M,50,0,1.29,1.81,1.06,17.82,0.5
2026-08-04,TRSM,19.59,23.95,23.95,19.59,71.65,8,713.71M,29.8M,23.84M,5.97M,80,,,,,,
2026-08-04,UBDL,26.05,27.04,29.44,26.05,34.5,20.01,2.48B,91.8M,4.59M,132.16K,5,,,,,,
2026-08-04,UDLI,18.79,18.49,19.21,18.45,25.5,8.31,649.38M,35.12M,14.05M,1.44M,40,,,,,,
2026-08-04,UDPL,121,120.17,121,119.51,168.99,75.05,4.24B,35.27M,5.29M,2.52K,15,,,,,,
2026-08-04,UNITY,10.04,10.13,10.16,10.02,31.74,7.51,12.1B,1.19B,537.32M,1.85M,45,0,1.6,2.34,0.65,6.33,0.11
2026-08-04,UPFL,25438,25386,25438,25251,34500,22562.78,161.71B,6.37M,521.22K,18.4,8.18,5.74,1001.9,14.74,19.08,25.34,1.02
2026-08-04,WAFI,180.1,182.13,186,180.1,260,165,38.98B,214.02M,32.1M,163.03K,15,,,,,,
2026-08-04,WAHDAT,16.25,16.17,16.3,16.05,21.78,15.45,5.42B,335.22M,83.81M,294.31K,25,,,,,,
2026-08-04,WAHN,290,287.2,294.45,287.03,435,225.23,2.58B,9M,3.15M,2.39K,35,3.48,51.77,9.43,0.89,5.55,0.35
2026-08-04,WASL,6.38,6.56,6.8,6.2,6.8,4.31,1.05B,160.72M,96.43M,21.53M,60,,,,,,
2026-08-04,WAVES,10.79,10.63,10.79,10.52,16.95,8.02,2.99B,281.41M,196.98M,4.47M,70,0,1,5.91,0.3,10.58,-2.2
2026-08-04,ZAHID,75.4,69.93,75.49,69.01,102.51,32.69,13.39B,191.42M,5.94M,200.59K,3.11,0,7.93,3.96,0.61,8.81,0.68
2026-08-04,ZAL,44,44.26,46.74,43.99,79.5,23.56,11.62B,262.5M,65.62M,1.83M,25,,,,,,
2026-08-04,ZIL,373.99,369,373.99,350.02,722,300,2.26B,6.12M,306.13K,262.4,5,,,,,,
2026-08-04,ZTL,17.3,18.56,18.79,17,24.48,9.75,1.1B,59.43M,14.86M,267.33K,25,0,-0.82,-0.65,0.44,-22.68,2.76
2026-08-05,ABOT,925.51,925.86,939.5,919.1,1304,821,90.64B,97.9M,21.17M,9.83K,21.63,4.32,84.85,10.97,2.69,10.91,0.61
2026-08-05,ACPL,234.99,234.14,235,232.14,325.01,205,32.18B,137.43M,13.74M,45.55K,10,3.63,20.97,6.74,1.35,11.16,0.81
2026-08-05,ADAMS,64.71,63.58,65.25,60.5,90.98,57.25,1.1B,17.29M,3.46M,8.13K,20,6.29,-5.93,-1.01,0.18,-10.72,1.05
2026-08-05,AGIL,153.03,152.99,153.4,152.2,198,121.2,5.51B,36M,21.6M,13.26K,60,1.14,24.75,5.37,0.82,6.18,0.47
2026-08-05,AGP,193,191.78,194,191.12,258.67,163,53.7B,280M,84M,123.13K,30,4.17,13.41,13.14,3.29,14.3,0.26
2026-08-05,AGTL,390,376.99,404,371.55,497,288,21.85B,57.96M,3.67M,40.75K,6.34,0,35.36,8.63,1.95,10.66,1.32
2026-08-05,AHTM,100,98,100,95.51,134.15,60,830.21M,8.47M,1.27M,1.08K,15,1.53,12.65,2.07,0.35,7.74,-2.73
2026-08-05,AIRLINK,136.05,137.71,138.87,135.51,199,118,54.43B,395.27M,118.58M,632.18K,30,6.54,14.02,6.35,2.97,9.82,
2026-08-05,AKGL,51.95,54.32,54.4,51,68.25,48.01,543.2M,10M,1M,506,10,,,,,,
2026-08-05,ALNRS,128.98,130.48,132,126.01,144,82,2.67B,20.47M,4.09M,1.29K,20,3.07,8.19,0.99,0.38,15.93,-5.65
2026-08-05,ANL,10.27,10.05,10.27,10,13.7,8.01,4.88B,485.41M,242.7M,428.07K,50,0,1.6,1.96,0.32,6.27,0.4
2026-08-05,ANTM,48,54.43,55.8,48,66.38,20.81,525.79M,9.66M,1.45M,4.66K,15,,,,,,
2026-08-05,ARCTM,41.99,41.2,42.99,41,46.98,24.14,542.8M,13.17M,2.7M,312.69K,20.52,,,,,,
2026-08-05,ARPL,423,422.24,429,420,490,325,14.59B,34.56M,8.64M,14.13K,25,7.11,46.47,5.66,2.7,9.09,64.05
2026-08-05,ASHT,32.05,35.09,37.84,32.05,70,13.64,1.63B,46.57M,2.33M,14.62K,5,,,,,,
2026-08-05,ASL,13.75,13.6,13.8,13.51,15.94,8.51,12.66B,930.78M,279.24M,7.82M,30,0,0.07,0.28,1.27,195.4,-14.8
2026-08-05,ASTM,51.08,51.08,51.08,51.08,51.08,12,775.24M,15.18M,2.28M,187.29K,15,,,,,,
2026-08-05,ATBA,203.68,203.63,203.68,201.1,303,169.02,7.13B,35.02M,8.75M,7.12K,25,0,2.24,0.23,0.9,91.04,435.4
2026-08-05,ATRL,977.9,968.62,979,967,1005,597.1,103.27B,106.62M,42.65M,316.78K,40,0.77,180.56,6.62,0.6,5.36,-0.01
2026-08-05,AVN,31.75,32.49,32.99,31.5,54.3,26.5,13.96B,429.67M,150.38M,405.64K,35,3.08,1.02,2.52,0.93,31.85,-11.38
2026-08-05,AWTX,1610,1586,1610,1610,1744.6,1270,1.27B,800K,4.5K,1,0.56,0,9.84,0.15,1.01,161.26,-19.84
2026-08-05,BAFS,594.99,583.36,596,550,647,155.72,5.51B,9.45M,472.5K,6.48K,5,0.34,-11.24,-2.1,3.04,-51.9,-31.54
2026-08-05,BATA,925,921.82,925,921.5,1750,875,6.97B,7.56M,1.79M,1.51K,23.67,0,-368,-15.26,2.31,-2.5,0.11
2026-08-05,BBFL,43,42.6,43.2,42.51,57.35,34,12.73B,298.91M,115.24M,225.7K,38.55,,,,,,
2026-08-05,BCL,72,72.28,73.99,70.5,122,56.02,829.23M,11.47M,6.31M,3.1K,55,0,-1.36,-1.1,2.6,-53.32,4.11
2026-08-05,BECO,5.28,5.27,5.38,5.22,73.6,3.9,6.59B,1.25B,437.37M,3.33M,35,,,,,,
2026-08-05,BERG,106,106.8,107,105,141,80.65,2.62B,24.55M,9.82M,66.52K,40,4.68,12.44,3.37,0.69,8.58,
2026-08-05,BFAGRO,34.2,33.97,34.25,33.51,49.25,29.03,10.53B,309.99M,77.5M,132.5K,25,,,,,,
2026-08-05,BFBIO,129.03,129.88,130.5,129,189.97,124,11.47B,88.33M,26.5M,99.23K,30,,,,,,
2026-08-05,BFMOD,24.49,23.13,24.89,23.1,38.84,10.3,173.83M,7.52M,2.63M,43.75K,35,,,,,,
2026-08-05,BHAT,831,828.33,831,823,1040,726.06,2.52B,3.04M,152.05K,326.6,5,0,30.09,0.28,0.23,27.52,3.89
2026-08-05,BIFO,133.5,132.41,136.5,131.75,200,79.1,6.14B,46.38M,16.23M,723.21K,35,5.66,9.41,12.78,1.88,14.07,0.66
2026-08-05,BIPL,27.19,27.06,27.21,27,44.1,23.6,30B,1.11B,166.31M,301.57K,15,10.16,3.87,5.45,0.65,6.99,
2026-08-05,BLUEX,7,6.9,7.05,6.86,80.85,4.9,1.96B,284.28M,113.71M,1.74M,40,,,,,,
2026-08-05,BNL,6.45,6.72,7,6.35,170.73,6.01,4.49B,668.05M,434.23M,2.56M,65,0,0.67,5.69,1.53,10.07,0.58
2026-08-05,BNWM,66.27,67.9,67.99,66.27,87.5,50,645.47M,9.51M,4.75M,8.95K,50,0,-9.58,-7,0.19,-7.09,-0.31
2026-08-05,BPL,56.97,56.04,57,56,80.97,20.01,1.26B,22.49M,6.75M,107.6K,30,,,,,,
2026-08-05,BRRG,49.25,49.77,50,47,53.77,27.53,4.73B,95.01M,47.5M,5.66K,50,,,,,,
2026-08-05,BTL,901.11,999,999.99,901.1,1580,275.01,6.43B,6.43M,321.6K,14.2,5,0,-35.67,-0.77,0.85,-28,
2026-08-05,BUXL,193.98,189.68,193.98,188.5,274.4,133.02,273.14M,1.44M,576K,4.74K,40,0,-17.12,-4.42,1.67,-11.08,0.12
2026-08-05,BWHL,234,232.93,234.9,230.01,257.92,168.13,3.11B,13.33M,7.33M,19.97K,55,7.3,29.35,14.67,1.31,7.94,0.06
2026-08-05,CCM,52.18,52.17,53,50.8,68.88,34.4,1.18B,22.66M,10.2M,17.97K,45,0,2.96,-0.18,0.17,17.61,-0.88
2026-08-05,CEPB,29.35,30.05,30.48,29.2,46.7,24.59,12.07B,401.71M,120.51M,363.55K,30,0,-1.87,-1.96,0.92,-16.08,1.03
2026-08-05,CFL,59,58.35,59,59,94.01,45.1,724.58M,12.42M,3.73M,122.2,30,0,-49.59,-18.39,0.19,-1.18,0.03
2026-08-05,CHAS,94.98,95.34,96.99,93.4,160.49,56.01,2.74B,28.69M,4.3M,125.66K,15,0,-57.51,-5.08,0.27,-1.66,-0.14
2026-08-05,CHCC,330.2,332.92,339,330.2,390,225,64.68B,194.3M,116.58M,396.09K,60,1.65,37.91,19.73,1.72,8.78,0.32
2026-08-05,CLOV,8.5,8.31,8.55,8.25,88.64,6.59,3.23B,389.29M,214.11M,5.11M,55,0,0.61,4.44,4.44,13.61,-0.34
2026-08-05,CNERGY,11.16,11.06,11.23,10.95,11.48,5.87,60.76B,5.49B,1.37B,42.88M,25,0,2.78,4.49,0.27,3.98,0.07
2026-08-05,COLG,1244,1233.37,1250,1230,1330,1050,299.43B,242.77M,24.28M,9.8K,10,4.74,73.22,14.79,8.2,16.84,0.36
2026-08-05,CPHL,74.8,74.68,75.6,74.4,104.25,69.25,17.06B,228.46M,114.23M,582.1K,50,4.69,4.8,7.92,1.56,15.56,
2026-08-05,CPPL,100,99.26,100,98.67,125.5,64.79,4.87B,49.1M,29.46M,167.66K,60,3.02,1.5,0.52,0.56,66.2,-4.96
2026-08-05,CRTM,72.75,72.51,73.5,72.03,96.5,16.6,7.25B,100M,60M,6.3K,60,0,1.31,0.69,0.57,55.44,-7.48
2026-08-05,CSAP,108,106.62,108.4,105.75,143.5,78.25,8.28B,77.63M,34.93M,487.36K,45,7.03,19.74,17.22,0.84,5.4,0.78
2026-08-05,DAAG,78,76.88,78,73.8,120.25,52,307.52M,4M,970.7K,1.57K,24.27,,,,,,
2026-08-05,DADX,88,91.11,91.97,88,121.88,42.75,980.71M,10.76M,538.2K,297.4,5,0,-30.29,-37.21,3.78,-3.01,0.05
2026-08-05,DCL,11.02,11,11.24,10.95,16.31,6.61,5.99B,544.11M,190.44M,1.78M,35,0,-2.37,-4.8,0.24,-4.64,0.04
2026-08-05,DCR,38.6,38.6,38.76,38.42,41.8,28.1,85.83B,2.22B,555.92M,613.56K,25,6.68,2.31,78.71,1.13,16.7,
2026-08-05,DFSM,17.29,17.24,17.85,17.18,35.24,3.75,1.69B,97.75M,34.21M,956.35K,35,,,,,,
2026-08-05,DGKC,220.5,216.99,221,215.77,275.75,145.1,95.07B,438.12M,219.06M,4.95M,50,0.92,27.64,14.23,0.85,7.85,0.28
2026-08-05,DINT,72,67.57,73,67.25,96,41.36,3.55B,52.47M,7.87M,4.64K,15,0,-3.91,-0.63,0.51,-17.27,-1.77
2026-08-05,DMC,185,172.88,185,176,351.9,43.05,527.7M,3.05M,915.73K,186.4,30,,,,,,
2026-08-05,DNCC,17.25,17.19,17.4,17,28.07,14,5.44B,316.36M,94.91M,65.61K,30,0,-0.39,-1.76,2.62,-43.74,-0.29
2026-08-05,DOL,30.94,30.96,31,30.5,41,25.36,5.42B,175.03M,52.51M,74.23K,30,12.92,2.55,8.79,1.81,12.16,-4
2026-08-05,DYNO,347.98,348.34,353.9,346.01,366.9,254.3,6.57B,18.87M,12.27M,2.34K,65,4.67,55.14,7.33,1.21,6.32,0.68
2026-08-05,ECOP,49.7,49.21,50.45,48.55,78.25,33.82,2.37B,48.26M,36.19M,34.62K,75,4.06,7.67,5.37,1.31,6.41,0.15
2026-08-05,EFERT,188.88,189.94,190.3,187.9,263.3,180.15,253.63B,1.34B,600.88M,1.89M,45,6.45,15.94,9.36,5.78,11.91,-1.69
2026-08-05,ELCM,216,236.91,237.47,214,343.44,124,307.98M,1.3M,260K,349.2,20,0,-24.15,-3.34,4.54,-9.81,0.14
2026-08-05,ELSM,147,151.1,158.92,147,170,99,1.65B,10.95M,3.29M,1.05K,30,2.65,3.97,0.28,0.38,38.02,-36.27
2026-08-05,EMCO,53.66,52.2,53.66,51.49,80.55,31.29,1.83B,35M,10.5M,4.84K,30,,,,,,
2026-08-05,ENGROH,277,280.93,281.64,276.95,302.5,208,338.3B,1.2B,903.17M,1.09M,75,0,53.18,10.18,,5.28,0.31
2026-08-05,EPCL,35.18,34.54,35.28,34.3,39.32,27.01,31.39B,908.92M,227.23M,981.54K,25,0,-2.97,-3.28,1.51,-11.62,1.08
2026-08-05,EPQL,26.65,26.58,26.8,26.5,34.98,22.3,8.61B,323.8M,161.9M,1.09M,50,44.21,2.23,5.69,0.74,11.92,-4.27
2026-08-05,EXIDE,486.1,486.51,490,485,795,365,3.78B,7.77M,1.94M,5.6K,25,1.03,43.18,1.88,0.5,11.27,
2026-08-05,FABL,100.7,102.34,103.3,100.5,106,72.88,155.32B,1.52B,531.19M,618.43K,35,6.35,15.03,11.4,1.36,6.81,
2026-08-05,FANM,8.3,8.18,8.48,8.1,10.83,4.25,188.96M,23.1M,11.55M,814.83K,50,,,,,,
2026-08-05,FASM,301.2,320.39,325,301.2,430,240.02,3.2B,10M,1M,2.23K,10,0,-52.85,-1.19,0.3,-6.06,-1.49
2026-08-05,FATIMA,160,165.63,167,159.5,192.8,116.06,347.82B,2.1B,315M,772.22K,15,5.74,17.58,13.62,2.01,9.42,0.25
2026-08-05,FCCL,56.9,56.42,56.9,55.65,62.84,36.26,138.39B,2.45B,858.5M,6.18M,35,2.22,5.99,16.04,1.5,9.42,0.09
2026-08-05,FCEPL,112,110.82,113.98,109.8,118.01,63.86,84.95B,766.6M,76.66M,1.44M,10,3.16,4.51,3.23,4.51,24.58,0.72
2026-08-05,FCL,23.95,23.8,23.95,23.61,28.56,19.65,15.34B,644.58M,161.14M,645.8K,25,,,,,,
2026-08-05,FECM,23.99,21.49,24.06,19.79,57.06,11.75,243.7M,11.34M,8.51M,98.14K,75,,,,,,
2026-08-05,FECTC,108.99,106.97,109,106,195.75,72,5.37B,50.16M,12.54M,80.32K,25,1.87,14,5.6,1.06,7.64,-0.06
2026-08-05,FEM,11.8,11.3,11.8,11.3,17.7,5.16,592.57M,52.44M,36.71M,80.9K,70,,,,,,
2026-08-05,FEROZ,390,389,390,386.1,475,293.01,16.91B,43.47M,17.39M,14.42K,40,1.03,21.66,4.15,1.31,17.96,0.79
2026-08-05,FFC,574.74,578.5,579.2,574,685,425,832.47B,1.44B,791.46M,1.43M,55,7.09,61.43,16.53,3.04,9.42,0.14
2026-08-05,FFL,16.35,16.41,16.54,16.21,23.93,14,41.35B,2.52B,503.99M,2.53M,20,0,0.39,3.18,3.67,42.49,0.02
2026-08-05,FFLM,14.9,14.65,15.69,14.5,27.23,4.4,386.96M,26.41M,17.17M,195.69K,65,,,,,,
2026-08-05,FHAM,33.99,33.87,33.99,33.02,39.49,26.56,3.75B,110.83M,94.21M,8.54K,85,6.64,7.53,17.05,0.61,4.5,0.11
2026-08-05,FIBLM,13.8,13.83,14.3,13.8,22.24,7,299.94M,21.69M,10.84M,175.69K,50,0,0.94,43.94,1.2,14.76,0.42
2026-08-05,FIMM,201.95,201.35,203,198,397.69,173.39,604.05M,3M,900K,120,30,,,,,,
2026-08-05,FLYNG,46.1,44.43,46.1,44.3,61,38.51,30.87B,694.8M,104.22M,72.1K,15,0,1.29,5.99,2.4,34.4,0.13
2026-08-05,FML,53.5,52.53,54.5,52.01,86,34.05,20.98B,399.41M,39.94M,31.86K,10,0,0.46,0.27,0.62,114.07,-24.07
2026-08-05,FPJM,11.07,10.82,11.2,10.8,14.99,4.23,368.1M,34.02M,13.61M,670.11K,40,0,-3.22,-38.72,-0.79,-3.36,0.47
2026-08-05,FPRM,11.61,11.55,11.75,11.4,16.99,9.25,159.26M,13.79M,6.2M,122.5K,45,,,,,,
2026-08-05,FRCL,102,96.18,102,96,118.45,39.02,3.64B,37.87M,1.89M,1.37K,5,,,,,,
2026-08-05,FRSM,43.3,42.38,43.3,42.25,63.48,34.22,1.67B,39.51M,11.85M,3.85K,30,0,10.05,3.35,0.76,4.21,0.01
2026-08-05,FTMM,16.98,17.38,17.69,16.6,23.75,11.14,3.4B,195.6M,9.78M,15.93K,5,8.63,0.5,2.47,1.22,35.06,-1.46
2026-08-05,FTSM,36.69,38.34,38.34,35,57,11.52,811.39M,21.16M,8.47M,36.1K,40,,,,,,
2026-08-05,FZCM,246.23,250.24,269,246.23,333.39,185.52,7.51B,30M,3M,3K,10,0,3.02,0.1,0.15,82.94,39.43
2026-08-05,GADT,323,340,340,311.51,499,215,9.53B,28.03M,8.41M,94.36K,30,0,43.77,1.72,0.39,7.77,0.61
2026-08-05,GAL,605,608.16,615,602.07,633,291,34.67B,57M,22.8M,705.01K,40,1.64,117.24,12.52,1.81,5.19,0
2026-08-05,GATI,83.29,83.67,84.98,83.29,146,62.55,9.1B,108.73M,16.31M,7.54K,15,0,-10.67,-4.01,0.77,-7.84,-5.42
2026-08-05,GATM,26.58,26.76,26.89,26.49,40.7,16.5,19.8B,740.06M,185.01M,397.86K,25,0,2.72,1.18,0.38,9.85,0.81
2026-08-05,GCIL,36.95,36.47,37,36.3,40.6,23.81,20.8B,570.45M,228.18M,4.09M,40,0,5.27,33.37,,6.92,
2026-08-05,GCWL,16.14,16.02,16.49,15.91,25.15,11.76,4.01B,250.14M,111.05M,402.09K,44.39,,,,,,
2026-08-05,GDL,17.69,17.57,17.73,17.5,33,16.9,7.54B,429.2M,107.3M,460.59K,25,,,,,,
2026-08-05,GEMBCEM,0,11.05,0,0,14.5,0,1.1B,100M,25M,250.5,25,,,,,,
2026-08-05,GEMMEL,24.51,27.2,24.51,24.51,39,19.1,5.28B,194.1M,19.41M,1,10,,,,,,
2026-08-05,GEMPACRA,0,35.75,0,0,49,22,2.66B,74.53M,7.45M,14.04K,10,,,,,,
2026-08-05,GEMPAPL,0,10.5,0,0,19,9,210M,20M,15M,40.33K,75,,,,,,
2026-08-05,GFIL,31.1,31.49,31.5,31,35.18,12.1,1.03B,32.64M,3.26M,19.33K,10,,,,,,
2026-08-05,GGGL,9.09,8.99,9.09,8.92,14.47,6.7,2.16B,240M,120M,338.72K,50,0,0.54,4.51,0.74,16.78,0.79
2026-08-05,GGL,24.1,23.81,24.3,23.76,31.31,14.1,8.43B,354.12M,177.06M,1.91M,50,0,9.78,31.53,1.04,2.44,0.05
2026-08-05,GHGL,41,40.11,41,39.8,52.25,27.78,40.1B,999.71M,349.9M,370.67K,35,4.99,6.21,13.11,0.99,6.46,0.26
2026-08-05,GHNI,1225,1216.11,1228,1213,1285.15,590,51.82B,42.61M,14.91M,104.43K,35,0.82,162.33,11.84,2.82,7.49,0.02
2026-08-05,GIL,0,1000,0,0,0,0,0,0,0,0,0,0.3,15.14,0.25,0,66.03,-14.54
2026-08-05,GLAXO,355.02,353.14,356,351.05,459.94,293.09,112.46B,318.47M,63.69M,108.18K,20,4.81,33,15.6,3.1,10.7,0.17
2026-08-05,GOC,187.99,172.22,187.99,171.04,235,77,1.27B,7.35M,1.1M,11.83K,15,0.58,4.14,6.12,1.76,41.56,1.62
2026-08-05,GTYR,33.8,35.02,36,33.5,48,22.26,4.27B,121.93M,48.77M,881.93K,40,0,-6.34,-4.84,0.67,-5.52,0.56
2026-08-05,GVGL,54.17,54.21,54.9,54.16,73.99,43.65,8.13B,149.94M,29.38M,2.18K,19.59,5.53,6.64,15.54,1.61,8.16,
2026-08-05,GWLC,50.49,50.09,50.84,49.7,77.96,38.75,20.05B,400.27M,40.03M,207.17K,10,2.99,6.74,12.64,0.73,7.43,0.5
2026-08-05,HAEL,27,27.91,28.55,27,37.96,14.91,362.73M,13M,1.95M,6.73K,15,,,,,,
2026-08-05,HAFL,485,499.82,530,441,629.5,283.58,599.78M,1.2M,42.48K,239.4,3.54,,,,,,
2026-08-05,HALEON,765,760.43,769,756.01,1010,655,89.01B,117.05M,15.74M,22.93K,13.44,3.95,55.96,15.35,6.11,13.59,0.19
2026-08-05,HCAR,243.3,244.14,245.5,240.5,318,147.5,34.86B,142.8M,28.56M,647.77K,20,3.69,34.25,3.68,1.31,7.13,32.55
2026-08-05,HINO,393.9,384.17,393.9,380.01,585,264.69,9.53B,24.8M,2.55M,3.84K,10.28,2.84,13.47,3.24,1.52,28.52,10.33
2026-08-05,HINOON,982,992.3,997,977.8,1241,755.56,52.58B,52.98M,21.19M,19.79K,40,5.04,75.63,14.32,3.55,13.12,0.3
2026-08-05,HPL,3997,3965.46,3999.88,3926.23,4889.99,2925.66,38.25B,9.64M,964.48K,57.6,10,6.05,317.04,9.84,4.3,12.51,0.27
2026-08-05,HRPL,21,20.91,21.19,20.74,37,16.51,836.4M,40M,8M,106.5K,20,0,-3.09,-5.61,1.12,-6.77,0.29
2026-08-05,HTL,40.65,40.69,41.3,40.51,66.5,31.01,5.66B,139.2M,34.8M,321.72K,25,0,3.83,1.49,0.86,10.64,1.01
2026-08-05,HUBC,220.8,221.52,222.99,220.2,249.99,157.25,287.35B,1.3B,972.87M,2.04M,75,11.29,34.65,63.41,1.27,6.39,-5.01
2026-08-05,IBFL,298.98,282.8,298.98,280.48,397.32,176.55,87.81B,310.51M,15.53M,1.17K,5,0,-1.49,-0.44,1.53,-189.44,-18.04
2026-08-05,IBLHL,49.51,49.24,49.98,49.08,85.82,36,4.85B,98.53M,24.63M,73.42K,25,0,2.44,5.36,1.95,20.18,5.16
2026-08-05,ICCI,13.9,14.32,14.55,13.7,17.91,8.61,429.62M,30M,4.5M,17.64K,15,,,,,,
2026-08-05,ICL,135.76,137.32,138.93,135.76,176,85.1,13.73B,100M,45M,32.88K,45,2.18,13.74,4.34,1.26,10,0.38
2026-08-05,IDEAL,40.1,39.15,43,39.05,87.7,15.75,388.37M,9.92M,1.49M,2.42K,15,,,,,,
2026-08-05,IDRT,40.1,38.96,40.79,38.5,68.08,19.31,773.47M,19.85M,1.99M,78.93K,10,,,,,,
2026-08-05,ILP,104.9,104.65,105.99,104,110.5,67.4,146.69B,1.4B,280.34M,944.64K,20,2.87,8.3,6.45,2.41,12.61,0.21
2026-08-05,IMAGE,26.82,26.9,27.04,26.75,32.46,19,6.2B,230.37M,149.74M,743.69K,65,7.43,3.49,17.93,1.28,7.7,
2026-08-05,INIL,158.32,158.98,159.85,157.71,249,127.3,20.97B,131.88M,59.35M,133.41K,45,3.77,14.32,1.72,0.65,11.1,-3.47
2026-08-05,INKL,93,93.97,95,90.5,126,30.15,909.16M,9.68M,3.87M,52.26K,40,,,,,,
2026-08-05,IPAK,37.68,36.91,37.68,36.72,38,21.02,27.14B,735.21M,220.56M,496.49K,30,1.55,3.81,7.22,2.12,9.7,
2026-08-05,IREIT,8.07,8.02,8.07,7.97,13.05,7.26,2.21B,275.86M,96.55M,142.17K,35,,,,,,
2026-08-05,ISIL,1922,1915.4,1922,1810,2370,1725.01,127.1B,66.36M,3.32M,21.8,5,0.26,62.5,3.31,4.59,30.65,0.47
2026-08-05,ISL,87,86.18,87,85.61,135,65.45,37.49B,435M,152.25M,185.26K,35,5.22,6.93,3.59,1.47,12.43,-2.98
2026-08-05,ITANZ,49.1,47.6,49.35,47,49.97,47,5.65B,118.6M,48.52M,4.97M,40.91,,,,,,
2026-08-05,ITTEFAQ,8.96,9.11,9.2,8.8,12.64,5.75,1.31B,144.34M,93.82M,856.2K,65,0,-3.91,-27.88,0.45,-2.33,
2026-08-05,JATM,45,51.58,51.58,45,51.58,14.61,649.97M,12.6M,1.89M,120.54K,15,,,,,,
2026-08-05,JDMT,170.01,161.13,172,159,199.89,60.1,1.11B,6.92M,2.07M,348.84K,30,,,,,,
2026-08-05,JDWS,913,907.6,913,912.73,999,780,52.44B,57.78M,8.67M,160.6,15,5.51,162.29,7.18,1.39,5.59,0.19
2026-08-05,JSML,67.5,65.59,67.99,65,147.5,45.61,2.24B,34.13M,13.65M,361.98K,40,0,3.91,1.36,0.24,16.79,0.88
2026-08-05,JVDC,144.63,148.44,149,143.81,163.9,65.15,56.53B,380.86M,190.43M,1.06M,50,3.37,10.67,38.34,2.04,13.92,-0.01
2026-08-05,KCL,145,145,145,145,195.69,115.02,2.11B,14.55M,10.91M,2.67,75,,,,,,
2026-08-05,KEL,7.36,7.32,7.39,7.21,9.58,4.91,202.14B,27.62B,2.76B,13.14M,10,0,0.42,2.19,1.76,17.55,
2026-08-05,KHYT,2075.96,1981.32,2095.99,1850.1,2689,1131.01,2.43B,1.23M,20.67K,315.4,1.68,,,,,,
2026-08-05,KOHC,98.98,100.97,102.3,98.72,567.99,74,92.82B,919.31M,229.83M,519.85K,25,0,10.62,25.96,1.68,9.51,0.33
2026-08-05,KOHE,15.65,15.81,15.95,15.25,23.49,12.33,2.68B,169.46M,67.78M,91.43K,40,0,3.94,15.83,0.59,4.01,-0.37
2026-08-05,KOHTM,118.98,115.15,119.48,109.1,210,40,2.4B,20.8M,6.24M,156.88K,30,1.74,14.85,3.65,0.49,7.76,0.19
2026-08-05,KPUS,1100.01,1054.83,1100.01,1020,2849.99,115.11,16.9B,16.02M,800.88K,11.24K,5,0,5.68,1.21,4.22,185.68,7.24
2026-08-05,KSBP,245,247.49,252,241.8,263.98,155.2,7.65B,30.9M,8.37M,65.22K,27.08,0.4,7.14,3.26,1.8,34.66,3.53
2026-08-05,KTML,44.2,43.53,44.49,42.83,305,37.02,58.61B,1.35B,269.3M,1.15M,20,0.92,7.94,8.01,0.73,5.48,0.17
2026-08-05,LCI,230,227.34,230.5,227,374.99,201.17,104.98B,461.8M,92.36M,93.5K,20,5.04,20.25,8.25,1.87,11.23,0.54
2026-08-05,LEUL,45,43.59,45,42.36,72.68,25.76,261.54M,6M,1.8M,26.06K,30,,,,,,
2026-08-05,LIVEN,35.15,35.71,36.4,35.15,74.4,27.82,4.04B,113.04M,11.3M,50.09K,10,,,,,,
2026-08-05,LOADS,13.66,13.65,13.8,13.55,22.6,10.93,5.07B,371.25M,185.62M,868.41K,50,0,1.07,4.28,0.97,12.79,-0.01
2026-08-05,LOTCHEM,27.25,27.12,27.3,26.88,34.3,18.41,41.07B,1.51B,378.55M,2.75M,25,23.97,3.1,5.49,2.03,8.76,-6.39
2026-08-05,LPGL,94.4,91.02,94.4,90.11,124,63.01,682.65M,7.5M,1.88M,1.52K,25,,,,,,
2026-08-05,LUCK,454.39,451.97,456.78,450.12,529.5,339,662.14B,1.47B,439.5M,1.56M,30,0.89,56.88,16.86,1.64,7.95,0.16
2026-08-05,MACFL,70.65,70.48,72,69.9,86.98,19.52,4.18B,59.3M,23.72M,218.08K,40,0.71,2.13,1.96,1.79,33.06,8.03
2026-08-05,MACTER,282,279.56,284,277,443.5,255.1,12.81B,45.81M,18.32M,5.42K,40,1.36,17.8,6.82,3.17,15.7,0.29
2026-08-05,MARI,655.5,657.49,662,654,795,544.56,789.4B,1.2B,240.12M,432.23K,20,4.56,57.11,37.45,2.77,11.51,0.49
2026-08-05,MEBL,577.85,590.64,593.65,577,593.65,363.81,1.06T,1.8B,450.14M,1.12M,25,4.83,50.58,19.77,3.74,11.68,
2026-08-05,MEHT,173.99,152.98,173.99,152.98,389,152.98,4.59B,30M,19.5M,262.04K,65,0,39.74,1.87,0.24,3.85,0.1
2026-08-05,MERIT,9.86,9.87,10.12,9.84,14.69,7.1,1.97B,199.96M,39.99M,70.75K,20,0,-1.75,-10.52,0.84,-5.65,0.01
2026-08-05,MFFL,176,177.36,180,176,237,139.66,4.06B,22.88M,3.85M,22.08K,16.82,,,,,,
2026-08-05,MFL,41.22,41.23,41.89,41,85.73,37.56,5.05B,122.4M,42.84M,237.74K,35,0,4.13,1.98,0.47,9.97,0.2
2026-08-05,MIRKS,32.6,32.25,32.8,32.02,44.5,22.28,2.15B,66.56M,29.95M,55.31K,45,0,-6.18,-3.48,0.86,-5.22,-0.1
2026-08-05,MLCF,98.99,97.94,99.19,97.2,132.99,71,102.6B,1.05B,471.4M,12.61M,45,0,11.34,13.96,1.24,8.64,0.21
2026-08-05,MQTM,29.4,29.15,29.94,28.75,49,17.97,537.29M,18.43M,4.61M,45.85K,25,0,-79.43,-17.35,1.69,-0.37,0.01
2026-08-05,MRNS,63.97,64.18,64.39,62.15,94.01,52.32,4.81B,74.93M,26.22M,115.1K,35,10.13,22.15,14.35,1.03,2.9,
2026-08-05,MSCL,23.99,23.53,24.4,23.2,46.53,12.05,728.9M,30.98M,7.74M,54.18K,25,,,,,,
2026-08-05,MTL,302.55,310.45,313.25,302.55,636.99,279,123.88B,399.03M,179.56M,400.32K,45,5.64,18.49,12.64,16.02,16.79,0.94
2026-08-05,MUGHAL,82.5,81.97,82.6,81.8,113.99,59,27.51B,335.63M,117.47M,333.17K,35,0,6.37,2.8,0.91,12.86,0.88
2026-08-05,MWMP,60.1,59,61.49,58.01,170.95,36,1.7B,28.75M,7.19M,25.32K,25,,,,,,
2026-08-05,NATM,77,85.16,77,77,92.94,77,1.81B,21.27M,1.06M,0,5,0,-53.59,-51.27,0.83,-1.59,0.05
2026-08-05,NESTLE,7699.94,7577.68,7699.94,7550,10524.97,7000,343.64B,45.35M,4.53M,850.8,10,7.22,370.41,8.2,17.5,20.46,1.21
2026-08-05,NETSOL,122.9,124.24,125,122,164.59,87.66,11.16B,89.84M,26.95M,123.35K,30,0,32.29,21.96,0.89,3.85,0.09
2026-08-05,NML,146.81,147.26,148.19,145.76,208.4,120,51.78B,351.6M,158.22M,1.23M,45,1.36,33.41,5.75,0.3,4.41,1.5
2026-08-05,NONS,90.1,91.56,94,90.1,157.1,70.02,1.51B,16.52M,3.3M,8.87K,20,4.37,18.71,2.44,0.8,4.89,0.72
2026-08-05,NRL,447.14,443.96,450,442.1,477.45,230,35.5B,79.97M,26.31M,1.03M,32.91,0,108.68,2.33,0.6,4.09,0.01
2026-08-05,NRSL,34.8,34.92,34.95,34.28,39.25,20.6,4.93B,141.32M,42.4M,130.86K,30,0,2.09,2.61,1.36,16.68,1.48
2026-08-05,NSRM,258,249.55,259,248.11,362.31,84.01,3.88B,15.55M,777.66K,3.91K,5,0,6.79,4.51,2.42,36.77,0.21
2026-08-05,OCTOPUS,31.85,31.58,32.22,31.26,60.89,24.35,5B,158.22M,47.18M,98.41K,29.82,,,,,,
2026-08-05,OGDC,319.24,316.3,319.45,314.8,352,238.2,1.36T,4.3B,645.14M,2.58M,15,5.06,36.17,39.85,0.97,8.75,0.76
2026-08-05,OLPM,25.49,25.2,25.75,24.63,25.98,19,1.14B,45.38M,34.04M,2.45K,75,9.92,3.44,9.88,0.86,7.33,-1.83
2026-08-05,OML,109.1,108.29,120,108.29,187.24,25.8,1.3B,12M,1.2M,287.74K,10,,,,,,
2026-08-05,ORM,11.2,11.02,11.49,10.96,16.79,9.2,826.5M,75M,26.25M,658.68K,35,,,,,,
2026-08-05,OTSU,406,403.1,408.95,403,447.94,254.95,4.88B,12.1M,3.02M,1.74K,25,0,28.78,8.39,4.53,14.01,1.86
2026-08-05,PAEL,42.99,42.3,43.19,42.24,64.6,32.01,39.07B,923.65M,508.01M,3.01M,55,0,4.46,5.86,0.78,9.48,0.32
2026-08-05,PAKD,125,121.3,125,119.51,231.24,85.01,1.44B,11.86M,5.06M,1.86K,42.63,,,,,,
2026-08-05,PAKOXY,285.5,282.69,287,280,356.68,218.01,24.63B,87.12M,21.78M,87.61K,25,0,22.58,14.35,1.98,12.52,0.15
2026-08-05,PAKQATAR,20.9,20.88,21,20.7,29.4,15.24,4.82B,230.71M,80.75M,363.93K,35,,,,,,
2026-08-05,PIBTL,17.01,16.78,17.13,16.67,22.97,10,29.97B,1.79B,803.74M,34.99M,45,0,1.18,14.81,1.7,14.23,7.98
2026-08-05,PICT,56,54.57,56.5,54.25,61.5,23.65,5.96B,109.15M,21.83M,761.16K,20,0,-1.17,-1281.2,4.4,-46.49,2.27
2026-08-05,PIM,22.28,22.6,22.77,22.28,31.33,16.16,452M,20M,1M,1.32K,5,,,,,,
2026-08-05,PIOC,270.55,269.38,272,268.16,427.5,200.01,61.19B,227.15M,34.07M,177.93K,15,3.71,29.03,17.09,1.24,9.28,0.15
2026-08-05,PKGS,796.16,801.07,810,796.16,855,611.01,71.6B,89.38M,17.88M,2.38K,20,2,-9.43,-0.43,1.09,-84.94,-3.56
2026-08-05,PMRS,481.56,495.9,505,481.55,835,276.45,1.86B,3.75M,387.66K,3.35K,10.34,0,-226.21,-2.28,0.4,-2.19,-0.06
2026-08-05,POML,171.5,171.72,173.01,170,220,113.11,1.33B,7.76M,3.11M,6.48K,40,,,,,,
2026-08-05,POWER,22.1,22.5,22.95,22.1,24.26,13.75,29.04B,1.29B,452.11M,2.3M,35.03,0,2.24,8.78,1.23,10.04,0.16
2026-08-05,PPL,222,220.69,222.5,218.9,284.6,175.8,600.49B,2.72B,669.51M,2.96M,24.61,3.85,28.99,33.84,0.8,7.61,
2026-08-05,PPP,134.9,134.5,134.9,132.5,196,91,1.08B,8M,4M,2.16K,50,3.72,17.67,7.84,0.59,7.61,0.3
2026-08-05,PQGTL,14.4,14.38,14.6,14.25,19.8,10.25,1.45B,101.11M,40.44M,144.69K,40,,,,,,
2026-08-05,PREMA,34.5,33.97,34.7,33.7,56.38,23,7.43B,218.64M,65.59M,1.37M,30,0,2.73,9.01,1.22,12.42,0.27
2026-08-05,PRL,63.9,63.65,65.5,62.7,65.99,23.2,40.1B,630M,227.29M,22.17M,36.08,0,19.07,3.89,1.04,3.34,0.02
2026-08-05,PSEL,875.01,875.81,899,870,1635,799,28.49B,32.52M,30.82M,153.2,94.76,0,5.58,1.22,0.63,156.94,5.44
2026-08-05,PSO,357.3,353.3,359.9,352.1,506.75,320.11,165.86B,469.47M,234.74M,3.8M,50,2.83,92.73,1.35,0.57,3.81,0.03
2026-08-05,PSYL,123.03,125.95,137,123.03,158,52.26,17.47B,138.7M,6.93M,1.03K,5,0,3.38,3.07,3.48,37.22,1.03
2026-08-05,PTL,54.51,53.92,54.73,53.61,65.88,46.4,9.06B,168M,42M,134.65K,25,7.42,6.4,3.09,1.12,8.43,
2026-08-05,QTECH,45.8,45.5,47.2,45.25,57.8,23.1,5.53B,121.58M,30.39M,1.77M,25,,,,,,
2026-08-05,QUICE,34.6,34.21,34.95,34.06,46.06,7.72,3.37B,98.46M,68.92M,105.97K,70,,,,,,
2026-08-05,REDCO,30.37,33.37,33.37,30.37,40.4,14.9,1.64B,49.29M,2.46M,26.99K,5,,,,,,
2026-08-05,REWM,181,176.33,181,162,244.05,96.02,5.43B,30.81M,10.78M,483.8,35,,,,,,
2026-08-05,RMPL,9301.26,9293.81,9301.26,9292.02,13565.64,8500,85.84B,9.24M,461.82K,15.8,5,5.1,715.93,9.02,2.75,12.98,3.25
2026-08-05,RPL,16.79,17.1,17.23,16.6,25.05,12,2.43B,141.9M,44.42M,271.51K,31.3,0,0.13,0.16,0.28,135.71,-36
2026-08-05,RUPL,30.75,30.68,30.75,29,42.79,23.11,1.05B,34.07M,10.22M,2.79K,30,0,-20.94,-21.91,0.18,-1.47,0.03
2026-08-05,SANSM,132.05,126.2,143,126,148.99,41,1.51B,11.95M,6.57M,2.17K,55,0,16.24,3.1,0.46,7.77,0.08
2026-08-05,SAPT,1425.01,1475,1475,1424.9,1606,1164,31.99B,21.69M,2.17M,49.2,10,0.68,387.04,5.77,0.39,3.81,0.24
2026-08-05,SARC,98.01,98.83,105.5,98,120.32,46.68,592.98M,6M,2.7M,15.84K,45,,,,,,
2026-08-05,SASML,330.01,361.93,379.9,327.01,469.49,164.2,3.77B,10.43M,2.61M,233.2,25,0.55,6.09,1.12,1.41,59.47,1.85
2026-08-05,SAZEW,1949.45,1921.08,1949.94,1919,2487,1351.5,116.12B,60.45M,21.16M,74.66K,35,3.64,303.75,12.89,3.27,6.32,0
2026-08-05,SCL,750,750.07,750,750,1125,300,2.93B,3.9M,195K,0,5,0,-53.91,-8.05,9.44,-13.91,1.05
2026-08-05,SEARL,92,91.02,92,90.49,137.44,76.37,53.54B,588.22M,294.11M,1.2M,50,0,2.04,6.01,1.56,44.7,183.63
2026-08-05,SEL,29.2,28.26,30.99,28,45.56,11.11,539.54M,19.09M,10.5M,12K,55,,,,,,
2026-08-05,SELECT,28.01,27.78,28.24,27.7,33.6,26.02,24.69B,888.89M,88.89M,1.09M,10,,,,,,
2026-08-05,SERT,47,45.56,47,45,84.49,19.17,628.16M,13.79M,2.07M,71.39K,15,,,,,,
2026-08-05,SGF,115.62,115.82,116.3,115.51,141.89,71.51,23.91B,206.47M,51.62M,51.74K,25,1.73,11.16,12.03,2.69,10.38,
2026-08-05,SGPL,76,73.97,76,73.1,129.07,7.2,1.32B,17.83M,16.05M,2.35M,90,,,,,,
2026-08-05,SHCM,59.7,57.01,59.7,55.56,96.58,30.52,1.01B,17.64M,1.76M,9.3K,10,,,,,,
2026-08-05,SHDT,55.05,53.77,55.67,52.21,74.81,36.46,1.23B,22.85M,8M,97K,35,,,,,,
2026-08-05,SHFA,522.9,516.46,522.9,510,615.28,424.13,32.65B,63.21M,28.45M,20.95K,45,0.97,41.05,8.72,1.97,12.58,0.25
2026-08-05,SHSML,390,380,393.01,375.22,549,326,8.03B,21.12M,7.39M,13.49K,35,5.26,36.69,3.58,0.62,10.36,0.4
2026-08-05,SIEM,1516.01,1516.07,1544.88,1516,1740,1335,12.5B,8.25M,412.35K,279,5,0,4.55,0.48,2.03,333.04,-17.36
2026-08-05,SINDM,23.7,23.95,24.25,23.35,41.25,12,1.08B,45M,4.5M,8.01K,10,,,,,,
2026-08-05,SITC,800,800,800,790,1060,555.32,17.14B,21.43M,6.43M,2.6K,30,1.38,65.36,4.3,0.86,12.24,0.74
2026-08-05,SLGL,15.9,16.05,16.2,15.69,26.5,13,6.77B,421.79M,126.54M,798.62K,30,,,,,,
2026-08-05,SLM,24.55,24.4,24.55,24.02,26.25,21.95,190.19B,7.79B,779.48M,2.59M,10,,,,,,
2026-08-05,SMCPL,41.5,40.44,41.5,40,57.3,23.99,1.01B,25M,7.5M,55.94K,30,,,,,,
2026-08-05,SNAI,38.88,37.5,38.88,35.57,43.9,25,748.69M,19.96M,6.99M,6.6K,35,0,6.54,5.84,1.05,5.73,-0.58
2026-08-05,SNGP,108.01,106.24,109.5,105.55,142.6,83.2,67.38B,634.22M,253.69M,2.38M,40,2.82,22.94,1.17,0.85,4.63,-0.83
2026-08-05,SPEL,49,49.09,50.5,48.9,83.5,32.91,9.81B,199.74M,39.95M,860.9K,20,2.44,6.37,13,1.46,7.71,0.18
2026-08-05,SPSL,17,16.42,17.04,16.38,23.45,16.15,27.58B,1.68B,335.98M,5.64M,20,,,,,,
2026-08-05,SRR,16.46,16.59,16.65,16.31,21,15.26,547.47M,33M,13.2M,56.12K,40,,,,,,
2026-08-05,SRVI,2104.98,2088.01,2104.98,2075.12,2464,1130,98.11B,46.99M,23.49M,14.23K,50,0.84,223.93,6.65,3.74,9.32,0.09
2026-08-05,SSGC,27.99,27.08,27.99,26.9,46.23,19.02,23.86B,880.92M,336.86M,13.43M,38.24,1.85,-2.87,-0.65,1.81,-9.45,88
2026-08-05,SSOM,458,458.58,460,457,843,351.1,2.59B,5.66M,1.4M,6.45K,24.69,,,,,,
2026-08-05,STCL,11.28,11.06,11.28,11,19.4,8.55,2.65B,239.32M,131.63M,250.99K,55,0,-4.03,-8,1.52,-2.74,0.13
2026-08-05,STJT,156.79,152.99,156.79,142.01,162,70,1.48B,9.66M,1.45M,706.4,15,3.6,27.72,4.42,0.6,5.52,0.5
2026-08-05,STL,39,39.53,40,38.46,2231.81,34.85,4.25B,107.62M,43.05M,199.74K,40,,,,,,
2026-08-05,STML,50.67,55.74,55.74,50.67,70.38,22.8,481.59M,8.64M,2.59M,31.58K,30,0,-6.99,-1.76,0.63,-7.97,0.54
2026-08-05,STYLERS,50,50.52,51.19,48.87,56.84,36,24.7B,488.83M,24.44M,16.95K,5,2.97,2.28,5.99,1.81,22.19,
2026-08-05,SURC,158.5,162.27,169,155,181,88,7.92B,48.81M,9.76M,185.93K,20,3.08,29.17,5.06,0.54,5.56,0.92
2026-08-05,SYM,11.95,11.94,12.08,11.8,17.04,9.01,3.41B,285.25M,156.89M,919.69K,55,,,,,,
2026-08-05,SYS,134,136.21,137.37,134,174.4,105.98,200.69B,1.47B,957.71M,1.46M,65,1.47,7.86,13.4,3.25,17.32,0.22
2026-08-05,SZTM,94.25,92.13,96.99,85.15,127.25,36,1.66B,17.97M,1.8M,24.59K,10,,,,,,
2026-08-05,TATM,131.1,131.92,132.84,130,284,82,7.39B,55.99M,11.2M,18.89K,20,,,,,,
2026-08-05,TCORP,21.51,19.31,22.39,19.17,31.87,15.62,1.28B,66.21M,23.17M,337.19K,35,0,1.62,1.24,0.33,11.89,-0.82
2026-08-05,TELE,8.56,8.73,8.8,8.51,14.09,6.22,2.96B,338.62M,326M,3.36M,96.27,0,0.51,1.67,0.67,17.2,0.68
2026-08-05,TGL,192.52,192.12,194,187,291.5,128,33.08B,172.17M,68.87M,83.04K,40,3.64,24.49,13.38,1.35,7.85,0.25
2026-08-05,THCCL,65.66,64.52,66.49,64.3,103.5,42.52,32.17B,498.59M,174.51M,2.83M,35,0,7.24,24.4,3.16,8.91,0.05
2026-08-05,TICL,1295,1408.39,1415.39,1295,1415.39,540.05,21.16B,15.02M,226.46K,11.46K,1.51,0.71,107.51,4.88,1.71,13.1,1.27
2026-08-05,TOMCL,37.45,37.34,37.5,36.5,75.85,28.3,7.33B,196.34M,107.99M,1.26M,55,0,1.84,2.74,1.12,20.3,2.14
2026-08-05,TOWL,123,123.12,124,122.7,195.95,92.5,2.09B,17M,3.4M,5.24K,20,,,,,,
2026-08-05,TPLRF1,9.81,10.02,10.16,9.81,18.39,7.5,18.39B,1.83B,1.38B,10.21M,75,,,,,,
2026-08-05,TREET,23.35,23.4,23.6,23.2,37,19.55,8.68B,371.03M,185.51M,1.44M,50,0,1.29,1.81,1.07,18.08,0.5
2026-08-05,TRSM,25.45,21.56,25.8,21.56,71.65,8,642.49M,29.8M,23.84M,6.61M,80,,,,,,
2026-08-05,UBDL,28.7,26.48,28.7,26.4,34.5,20.01,2.43B,91.8M,4.59M,137.58K,5,,,,,,
2026-08-05,UDLI,18.79,18.74,19.25,18.5,25.5,8.31,658.16M,35.12M,14.05M,1.41M,40,,,,,,
2026-08-05,UDPL,120,121.02,121.98,120,168.99,75.05,4.27B,35.27M,5.29M,2.81K,15,,,,,,
2026-08-05,UNITY,10.15,11.14,11.14,10.15,31.74,7.51,13.3B,1.19B,537.32M,6.76M,45,0,1.6,2.34,0.71,6.97,0.11
2026-08-05,UPFL,25250,25300,25417,25202.5,34150,22562.78,161.16B,6.37M,521.22K,21.4,8.18,5.76,1001.9,14.74,19.01,25.25,1.03
2026-08-05,WAFI,184,180.87,184,180.01,260,165,38.71B,214.02M,32.1M,186.88K,15,,,,,,
2026-08-05,WAHDAT,16.17,16.71,17.79,16,21.78,15.45,5.6B,335.22M,83.81M,1.02M,25,,,,,,
2026-08-05,WAHN,287.6,287.31,288,285.5,435,225.23,2.59B,9M,3.15M,2.83K,35,3.48,51.77,9.43,0.89,5.55,0.35
2026-08-05,WASL,6.7,6.36,6.7,6.25,6.8,6.2,1.02B,160.72M,96.43M,22.94M,60,,,,,,
2026-08-05,WAVES,10.71,10.72,10.85,10.61,16.95,8.02,3.02B,281.41M,196.98M,4.2M,70,0,1,5.91,0.3,10.67,-2.16
2026-08-05,ZAHID,72,69.78,72,69,102.51,32.69,13.36B,191.42M,5.94M,204.71K,3.11,0,7.93,3.96,0.61,8.79,0.66
2026-08-05,ZAL,45.2,43.8,45.69,43.66,79.5,24,11.5B,262.5M,65.62M,2.02M,25,,,,,,
2026-08-05,ZIL,369,361.84,369,360,722,300,2.22B,6.12M,306.13K,317.8,5,,,,,,
2026-08-05,ZTL,18.99,19.08,19.69,18.6,24.48,9.75,1.13B,59.43M,14.86M,308.68K,25,0,-0.82,-0.65,0.46,-23.32,3.07
2026-08-06,ABOT,929.9,934.5,939,922.8,1304,821,91.49B,97.9M,21.17M,10.01K,21.63,4.28,84.85,10.97,2.72,11.01,0.61
2026-08-06,ACPL,234.14,237.65,238,234.1,325.01,205,32.66B,137.43M,13.74M,51.51K,10,3.58,20.97,6.74,1.37,11.33,0.81
2026-08-06,ADAMS,63.99,64.33,64.79,61.25,90.98,57.25,1.11B,17.29M,3.46M,9.77K,20,6.22,-5.93,-1.01,0.18,-10.85,1.03
2026-08-06,AGIL,152.16,151.04,153.59,146,198,121.2,5.44B,36M,21.6M,10.59K,60,1.16,24.75,5.37,0.81,6.1,0.47
2026-08-06,AGP,192.5,192.28,193.49,191.09,258.67,163,53.84B,280M,84M,146.98K,30,4.16,13.41,13.14,3.3,14.34,0.25
2026-08-06,AGTL,379,377.03,379.9,375.05,497,288,21.85B,57.96M,3.67M,43.1K,6.34,0,35.36,8.63,1.95,10.66,1.29
2026-08-06,AHTM,99,98,99,96,134.15,60,830.21M,8.47M,1.27M,701.6,15,1.53,12.65,2.07,0.35,7.74,-2.73
2026-08-06,AIRLINK,138.51,138.98,139.5,138,199,118,54.93B,395.27M,118.58M,612.05K,30,6.48,14.02,6.35,3,9.91,
2026-08-06,AKGL,53.5,54.32,53.5,51.05,68.25,48.01,543.2M,10M,1M,514.8,10,,,,,,
2026-08-06,ALNRS,126.21,131.65,132,126.21,144,82,2.7B,20.47M,4.09M,1.34K,20,3.04,8.19,0.99,0.38,16.07,-5.71
2026-08-06,ANL,10.22,10.1,10.22,10,13.7,8.01,4.9B,485.41M,242.7M,522.45K,50,0,1.6,1.96,0.32,6.3,0.39
2026-08-06,ANTM,58.39,54.36,58.39,51.55,66.38,20.81,525.12M,9.66M,1.45M,6.48K,15,,,,,,
2026-08-06,ARCTM,41.78,40.06,41.79,39.11,46.98,24.14,527.78M,13.17M,2.7M,322.64K,20.52,,,,,,
2026-08-06,ARPL,421.19,423.15,427.99,420,490,325,14.63B,34.56M,8.64M,11.38K,25,7.09,46.47,5.66,2.7,9.11,63.31
2026-08-06,ASHT,36.79,34.26,36.79,32.51,70,13.64,1.6B,46.57M,2.33M,14.23K,5,,,,,,
2026-08-06,ASL,13.85,14.03,14.4,13.85,15.94,8.51,13.06B,930.78M,279.24M,9.15M,30,0,0.07,0.28,1.31,201.58,-15.03
2026-08-06,ASTM,56.19,56.19,56.19,56.19,56.19,12,852.8M,15.18M,2.28M,246.55K,15,,,,,,
2026-08-06,ATBA,204.99,203.54,206.9,203.21,299.8,169.02,7.13B,35.02M,8.75M,8.38K,25,0,2.24,0.23,0.9,91,441.1
2026-08-06,ATRL,968.62,978.96,982.1,968.53,1005,597.1,104.37B,106.62M,42.65M,310.08K,40,0.77,180.56,6.62,0.61,5.42,-0.01
2026-08-06,AVN,32.8,32.75,32.9,32.58,54.3,26.5,14.07B,429.67M,150.38M,460.61K,35,3.05,1.02,2.52,0.94,32.1,-11.73
2026-08-06,AWTX,1610,1586,1610,1610,1744.6,1270,1.27B,800K,4.5K,1,0.56,0,9.84,0.15,1.01,161.26,-19.84
2026-08-06,BAFS,590,579,590,552,647,170.2,5.47B,9.45M,472.5K,5.8K,5,0.35,-11.24,-2.1,3.02,-51.51,-30.85
2026-08-06,BATA,922,925.32,929.97,922,1750,875,7B,7.56M,1.79M,1.82K,23.67,0,-368,-15.26,2.32,-2.51,0.11
2026-08-06,BBFL,42.99,43.52,44.22,42.51,57.35,34,13.01B,298.91M,115.24M,1.82M,38.55,,,,,,
2026-08-06,BCL,72.89,72.61,73.89,72.3,119.9,56.02,833.02M,11.47M,6.31M,2.38K,55,0,-1.36,-1.1,2.62,-53.56,4.17
2026-08-06,BECO,5.35,5.31,5.4,5.27,73.6,3.9,6.64B,1.25B,437.37M,3.83M,35,,,,,,
2026-08-06,BERG,106.5,112.42,117.38,106,141,80.65,2.76B,24.55M,9.82M,363.08K,40,4.45,12.44,3.37,0.72,9.04,
2026-08-06,BFAGRO,34.29,34.34,34.5,34,49.25,29.03,10.65B,309.99M,77.5M,111.44K,25,,,,,,
2026-08-06,BFBIO,130.5,131.06,132.94,130.13,189.97,124,11.58B,88.33M,26.5M,98.39K,30,,,,,,
2026-08-06,BFMOD,23.45,23.56,23.98,22.15,38.84,10.57,177.06M,7.52M,2.63M,55.18K,35,,,,,,
2026-08-06,BHAT,850,838.21,850,820,1040,726.06,2.55B,3.04M,152.05K,183.8,5,0,30.09,0.28,0.24,27.85,3.89
2026-08-06,BIFO,133.38,131.37,135.89,131,197,79.1,6.09B,46.38M,16.23M,695.9K,35,5.71,9.41,12.78,1.87,13.96,0.65
2026-08-06,BIPL,27.49,27.26,27.75,27.13,44.1,23.6,30.22B,1.11B,166.31M,509.61K,15,10.09,3.87,5.45,0.65,7.04,
2026-08-06,BLUEX,6.97,6.93,7.1,6.91,80.85,4.9,1.97B,284.28M,113.71M,1.59M,40,,,,,,
2026-08-06,BNL,6.75,6.71,7,6.67,170.73,6.01,4.48B,668.05M,434.23M,4.72M,65,0,0.67,5.69,1.53,10.06,0.61
2026-08-06,BNWM,66.32,66.98,68.49,66.32,87.5,50,636.73M,9.51M,4.75M,6.95K,50,0,-9.58,-7,0.19,-6.99,-0.31
2026-08-06,BPL,56.05,55.49,56.88,55,80.97,20.01,1.25B,22.49M,6.75M,105.09K,30,,,,,,
2026-08-06,BRRG,46.3,49.77,49.99,46.3,53.77,27.53,4.73B,95.01M,47.5M,5.2K,50,,,,,,
2026-08-06,BTL,911.3,999,995,911.3,1580,275.01,6.43B,6.43M,321.6K,14.4,5,0,-35.67,-0.77,0.85,-28,
2026-08-06,BUXL,181.5,208.65,208.65,170.71,274.4,133.02,300.46M,1.44M,576K,14.7K,40,0,-17.12,-4.42,1.84,-12.18,0.12
2026-08-06,BWHL,234.8,231.67,234.8,230,257.92,168.13,3.09B,13.33M,7.33M,4.08K,55,7.34,29.35,14.67,1.31,7.89,0.06
2026-08-06,CCM,53,51.02,53.75,47,68.88,34.4,1.16B,22.66M,10.2M,14.08K,45,0,2.96,-0.18,0.17,17.22,-0.88
2026-08-06,CEPB,30,31.35,32.33,30,46.7,24.59,12.59B,401.71M,120.51M,922.47K,30,0,-1.87,-1.96,0.96,-16.77,1.06
2026-08-06,CFL,62.99,58.35,62.99,58.23,94.01,45.1,724.58M,12.42M,3.73M,99.2,30,0,-49.59,-18.39,0.19,-1.18,0.03
2026-08-06,CHAS,95.98,96.67,97.98,92.02,160.49,56.01,2.77B,28.69M,4.3M,58.69K,15,0,-57.51,-5.08,0.27,-1.68,-0.14
2026-08-06,CHCC,331.5,334.16,338.85,331.5,390,225,64.93B,194.3M,116.58M,496.14K,60,1.65,37.91,19.73,1.73,8.81,0.33
2026-08-06,CLOV,8.31,8.28,8.35,8.21,88.64,6.59,3.22B,389.29M,214.11M,3.13M,55,0,0.61,4.44,4.43,13.56,-0.34
2026-08-06,CNERGY,11.15,11.25,11.4,10.9,11.48,5.87,61.8B,5.49B,1.37B,48.38M,25,0,2.78,4.49,0.27,4.04,0.07
2026-08-06,COLG,1233.37,1239.97,1247,1229,1330,1050,301.03B,242.77M,24.28M,10.63K,10,4.72,73.22,14.79,8.25,16.93,0.36
2026-08-06,CPHL,75.2,75.74,76.95,75.1,104.25,69.25,17.3B,228.46M,114.23M,756.56K,50,4.62,4.8,7.92,1.58,15.78,
2026-08-06,CPPL,99.67,99.1,100,98.51,125.5,64.79,4.87B,49.1M,29.46M,161.56K,60,3.03,1.5,0.52,0.56,66.09,-4.97
2026-08-06,CRTM,72.72,73.05,73.5,72.45,96.5,16.6,7.3B,100M,60M,6.28K,60,0,1.31,0.69,0.57,55.86,-7.53
2026-08-06,CSAP,107.01,106.67,107.99,106.5,143.5,78.25,8.28B,77.63M,34.93M,423.9K,45,7.03,19.74,17.22,0.84,5.4,0.77
2026-08-06,DAAG,81,78.5,81.26,76.11,120.25,52,314M,4M,970.7K,1.95K,24.27,,,,,,
2026-08-06,DADX,88.11,89.99,90,88,121.88,42.75,968.65M,10.76M,538.2K,926,5,0,-30.29,-37.21,3.74,-2.97,0.05
2026-08-06,DCL,11.05,11.16,11.21,11.01,16.31,6.61,6.07B,544.11M,190.44M,1.98M,35,0,-2.37,-4.8,0.25,-4.71,0.04
2026-08-06,DCR,38.6,38.61,38.8,38.4,41.8,28.1,85.86B,2.22B,555.92M,625.1K,25,6.68,2.31,78.71,1.13,16.71,
2026-08-06,DFSM,17.49,17,17.49,16.9,35.24,3.75,1.66B,97.75M,34.21M,893.85K,35,,,,,,
2026-08-06,DGKC,220,220.19,221.55,217.6,275.75,145.1,96.47B,438.12M,219.06M,5.08M,50,0.91,27.64,14.23,0.86,7.97,0.27
2026-08-06,DINT,67.1,70.99,71,67.1,96,41.36,3.72B,52.47M,7.87M,5.58K,15,0,-3.91,-0.63,0.53,-18.14,-1.78
2026-08-06,DMC,186,172.88,186,172.91,351.9,43.05,527.7M,3.05M,915.73K,164.6,30,,,,,,
2026-08-06,DNCC,17.29,17.72,18,17.1,28.07,14,5.61B,316.36M,94.91M,94.64K,30,0,-0.39,-1.76,2.7,-45.09,-0.29
2026-08-06,DOL,30.96,31,31.69,30.96,41,25.36,5.43B,175.03M,52.51M,78.2K,30,12.9,2.55,8.79,1.81,12.18,-4
2026-08-06,DYNO,351,348.02,351,343,366.9,254.3,6.57B,18.87M,12.27M,2.04K,65,4.67,55.14,7.33,1.21,6.31,0.69
2026-08-06,ECOP,49.6,50.27,50.78,49.6,78.25,33.82,2.43B,48.26M,36.19M,48.78K,75,3.98,7.67,5.37,1.34,6.55,0.15
2026-08-06,EFERT,190.01,192.92,193.59,189.94,263.3,180.15,257.61B,1.34B,600.88M,1.52M,45,6.35,15.94,9.36,5.87,12.1,-1.71
2026-08-06,ELCM,243.15,239.86,260.6,235.5,343.44,125.51,311.82M,1.3M,260K,1.18K,20,0,-24.15,-3.34,4.6,-9.93,0.16
2026-08-06,ELSM,159.97,151.18,159.97,136.1,170,99,1.66B,10.95M,3.29M,1.62K,30,2.65,3.97,0.28,0.38,38.04,-34.3
2026-08-06,EMCO,51.71,53.59,53.95,50.15,80.55,31.29,1.88B,35M,10.5M,13.98K,30,,,,,,
2026-08-06,ENGROH,282.1,283.75,284.7,282,302.5,208,341.7B,1.2B,903.17M,941.29K,75,0,53.18,10.18,,5.34,0.32
2026-08-06,EPCL,34.5,35.34,35.5,34.5,39.32,27.01,32.12B,908.92M,227.23M,1.24M,25,0,-2.97,-3.28,1.55,-11.88,1.07
2026-08-06,EPQL,26.61,26.69,26.83,26.59,34.98,22.3,8.64B,323.8M,161.9M,960.37K,50,44.02,2.23,5.69,0.75,11.97,-4.28
2026-08-06,EXIDE,487.99,483.84,488,483,790,365,3.76B,7.77M,1.94M,4.42K,25,1.03,43.18,1.88,0.5,11.2,
2026-08-06,FABL,102.99,100.55,103.53,100.2,106,72.88,152.6B,1.52B,531.19M,1.41M,35,6.46,15.03,11.4,1.34,6.69,
2026-08-06,FANM,8.21,8.4,8.47,8.2,10.83,4.25,194.04M,23.1M,11.55M,776.96K,50,,,,,,
2026-08-06,FASM,328.88,325.51,328.99,312.03,430,240.02,3.26B,10M,1M,2.02K,10,0,-52.85,-1.19,0.31,-6.16,-1.56
2026-08-06,FATIMA,166.66,166.36,169.01,165,192.8,116.06,349.36B,2.1B,315M,847.21K,15,5.71,17.58,13.62,2.02,9.46,0.26
2026-08-06,FCCL,56.8,56.88,57.2,56.21,62.84,36.26,139.52B,2.45B,858.5M,7.23M,35,2.2,5.99,16.04,1.52,9.49,0.09
2026-08-06,FCEPL,111,110.27,111.87,109.3,118.01,63.86,84.53B,766.6M,76.66M,1.48M,10,3.17,4.51,3.23,4.49,24.45,0.71
2026-08-06,FCL,23.94,23.96,24.01,23.75,28.56,19.65,15.44B,644.58M,161.14M,626.07K,25,,,,,,
2026-08-06,FECM,21.49,20.71,21.49,20.55,57.06,11.75,234.85M,11.34M,8.51M,95.97K,75,,,,,,
2026-08-06,FECTC,107.98,110.55,111.95,107.5,195.75,72,5.55B,50.16M,12.54M,134.72K,25,1.81,14,5.6,1.1,7.9,-0.06
2026-08-06,FEM,11.32,11.1,11.75,10.9,17.7,5.16,582.08M,52.44M,36.71M,60.09K,70,,,,,,
2026-08-06,FEROZ,390,390.04,404,390,475,293.01,16.95B,43.47M,17.39M,28.66K,40,1.03,21.66,4.15,1.31,18,0.79
2026-08-06,FFC,579,583.75,584.99,578.5,685,425,840.03B,1.44B,791.46M,1.27M,55,7.02,61.43,16.53,3.07,9.5,0.14
2026-08-06,FFL,16.58,16.51,16.7,16.4,23.93,14,41.6B,2.52B,503.99M,2.79M,20,0,0.39,3.18,3.69,42.75,0.02
2026-08-06,FFLM,15,14.6,15.1,14.3,27.23,4.4,385.64M,26.41M,17.17M,177.67K,65,,,,,,
2026-08-06,FHAM,33.99,33.68,34.5,32.9,39.49,26.56,3.73B,110.83M,94.21M,29.02K,85,6.68,7.53,17.05,0.61,4.47,0.11
2026-08-06,FIBLM,13.84,13.57,14,13.43,22.24,7,294.3M,21.69M,10.84M,172.14K,50,0,0.94,43.94,1.18,14.49,0.42
2026-08-06,FIMM,195,211.98,213,195,397.69,173.39,635.94M,3M,900K,174.75,30,,,,,,
2026-08-06,FLYNG,45.69,44.03,45.69,43.9,61,38.51,30.59B,694.8M,104.22M,66.45K,15,0,1.29,5.99,2.38,34.09,0.13
2026-08-06,FML,53.98,52.63,53.98,51.55,86,34.05,21.02B,399.41M,39.94M,41.43K,10,0,0.46,0.27,0.62,114.29,-24.15
2026-08-06,FPJM,10.99,10.75,11,10.68,14.99,4.23,365.71M,34.02M,13.61M,659.6K,40,0,-3.22,-38.72,-0.79,-3.34,0.45
2026-08-06,FPRM,11.55,11.53,11.76,11.45,16.99,9.25,158.98M,13.79M,6.2M,124.77K,45,,,,,,
2026-08-06,FRCL,96.18,95.54,101,90,118.45,39.02,3.62B,37.87M,1.89M,801.8,5,,,,,,
2026-08-06,FRSM,42.31,42.12,43.49,42.01,63.48,34.22,1.66B,39.51M,11.85M,2.79K,30,0,10.05,3.35,0.76,4.19,0.01
2026-08-06,FTMM,17.1,17,17.5,16.95,23.75,11.14,3.33B,195.6M,9.78M,18.36K,5,8.82,0.5,2.47,1.19,34.29,-1.57
2026-08-06,FTSM,39.72,42.17,42.17,39,57,11.52,892.45M,21.16M,8.47M,113.18K,40,,,,,,
2026-08-06,FZCM,260,259.53,274,251.52,333.39,185.52,7.79B,30M,3M,3.03K,10,0,3.02,0.1,0.16,86.01,40.07
2026-08-06,GADT,352,362.09,374,352,499,215,10.15B,28.03M,8.41M,177.05K,30,0,43.77,1.72,0.41,8.27,0.69
2026-08-06,GAL,612,615.47,621.99,612,633,291,35.08B,57M,22.8M,800.65K,40,1.62,117.24,12.52,1.83,5.25,0
2026-08-06,GATI,85.5,84.05,85.5,83.51,144.95,62.55,9.14B,108.73M,16.31M,7.65K,15,0,-10.67,-4.01,0.77,-7.88,-5.45
2026-08-06,GATM,26.63,27.23,27.4,26.53,40.7,16.5,20.15B,740.06M,185.01M,469.74K,25,0,2.72,1.18,0.39,10.03,0.83
2026-08-06,GCIL,36.51,36.43,36.99,36.25,40.6,23.81,20.78B,570.45M,228.18M,3.66M,40,0,5.27,33.37,,6.92,
2026-08-06,GCWL,16.28,16.13,16.3,16.07,25.15,12.05,4.03B,250.14M,111.05M,369.9K,44.39,,,,,,
2026-08-06,GDL,17.68,17.73,17.78,17.53,33,16.9,7.61B,429.2M,107.3M,333.65K,25,,,,,,
2026-08-06,GEMBCEM,0,11.05,0,0,14.5,0,1.1B,100M,25M,1,25,,,,,,
2026-08-06,GEMMEL,27.8,27.2,27.8,27.8,39,19.1,5.28B,194.1M,19.41M,100.5,10,,,,,,
2026-08-06,GEMPACRA,0,35.75,0,0,49,0,2.66B,74.53M,7.45M,155,10,,,,,,
2026-08-06,GEMPAPL,10.5,10.5,10.5,10.5,18.19,10.5,210M,20M,15M,41.31K,75,,,,,,
2026-08-06,GFIL,31.5,31.02,31.5,30.85,35.18,12.1,1.01B,32.64M,3.26M,25.06K,10,,,,,,
2026-08-06,GGGL,9.1,9.02,9.1,9,14.47,6.7,2.16B,240M,120M,308.32K,50,0,0.54,4.51,0.74,16.84,0.78
2026-08-06,GGL,24.15,23.9,24.15,23.62,31.31,14.1,8.46B,354.12M,177.06M,1.87M,50,0,9.78,31.53,1.05,2.44,0.05
2026-08-06,GHGL,40.8,40.14,40.8,40.05,52.25,27.78,40.13B,999.71M,349.9M,347.98K,35,4.98,6.21,13.11,0.99,6.46,0.26
2026-08-06,GHNI,1225,1234,1240,1208,1285.15,590,52.58B,42.61M,14.91M,135.96K,35,0.81,162.33,11.84,2.86,7.6,0.02
2026-08-06,GIL,0,1000,0,0,0,0,0,0,0,0,0,0.3,15.14,0.25,0,66.03,-14.54
2026-08-06,GLAXO,353.98,353.28,356,352.53,459.94,293.09,112.51B,318.47M,63.69M,111.69K,20,4.81,33,15.6,3.1,10.71,0.17
2026-08-06,GOC,172.22,177.3,179,170,235,77,1.3B,7.35M,1.1M,8.29K,15,0.56,4.14,6.12,1.81,42.79,1.49
2026-08-06,GTYR,35.35,35.76,37,35.34,48,22.26,4.36B,121.93M,48.77M,1.2M,40,0,-6.34,-4.84,0.68,-5.64,0.59
2026-08-06,GVGL,54.25,54.27,55.5,54.22,73.99,43.65,8.14B,149.94M,29.38M,2.57K,19.59,5.53,6.64,15.54,1.61,8.17,
2026-08-06,GWLC,50.3,50.52,50.84,45.11,77.96,38.75,20.22B,400.27M,40.03M,216.92K,10,2.97,6.74,12.64,0.74,7.49,0.5
2026-08-06,HAEL,27.2,27.46,27.85,27.1,37.96,14.91,356.88M,13M,1.95M,6.32K,15,,,,,,
2026-08-06,HAFL,499.79,499.82,515,499.79,629.5,283.58,599.78M,1.2M,42.48K,234.2,3.54,,,,,,
2026-08-06,HALEON,763.99,759.59,763.99,756,1010,655,88.91B,117.05M,15.74M,20.96K,13.44,3.95,55.96,15.35,6.1,13.57,0.19
2026-08-06,HCAR,244.13,241.62,244.9,241.4,318,147.5,34.5B,142.8M,28.56M,575.59K,20,3.72,34.25,3.68,1.3,7.05,32.55
2026-08-06,HINO,384.99,391.26,399,380,585,264.69,9.7B,24.8M,2.55M,4.75K,10.28,2.79,13.47,3.24,1.55,29.04,10.39
2026-08-06,HINOON,981,1008.66,1010.11,981,1241,755.56,53.44B,52.98M,21.19M,21.11K,40,4.96,75.63,14.32,3.61,13.34,0.3
2026-08-06,HPL,3996,3966.74,3996,3951.05,4889.99,2950.06,38.26B,9.64M,964.48K,61.8,10,6.05,317.04,9.84,4.3,12.51,0.28
2026-08-06,HRPL,21.24,20.54,21.3,20.3,37,16.51,821.6M,40M,8M,38.74K,20,0,-3.09,-5.61,1.1,-6.65,0.29
2026-08-06,HTL,40.75,41.19,41.34,40.75,66.5,31.01,5.73B,139.2M,34.8M,333.63K,25,0,3.83,1.49,0.87,10.77,1.02
2026-08-06,HUBC,223,223.58,224,222.53,249.99,157.25,290.02B,1.3B,972.87M,2.06M,75,11.18,34.65,63.41,1.28,6.45,-5.09
2026-08-06,IBFL,281,278.03,294.94,274.99,397.32,176.55,86.33B,310.51M,15.53M,1.76K,5,0,-1.49,-0.44,1.5,-186.25,-17.79
2026-08-06,IBLHL,49.39,50.13,50.39,49.32,85.82,36,4.94B,98.53M,24.63M,72.73K,25,0,2.44,5.36,1.98,20.55,5.18
2026-08-06,ICCI,14.32,14.14,14.8,13.87,17.91,8.61,424.22M,30M,4.5M,31.19K,15,,,,,,
2026-08-06,ICL,137.5,136.51,139.25,135.21,176,85.1,13.65B,100M,45M,33.01K,45,2.2,13.74,4.34,1.25,9.94,0.39
2026-08-06,IDEAL,42.5,38.14,42.5,38.06,87.7,15.75,378.35M,9.92M,1.49M,2.18K,15,,,,,,
2026-08-06,IDRT,37.51,40.97,41.58,37.51,68.08,19.31,813.37M,19.85M,1.99M,119.17K,10,,,,,,
2026-08-06,ILP,104.7,104.4,105.9,104,110.5,67.4,146.34B,1.4B,280.34M,862.88K,20,2.87,8.3,6.45,2.4,12.58,0.21
2026-08-06,IMAGE,27.04,27.24,27.39,26.8,32.46,19,6.28B,230.37M,149.74M,646.72K,65,7.34,3.49,17.93,1.29,7.8,
2026-08-06,INIL,159.8,166.63,167.5,159.79,249,127.3,21.98B,131.88M,59.35M,155.18K,45,3.6,14.32,1.72,0.68,11.64,-3.51
2026-08-06,INKL,90.6,92.52,94.49,90.05,126,30.15,895.13M,9.68M,3.87M,52.23K,40,,,,,,
2026-08-06,IPAK,37.49,36.8,37.49,36.72,38,21.02,27.06B,735.21M,220.56M,476.73K,30,1.55,3.81,7.22,2.11,9.67,
2026-08-06,IREIT,8.04,8,8.04,7.95,13.05,7.26,2.21B,275.86M,96.55M,182.23K,35,,,,,,
2026-08-06,ISIL,1915.03,1902.06,1978.8,1850,2370,1725.01,126.21B,66.36M,3.32M,38.6,5,0.26,62.5,3.31,4.56,30.43,0.47
2026-08-06,ISL,86.18,88.44,88.97,86.18,135,65.45,38.47B,435M,152.25M,184.92K,35,5.09,6.93,3.59,1.51,12.76,-2.99
2026-08-06,ITANZ,47.99,46.52,47.99,46.4,49.35,46.4,5.52B,118.6M,48.52M,4.45M,40.91,,,,,,
2026-08-06,ITTEFAQ,9.2,9.42,9.85,9.2,12.64,5.75,1.36B,144.34M,93.82M,1.91M,65,0,-3.91,-27.88,0.47,-2.41,
2026-08-06,JATM,52.11,56.74,56.74,52.11,56.74,14.61,714.99M,12.6M,1.89M,129.2K,15,,,,,,
2026-08-06,JDMT,162.8,161.83,163.5,156.05,199.89,60.1,1.12B,6.92M,2.07M,200.34K,30,,,,,,
2026-08-06,JDWS,919.99,906.36,919.99,900,999,780,52.37B,57.78M,8.67M,151.4,15,5.52,162.29,7.18,1.39,5.58,0.19
2026-08-06,JSML,66.95,62.56,66.95,62,147.5,45.61,2.14B,34.13M,13.65M,396.28K,40,0,3.91,1.36,0.23,16.01,0.86
2026-08-06,JVDC,150,149.87,153,149,163.9,65.15,57.08B,380.86M,190.43M,1.23M,50,3.34,10.67,38.34,2.06,14.05,-0.01
2026-08-06,KCL,130.51,145,154.5,130.51,195.69,115.02,2.11B,14.55M,10.91M,20.67,75,,,,,,
2026-08-06,KEL,7.32,7.42,7.45,7.26,9.58,4.91,204.9B,27.62B,2.76B,11.86M,10,0,0.42,2.19,1.78,17.79,
2026-08-06,KHYT,2007.8,1981.32,2025.35,2007.8,2689,1131.01,2.43B,1.23M,20.67K,183.6,1.68,,,,,,
2026-08-06,KOHC,101.99,101.54,102.99,100,567.99,74,93.35B,919.31M,229.83M,509.75K,25,0,10.62,25.96,1.69,9.56,0.33
2026-08-06,KOHE,16.49,16.43,16.9,15.7,23.49,12.33,2.78B,169.46M,67.78M,258.17K,40,0,3.94,15.83,0.62,4.17,-0.39
2026-08-06,KOHTM,116,116.94,118,113,210,40,2.43B,20.8M,6.24M,136.37K,30,1.71,14.85,3.65,0.5,7.88,0.19
2026-08-06,KPUS,1120,1052.36,1120,1040,2849.99,115.11,16.86B,16.02M,800.88K,7.8K,5,0,5.68,1.21,4.21,185.25,7.11
2026-08-06,KSBP,248.5,246.3,249.99,244.9,263.98,155.2,7.61B,30.9M,8.37M,47.83K,27.08,0.41,7.14,3.26,1.79,34.49,3.55
2026-08-06,KTML,43.99,43.98,44.2,43.5,305,37.02,59.22B,1.35B,269.3M,1.1M,20,0.91,7.94,8.01,0.73,5.54,0.17
2026-08-06,LCI,229,228.18,230,227,366.99,201.17,105.37B,461.8M,92.36M,98.26K,20,5.02,20.25,8.25,1.88,11.27,0.54
2026-08-06,LEUL,43.59,44.36,44.45,43.1,72.68,25.76,266.16M,6M,1.8M,24.42K,30,,,,,,
2026-08-06,LIVEN,35.99,36.27,36.49,35.67,74.4,27.82,4.1B,113.04M,11.3M,46.42K,10,,,,,,
2026-08-06,LOADS,13.66,13.82,13.95,13.65,22.6,10.93,5.13B,371.25M,185.62M,1.01M,50,0,1.07,4.28,0.98,12.95,-0.01
2026-08-06,LOTCHEM,27.24,27.2,27.31,27.08,34.3,18.41,41.19B,1.51B,378.55M,2.59M,25,23.9,3.1,5.49,2.03,8.78,-6.41
2026-08-06,LPGL,93.75,91.52,93.75,90.06,122.69,63.01,686.4M,7.5M,1.88M,1.67K,25,,,,,,
2026-08-06,LUCK,453.91,458.63,460.5,453.91,529.5,339,671.89B,1.47B,439.5M,1.66M,30,0.87,56.88,16.86,1.66,8.06,0.16
2026-08-06,MACFL,71.75,63.43,71.9,63.43,86.98,19.52,3.76B,59.3M,23.72M,421.83K,40,0.79,2.13,1.96,1.62,29.75,8.02
2026-08-06,MACTER,283,279.83,283,276,443.5,255.1,12.82B,45.81M,18.32M,6.93K,40,1.36,17.8,6.82,3.18,15.72,0.29
2026-08-06,MARI,658.11,677.12,678.85,658,795,544.56,812.97B,1.2B,240.12M,658.64K,20,4.43,57.11,37.45,2.85,11.86,0.5
2026-08-06,MEBL,594.99,587.93,601.5,585,601.5,368.1,1.06T,1.8B,450.14M,1.75M,25,4.85,50.58,19.77,3.72,11.62,
2026-08-06,MEHT,145,149.3,155.97,139.25,389,139.25,4.48B,30M,19.5M,660.33K,65,0,39.74,1.87,0.23,3.76,0.09
2026-08-06,MERIT,9.87,9.94,10.14,9.87,14.69,7.1,1.99B,199.96M,39.99M,65.41K,20,0,-1.75,-10.52,0.84,-5.69,0.01
2026-08-06,MFFL,179.98,176.99,179.98,176.1,237,139.66,4.05B,22.88M,3.85M,3.9K,16.82,,,,,,
2026-08-06,MFL,41.23,41.24,41.49,41.02,85.73,37.56,5.05B,122.4M,42.84M,204.2K,35,0,4.13,1.98,0.47,9.97,0.2
2026-08-06,MIRKS,32.02,32.8,33.5,32.02,44.5,22.28,2.18B,66.56M,29.95M,37.96K,45,0,-6.18,-3.48,0.88,-5.31,-0.1
2026-08-06,MLCF,98.95,103.09,103.51,98.06,132.99,71,107.99B,1.05B,471.4M,15.72M,45,0,11.34,13.96,1.3,9.09,0.21
2026-08-06,MQTM,29.5,29.89,30.45,28.52,49,17.97,550.93M,18.43M,4.61M,42.53K,25,0,-79.43,-17.35,1.74,-0.38,0.01
2026-08-06,MRNS,64.24,64.94,65.7,63.52,94.01,52.32,4.87B,74.93M,26.22M,141.54K,35,10.01,22.15,14.35,1.04,2.93,
2026-08-06,MSCL,23.15,23.28,23.9,22.7,46.53,12.05,721.16M,30.98M,7.74M,50.51K,25,,,,,,
2026-08-06,MTL,312.97,311.28,314.93,309.05,636.99,279,124.21B,399.03M,179.56M,465.39K,45,5.62,18.49,12.64,16.06,16.84,0.97
2026-08-06,MUGHAL,82.37,82.95,83.2,81.01,113.99,59,27.84B,335.63M,117.47M,371.43K,35,0,6.37,2.8,0.92,13.02,0.88
2026-08-06,MWMP,59.99,57.83,60,57.71,170.95,36,1.66B,28.75M,7.19M,24.37K,25,,,,,,
2026-08-06,NATM,77,85.16,77,77,92.94,77,1.81B,21.27M,1.06M,0,5,0,-53.59,-51.27,0.83,-1.59,0.05
2026-08-06,NESTLE,7664.94,7598.58,7664.94,7556.15,10524.97,7000,344.59B,45.35M,4.53M,889.2,10,7.2,370.41,8.2,17.55,20.51,1.21
2026-08-06,NETSOL,125,127.76,129.48,124.9,164.59,87.66,11.48B,89.84M,26.95M,302.04K,30,0,32.29,21.96,0.91,3.96,0.09
2026-08-06,NML,147.97,154.34,155.8,147,208.4,120,54.27B,351.6M,158.22M,2.26M,45,1.3,33.41,5.75,0.32,4.62,1.53
2026-08-06,NONS,89.31,88.85,93.9,87,157.1,70.02,1.47B,16.52M,3.3M,10.6K,20,4.5,18.71,2.44,0.77,4.75,0.73
2026-08-06,NRL,444,446.99,449.99,438.7,477.45,231.8,35.74B,79.97M,26.31M,1.07M,32.91,0,108.68,2.33,0.6,4.11,0.01
2026-08-06,NRSL,34.99,34.15,35.23,34,39.25,20.6,4.83B,141.32M,42.4M,107.63K,30,0,2.09,2.61,1.33,16.32,1.49
2026-08-06,NSRM,257,249.44,257,249,362.31,84.01,3.88B,15.55M,777.66K,1.68K,5,0,6.79,4.51,2.42,36.75,0.21
2026-08-06,OCTOPUS,31.78,31.88,32,31.5,60.89,24.35,5.04B,158.22M,47.18M,106.43K,29.82,,,,,,
2026-08-06,OGDC,317.5,318.49,319.5,316.35,352,238.2,1.37T,4.3B,645.14M,3.04M,15,5.02,36.17,39.85,0.97,8.81,0.76
2026-08-06,OLPM,25.19,25.11,25.19,25,25.98,19,1.14B,45.38M,34.04M,2.23K,75,9.96,3.44,9.88,0.85,7.31,-1.84
2026-08-06,OML,106,101.94,109,100.1,187.24,25.8,1.22B,12M,1.2M,282.98K,10,,,,,,
2026-08-06,ORM,11.1,11.04,11.19,10.9,16.79,9.2,828M,75M,26.25M,664.76K,35,,,,,,
2026-08-06,OTSU,403.11,404.51,413,399,447.94,254.95,4.89B,12.1M,3.02M,4.6K,25,0,28.78,8.39,4.55,14.06,1.83
2026-08-06,PAEL,42.65,44.38,44.75,42.6,64.6,32.01,40.99B,923.65M,508.01M,5.12M,55,0,4.46,5.86,0.81,9.95,0.32
2026-08-06,PAKD,124.4,123.46,124.4,122.11,231.24,85.01,1.46B,11.86M,5.06M,2.13K,42.63,,,,,,
2026-08-06,PAKOXY,283,286.5,296,283,356.68,218.01,24.96B,87.12M,21.78M,88.35K,25,0,22.58,14.35,2.01,12.69,0.15
2026-08-06,PAKQATAR,20.99,20.93,21.1,20.9,29.4,15.24,4.83B,230.71M,80.75M,347.24K,35,,,,,,
2026-08-06,PIBTL,16.95,16.9,17.2,16.81,22.97,10,30.18B,1.79B,803.74M,32.68M,45,0,1.18,14.81,1.72,14.33,7.99
2026-08-06,PICT,54.9,54.48,55.25,54,61.5,23.65,5.95B,109.15M,21.83M,674.56K,20,0,-1.17,-1281.2,4.39,-46.41,2.24
2026-08-06,PIM,22.53,21.91,22.53,21.5,31.33,16.16,438.2M,20M,1M,1.69K,5,,,,,,
2026-08-06,PIOC,271.34,275.86,278.05,268.2,427.5,200.01,62.66B,227.15M,34.07M,189.34K,15,3.63,29.03,17.09,1.27,9.5,0.15
2026-08-06,PKGS,796.17,802.43,808.85,792,855,611.01,71.72B,89.38M,17.88M,2.1K,20,1.99,-9.43,-0.43,1.09,-85.09,-3.58
2026-08-06,PMRS,515,500.67,515,490.02,835,276.45,1.88B,3.75M,387.66K,3.69K,10.34,0,-226.21,-2.28,0.41,-2.21,-0.06
2026-08-06,POML,173.99,171.72,173.99,170.5,220,113.11,1.33B,7.76M,3.11M,5.1K,40,,,,,,
2026-08-06,POWER,22.5,22.97,23.28,22.33,24.26,13.75,29.64B,1.29B,452.11M,2.56M,35.03,0,2.24,8.78,1.25,10.25,0.16
2026-08-06,PPL,222.11,222.48,223.51,220.11,284.6,175.8,605.36B,2.72B,669.51M,3.13M,24.61,3.82,28.99,33.84,0.81,7.67,
2026-08-06,PPP,134.9,133.39,134.9,132,195.99,91,1.07B,8M,4M,3.47K,50,3.75,17.67,7.84,0.59,7.55,0.3
2026-08-06,PQGTL,14.6,14.45,14.6,14.29,19.8,10.25,1.46B,101.11M,40.44M,141.64K,40,,,,,,
2026-08-06,PREMA,34.1,34.29,34.69,33.97,56.38,23,7.5B,218.64M,65.59M,1.42M,30,0,2.73,9.01,1.24,12.54,0.27
2026-08-06,PRL,64.05,63.81,64.25,62.45,65.99,23.2,40.2B,630M,227.29M,22.6M,36.08,0,19.07,3.89,1.04,3.35,0.02
2026-08-06,PSEL,888.95,875.24,888.95,861.01,1635,799,28.47B,32.52M,30.82M,182.8,94.76,0,5.58,1.22,0.63,156.84,5.37
2026-08-06,PSO,354,352.33,357.8,351.5,506.75,320.11,165.41B,469.47M,234.74M,3.95M,50,2.84,92.73,1.35,0.57,3.8,0.03
2026-08-06,PSYL,128,129,130,124,158,52.26,17.89B,138.7M,6.93M,1.67K,5,0,3.38,3.07,3.56,38.12,0.96
2026-08-06,PTL,54.51,53.92,54.51,53.6,65.88,46.4,9.06B,168M,42M,131.75K,25,7.42,6.4,3.09,1.12,8.43,
2026-08-06,QTECH,46,44.64,46,44.4,57.8,23.1,5.43B,121.58M,30.39M,1.5M,25,,,,,,
2026-08-06,QUICE,34.21,34.23,34.55,34.05,46.06,7.77,3.37B,98.46M,68.92M,101.22K,70,,,,,,
2026-08-06,REDCO,33.4,31.07,33.4,30.66,40.4,14.9,1.53B,49.29M,2.46M,36.08K,5,,,,,,
2026-08-06,REWM,181,176.33,181,162,244.05,96.02,5.43B,30.81M,10.78M,585.25,35,,,,,,
2026-08-06,RMPL,9398,9470.53,9550,9398,13565.64,8500,87.47B,9.24M,461.82K,35.8,5,5,715.93,9.02,2.8,13.23,3.25
2026-08-06,RPL,17,17.24,17.39,16.9,25.05,12,2.45B,141.9M,44.42M,360.23K,31.3,0,0.13,0.16,0.28,136.83,-36.43
2026-08-06,RUPL,29.01,31.06,32,29.01,42.79,23.11,1.06B,34.07M,10.22M,3.95K,30,0,-20.94,-21.91,0.19,-1.48,0.03
2026-08-06,SANSM,133.99,132.03,137,126.42,148.99,41,1.58B,11.95M,6.57M,923.2,55,0,16.24,3.1,0.49,8.13,0.07
2026-08-06,SAPT,1425.92,1493.19,1495.97,1425.92,1606,1164,32.39B,21.69M,2.17M,52.8,10,0.67,387.04,5.77,0.4,3.86,0.25
2026-08-06,SARC,100,99.13,100,93.55,120.32,46.68,594.78M,6M,2.7M,17.13K,45,,,,,,
2026-08-06,SASML,355,355.37,392,326.22,469.49,164.2,3.7B,10.43M,2.61M,280,25,0.56,6.09,1.12,1.38,58.39,2.03
2026-08-06,SAZEW,1921.08,1928.1,1934.89,1915,2487,1402.02,116.55B,60.45M,21.16M,78.74K,35,3.63,303.75,12.89,3.28,6.35,0
2026-08-06,SCL,750,750.07,750,750,1125,300,2.93B,3.9M,195K,0,5,0,-53.91,-8.05,9.44,-13.91,1.05
2026-08-06,SEARL,91.4,92.2,92.4,91,137.44,76.37,54.23B,588.22M,294.11M,1.44M,50,0,2.04,6.01,1.58,45.28,182.47
2026-08-06,SEL,28.25,29.84,30,28,45.56,11.11,569.71M,19.09M,10.5M,25.17K,55,,,,,,
2026-08-06,SELECT,27.8,27.71,28,27.62,33.6,26.02,24.63B,888.89M,88.89M,1.05M,10,,,,,,
2026-08-06,SERT,47,45.65,47,45.05,84.49,19.17,629.4M,13.79M,2.07M,66.13K,15,,,,,,
2026-08-06,SGF,116,115.62,116.4,115.4,141.89,71.51,23.87B,206.47M,51.62M,46.74K,25,1.73,11.16,12.03,2.69,10.36,
2026-08-06,SGPL,73,73.53,76.6,72.35,129.07,7.2,1.31B,17.83M,16.05M,2.16M,90,,,,,,
2026-08-06,SHCM,54,54.66,58.75,54,96.58,30.52,964.03M,17.64M,1.76M,8.52K,10,,,,,,
2026-08-06,SHDT,54,57.76,58.45,53.3,74.81,36.46,1.32B,22.85M,8M,140.23K,35,,,,,,
2026-08-06,SHFA,517,511.26,519.85,511,615.28,424.13,32.32B,63.21M,28.45M,23.59K,45,0.98,41.05,8.72,1.95,12.45,0.25
2026-08-06,SHSML,381,380,387.5,381,549,326,8.03B,21.12M,7.39M,13.44K,35,5.26,36.69,3.58,0.62,10.36,0.39
2026-08-06,SIEM,1517,1516.05,1517,1516,1740,1335,12.5B,8.25M,412.35K,288,5,0,4.55,0.48,2.03,333.04,-17.36
2026-08-06,SINDM,24.1,24.09,24.49,23.25,41.25,12,1.08B,45M,4.5M,9.57K,10,,,,,,
2026-08-06,SITC,799.98,794.99,800,790.13,1060,555.32,17.04B,21.43M,6.43M,2.2K,30,1.38,65.36,4.3,0.85,12.16,0.74
2026-08-06,SLGL,16,16.07,16.44,15.77,26.5,13,6.78B,421.79M,126.54M,913.9K,30,,,,,,
2026-08-06,SLM,24.4,24.31,24.54,24.26,26.25,21.95,189.49B,7.79B,779.48M,2.69M,10,,,,,,
2026-08-06,SMCPL,40.95,41.72,41.89,39.5,57.3,23.99,1.04B,25M,7.5M,112.66K,30,,,,,,
2026-08-06,SNAI,38,37,38,36.32,43.9,25,738.71M,19.96M,6.99M,6.01K,35,0,6.54,5.84,1.03,5.65,-0.58
2026-08-06,SNGP,106.55,104.91,107,104.25,142.6,83.2,66.54B,634.22M,253.69M,2.57M,40,2.86,22.94,1.17,0.84,4.57,-0.82
2026-08-06,SPEL,49.23,49.36,50.49,48.6,83.5,32.91,9.86B,199.74M,39.95M,851.25K,20,2.43,6.37,13,1.47,7.75,0.18
2026-08-06,SPSL,16.5,16.95,17,16.5,23.45,16.15,28.47B,1.68B,335.98M,6.95M,20,,,,,,
2026-08-06,SRR,16.45,16.5,16.55,16.26,21,15.26,544.5M,33M,13.2M,53.04K,40,,,,,,
2026-08-06,SRVI,2082,2087.98,2098,2070,2464,1130,98.11B,46.99M,23.49M,13.84K,50,0.84,223.93,6.65,3.74,9.32,0.09
2026-08-06,SSGC,27.45,27.25,27.47,26.97,46.23,19.02,24B,880.92M,336.86M,13.84M,38.24,1.83,-2.87,-0.65,1.82,-9.51,88
2026-08-06,SSOM,456.11,457.76,460.95,456.11,843,351.1,2.59B,5.66M,1.4M,7.58K,24.69,,,,,,
2026-08-06,STCL,11.18,11.01,11.35,11,19.4,8.55,2.63B,239.32M,131.63M,274.54K,55,0,-4.03,-8,1.51,-2.73,0.13
2026-08-06,STJT,145,152.99,158.59,141,162,70,1.48B,9.66M,1.45M,591.6,15,3.6,27.72,4.42,0.6,5.52,0.5
2026-08-06,STL,39.62,43.44,43.48,39.61,2231.81,34.85,4.67B,107.62M,43.05M,590.48K,40,,,,,,
2026-08-06,STML,56.9,56.81,58,53.41,70.38,22.8,490.84M,8.64M,2.59M,26.34K,30,0,-6.99,-1.76,0.64,-8.12,0.59
2026-08-06,STYLERS,51,50.01,51,49.45,56.84,36,24.45B,488.83M,24.44M,20.26K,5,3,2.28,5.99,1.8,21.97,
2026-08-06,SURC,156.5,158.65,163.99,156.5,181,88,7.74B,48.81M,9.76M,158.41K,20,3.15,29.17,5.06,0.53,5.44,0.94
2026-08-06,SYM,12,12.04,12.09,11.94,17.04,9.01,3.43B,285.25M,156.89M,819.96K,55,,,,,,
2026-08-06,SYS,136.99,136.57,138.6,136.4,174.4,105.98,201.22B,1.47B,957.71M,1.57M,65,1.46,7.86,13.4,3.25,17.37,0.22
2026-08-06,SZTM,94.5,91.74,94.5,89.1,127.25,36,1.65B,17.97M,1.8M,23.05K,10,,,,,,
2026-08-06,TATM,133,145.11,145.11,131,284,82,8.13B,55.99M,11.2M,87.77K,20,,,,,,
2026-08-06,TCORP,19.32,18.94,19.7,18.5,31.87,15.62,1.25B,66.21M,23.17M,374.22K,35,0,1.62,1.24,0.33,11.66,-0.73
2026-08-06,TELE,8.75,8.81,8.9,8.7,14.09,6.22,2.98B,338.62M,326M,3.81M,96.27,0,0.51,1.67,0.68,17.35,0.7
2026-08-06,TGL,192.99,193.44,194.5,188,291.5,128,33.3B,172.17M,68.87M,67.83K,40,3.62,24.49,13.38,1.36,7.9,0.26
2026-08-06,THCCL,64.9,65.69,65.8,64.7,103.5,42.52,32.75B,498.59M,174.51M,2.75M,35,0,7.24,24.4,3.22,9.08,0.05
2026-08-06,TICL,1429.98,1406.38,1450,1300,1450,540.05,21.13B,15.02M,226.46K,11.3K,1.51,0.71,107.51,4.88,1.71,13.08,1.39
2026-08-06,TOMCL,37.53,40.84,41.07,37.36,75.85,28.3,8.02B,196.34M,107.99M,3.38M,55,0,1.84,2.74,1.22,22.2,2.21
2026-08-06,TOWL,124,123.41,124.9,122.6,195.95,92.5,2.1B,17M,3.4M,5.94K,20,,,,,,
2026-08-06,TPLRF1,10.04,10.19,10.29,10,18.39,7.5,18.7B,1.83B,1.38B,10.6M,75,,,,,,
2026-08-06,TREET,23.4,24.1,24.2,23.4,37,19.55,8.94B,371.03M,185.51M,1.9M,50,0,1.29,1.81,1.1,18.62,0.5
2026-08-06,TRSM,20.52,20.25,21.38,19.6,71.65,8,603.45M,29.8M,23.84M,7.05M,80,,,,,,
2026-08-06,UBDL,26.22,26.24,27.76,26.21,34.5,20.01,2.41B,91.8M,4.59M,81.12K,5,,,,,,
2026-08-06,UDLI,18.81,18.62,19,18.6,25.5,8.76,653.94M,35.12M,14.05M,688.13K,40,,,,,,
2026-08-06,UDPL,121.98,120.47,122,118,168.99,75.05,4.25B,35.27M,5.29M,5.06K,15,,,,,,
2026-08-06,UNITY,11.84,11.9,12.14,11.56,31.74,7.51,14.21B,1.19B,537.32M,18.94M,45,0,1.6,2.34,0.76,7.44,0.13
2026-08-06,UPFL,25300,25211,25300,25207,34150,22562.78,160.59B,6.37M,521.22K,24.6,8.18,5.78,1001.9,14.74,18.95,25.16,1.02
2026-08-06,WAFI,181.1,181.92,183.25,179.75,260,165,38.94B,214.02M,32.1M,542.9K,15,,,,,,
2026-08-06,WAHDAT,16.8,16.54,16.85,16.3,21.78,15.45,5.54B,335.22M,83.81M,1.01M,25,,,,,,
2026-08-06,WAHN,287.5,285.98,288,285,435,225.23,2.57B,9M,3.15M,2.75K,35,3.5,51.77,9.43,0.89,5.52,0.35
2026-08-06,WASL,6.4,6.21,6.45,6.18,6.7,6.18,998.06M,160.72M,96.43M,21.14M,60,,,,,,
2026-08-06,WAVES,10.76,10.76,10.88,10.7,16.95,8.02,3.03B,281.41M,196.98M,1.29M,70,0,1,5.91,0.31,10.71,-2.18
2026-08-06,ZAHID,71.5,70.08,71.71,68,102.51,32.69,13.41B,191.42M,5.94M,147.24K,3.11,0,7.93,3.96,0.61,8.83,0.64
2026-08-06,ZAL,44.4,43.79,44.4,42.99,79.5,24,11.49B,262.5M,65.62M,2.14M,25,,,,,,
2026-08-06,ZIL,361.86,361.84,368,361.86,722,300,2.22B,6.12M,306.13K,318.8,5,,,,,,
2026-08-06,ZTL,19.02,19,19.39,18.7,24.48,9.75,1.13B,59.43M,14.86M,252.16K,25,0,-0.82,-0.65,0.45,-23.22,3.1
2026-08-07,ABOT,930,930.44,936,925.25,1304,821,91.09B,97.9M,21.17M,14.15K,21.63,4.3,84.85,10.97,2.7,10.97,0.61
2026-08-07,ACPL,238,235.97,238,235,325.01,205,32.43B,137.43M,13.74M,50.19K,10,3.6,20.97,6.74,1.36,11.25,0.82
2026-08-07,ADAMS,62.25,64.32,65.2,62.25,90.98,57.25,1.11B,17.29M,3.46M,9.51K,20,6.22,-5.93,-1.01,0.18,-10.84,1.04
2026-08-07,AGIL,151.05,149.86,151.25,148,198,121.2,5.39B,36M,21.6M,10.67K,60,1.17,24.75,5.37,0.8,6.06,0.47
2026-08-07,AGP,193.87,191.43,193.87,190.95,258.67,163,53.6B,280M,84M,155.47K,30,4.18,13.41,13.14,3.28,14.28,0.25
2026-08-07,AGTL,375.01,376.4,378,375,497,288,21.82B,57.96M,3.67M,44.35K,6.34,0,35.36,8.63,1.95,10.64,1.28
2026-08-07,AHTM,98,94.51,98,94,134.15,60,800.64M,8.47M,1.27M,1.12K,15,1.59,12.65,2.07,0.33,7.47,-2.73
2026-08-07,AIRLINK,138.98,137.54,138.98,137.05,199,118,54.37B,395.27M,118.58M,575.88K,30,6.54,14.02,6.35,2.97,9.81,
2026-08-07,AKGL,50.01,54.32,53,50,68.25,48.01,543.2M,10M,1M,256.2,10,,,,,,
2026-08-07,ALNRS,128.3,131.02,141,128.3,144,82,2.68B,20.47M,4.09M,1.3K,20,3.05,8.19,0.99,0.38,16,-5.76
2026-08-07,ANL,10.02,10.06,10.25,10,13.7,8.01,4.88B,485.41M,242.7M,611.02K,50,0,1.6,1.96,0.32,6.28,0.39
2026-08-07,ANTM,54,52.78,54.98,48.92,66.38,20.81,509.85M,9.66M,1.45M,9.5K,15,,,,,,
2026-08-07,ARCTM,40.49,39.05,40.5,38.47,46.98,24.14,514.48M,13.17M,2.7M,325.46K,20.52,,,,,,
2026-08-07,ARPL,421.05,420.17,424.5,415,490,325,14.52B,34.56M,8.64M,11.02K,25,7.14,46.47,5.66,2.69,9.04,63.79
2026-08-07,ASHT,34.99,33.68,35.11,32,70,13.64,1.57B,46.57M,2.33M,15.28K,5,,,,,,
2026-08-07,ASL,14.05,13.85,14.2,13.78,15.94,8.51,12.89B,930.78M,279.24M,9.03M,30,0,0.07,0.28,1.29,198.99,-15.1
2026-08-07,ASTM,61.81,61.81,61.81,61.81,61.81,12,938.09M,15.18M,2.28M,253.39K,15,,,,,,
2026-08-07,ATBA,203.5,203.29,204.99,201.44,294.98,169.02,7.12B,35.02M,8.75M,7.11K,25,0,2.24,0.23,0.9,90.89,440.82
2026-08-07,ATRL,972.16,987.87,993,972.16,1005,597.1,105.32B,106.62M,42.65M,350.3K,40,0.76,180.56,6.62,0.61,5.47,-0.01
2026-08-07,AVN,32.6,32.93,33.16,32.52,54.3,26.5,14.15B,429.67M,150.38M,469.64K,35,3.04,1.02,2.52,0.94,32.28,-11.8
2026-08-07,AWTX,1610,1586,1610,1610,1744.6,1270,1.27B,800K,4.5K,1,0.56,0,9.84,0.15,1.01,161.26,-19.84
2026-08-07,BAFS,599.98,578.99,599.98,570,647,181.01,5.47B,9.45M,472.5K,5.83K,5,0.35,-11.24,-2.1,3.02,-51.51,-31.73
2026-08-07,BATA,922.01,923,926,922.01,1750,875,6.98B,7.56M,1.79M,1.83K,23.67,0,-368,-15.26,2.31,-2.51,0.11
2026-08-07,BBFL,43.42,43.47,43.84,43.03,57.35,34,12.99B,298.91M,115.24M,1.88M,38.55,,,,,,
2026-08-07,BCL,72,72.48,73.7,70.5,119.8,56.02,831.53M,11.47M,6.31M,3.68K,55,0,-1.36,-1.1,2.61,-53.46,4.07
2026-08-07,BECO,5.27,5.29,5.39,5.26,73.6,3.9,6.61B,1.25B,437.37M,2.54M,35,,,,,,
2026-08-07,BERG,111.88,110.31,112.5,107.8,141,80.65,2.71B,24.55M,9.82M,435.46K,40,4.53,12.44,3.37,0.71,8.87,
2026-08-07,BFAGRO,34.25,34.46,34.68,34.03,49.25,29.03,10.68B,309.99M,77.5M,107.24K,25,,,,,,
2026-08-07,BFBIO,131.02,133.48,134.11,130,189.97,124,11.79B,88.33M,26.5M,91.77K,30,,,,,,
2026-08-07,BFMOD,24,23.26,24,23,38.84,11,174.8M,7.52M,2.63M,59.02K,35,,,,,,
2026-08-07,BHAT,840,845.57,875,800,1040,726.06,2.57B,3.04M,152.05K,128.6,5,0,30.09,0.28,0.24,28.1,3.93
2026-08-07,BIFO,132.96,130.45,132.96,129.51,197,79.1,6.05B,46.38M,16.23M,593.5K,35,5.75,9.41,12.78,1.86,13.86,0.64
2026-08-07,BIPL,27.59,27.17,27.59,27.05,44.1,23.6,30.12B,1.11B,166.31M,493.25K,15,10.12,3.87,5.45,0.65,7.01,
2026-08-07,BLUEX,6.97,6.91,7,6.82,80.85,4.9,1.96B,284.28M,113.71M,1.6M,40,,,,,,
2026-08-07,BNL,6.82,6.62,6.82,6.58,170.73,6.01,4.42B,668.05M,434.23M,5M,65,0,0.67,5.69,1.51,9.92,0.6
2026-08-07,BNWM,66.98,67.92,69.96,66.98,87.5,50,645.66M,9.51M,4.75M,4.4K,50,0,-9.58,-7,0.19,-7.09,-0.31
2026-08-07,BPL,55.3,54.27,55.99,54.1,80.97,20.01,1.22B,22.49M,6.75M,108.84K,30,,,,,,
2026-08-07,BRRG,49.47,51.03,53.7,46.66,53.77,27.53,4.85B,95.01M,47.5M,4.57K,50,,,,,,
2026-08-07,BTL,911.3,999,995,911.3,1580,275.01,6.43B,6.43M,321.6K,17.25,5,0,-35.67,-0.77,0.85,-28,
2026-08-07,BUXL,216,229.52,229.52,203.2,274.4,133.02,330.51M,1.44M,576K,39.12K,40,0,-17.12,-4.42,2.03,-13.4,0.14
2026-08-07,BWHL,233,230.15,235.5,230.01,257.92,168.13,3.07B,13.33M,7.33M,2.48K,55,7.39,29.35,14.67,1.3,7.84,0.06
2026-08-07,CCM,52,52.68,52.9,51.02,68.88,34.4,1.19B,22.66M,10.2M,11.8K,45,0,2.96,-0.18,0.17,17.79,-0.86
2026-08-07,CEPB,31.88,30.46,31.88,30.1,46.7,24.59,12.24B,401.71M,120.51M,1.13M,30,0,-1.87,-1.96,0.94,-16.3,1.11
2026-08-07,CFL,63.89,58.35,63.89,55,94.01,45.1,724.58M,12.42M,3.73M,106.6,30,0,-49.59,-18.39,0.19,-1.18,0.03
2026-08-07,CHAS,96.67,93.77,97.48,93.12,160.49,56.01,2.69B,28.69M,4.3M,56.52K,15,0,-57.51,-5.08,0.26,-1.63,-0.14
2026-08-07,CHCC,334,332.99,336,330,390,225,64.7B,194.3M,116.58M,404.56K,60,1.65,37.91,19.73,1.72,8.78,0.33
2026-08-07,CLOV,8.22,8.22,8.3,8.12,88.64,6.59,3.2B,389.29M,214.11M,2.46M,55,0,0.61,4.44,4.39,13.46,-0.33
2026-08-07,CNERGY,11.32,11.94,12.24,11.24,12.24,5.87,65.59B,5.49B,1.37B,70.52M,25,0,2.78,4.49,0.29,4.29,0.07
2026-08-07,COLG,1239.98,1234.55,1240.49,1233.32,1330,1050,299.72B,242.77M,24.28M,10.86K,10,4.74,73.22,14.79,8.21,16.86,0.36
2026-08-07,CPHL,75.5,75.08,76.12,74.75,104.25,69.25,17.15B,228.46M,114.23M,858.32K,50,4.66,4.8,7.92,1.57,15.64,
2026-08-07,CPPL,99.26,98.15,99.5,98,125.5,64.79,4.82B,49.1M,29.46M,124.44K,60,3.06,1.5,0.52,0.56,65.46,-4.97
2026-08-07,CRTM,73,72.18,73.97,72,96.5,16.6,7.22B,100M,60M,6.64K,60,0,1.31,0.69,0.56,55.19,-7.58
2026-08-07,CSAP,106.49,106,106.7,105.61,143.5,78.25,8.23B,77.63M,34.93M,183.9K,45,7.08,19.74,17.22,0.83,5.37,0.76
2026-08-07,DAAG,78.51,79.32,79.95,75.25,120.25,52,317.28M,4M,970.7K,2.22K,24.27,,,,,,
2026-08-07,DADX,90,90,92,88,121.88,42.75,968.76M,10.76M,538.2K,1.31K,5,0,-30.29,-37.21,3.74,-2.97,0.05
2026-08-07,DCL,11.16,11.06,11.26,11.03,16.31,6.61,6.02B,544.11M,190.44M,1.77M,35,0,-2.37,-4.8,0.24,-4.67,0.04
2026-08-07,DCR,38.8,38.6,38.8,38.4,41.8,28.1,85.83B,2.22B,555.92M,642.77K,25,6.68,2.31,78.71,1.13,16.7,
2026-08-07,DFSM,17,16.91,17.18,16.82,35.24,3.75,1.65B,97.75M,34.21M,857.26K,35,,,,,,
2026-08-07,DGKC,219.45,218.03,219.45,216.12,275.75,145.1,95.52B,438.12M,219.06M,4.7M,50,0.92,27.64,14.23,0.85,7.89,0.27
2026-08-07,DINT,70.85,68,70.85,65.26,96,41.36,3.57B,52.47M,7.87M,5.98K,15,0,-3.91,-0.63,0.51,-17.38,-1.86
2026-08-07,DMC,183.49,181.69,189.9,175.12,351.9,43.05,554.59M,3.05M,915.73K,272.8,30,,,,,,
2026-08-07,DNCC,17.52,17.54,17.8,17.43,28.07,14,5.55B,316.36M,94.91M,83.51K,30,0,-0.39,-1.76,2.68,-44.63,-0.3
2026-08-07,DOL,30.51,30.99,31.1,30.51,41,25.36,5.42B,175.03M,52.51M,88.68K,30,12.91,2.55,8.79,1.81,12.17,-3.94
2026-08-07,DYNO,345,347.05,348.99,341,366.9,254.3,6.55B,18.87M,12.27M,1.59K,65,4.68,55.14,7.33,1.2,6.29,0.69
2026-08-07,ECOP,50.21,49.98,51.48,49.66,78.25,33.82,2.41B,48.26M,36.19M,62.7K,75,4,7.67,5.37,1.33,6.51,0.15
2026-08-07,EFERT,192.9,190.61,192.9,190.2,263.3,180.15,254.52B,1.34B,600.88M,1.53M,45,6.43,15.94,9.36,5.8,11.96,-1.71
2026-08-07,ELCM,239,235.62,239,230,343.44,126.01,306.31M,1.3M,260K,1.16K,20,0,-24.15,-3.34,4.52,-9.76,0.16
2026-08-07,ELSM,151.2,153.5,154.85,143.31,170,99,1.68B,10.95M,3.29M,1.41K,30,2.61,3.97,0.28,0.39,38.62,-34.32
2026-08-07,EMCO,54.48,56.32,57.44,53.87,80.55,31.29,1.97B,35M,10.5M,50.19K,30,,,,,,
2026-08-07,ENGROH,283.18,279.61,283.18,277.55,302.5,209,336.72B,1.2B,903.17M,1.06M,75,0,53.18,10.18,,5.26,0.32
2026-08-07,EPCL,35,34.87,35.55,34.82,39.32,27.01,31.69B,908.92M,227.23M,1.2M,25,0,-2.97,-3.28,1.53,-11.73,1.09
2026-08-07,EPQL,26.69,26.8,26.85,26.6,34.98,22.3,8.68B,323.8M,161.9M,531.6K,50,43.84,2.23,5.69,0.75,12.02,-4.25
2026-08-07,EXIDE,481.55,484.99,491,481.55,790,365,3.77B,7.77M,1.94M,4.28K,25,1.03,43.18,1.88,0.5,11.23,
2026-08-07,FABL,100.56,100.4,100.9,99.25,106,72.88,152.38B,1.52B,531.19M,1.41M,35,6.47,15.03,11.4,1.34,6.68,
2026-08-07,FANM,8.69,8.66,8.92,8.28,10.83,4.25,200.05M,23.1M,11.55M,423.31K,50,,,,,,
2026-08-07,FASM,332,358.06,358.06,321.01,427.36,240.02,3.58B,10M,1M,3.01K,10,0,-52.85,-1.19,0.34,-6.78,-1.58
2026-08-07,FATIMA,166.5,163.68,166.5,162.55,192.8,116.06,343.73B,2.1B,315M,1M,15,5.8,17.58,13.62,1.99,9.31,0.26
2026-08-07,FCCL,56.83,57.36,57.5,56.2,62.84,36.26,140.7B,2.45B,858.5M,7.89M,35,2.18,5.99,16.04,1.53,9.57,0.09
2026-08-07,FCEPL,110.3,121.3,121.3,108.9,121.3,63.86,92.99B,766.6M,76.66M,2.19M,10,2.89,4.51,3.23,4.94,26.9,0.7
2026-08-07,FCL,24.3,24.98,25.75,23.96,28.56,19.65,16.1B,644.58M,161.14M,2.43M,25,,,,,,
2026-08-07,FECM,21.5,20.17,21.5,19.5,57.06,11.75,228.73M,11.34M,8.51M,94.87K,75,,,,,,
2026-08-07,FECTC,110.55,109.32,111.87,107.85,195.75,72,5.48B,50.16M,12.54M,158.39K,25,1.83,14,5.6,1.08,7.81,-0.06
2026-08-07,FEM,11.1,11.42,12,11,17.7,5.16,598.86M,52.44M,36.71M,26.7K,70,,,,,,
2026-08-07,FEROZ,390.01,380.8,393.85,379.01,475,293.01,16.55B,43.47M,17.39M,29.97K,40,1.05,21.66,4.15,1.28,17.58,0.8
2026-08-07,FFC,582,583.48,585,580,685,425,839.64B,1.44B,791.46M,1.35M,55,7.03,61.43,16.53,3.07,9.5,0.14
2026-08-07,FFL,16.51,16.58,16.7,16.4,23.93,14,41.78B,2.52B,503.99M,2.82M,20,0,0.39,3.18,3.71,42.93,0.02
2026-08-07,FFLM,14.6,14.71,15.1,14.3,27.23,4.4,388.55M,26.41M,17.17M,156.89K,65,,,,,,
2026-08-07,FHAM,33.68,32.94,33.68,32.9,39.49,26.9,3.65B,110.83M,94.21M,45.94K,85,6.83,7.53,17.05,0.6,4.37,0.11
2026-08-07,FIBLM,13.6,13.42,13.95,13.3,22.24,7.55,291.05M,21.69M,10.84M,111.08K,50,0,0.94,43.94,1.16,14.33,0.42
2026-08-07,FIMM,212.48,219.15,233.18,200,397.69,173.39,657.45M,3M,900K,195.25,30,,,,,,
2026-08-07,FLYNG,44.05,43.88,45,43.2,61,38.51,30.49B,694.8M,104.22M,68.48K,15,0,1.29,5.99,2.37,33.97,0.12
2026-08-07,FML,53.8,52.86,53.8,52.11,86,34.05,21.11B,399.41M,39.94M,54.54K,10,0,0.46,0.27,0.62,114.79,-24.71
2026-08-07,FPJM,10.76,10.63,10.9,10.5,14.99,4.23,361.63M,34.02M,13.61M,379.03K,40,0,-3.22,-38.72,-0.78,-3.3,0.45
2026-08-07,FPRM,11.6,11.71,12.07,11.5,16.99,9.25,161.46M,13.79M,6.2M,114.02K,45,,,,,,
2026-08-07,FRCL,95,98.95,101.9,94,118.45,39.02,3.75B,37.87M,1.89M,703.8,5,,,,,,
2026-08-07,FRSM,43,42.18,43.43,42.01,63.48,34.22,1.67B,39.51M,11.85M,2.11K,30,0,10.05,3.35,0.76,4.19,0.01
2026-08-07,FTMM,17.48,17.02,17.48,16.92,23.75,11.14,3.33B,195.6M,9.78M,23.16K,5,8.81,0.5,2.47,1.19,34.34,-1.54
2026-08-07,FTSM,43.5,46.39,46.39,42.5,57,11.52,981.76M,21.16M,8.47M,135.47K,40,,,,,,
2026-08-07,FZCM,268.5,259.59,268.5,252.33,333.39,185.52,7.79B,30M,3M,3.54K,10,0,3.02,0.1,0.16,86.03,43
2026-08-07,GADT,364.99,341.05,364.99,338,459.99,215,9.56B,28.03M,8.41M,240.09K,30,0,43.77,1.72,0.39,7.79,0.69
2026-08-07,GAL,613,610.18,615.97,608,633,291,34.78B,57M,22.8M,777.18K,40,1.64,117.24,12.52,1.81,5.2,0
2026-08-07,GATI,84.01,83.76,84.99,83.13,144.95,62.55,9.11B,108.73M,16.31M,6.8K,15,0,-10.67,-4.01,0.77,-7.85,-5.53
2026-08-07,GATM,27,27.67,28.6,26.9,40.7,16.5,20.48B,740.06M,185.01M,989.03K,25,0,2.72,1.18,0.4,10.19,0.83
2026-08-07,GCIL,36.2,36.58,36.83,36.1,40.6,23.81,20.87B,570.45M,228.18M,3M,40,0,5.27,33.37,,6.95,
2026-08-07,GCWL,16.13,16.22,16.34,15.9,25.15,12.05,4.06B,250.14M,111.05M,393.93K,44.39,,,,,,
2026-08-07,GDL,17.73,18.27,18.44,17.56,33,16.9,7.84B,429.2M,107.3M,448.42K,25,,,,,,
2026-08-07,GEMBCEM,0,11.05,0,0,14.5,0,1.1B,100M,25M,1,25,,,,,,
2026-08-07,GEMMEL,29.92,27.2,29.92,29.92,39,19.1,5.28B,194.1M,19.41M,70.33,10,,,,,,
2026-08-07,GEMPACRA,38.99,35.75,38.99,38.99,49,38.99,2.66B,74.53M,7.45M,50.5,10,,,,,,
2026-08-07,GEMPAPL,0,10.5,0,0,18.19,9,210M,20M,15M,39.81K,75,,,,,,
2026-08-07,GFIL,32,31.12,32,29,35.18,12.1,1.02B,32.64M,3.26M,22.26K,10,,,,,,
2026-08-07,GGGL,9.09,9.12,9.27,9,14.47,6.7,2.19B,240M,120M,443.06K,50,0,0.54,4.51,0.75,17.02,0.79
2026-08-07,GGL,24.1,24.62,24.89,23.62,31.31,14.1,8.72B,354.12M,177.06M,1.6M,50,0,9.78,31.53,1.08,2.52,0.05
2026-08-07,GHGL,40.12,42.06,44.15,39.8,52.25,27.78,42.05B,999.71M,349.9M,1M,35,4.76,6.21,13.11,1.04,6.77,0.26
2026-08-07,GHNI,1235,1239.2,1255,1234,1285.15,590,52.8B,42.61M,14.91M,145.15K,35,0.81,162.33,11.84,2.87,7.63,0.02
2026-08-07,GIL,0,1000,0,0,0,0,0,0,0,0,0,0.3,15.14,0.25,0,66.03,-14.54
2026-08-07,GLAXO,352.99,348.95,352.99,348.05,459.94,293.09,111.13B,318.47M,63.69M,142.6K,20,4.87,33,15.6,3.06,10.57,0.17
2026-08-07,GOC,179.9,181.94,184.55,170,235,77,1.34B,7.35M,1.1M,15.05K,15,0.55,4.14,6.12,1.86,43.91,1.55
2026-08-07,GTYR,35.99,35.78,36.4,34.85,48,22.26,4.36B,121.93M,48.77M,1.35M,40,0,-6.34,-4.84,0.68,-5.64,0.6
2026-08-07,GVGL,54.7,55.01,55.32,54.28,73.99,43.65,8.25B,149.94M,29.38M,6.54K,19.59,5.45,6.64,15.54,1.64,8.28,
2026-08-07,GWLC,50.5,50.49,50.55,49.82,77.96,38.75,20.21B,400.27M,40.03M,175.09K,10,2.97,6.74,12.64,0.74,7.49,0.5
2026-08-07,HAEL,28,29.06,29.9,27.35,37.96,14.91,377.67M,13M,1.95M,14.1K,15,,,,,,
2026-08-07,HAFL,489.01,486.01,499,451,629.5,283.58,583.21M,1.2M,42.48K,262,3.54,,,,,,
2026-08-07,HALEON,761,755.3,761,754,1010,655,88.41B,117.05M,15.74M,24.07K,13.44,3.97,55.96,15.35,6.07,13.5,0.19
2026-08-07,HCAR,241.62,241.47,242.35,240.2,318,147.5,34.48B,142.8M,28.56M,463.88K,20,3.73,34.25,3.68,1.29,7.05,32.55
2026-08-07,HINO,391.2,386.63,391.2,378.02,585,264.69,9.59B,24.8M,2.55M,4.95K,10.28,2.82,13.47,3.24,1.53,28.7,10.49
2026-08-07,HINOON,1000,1010.69,1038.99,985.01,1241,755.56,53.55B,52.98M,21.19M,24.25K,40,4.95,75.63,14.32,3.62,13.36,0.31
2026-08-07,HPL,4007.99,3975.1,4007.99,3950.64,4889.99,2950.06,38.34B,9.64M,964.48K,57.4,10,6.04,317.04,9.84,4.31,12.54,0.28
2026-08-07,HRPL,20.54,20.61,20.85,20.5,37,16.51,824.4M,40M,8M,35.31K,20,0,-3.09,-5.61,1.11,-6.68,0.28
2026-08-07,HTL,41.3,41.41,41.54,40.76,66.5,31.01,5.76B,139.2M,34.8M,333.27K,25,0,3.83,1.49,0.88,10.83,1.03
2026-08-07,HUBC,222.98,225.64,226.39,221.55,249.99,157.25,292.69B,1.3B,972.87M,2.88M,75,11.08,34.65,63.41,1.29,6.51,-5.07
2026-08-07,IBFL,275,265.84,275,265,397.32,176.55,82.55B,310.51M,15.53M,2.4K,5,0,-1.49,-0.44,1.44,-178.08,-17.49
2026-08-07,IBLHL,50.14,49.82,50.25,49.27,85.82,36,4.91B,98.53M,24.63M,66.58K,25,0,2.44,5.36,1.97,20.42,5.19
2026-08-07,ICCI,14.33,14.94,15.45,13.91,17.91,8.61,448.22M,30M,4.5M,64.49K,15,,,,,,
2026-08-07,ICL,137,136.44,137,135.05,176,85.1,13.64B,100M,45M,41.96K,45,2.2,13.74,4.34,1.25,9.93,0.38
2026-08-07,IDEAL,41,40.47,41.5,39.5,87.7,15.75,401.46M,9.92M,1.49M,2.56K,15,,,,,,
2026-08-07,IDRT,42.3,40.86,42.3,39.25,68.08,19.31,811.19M,19.85M,1.99M,144.6K,10,,,,,,
2026-08-07,ILP,104.5,103.97,104.75,103.7,110.5,67.4,145.74B,1.4B,280.34M,601.12K,20,2.89,8.3,6.45,2.39,12.53,0.2
2026-08-07,IMAGE,27.3,26.94,27.35,26.9,32.46,19,6.21B,230.37M,149.74M,399.47K,65,7.42,3.49,17.93,1.28,7.71,
2026-08-07,INIL,164,164.21,164.9,163.16,249,127.3,21.66B,131.88M,59.35M,110.41K,45,3.65,14.32,1.72,0.67,11.47,-3.64
2026-08-07,INKL,91.05,94.65,94.99,91.05,126,30.15,915.74M,9.68M,3.87M,2.06K,40,,,,,,
2026-08-07,IPAK,36.9,36.95,37.2,36.51,38,21.02,27.17B,735.21M,220.56M,431.46K,30,1.55,3.81,7.22,2.12,9.71,
2026-08-07,IREIT,8,8.04,8.06,7.96,13.05,7.26,2.22B,275.86M,96.55M,192.06K,35,,,,,,
2026-08-07,ISIL,1928,1935.91,1949.3,1928,2370,1725.01,128.46B,66.36M,3.32M,44,5,0.26,62.5,3.31,4.64,30.97,0.46
2026-08-07,ISL,88.44,88.21,88.79,86.15,135,65.45,38.37B,435M,152.25M,147.89K,35,5.1,6.93,3.59,1.5,12.72,-3
2026-08-07,ITANZ,46.8,45.91,46.8,45.64,47.99,45.64,5.45B,118.6M,48.52M,3.22M,40.91,,,,,,
2026-08-07,ITTEFAQ,9.32,9.28,9.44,9.25,12.64,5.75,1.34B,144.34M,93.82M,1.98M,65,0,-3.91,-27.88,0.46,-2.37,
2026-08-07,JATM,60.98,52.77,62.41,51.07,62.41,14.61,664.97M,12.6M,1.89M,339.88K,15,,,,,,
2026-08-07,JDMT,161.5,166.25,167,155.02,199.89,60.1,1.15B,6.92M,2.07M,129.46K,30,,,,,,
2026-08-07,JDWS,899.01,902.69,909.5,899.01,999,780,52.15B,57.78M,8.67M,102.6,15,5.54,162.29,7.18,1.39,5.56,0.19
2026-08-07,JSML,62.1,62.09,62.89,61.51,147.5,45.61,2.12B,34.13M,13.65M,426.49K,40,0,3.91,1.36,0.23,15.89,0.82
2026-08-07,JVDC,149,150.92,151.5,147.05,163.9,65.15,57.48B,380.86M,190.43M,1.29M,50,3.31,10.67,38.34,2.07,14.15,-0.01
2026-08-07,KCL,130.51,145,154.5,130.51,195.69,115.02,2.11B,14.55M,10.91M,20.67,75,,,,,,
2026-08-07,KEL,7.36,7.32,7.4,7.28,9.58,4.91,202.14B,27.62B,2.76B,11.13M,10,0,0.42,2.19,1.76,17.55,
2026-08-07,KHYT,2010.01,2000.8,2069.97,2000,2689,1131.01,2.46B,1.23M,20.67K,179.6,1.68,,,,,,
2026-08-07,KOHC,100.77,102.56,104,99.7,567.99,74,94.28B,919.31M,229.83M,521.06K,25,0,10.62,25.96,1.7,9.65,0.33
2026-08-07,KOHE,16.85,17.53,18.06,16.26,23.49,12.33,2.97B,169.46M,67.78M,646.34K,40,0,3.94,15.83,0.66,4.45,-0.39
2026-08-07,KOHTM,115,114.92,115.9,113,210,40,2.39B,20.8M,6.24M,114.58K,30,1.74,14.85,3.65,0.49,7.74,0.19
2026-08-07,KPUS,1052.5,1062.37,1110,1039.01,2849.99,115.11,17.02B,16.02M,800.88K,6.41K,5,0,5.68,1.21,4.25,187.01,7.02
2026-08-07,KSBP,248.9,240.35,258,239.3,263.98,155.2,7.43B,30.9M,8.37M,77.37K,27.08,0.42,7.14,3.26,1.74,33.66,3.58
2026-08-07,KTML,43.99,43.44,44.29,43.2,305,37.02,58.49B,1.35B,269.3M,655.82K,20,0.92,7.94,8.01,0.72,5.47,0.17
2026-08-07,LCI,229,228.9,229.55,228,365.98,201.17,105.7B,461.8M,92.36M,103.17K,20,5,20.25,8.25,1.88,11.31,0.54
2026-08-07,LEUL,44.36,44.76,45.98,44.03,72.68,25.76,268.56M,6M,1.8M,22.25K,30,,,,,,
2026-08-07,LIVEN,36.48,35.56,36.48,35.25,74.4,27.82,4.02B,113.04M,11.3M,46.79K,10,,,,,,
2026-08-07,LOADS,13.76,13.69,13.85,13.64,22.6,10.93,5.08B,371.25M,185.62M,967.13K,50,0,1.07,4.28,0.97,12.83,-0.01
2026-08-07,LOTCHEM,27.14,27.14,27.5,27,34.3,18.41,41.1B,1.51B,378.55M,2.53M,25,23.95,3.1,5.49,2.03,8.76,-6.38
2026-08-07,LPGL,90.56,91.14,93.49,90.56,120.5,63.01,683.55M,7.5M,1.88M,1.72K,25,,,,,,
2026-08-07,LUCK,457.5,458.75,462,453,529.5,339,672.07B,1.47B,439.5M,1.89M,30,0.87,56.88,16.86,1.67,8.07,0.16
2026-08-07,MACFL,65,64.95,69.77,64.2,86.98,19.52,3.85B,59.3M,23.72M,765.07K,40,0.77,2.13,1.96,1.65,30.47,7.54
2026-08-07,MACTER,279.01,279.55,285,279.01,443.5,255.1,12.81B,45.81M,18.32M,7.85K,40,1.36,17.8,6.82,3.17,15.7,0.29
2026-08-07,MARI,676.9,681.53,699.8,669.4,795,544.56,818.26B,1.2B,240.12M,1.61M,20,4.4,57.11,37.45,2.87,11.93,0.51
2026-08-07,MEBL,587.93,586.84,592.97,583.7,601.5,368.1,1.06T,1.8B,450.14M,1.91M,25,4.86,50.58,19.77,3.72,11.6,
2026-08-07,MEHT,151.9,150.14,156.77,148,389,139.25,4.5B,30M,19.5M,804.36K,65,0,39.74,1.87,0.23,3.78,0.09
2026-08-07,MERIT,9.95,9.92,10.09,9.82,14.69,7.1,1.98B,199.96M,39.99M,50.14K,20,0,-1.75,-10.52,0.84,-5.67,0.01
2026-08-07,MFFL,174,174.14,176.95,166,237,139.66,3.98B,22.88M,3.85M,3.07K,16.82,,,,,,
2026-08-07,MFL,41.31,41.5,41.65,41.01,85.73,37.56,5.08B,122.4M,42.84M,153.16K,35,0,4.13,1.98,0.47,10.04,0.2
2026-08-07,MIRKS,32.07,33,33.69,32.07,44.5,22.28,2.2B,66.56M,29.95M,33.15K,45,0,-6.18,-3.48,0.88,-5.34,-0.11
2026-08-07,MLCF,102,102.07,102.6,100.96,132.99,71,106.92B,1.05B,471.4M,15.64M,45,0,11.34,13.96,1.29,9,0.21
2026-08-07,MQTM,30.64,29.14,30.88,29,49,17.97,537.11M,18.43M,4.61M,43.5K,25,0,-79.43,-17.35,1.69,-0.37,0.01
2026-08-07,MRNS,64.97,64.71,65.7,63.1,94.01,52.32,4.85B,74.93M,26.22M,156.34K,35,10.04,22.15,14.35,1.04,2.92,
2026-08-07,MSCL,23.69,23.14,23.69,22.72,46.53,12.05,716.82M,30.98M,7.74M,47.18K,25,,,,,,
2026-08-07,MTL,312,310.34,312.54,307.5,636.99,279,123.84B,399.03M,179.56M,461.48K,45,5.64,18.49,12.64,16.02,16.79,0.98
2026-08-07,MUGHAL,83.05,83.14,83.5,82.11,113.99,59,27.9B,335.63M,117.47M,395.43K,35,0,6.37,2.8,0.92,13.05,0.88
2026-08-07,MWMP,59,57.11,60,55.75,170.95,36,1.64B,28.75M,7.19M,31.9K,25,,,,,,
2026-08-07,NATM,77,85.16,77,77,92.94,77,1.81B,21.27M,1.06M,0,5,0,-53.59,-51.27,0.83,-1.59,0.05
2026-08-07,NESTLE,7600,7599.87,7645,7599,9400,7000,344.65B,45.35M,4.53M,853.2,10,7.2,370.41,8.2,17.55,20.52,1.21
2026-08-07,NETSOL,127.4,126.98,128.9,125.5,164.59,87.66,11.41B,89.84M,26.95M,344.12K,30,0,32.29,21.96,0.91,3.93,0.09
2026-08-07,NML,154,153.79,155.96,152.55,208.4,120,54.07B,351.6M,158.22M,2.49M,45,1.3,33.41,5.75,0.31,4.6,1.6
2026-08-07,NONS,89.99,88.33,90,81,157.1,70.02,1.46B,16.52M,3.3M,10.64K,20,4.53,18.71,2.44,0.77,4.72,0.72
2026-08-07,NRL,447.45,448.37,457,444,477.45,236.51,35.85B,79.97M,26.31M,1.04M,32.91,0,108.68,2.33,0.6,4.13,0.01
2026-08-07,NRSL,34.99,34.76,34.99,34.11,39.25,20.6,4.91B,141.32M,42.4M,77.18K,30,0,2.09,2.61,1.35,16.61,1.49
2026-08-07,NSRM,257,248.48,257,235,362.31,84.01,3.86B,15.55M,777.66K,1.55K,5,0,6.79,4.51,2.41,36.61,0.21
2026-08-07,OCTOPUS,31.99,31.85,31.99,31.22,60.89,24.35,5.04B,158.22M,47.18M,117.37K,29.82,,,,,,
2026-08-07,OGDC,318.95,319.19,320,317,352,238.2,1.37T,4.3B,645.14M,3.53M,15,5.01,36.17,39.85,0.98,8.82,0.76
2026-08-07,OLPM,25.11,24.51,25.96,23.51,25.98,19,1.11B,45.38M,34.04M,2.45K,75,10.2,3.44,9.88,0.83,7.13,-1.84
2026-08-07,OML,100.1,109.96,112.13,96,187.24,25.8,1.32B,12M,1.2M,281.83K,10,,,,,,
2026-08-07,ORM,11.08,11.74,11.98,11.03,16.79,9.2,880.5M,75M,26.25M,646.66K,35,,,,,,
2026-08-07,OTSU,409,403.06,409,401.07,447.94,254.95,4.88B,12.1M,3.02M,7.9K,25,0,28.78,8.39,4.53,14.01,1.86
2026-08-07,PAEL,44.79,43.88,44.79,43.25,64.6,32.01,40.53B,923.65M,508.01M,6.13M,55,0,4.46,5.86,0.81,9.84,0.34
2026-08-07,PAKD,121,121.06,124.44,121,231.24,85.01,1.44B,11.86M,5.06M,4.21K,42.63,,,,,,
2026-08-07,PAKOXY,285.5,286.54,290.56,285.5,356.68,218.01,24.96B,87.12M,21.78M,88.67K,25,0,22.58,14.35,2.01,12.69,0.15
2026-08-07,PAKQATAR,21.33,20.98,21.33,20.89,29.4,15.24,4.84B,230.71M,80.75M,308.1K,35,,,,,,
2026-08-07,PIBTL,16.96,16.84,16.96,16.72,22.97,10.02,30.08B,1.79B,803.74M,29.46M,45,0,1.18,14.81,1.71,14.28,7.92
2026-08-07,PICT,54.85,53.17,54.87,53.01,61.5,23.65,5.8B,109.15M,21.83M,435.55K,20,0,-1.17,-1281.2,4.29,-45.3,2.2
2026-08-07,PIM,22,21.91,22,21.55,31.33,16.16,438.2M,20M,1M,1.04K,5,,,,,,
2026-08-07,PIOC,275,274.84,277.95,273,427.5,200.01,62.43B,227.15M,34.07M,152.12K,15,3.64,29.03,17.09,1.26,9.47,0.15
2026-08-07,PKGS,800,795.05,809.99,792,855,611.01,71.06B,89.38M,17.88M,2.07K,20,2.01,-9.43,-0.43,1.08,-84.3,-3.59
2026-08-07,PMRS,540,499.91,540,480.03,835,276.45,1.87B,3.75M,387.66K,3.6K,10.34,0,-226.21,-2.28,0.41,-2.21,-0.06
2026-08-07,POML,169.53,172,188.86,162.5,220,113.11,1.34B,7.76M,3.11M,4.61K,40,,,,,,
2026-08-07,POWER,22.99,23.47,23.7,22.52,24.26,13.75,30.29B,1.29B,452.11M,3.24M,35.03,0,2.24,8.78,1.28,10.47,0.17
2026-08-07,PPL,220.99,221.55,223.7,220.1,284.6,175.8,602.83B,2.72B,669.51M,3.39M,24.61,3.84,28.99,33.84,0.81,7.64,
2026-08-07,PPP,134,137.06,138,133,194.8,91,1.1B,8M,4M,8.87K,50,3.65,17.67,7.84,0.6,7.76,0.3
2026-08-07,PQGTL,14.4,14.56,14.67,14.25,19.8,10.25,1.47B,101.11M,40.44M,138.42K,40,,,,,,
2026-08-07,PREMA,34.29,34.69,35,33.5,56.38,23,7.58B,218.64M,65.59M,1.58M,30,0,2.73,9.01,1.25,12.69,0.27
2026-08-07,PRL,63.25,63.75,64.8,63,65.99,23.2,40.16B,630M,227.29M,20.31M,36.08,0,19.07,3.89,1.04,3.34,0.02
2026-08-07,PSEL,865.05,877.9,886.95,861.01,1635,799,28.55B,32.52M,30.82M,260.8,94.76,0,5.58,1.22,0.63,157.32,5.37
2026-08-07,PSO,352.33,350.67,352.5,350,506.75,320.11,164.63B,469.47M,234.74M,3.95M,50,2.85,92.73,1.35,0.56,3.78,0.03
2026-08-07,PSYL,134,129,134,129.05,158,52.26,17.89B,138.7M,6.93M,1.64K,5,0,3.38,3.07,3.56,38.12,0.99
2026-08-07,PTL,54.5,54,54.5,53.51,65.88,46.4,9.07B,168M,42M,70.29K,25,7.41,6.4,3.09,1.12,8.44,
2026-08-07,QTECH,44.66,44.19,44.99,43.99,57.8,23.1,5.37B,121.58M,30.39M,1.22M,25,,,,,,
2026-08-07,QUICE,34.01,34,34.55,33.85,46.06,7.77,3.35B,98.46M,68.92M,95.6K,70,,,,,,
2026-08-07,REDCO,31.08,31.83,33,31.08,40.4,14.9,1.57B,49.29M,2.46M,38.18K,5,,,,,,
2026-08-07,REWM,176,176.33,180,175,244.05,96.02,5.43B,30.81M,10.78M,695.75,35,,,,,,
2026-08-07,RMPL,9444.99,9470.53,9444.99,9444.99,13565.64,8500,87.47B,9.24M,461.82K,35.6,5,5,715.93,9.02,2.8,13.23,3.31
2026-08-07,RPL,17.29,17.68,17.98,17.05,25.05,12,2.51B,141.9M,44.42M,536.68K,31.3,0,0.13,0.16,0.28,140.32,-38.14
2026-08-07,RUPL,31.39,31.12,31.4,29.11,42.79,23.11,1.06B,34.07M,10.22M,3.46K,30,0,-20.94,-21.91,0.19,-1.49,0.03
2026-08-07,SANSM,125.4,130.33,133.99,125.4,148.99,41,1.56B,11.95M,6.57M,851.6,55,0,16.24,3.1,0.48,8.03,0.08
2026-08-07,SAPT,1425.92,1493.19,1495.97,1425.92,1606,1164,32.39B,21.69M,2.17M,23.5,10,0.67,387.04,5.77,0.4,3.86,0.25
2026-08-07,SARC,100,97.58,107.5,97.5,120.32,46.68,585.48M,6M,2.7M,18.4K,45,,,,,,
2026-08-07,SASML,340,355.37,390,340,469.49,164.2,3.7B,10.43M,2.61M,211.4,25,0.56,6.09,1.12,1.38,58.39,1.99
2026-08-07,SAZEW,1933,1927.7,1940,1923,2487,1402.02,116.52B,60.45M,21.16M,78.81K,35,3.63,303.75,12.89,3.28,6.35,0
2026-08-07,SCL,750,750.07,750,750,1125,302,2.93B,3.9M,195K,0,5,0,-53.91,-8.05,9.44,-13.91,1.05
2026-08-07,SEARL,92,91.26,93.05,90.75,137.44,76.37,53.68B,588.22M,294.11M,1.46M,50,0,2.04,6.01,1.56,44.82,184.95
2026-08-07,SEL,30,29.21,30,29.06,45.56,11.15,557.68M,19.09M,10.5M,26.27K,55,,,,,,
2026-08-07,SELECT,27.66,27.75,27.95,27.55,33.6,26.02,24.67B,888.89M,88.89M,793.22K,10,,,,,,
2026-08-07,SERT,46,45.46,47.48,42.06,84.49,19.17,626.78M,13.79M,2.07M,53.43K,15,,,,,,
2026-08-07,SGF,116,115.1,116,114.85,141.89,71.51,23.76B,206.47M,51.62M,41.71K,25,1.74,11.16,12.03,2.68,10.31,
2026-08-07,SGPL,73,69.94,73.46,68.76,129.07,7.2,1.25B,17.83M,16.05M,2.22M,90,,,,,,
2026-08-07,SHCM,59,54.09,59,54,96.58,30.52,953.97M,17.64M,1.76M,8.97K,10,,,,,,
2026-08-07,SHDT,58,55.9,59.2,55.5,74.81,36.46,1.28B,22.85M,8M,159.45K,35,,,,,,
2026-08-07,SHFA,513,508.12,514,503,615.28,424.13,32.12B,63.21M,28.45M,26.83K,45,0.98,41.05,8.72,1.94,12.38,0.25
2026-08-07,SHSML,395,381.96,395,378.65,549,326,8.07B,21.12M,7.39M,11.6K,35,5.24,36.69,3.58,0.62,10.41,0.39
2026-08-07,SIEM,1563.44,1516.19,1563.44,1516,1740,1335,12.5B,8.25M,412.35K,315,5,0,4.55,0.48,2.03,333.07,-17.91
2026-08-07,SINDM,24.1,23.36,24.17,23.14,41.25,13,1.05B,45M,4.5M,10.81K,10,,,,,,
2026-08-07,SITC,792,807.99,825,791.9,1060,555.32,17.31B,21.43M,6.43M,1.85K,30,1.36,65.36,4.3,0.87,12.36,0.73
2026-08-07,SLGL,16.29,17.68,17.68,15.96,26.5,13,7.46B,421.79M,126.54M,2.76M,30,,,,,,
2026-08-07,SLM,24.49,23.85,24.49,23.75,26.25,21.95,185.91B,7.79B,779.48M,3.64M,10,,,,,,
2026-08-07,SMCPL,42.89,41.35,42.9,41,57.3,23.99,1.03B,25M,7.5M,116.2K,30,,,,,,
2026-08-07,SNAI,38,37,38.87,36.05,43.9,25,738.71M,19.96M,6.99M,4.29K,35,0,6.54,5.84,1.03,5.65,-0.57
2026-08-07,SNGP,104.91,103.79,104.91,103.48,142.6,83.2,65.83B,634.22M,253.69M,2.66M,40,2.89,22.94,1.17,0.83,4.52,-0.81
2026-08-07,SPEL,49.36,48.86,49.4,48.7,83.5,32.91,9.76B,199.74M,39.95M,756.15K,20,2.46,6.37,13,1.45,7.67,0.18
2026-08-07,SPSL,17.02,16.98,17.25,16.8,23.45,16.15,28.52B,1.68B,335.98M,8.54M,20,,,,,,
2026-08-07,SRR,16.45,16.17,16.5,16.15,21,15.26,533.61M,33M,13.2M,495.32K,40,,,,,,
2026-08-07,SRVI,2097,2084.68,2099.99,2075.01,2464,1130,97.95B,46.99M,23.49M,13.85K,50,0.84,223.93,6.65,3.74,9.31,0.09
2026-08-07,SSGC,27.21,27.28,27.39,26.96,46.23,19.02,24.03B,880.92M,336.86M,14.46M,38.24,1.83,-2.87,-0.65,1.83,-9.52,88
2026-08-07,SSOM,456.05,454.33,460.98,451.11,843,351.1,2.57B,5.66M,1.4M,7.3K,24.69,,,,,,
2026-08-07,STCL,11.04,11.15,11.25,10.95,19.4,8.55,2.67B,239.32M,131.63M,102.95K,55,0,-4.03,-8,1.53,-2.77,0.13
2026-08-07,STJT,157.4,148.12,157.4,138.1,162,70,1.43B,9.66M,1.45M,502.6,15,3.71,27.72,4.42,0.58,5.34,0.51
2026-08-07,STL,43.52,43.74,45,42.99,2231.81,34.85,4.71B,107.62M,43.05M,752.81K,40,,,,,,
2026-08-07,STML,53,52.52,59.99,51.3,70.38,22.8,453.77M,8.64M,2.59M,27.41K,30,0,-6.99,-1.76,0.59,-7.51,0.6
2026-08-07,STYLERS,51,51.59,51.99,50,56.84,36,25.22B,488.83M,24.44M,17.9K,5,2.91,2.28,5.99,1.85,22.66,
2026-08-07,SURC,159,155.4,161,153,181,88,7.58B,48.81M,9.76M,112.31K,20,3.22,29.17,5.06,0.52,5.33,0.91
2026-08-07,SYM,12.1,12.17,12.21,12,17.04,9.01,3.47B,285.25M,156.89M,762.59K,55,,,,,,
2026-08-07,SYS,137,136.52,138.2,134.89,174.4,105.98,201.15B,1.47B,957.71M,1.73M,65,1.47,7.86,13.4,3.25,17.36,0.22
2026-08-07,SZTM,91.37,90.02,94,89,127.25,36,1.62B,17.97M,1.8M,21.03K,10,,,,,,
2026-08-07,TATM,157.99,149.91,159.62,148,284,82,8.39B,55.99M,11.2M,459.86K,20,,,,,,
2026-08-07,TCORP,19.4,19.25,19.49,18.51,31.87,15.62,1.27B,66.21M,23.17M,418.04K,35,0,1.62,1.24,0.33,11.85,-0.72
2026-08-07,TELE,8.82,8.62,8.89,8.57,14.09,6.22,2.92B,338.62M,326M,4.08M,96.27,0,0.51,1.67,0.66,16.98,0.7
2026-08-07,TGL,193.98,191.77,195,190.12,291.5,128,33.02B,172.17M,68.87M,87.37K,40,3.65,24.49,13.38,1.35,7.83,0.25
2026-08-07,THCCL,65.2,64.85,65.2,64.01,103.5,42.52,32.33B,498.59M,174.51M,2.4M,35,0,7.24,24.4,3.18,8.96,0.05
2026-08-07,TICL,1409.98,1476.87,1500,1400.03,1500,540.05,22.19B,15.02M,226.46K,10.09K,1.51,0.68,107.51,4.88,1.79,13.74,1.39
2026-08-07,TOMCL,41.09,39.96,41.41,39.75,75.85,28.3,7.85B,196.34M,107.99M,4.14M,55,0,1.84,2.74,1.19,21.72,2.36
2026-08-07,TOWL,124.33,126.45,129,124.33,195.95,92.5,2.15B,17M,3.4M,7.94K,20,,,,,,
2026-08-07,TPLRF1,10.2,10.16,10.25,10.05,18.39,7.5,18.64B,1.83B,1.38B,10.08M,75,,,,,,
2026-08-07,TREET,24.24,24.1,24.24,23.84,37,19.55,8.94B,371.03M,185.51M,1.84M,50,0,1.29,1.81,1.1,18.62,0.51
2026-08-07,TRSM,20.5,18.57,20.5,18.23,71.65,8,553.39M,29.8M,23.84M,8.26M,80,,,,,,
2026-08-07,UBDL,27.3,28.39,28.45,27,34.5,20.01,2.61B,91.8M,4.59M,66.9K,5,,,,,,
2026-08-07,UDLI,18.79,19.15,19.59,18.51,25.5,8.76,672.56M,35.12M,14.05M,533.44K,40,,,,,,
2026-08-07,UDPL,121.99,120.75,121.99,120.47,168.99,75.05,4.26B,35.27M,5.29M,6.08K,15,,,,,,
2026-08-07,UNITY,11.89,11.51,11.9,11.3,31.74,7.51,13.74B,1.19B,537.32M,21.49M,45,0,1.6,2.34,0.73,7.2,0.13
2026-08-07,UPFL,25225,25350,25350,25200.01,34150,22562.78,161.48B,6.37M,521.22K,24.2,8.18,5.75,1001.9,14.74,19.05,25.3,1.02
2026-08-07,WAFI,182.51,185.15,189.79,181.55,260,165,39.63B,214.02M,32.1M,1.54M,15,,,,,,
2026-08-07,WAHDAT,16.8,16.38,16.8,16.3,21.78,15.45,5.49B,335.22M,83.81M,957.78K,25,,,,,,
2026-08-07,WAHN,287.5,291.4,292,285.52,435,225.23,2.62B,9M,3.15M,4.72K,35,3.43,51.77,9.43,0.91,5.63,0.34
2026-08-07,WASL,6.28,6.8,7.06,6.2,7.06,6.18,1.09B,160.72M,96.43M,16.25M,60,,,,,,
2026-08-07,WAVES,10.78,10.69,10.92,10.65,16.95,8.02,3.01B,281.41M,196.98M,2.06M,70,0,1,5.91,0.3,10.64,-2.21
2026-08-07,ZAHID,71.94,74.15,76,70.09,102.51,32.69,14.19B,191.42M,5.94M,88.99K,3.11,0,7.93,3.96,0.65,9.35,0.64
2026-08-07,ZAL,43.12,43.5,44.4,43.12,79.5,24,11.42B,262.5M,65.62M,2.21M,25,,,,,,
2026-08-07,ZIL,356.03,366.57,368.97,350,722,300,2.24B,6.12M,306.13K,383,5,,,,,,
2026-08-07,ZTL,19.4,18.9,19.4,17.35,24.48,9.75,1.12B,59.43M,14.86M,228.21K,25,0,-0.82,-0.65,0.45,-23.1,3.08
2026-08-10,ABOT,932.02,932.94,940,931,1304,821,91.34B,97.9M,21.17M,11.19K,21.63,4.29,84.85,10.97,2.71,10.99,0.61
2026-08-10,ACPL,236.5,238.56,239.88,221.25,325.01,205,32.78B,137.43M,13.74M,86.16K,10,3.56,20.97,6.74,1.37,11.38,0.82
2026-08-10,ADAMS,64.24,63.34,65.79,62.3,90.98,57.25,1.1B,17.29M,3.46M,11.52K,20,6.32,-5.93,-1.01,0.18,-10.68,1.04
2026-08-10,AGIL,149.99,150.24,151.5,149.9,198,121.2,5.41B,36M,21.6M,11.87K,60,1.16,24.75,5.37,0.81,6.07,0.46
2026-08-10,AGP,194.17,192.05,194.17,191.22,258.67,163,53.77B,280M,84M,186.53K,30,4.17,13.41,13.14,3.29,14.32,0.25
2026-08-10,AGTL,376.4,370.01,376.4,369.56,497,288,21.45B,57.96M,3.67M,49.61K,6.34,0,35.36,8.63,1.91,10.46,1.29
2026-08-10,AHTM,99,90.79,99,85.61,134.15,60,769.13M,8.47M,1.27M,1.53K,15,1.65,12.65,2.07,0.32,7.17,-2.63
2026-08-10,AIRLINK,137.6,137.71,138.6,137.05,199,118,54.43B,395.27M,118.58M,531.72K,30,6.54,14.02,6.35,2.97,9.82,
2026-08-10,AKGL,54.3,59.74,59.75,50,68.25,48.01,597.4M,10M,1M,2.79K,10,,,,,,
2026-08-10,ALNRS,131.9,129,131.9,128,144,82,2.64B,20.47M,4.09M,648.8,20,3.1,8.19,0.99,0.37,15.75,-5.74
2026-08-10,ANL,10.24,10.13,10.37,10.05,13.7,8.01,4.92B,485.41M,242.7M,423.73K,50,0,1.6,1.96,0.32,6.32,0.39
2026-08-10,ANTM,48.55,51.99,53.88,48.55,66.38,20.81,502.22M,9.66M,1.45M,11.75K,15,,,,,,
2026-08-10,ARCTM,39,39.5,40.3,38.02,46.98,24.14,520.4M,13.17M,2.7M,221.17K,20.52,,,,,,
2026-08-10,ARPL,419,419.81,423.99,419,490,325,14.51B,34.56M,8.64M,3.59K,25,7.15,46.47,5.66,2.68,9.03,63.34
2026-08-10,ASHT,33.01,37.05,37.05,33.01,70,13.64,1.73B,46.57M,2.33M,19.67K,5,,,,,,
2026-08-10,ASL,14,13.61,14.2,13.53,15.94,8.51,12.67B,930.78M,279.24M,6M,30,0,0.07,0.28,1.27,195.55,-14.88
2026-08-10,ASTM,67.99,67.99,67.99,61.81,67.99,12,1.03B,15.18M,2.28M,169.62K,15,,,,,,
2026-08-10,ATBA,205.98,203.88,205.98,203.08,291,169.02,7.14B,35.02M,8.75M,7.91K,25,0,2.24,0.23,0.9,91.16,440.36
2026-08-10,ATRL,991,1059.47,1068.5,990.99,1068.5,597.1,112.96B,106.62M,42.65M,599.97K,40,0.71,180.56,6.62,0.66,5.87,-0.01
2026-08-10,AVN,33,32.63,33.24,32.25,54.3,26.5,14.02B,429.67M,150.38M,499.68K,35,3.06,1.02,2.52,0.93,31.98,-11.85
2026-08-10,AWTX,1610,1586,1610,1610,1744.6,1270,1.27B,800K,4.5K,1,0.56,0,9.84,0.15,1.01,161.26,-19.84
2026-08-10,BAFS,578,573.88,589.99,531,647,181.01,5.42B,9.45M,472.5K,3.91K,5,0.35,-11.24,-2.1,2.99,-51.05,-30.62
2026-08-10,BATA,928,920.95,928,915,1750,875,6.96B,7.56M,1.79M,1.32K,23.67,0,-368,-15.26,2.31,-2.5,0.11
2026-08-10,BBFL,43.21,43.32,43.85,43.21,57.35,34,12.95B,298.91M,115.24M,1.89M,38.55,,,,,,
2026-08-10,BCL,72,72.43,73.99,72,118,56.02,830.96M,11.47M,6.31M,4.34K,55,0,-1.36,-1.1,2.61,-53.43,4.18
2026-08-10,BECO,5.37,5.24,5.37,5.22,73.6,3.9,6.55B,1.25B,437.37M,2.37M,35,,,,,,
2026-08-10,BERG,116.2,121.34,121.34,113.55,141,80.65,2.98B,24.55M,9.82M,725.5K,40,4.12,12.44,3.37,0.78,9.75,
2026-08-10,BFAGRO,34.5,34.15,34.69,34.03,49.25,29.03,10.59B,309.99M,77.5M,104.52K,25,,,,,,
2026-08-10,BFBIO,135.03,134.42,135.5,133.5,189.97,124,11.87B,88.33M,26.5M,94.33K,30,,,,,,
2026-08-10,BFMOD,24,23.28,24,23.02,38.84,12.16,174.95M,7.52M,2.63M,58.23K,35,,,,,,
2026-08-10,BHAT,812.21,845,849.99,812.21,1040,726.06,2.57B,3.04M,152.05K,164.2,5,0,30.09,0.28,0.24,28.08,3.97
2026-08-10,BIFO,131.5,130.14,131.5,129.52,197,79.1,6.04B,46.38M,16.23M,327.87K,35,5.76,9.41,12.78,1.85,13.83,0.64
2026-08-10,BIPL,27.17,27.18,27.62,27.11,44.1,23.6,30.13B,1.11B,166.31M,549.87K,15,10.12,3.87,5.45,0.65,7.02,
2026-08-10,BLUEX,7,6.89,7.03,6.85,80.85,4.9,1.96B,284.28M,113.71M,1.46M,40,,,,,,
2026-08-10,BNL,6.62,6.71,6.76,6.5,170.73,6.01,4.48B,668.05M,434.23M,5.23M,65,0,0.67,5.69,1.53,10.06,0.6
2026-08-10,BNWM,68,66.81,68,66.58,87.5,50,635.11M,9.51M,4.75M,5.23K,50,0,-9.58,-7,0.19,-6.97,-0.31
2026-08-10,BPL,54.2,53.81,54.9,53.8,80.97,20.01,1.21B,22.49M,6.75M,88.67K,30,,,,,,
2026-08-10,BRRG,47,51.03,51,46.2,53.77,27.53,4.85B,95.01M,47.5M,2.33K,50,,,,,,
2026-08-10,BTL,999.99,918.86,999.99,905.03,1580,275.01,5.91B,6.43M,321.6K,26.5,5,0,-35.67,-0.77,0.78,-25.76,
2026-08-10,BUXL,252.47,252.47,252.47,252.47,274.4,133.02,363.56M,1.44M,576K,43.66K,40,0,-17.12,-4.42,2.23,-14.74,0.15
2026-08-10,BWHL,231,230.55,235.8,230.16,257.92,168.13,3.07B,13.33M,7.33M,2.69K,55,7.37,29.35,14.67,1.3,7.85,0.06
2026-08-10,CCM,52.05,52.5,54,51.75,68.88,34.4,1.19B,22.66M,10.2M,11.85K,45,0,2.96,-0.18,0.17,17.72,-0.89
2026-08-10,CEPB,30.23,30.23,30.95,30.2,46.7,24.59,12.14B,401.71M,120.51M,1.09M,30,0,-1.87,-1.96,0.93,-16.17,1.08
2026-08-10,CFL,60.66,58.35,60.66,56.96,94.01,45.1,724.58M,12.42M,3.73M,81.6,30,0,-49.59,-18.39,0.19,-1.18,0.03
2026-08-10,CHAS,93.12,94.96,96,93,160.49,56.01,2.72B,28.69M,4.3M,33.7K,15,0,-57.51,-5.08,0.26,-1.65,-0.14
2026-08-10,CHCC,335,336.17,339,335,390,225,65.32B,194.3M,116.58M,373.19K,60,1.64,37.91,19.73,1.74,8.87,0.33
2026-08-10,CLOV,8.25,8.08,8.27,8,88.64,6.59,3.15B,389.29M,214.11M,1.12M,55,0,0.61,4.44,4.32,13.23,-0.33
2026-08-10,CNERGY,12.3,13.13,13.13,12.3,13.13,5.87,72.13B,5.49B,1.37B,91.44M,25,0,2.78,4.49,0.32,4.72,0.07
2026-08-10,COLG,1243,1234.95,1248,1233.13,1327,1050,299.81B,242.77M,24.28M,9.48K,10,5.18,76.74,14.88,7.21,16.09,0.34
2026-08-10,CPHL,75.29,75.06,75.75,74.22,104.25,69.25,17.15B,228.46M,114.23M,1.24M,50,4.66,4.8,7.92,1.57,15.64,
2026-08-10,CPPL,98.99,98.82,98.99,98.2,125.5,64.79,4.85B,49.1M,29.46M,58.77K,60,3.04,1.5,0.52,0.56,65.9,-4.92
2026-08-10,CRTM,73.99,72.18,73.99,72.4,96.5,16.6,7.22B,100M,60M,5.1K,60,0,1.31,0.69,0.56,55.19,-7.49
2026-08-10,CSAP,106.1,104.63,106.48,104.01,143.5,78.25,8.12B,77.63M,34.93M,168.25K,45,5.26,19.74,17.22,0.82,5.3,0.76
2026-08-10,DAAG,75.88,87.25,87.25,75.88,120.25,52,349M,4M,970.7K,8.72K,24.27,,,,,,
2026-08-10,DADX,90,88.9,95.99,88.01,121.88,42.75,956.92M,10.76M,538.2K,2.23K,5,0,-30.29,-37.21,3.69,-2.94,0.05
2026-08-10,DCL,11.03,11.06,11.21,11.02,16.31,6.61,6.02B,544.11M,190.44M,1.54M,35,0,-2.37,-4.8,0.24,-4.67,0.04
2026-08-10,DCR,38.5,38.73,38.75,38.42,41.8,28.22,86.12B,2.22B,555.92M,673.12K,25,6.66,2.31,78.71,1.13,16.76,
2026-08-10,DFSM,17.1,16.84,17.2,16.6,35.24,3.75,1.65B,97.75M,34.21M,617.47K,35,,,,,,
2026-08-10,DGKC,219,217.01,221.5,216.5,275.75,145.1,95.08B,438.12M,219.06M,4.07M,50,0.92,27.64,14.23,0.85,7.85,0.27
2026-08-10,DINT,69.98,67.99,69.98,62.12,96,41.36,3.57B,52.47M,7.87M,4.02K,15,0,-3.91,-0.63,0.51,-17.38,-1.79
2026-08-10,DMC,187.99,187.17,187.99,172.25,351.9,43.05,571.32M,3.05M,915.73K,295.8,30,,,,,,
2026-08-10,DNCC,17.54,17.2,17.54,16.02,28.07,14,5.44B,316.36M,94.91M,104.24K,30,0,-0.39,-1.76,2.63,-43.77,-0.3
2026-08-10,DOL,31,30.82,31.38,30.55,41,25.36,5.39B,175.03M,52.51M,78.42K,30,12.98,2.55,8.79,1.8,12.1,-4
2026-08-10,DYNO,348.85,347,348.85,347,366.9,254.3,6.55B,18.87M,12.27M,1.13K,65,4.68,55.14,7.33,1.2,6.29,0.68
2026-08-10,ECOP,50,49.05,50.2,48.5,78.25,33.82,2.37B,48.26M,36.19M,69.88K,75,4.08,7.67,5.37,1.31,6.39,0.15
2026-08-10,EFERT,190.7,189.17,191,189,263.3,180.15,252.6B,1.34B,600.88M,1.17M,45,6.48,15.94,9.36,5.76,11.87,-1.71
2026-08-10,ELCM,236.99,235,237.97,225.02,343.44,126.01,305.5M,1.3M,260K,1.18K,20,0,-24.15,-3.34,4.5,-9.73,0.16
2026-08-10,ELSM,152.5,145.04,153,141.65,170,99,1.59B,10.95M,3.29M,1.61K,30,2.76,3.97,0.28,0.37,36.5,-34.85
2026-08-10,EMCO,57,54.07,57,52.06,80.55,31.29,1.89B,35M,10.5M,59.63K,30,,,,,,
2026-08-10,ENGROH,279.69,281.73,284.45,278.05,302.5,209,339.27B,1.2B,903.17M,1.21M,75,0,53.18,10.18,,5.3,0.32
2026-08-10,EPCL,34.8,34.75,35.39,34.56,39.32,27.01,31.59B,908.92M,227.23M,1.07M,25,0,-2.97,-3.28,1.52,-11.69,1.08
2026-08-10,EPQL,26.92,26.69,27.04,26.41,34.98,22.3,8.64B,323.8M,161.9M,764.27K,50,44.02,2.23,5.69,0.75,11.97,-4.28
2026-08-10,EXIDE,489.99,484.73,490,482,790,365,3.77B,7.77M,1.94M,3.87K,25,1.03,43.18,1.88,0.5,11.23,
2026-08-10,FABL,100.65,99.95,101,99.9,106,73.35,151.69B,1.52B,531.19M,1.44M,35,6.5,15.03,11.28,1.29,6.65,
2026-08-10,FANM,8.94,8.61,8.94,8.56,10.83,4.25,198.89M,23.1M,11.55M,204.13K,50,,,,,,
2026-08-10,FASM,393.86,364.76,393.86,355,427.36,240.02,3.65B,10M,1M,4.63K,10,0,-52.85,-1.19,0.35,-6.9,-1.7
2026-08-10,FATIMA,165.9,164.5,165.9,163.5,192.8,116.06,345.45B,2.1B,315M,966.17K,15,5.78,17.58,13.62,2,9.36,0.25
2026-08-10,FCCL,57.99,57.97,58.8,57.5,62.84,36.26,142.19B,2.45B,858.5M,9.17M,35,2.16,5.99,16.04,1.55,9.68,0.09
2026-08-10,FCEPL,122.88,121.37,128.4,120.7,128.4,63.86,93.04B,766.6M,76.66M,2.5M,10,2.88,4.51,3.23,4.94,26.92,0.78
2026-08-10,FCL,25.39,25.05,25.39,24.98,28.56,19.65,16.15B,644.58M,161.14M,2.81M,25,,,,,,
2026-08-10,FECM,19.7,21.84,22.1,19.7,57.06,11.75,247.67M,11.34M,8.51M,89.89K,75,,,,,,
2026-08-10,FECTC,110,111.69,114,105.25,195.75,72,5.6B,50.16M,12.54M,207.19K,25,1.79,14,5.6,1.11,7.98,-0.06
2026-08-10,FEM,11.12,11.26,11.78,11.12,17.7,5.19,590.47M,52.44M,36.71M,20.35K,70,,,,,,
2026-08-10,FEROZ,382,379.73,389.8,378,475,293.01,16.51B,43.47M,17.39M,30.35K,40,1.05,21.66,4.15,1.28,17.53,0.78
2026-08-10,FFC,570,563.51,570.01,563,685,425,810.9B,1.44B,791.46M,1.27M,55,7.28,61.43,16.53,2.96,9.17,0.14
2026-08-10,FFL,16.58,16.42,16.69,16.4,23.93,14,41.38B,2.52B,503.99M,2.97M,20,0,0.39,3.18,3.67,42.52,0.02
2026-08-10,FFLM,14.9,14.65,15,14.51,27.23,4.4,386.96M,26.41M,17.17M,133.42K,65,,,,,,
2026-08-10,FHAM,32.9,33.16,33.59,32.81,39.49,27,3.68B,110.83M,94.21M,50.74K,85,6.79,6.75,15.08,0.59,4.91,0.12
2026-08-10,FIBLM,13.26,14.76,14.76,13.02,22.24,7.55,320.11M,21.69M,10.84M,194.74K,50,0,0.94,43.94,1.28,15.76,0.4
2026-08-10,FIMM,211,219.15,224.18,208.09,397.69,173.39,657.45M,3M,900K,162,30,,,,,,
2026-08-10,FLYNG,43.88,43.44,44.49,43.4,61,38.51,30.18B,694.8M,104.22M,64.59K,15,0,1.29,5.99,2.34,33.63,0.13
2026-08-10,FML,52.51,53.38,54.8,52.5,86,34.05,21.32B,399.41M,39.94M,55.18K,10,0,0.46,0.27,0.63,115.92,-24.3
2026-08-10,FPJM,10.52,10.42,10.87,10.39,14.99,4.23,354.49M,34.02M,13.61M,340.67K,40,0,-3.22,-38.72,-0.76,-3.24,0.45
2026-08-10,FPRM,11.71,11.63,12,11.6,16.99,9.26,160.36M,13.79M,6.2M,24.4K,45,,,,,,
2026-08-10,FRCL,98,98.95,98,97,118.45,39.02,3.75B,37.87M,1.89M,700.4,5,,,,,,
2026-08-10,FRSM,43.3,43.8,43.98,43,63.48,34.22,1.73B,39.51M,11.85M,2.66K,30,0,10.06,3.35,0.79,4.36,0.01
2026-08-10,FTMM,17.02,16.96,17.05,16.9,23.75,11.14,3.32B,195.6M,9.78M,26.12K,5,8.84,0.5,2.47,1.19,34.21,-1.54
2026-08-10,FTSM,46.56,51.03,51.03,46.56,57,11.52,1.08B,21.16M,8.47M,165.99K,40,,,,,,
2026-08-10,FZCM,264,260.65,264,253,333.39,185.52,7.82B,30M,3M,3.58K,10,0,3.02,0.1,0.16,86.39,41.57
2026-08-10,GADT,339,334.87,342,331,459.99,215,9.39B,28.03M,8.41M,241.42K,30,1.49,93.78,3.49,0.35,3.57,0.31
2026-08-10,GAL,608.2,617.39,620.5,608,633,291,35.19B,57M,22.8M,629.32K,40,1.62,117.24,12.52,1.84,5.27,0
2026-08-10,GATI,84.99,84.78,84.99,83.55,144.95,62.55,9.22B,108.73M,16.31M,6.17K,15,0,-10.67,-4.01,0.78,-7.95,-5.45
2026-08-10,GATM,27.7,27.44,28.09,27.07,40.7,16.5,20.31B,740.06M,185.01M,1.02M,25,0,2.72,1.18,0.39,10.1,0.85
2026-08-10,GCIL,36.5,36.33,36.89,36.21,40.6,23.81,20.72B,570.45M,228.18M,2.41M,40,0,5.27,33.37,,6.9,
2026-08-10,GCWL,16.22,16.17,16.22,16.01,25.15,12.19,4.04B,250.14M,111.05M,380.57K,44.39,,,,,,
2026-08-10,GDL,18.4,18.42,18.9,18.3,33,16.9,7.91B,429.2M,107.3M,514.96K,25,,,,,,
2026-08-10,GEMBCEM,11.1,11.05,11.1,11.1,14.5,11.1,1.1B,100M,25M,13,25,,,,,,
2026-08-10,GEMMEL,29.92,27.2,29.92,29.92,39,19.1,5.28B,194.1M,19.41M,105,10,,,,,,
2026-08-10,GEMPACRA,38.99,35.75,38.99,38.99,49,22,2.66B,74.53M,7.45M,50.5,10,,,,,,
2026-08-10,GEMPAPL,10.55,10.5,10.55,10.5,18.19,10.5,210M,20M,15M,28.3K,75,,,,,,
2026-08-10,GFIL,31.1,31.3,31.5,31.1,35.18,12.1,1.02B,32.64M,3.26M,22.49K,10,,,,,,
2026-08-10,GGGL,9.19,9.09,9.19,9,14.47,6.7,2.18B,240M,120M,425.04K,50,0,0.54,4.51,0.74,16.97,0.79
2026-08-10,GGL,24.66,24.36,24.95,24.2,31.31,14.1,8.63B,354.12M,177.06M,1.14M,50,0,9.78,31.53,1.07,2.49,0.05
2026-08-10,GHGL,42.5,42.09,42.8,41.9,52.25,27.78,42.08B,999.71M,349.9M,1.04M,35,4.75,6.21,13.11,1.04,6.78,0.27
2026-08-10,GHNI,1238,1238.67,1248.99,1235,1285.15,590,52.78B,42.61M,14.91M,130.63K,35,0.81,162.33,11.84,2.87,7.63,0.02
2026-08-10,GIL,0,1000,0,0,0,0,0,0,0,0,0,0.3,15.14,0.25,0,66.03,-14.54
2026-08-10,GLAXO,350,348.79,351.95,348.5,459.94,293.09,111.08B,318.47M,63.69M,141.32K,20,4.87,33,15.6,3.06,10.57,0.17
2026-08-10,GOC,188,179.05,188.5,179,235,77,1.32B,7.35M,1.1M,13.11K,15,0.56,4.14,6.12,1.83,43.21,1.57
2026-08-10,GTYR,36,34.94,36.2,34.02,48,22.26,4.26B,121.93M,48.77M,1.27M,40,0,-6.34,-4.84,0.67,-5.51,0.6
2026-08-10,GVGL,55.99,55.08,55.99,55,73.99,43.65,8.26B,149.94M,29.38M,6.21K,19.59,5.45,6.64,15.54,1.64,8.29,
2026-08-10,GWLC,50.49,50.57,51,50.26,77.96,38.75,20.24B,400.27M,40.03M,195.58K,10,2.97,6.74,12.64,0.74,7.5,0.5
2026-08-10,HAEL,30.1,30.22,31.97,29.11,37.96,14.91,392.75M,13M,1.95M,70.97K,15,,,,,,
2026-08-10,HAFL,491,471.92,499.35,470.01,629.5,283.58,566.3M,1.2M,42.48K,286,3.54,,,,,,
2026-08-10,HALEON,755.3,755.73,759.99,750,1010,655,88.46B,117.05M,15.74M,20.65K,13.44,3.97,55.96,15.35,6.07,13.51,0.19
2026-08-10,HCAR,240.31,241.02,242.29,240,318,147.5,34.42B,142.8M,28.56M,357.04K,20,3.73,34.25,3.68,1.29,7.04,32.55
2026-08-10,HINO,386,381.22,386,379,585,264.69,9.45B,24.8M,2.55M,5.06K,10.28,2.86,13.47,3.24,1.51,28.3,10.45
2026-08-10,HINOON,1019.9,1009.37,1019.9,1000,1241,755.56,53.48B,52.98M,21.19M,15.04K,40,4.95,75.63,14.32,3.61,13.35,0.31
2026-08-10,HPL,3956.01,3972.31,3975,3956.01,4889.99,2972,38.31B,9.64M,964.48K,57.8,10,6.04,317.04,9.84,4.3,12.53,0.28
2026-08-10,HRPL,20.94,20.65,20.94,20.5,37,16.51,826M,40M,8M,35.79K,20,0,-3.09,-5.61,1.11,-6.69,0.28
2026-08-10,HTL,41.67,41.16,41.67,41.01,66.5,31.01,5.73B,139.2M,34.8M,247.3K,25,0,3.83,1.49,0.87,10.76,1.04
2026-08-10,HUBC,226,213.42,227.9,212.5,249.99,157.25,276.84B,1.3B,972.87M,8.46M,75,11.71,34.65,63.41,1.22,6.16,-5.13
2026-08-10,IBFL,277,262.33,277.01,260,397.32,176.55,81.46B,310.51M,15.53M,2.11K,5,0,-1.49,-0.44,1.42,-175.73,-16.73
2026-08-10,IBLHL,50,49.78,50.9,49.11,85.82,36,4.9B,98.53M,24.63M,55.9K,25,0,2.44,5.36,1.97,20.4,5.17
2026-08-10,ICCI,15.12,15.87,16.32,14.52,17.91,8.61,476.12M,30M,4.5M,98.94K,15,,,,,,
2026-08-10,ICL,137,136.61,139,136,176,85.1,13.66B,100M,45M,37.23K,45,2.2,13.74,4.34,1.25,9.95,0.38
2026-08-10,IDEAL,42.5,40.6,43,40.5,87.7,15.75,402.75M,9.92M,1.49M,3.2K,15,,,,,,
2026-08-10,IDRT,40.84,39.61,40.86,37.11,68.08,19.31,786.37M,19.85M,1.99M,158.39K,10,,,,,,
2026-08-10,ILP,104.5,104.14,105.8,103.81,110.5,67.4,145.97B,1.4B,280.34M,572.36K,20,2.88,8.3,6.45,2.4,12.55,0.21
2026-08-10,IMAGE,27.09,27.39,27.6,26.65,32.46,19,6.31B,230.37M,149.74M,436.49K,65,7.3,3.49,17.93,1.3,7.84,
2026-08-10,INIL,164.9,164.95,169.8,163.51,249,127.3,21.75B,131.88M,59.35M,97.02K,45,3.64,14.32,1.72,0.67,11.52,-3.62
2026-08-10,INKL,94.5,94.61,95,94.5,126,30.15,915.35M,9.68M,3.87M,1.61K,40,,,,,,
2026-08-10,IPAK,37.2,37.36,37.64,37,38,21.02,27.47B,735.21M,220.56M,410.91K,30,1.53,3.81,7.22,2.15,9.81,
2026-08-10,IREIT,8.07,8.02,8.07,8,13.05,7.26,2.21B,275.86M,96.55M,379.06K,35,,,,,,
2026-08-10,ISIL,1935,1935.91,1935,1935,2370,1725.01,128.46B,66.36M,3.32M,39.8,5,0.26,62.5,3.31,4.64,30.97,0.47
2026-08-10,ISL,88.3,87.74,89.01,86.5,135,65.45,38.17B,435M,152.25M,263.19K,35,5.13,6.93,3.59,1.49,12.65,-3.03
2026-08-10,ITANZ,46.1,48.18,49.49,44.93,49.49,44.93,5.71B,118.6M,48.52M,3.15M,40.91,,,,,,
2026-08-10,ITTEFAQ,9.3,8.97,9.4,8.36,12.64,5.75,1.29B,144.34M,93.82M,2.07M,65,0,-3.91,-27.88,0.44,-2.3,
2026-08-10,JATM,52.77,58.05,58.05,51.03,62.41,14.61,731.5M,12.6M,1.89M,371.31K,15,,,,,,
2026-08-10,JDMT,160.19,167.17,169.98,160.19,199.89,60.1,1.16B,6.92M,2.07M,147.03K,30,,,,,,
2026-08-10,JDWS,902.02,902.1,905.98,902.02,999,780,52.12B,57.78M,8.67M,152,15,5.54,162.29,7.18,1.38,5.56,0.19
2026-08-10,JSML,62.8,61.91,62.8,61.52,147.5,45.61,2.11B,34.13M,13.65M,387.23K,40,0,3.91,1.36,0.22,15.85,0.81
2026-08-10,JVDC,150.05,150.87,151.89,149,163.9,65.15,57.46B,380.86M,190.43M,1.23M,50,3.31,10.67,38.34,2.07,14.15,-0.01
2026-08-10,KCL,130.51,145,154.5,130.51,195.69,115.02,2.11B,14.55M,10.91M,20.67,75,,,,,,
2026-08-10,KEL,7.35,7.48,7.51,7.35,9.58,4.91,206.56B,27.62B,2.76B,13.54M,10,0,0.42,2.19,1.8,17.94,
2026-08-10,KHYT,2000.8,1998.7,2040.96,1876,2689,1131.01,2.45B,1.23M,20.67K,165.2,1.68,,,,,,
2026-08-10,KOHC,102.65,102.47,104.98,101.9,567.99,74,94.2B,919.31M,229.83M,500.5K,25,0,10.62,25.96,1.7,9.65,0.34
2026-08-10,KOHE,17.5,16.97,17.53,16.8,23.49,12.33,2.88B,169.46M,67.78M,676.86K,40,0,3.94,15.83,0.64,4.3,-0.42
2026-08-10,KOHTM,114.92,126.41,126.41,114.92,210,40,2.63B,20.8M,6.24M,154.05K,30,1.58,14.85,3.65,0.54,8.51,0.19
2026-08-10,KPUS,1026.2,1054.1,1099,1026.2,2849.99,115.11,16.88B,16.02M,800.88K,5.26K,5,0,5.68,1.21,4.21,185.55,7.05
2026-08-10,KSBP,241,244.7,249,241,263.98,155.2,7.56B,30.9M,8.37M,75.71K,27.08,0.41,7.14,3.26,1.78,34.27,3.45
2026-08-10,KTML,44.28,43.95,45,43.71,305,37.02,59.18B,1.35B,269.3M,554.67K,20,0.91,14.77,13.86,0.63,2.98,0.09
2026-08-10,LCI,229.95,227.26,229.95,226.5,364,201.17,104.95B,461.8M,92.36M,103.45K,20,4.62,21.11,8.6,1.77,10.77,0.52
2026-08-10,LEUL,44.92,44.11,45.2,44.05,72.68,25.76,264.66M,6M,1.8M,17.19K,30,,,,,,
2026-08-10,LIVEN,35.6,35.85,36.4,35.31,74.4,27.82,4.05B,113.04M,11.3M,53.99K,10,,,,,,
2026-08-10,LOADS,13.7,13.7,13.99,13.61,22.6,10.93,5.09B,371.25M,185.62M,799.8K,50,0,1.07,4.28,0.97,12.83,-0.01
2026-08-10,LOTCHEM,27.3,27.75,27.9,26.8,34.3,18.41,42.02B,1.51B,378.55M,3.69M,25,23.42,3.1,5.49,2.07,8.96,-6.39
2026-08-10,LPGL,91.21,91.63,93.49,91.21,119,63.01,687.23M,7.5M,1.88M,1.71K,25,,,,,,
2026-08-10,LUCK,462.8,454.36,462.8,452.99,529.5,339,665.64B,1.47B,439.5M,1.93M,30,0.88,56.88,16.86,1.65,7.99,0.16
2026-08-10,MACFL,65.4,64.39,66.45,63.85,86.98,19.52,3.82B,59.3M,23.72M,810.59K,40,0.78,2.13,1.96,1.64,30.2,7.24
2026-08-10,MACTER,282.96,280.72,285,280.1,443.5,255.1,12.86B,45.81M,18.32M,8.17K,40,1.35,17.8,6.82,3.19,15.77,0.29
2026-08-10,MARI,681.53,673.33,683.25,672.2,795,544.56,808.42B,1.2B,240.12M,1.69M,20,4.46,72.36,45.33,2.51,9.31,0.4
2026-08-10,MEBL,589,593.54,595,588,601.5,370,1.07T,1.8B,450.14M,1.95M,25,4.97,51.25,19.32,3.63,11.58,
2026-08-10,MEHT,151,149.26,151.5,148.26,389,139.25,4.48B,30M,19.5M,851.66K,65,0,39.74,1.87,0.23,3.76,0.09
2026-08-10,MERIT,10.15,10,10.15,9.81,14.69,7.1,2B,199.96M,39.99M,47.21K,20,0,-1.75,-10.52,0.85,-5.72,0.01
2026-08-10,MFFL,178,181.01,181.99,175,237,139.66,4.14B,22.88M,3.85M,3.4K,16.82,,,,,,
2026-08-10,MFL,41.49,41.15,41.8,41,85.73,37.56,5.04B,122.4M,42.84M,166.96K,35,0,4.13,1.98,0.47,9.95,0.2
2026-08-10,MIRKS,33,33.02,33.74,32.25,44.5,22.28,2.2B,66.56M,29.95M,34.99K,45,0,-6.17,-3.48,0.88,-5.35,-0.11
2026-08-10,MLCF,103,102.98,105.15,102.5,132.99,71,107.88B,1.05B,471.4M,17.12M,45,0,11.34,13.96,1.3,9.08,0.21
2026-08-10,MQTM,29.89,30.78,31.3,29.05,49,17.97,567.34M,18.43M,4.61M,44.07K,25,0,-79.43,-17.35,1.79,-0.39,0.01
2026-08-10,MRNS,64.71,63.95,64.89,63.82,94.01,52.32,4.79B,74.93M,26.22M,120.51K,35,10.16,19.23,11.82,0.97,3.33,
2026-08-10,MSCL,23.5,23.03,23.5,23,46.53,12.05,713.41M,30.98M,7.74M,39.9K,25,,,,,,
2026-08-10,MTL,310,310.98,311.9,307.7,636.99,279,124.09B,399.03M,179.56M,497.4K,45,5.63,18.49,12.64,16.05,16.82,0.97
2026-08-10,MUGHAL,83.21,82.83,83.99,81.21,113.99,59,27.8B,335.63M,117.47M,411.13K,35,0,6.37,2.8,0.92,13,0.89
2026-08-10,MWMP,58.5,56.97,59.95,55.1,170.95,36,1.64B,28.75M,7.19M,38.3K,25,,,,,,
2026-08-10,NATM,77,85.16,77,77,92.94,77,1.81B,21.27M,1.06M,0,5,0,-53.59,-51.27,0.83,-1.59,0.05
2026-08-10,NESTLE,7639.99,7552.79,7650,7545.01,9300,7000,342.52B,45.35M,4.53M,448.2,10,7.24,370.41,8.2,17.44,20.39,1.21
2026-08-10,NETSOL,127,125.16,127,125,164.59,87.66,11.24B,89.84M,26.95M,347.59K,30,0,32.29,21.96,0.89,3.88,0.09
2026-08-10,NML,154.25,151.29,154.3,151,208.4,120,53.19B,351.6M,158.22M,2.61M,45,1.32,33.41,5.75,0.31,4.53,1.6
2026-08-10,NONS,90,89.63,90,88,157.1,70.02,1.48B,16.52M,3.3M,8.68K,20,4.46,18.72,2.44,0.78,4.79,0.7
2026-08-10,NRL,452.49,492.95,493.21,450,493.21,236.51,39.42B,79.97M,26.31M,1.45M,32.91,0,108.68,2.33,0.66,4.54,0.01
2026-08-10,NRSL,34.99,34.7,34.99,34.26,39.25,20.6,4.9B,141.32M,42.4M,62K,30,0,2.09,2.61,1.35,16.58,1.48
2026-08-10,NSRM,249.14,243.18,249.14,235,362.31,84.01,3.78B,15.55M,777.66K,1.21K,5,0,6.79,4.51,2.36,35.83,0.21
2026-08-10,OCTOPUS,31.9,32.15,32.5,31.51,60.89,24.35,5.09B,158.22M,47.18M,151.67K,29.82,,,,,,
2026-08-10,OGDC,320.12,323.78,324.71,320.01,352,238.2,1.39T,4.3B,645.14M,4.05M,15,4.94,36.17,39.85,0.99,8.95,0.76
2026-08-10,OLPM,24.51,24.64,25.2,24.51,25.98,19,1.12B,45.38M,34.04M,3.07K,75,10.15,3.44,9.88,0.84,7.17,-1.79
2026-08-10,OML,106.11,106.23,109.6,104,187.24,25.8,1.27B,12M,1.2M,263.82K,10,,,,,,
2026-08-10,ORM,11.5,11.9,12.19,11.5,16.79,9.2,892.5M,75M,26.25M,334.01K,35,,,,,,
2026-08-10,OTSU,402.1,409.54,417.99,402,447.94,254.95,4.96B,12.1M,3.02M,10.92K,25,0,28.78,8.39,4.61,14.23,1.83
2026-08-10,PAEL,44.4,43.9,44.4,43.3,64.6,32.01,40.55B,923.65M,508.01M,6.49M,55,0,4.46,5.86,0.81,9.84,0.34
2026-08-10,PAKD,124,122.24,124,122,231.24,85.01,1.45B,11.86M,5.06M,4.2K,42.63,,,,,,
2026-08-10,PAKOXY,286,285.51,286.99,285,356.68,218.01,24.87B,87.12M,21.78M,88.85K,25,0,22.58,14.35,2,12.64,0.15
2026-08-10,PAKQATAR,20.8,20.8,20.97,20.72,29.4,15.24,4.8B,230.71M,80.75M,221.77K,35,,,,,,
2026-08-10,PIBTL,16.89,16.68,16.95,16.65,22.97,10.02,29.79B,1.79B,803.74M,28.99M,45,0,1.18,14.81,1.69,14.15,7.92
2026-08-10,PICT,53.91,53.64,55.2,53.5,61.5,23.65,5.85B,109.15M,21.83M,315.18K,20,0,-1.17,-1281.2,4.32,-45.7,2.16
2026-08-10,PIM,22.05,21.91,22.77,22.05,31.33,16.16,438.2M,20M,1M,1.17K,5,,,,,,
2026-08-10,PIOC,276.8,276.19,280.73,275.02,427.5,200.01,62.74B,227.15M,34.07M,160.3K,15,3.62,29.03,17.09,1.27,9.51,0.15
2026-08-10,PKGS,804.99,790.96,804.99,790,855,611.01,70.7B,89.38M,17.88M,2.09K,20,2.02,-9.43,-0.43,1.08,-83.87,-3.56
2026-08-10,PMRS,525.99,508.04,525.99,500,835,276.45,1.91B,3.75M,387.66K,2.33K,10.34,0,-226.21,-2.28,0.41,-2.25,-0.06
2026-08-10,POML,172,171.51,177,166.53,220,113.11,1.33B,7.76M,3.11M,4.4K,40,,,,,,
2026-08-10,POWER,23.51,23.24,23.9,23.01,24.26,13.75,29.99B,1.29B,452.11M,3.39M,35.03,0,2.24,8.78,1.27,10.37,0.17
2026-08-10,PPL,222.11,229.47,230.3,221.56,284.6,175.8,624.38B,2.72B,669.51M,4.7M,24.61,3.7,28.99,33.84,0.84,7.91,
2026-08-10,PPP,135.01,137.5,138,135.01,189.89,91,1.1B,8M,4M,9.13K,50,3.64,17.67,7.84,0.61,7.78,0.31
2026-08-10,PQGTL,14.5,14.49,14.77,14.35,19.8,10.25,1.47B,101.11M,40.44M,91.48K,40,,,,,,
2026-08-10,PREMA,34.95,35.97,36.49,34.15,56.38,23,7.86B,218.64M,65.59M,2.11M,30,0,2.73,9.01,1.3,13.16,0.27
2026-08-10,PRL,64.1,70.11,70.13,63.85,70.13,23.2,44.17B,630M,227.29M,20.9M,36.08,0,19.07,3.89,1.14,3.68,0.02
2026-08-10,PSEL,865.08,880.96,890,865.08,1635,799,28.65B,32.52M,30.82M,278.8,94.76,0,5.58,1.22,0.64,157.86,5.38
2026-08-10,PSO,352,353.43,354.25,350,506.75,320.11,165.93B,469.47M,234.74M,3.47M,50,2.83,92.73,1.35,0.57,3.81,0.03
2026-08-10,PSYL,125.01,125.03,132.49,125,158,52.26,17.34B,138.7M,6.93M,1.74K,5,0,3.38,3.07,3.45,36.95,0.99
2026-08-10,PTL,53.3,53.51,54.9,53.3,65.88,46.4,8.99B,168M,42M,59.45K,25,7.48,6.4,3.09,1.11,8.37,
2026-08-10,QTECH,44.42,45.82,46.7,44.03,57.8,23.1,5.57B,121.58M,30.39M,1.36M,25,,,,,,
2026-08-10,QUICE,34,33.94,34.65,33.5,46.06,7.8,3.34B,98.46M,68.92M,107.25K,70,,,,,,
2026-08-10,REDCO,32.74,31.5,32.74,31.5,40.4,14.9,1.55B,49.29M,2.46M,39.51K,5,,,,,,
2026-08-10,REWM,182.7,176.33,182.7,182.7,244.05,96.02,5.43B,30.81M,10.78M,706.5,35,,,,,,
2026-08-10,RMPL,9494.8,9233.65,9494.8,9200,13565.64,8500,85.29B,9.24M,461.82K,66,5,5.13,715.93,9.02,2.73,12.9,3.31
2026-08-10,RPL,17.66,17.76,18.09,17.5,25.05,12,2.52B,141.9M,44.42M,541.98K,31.3,0,0.13,0.16,0.29,140.95,-37.84
2026-08-10,RUPL,31.1,30.98,31.5,29.06,42.79,23.11,1.06B,34.07M,10.22M,3.88K,30,0,-20.94,-21.91,0.19,-1.48,0.03
2026-08-10,SANSM,125.74,130.33,134.97,125.73,148.99,43.26,1.56B,11.95M,6.57M,656,55,0,16.24,3.1,0.48,8.03,0.07
2026-08-10,SAPT,1493.19,1493.19,1493.19,1493.19,1606,1164,32.39B,21.69M,2.17M,22.75,10,0.67,387.04,5.77,0.4,3.86,0.25
2026-08-10,SARC,101.99,97.78,101.99,96,120.32,46.68,586.68M,6M,2.7M,23.52K,45,,,,,,
2026-08-10,SASML,355.37,361.88,377.99,330,469.49,164.2,3.77B,10.43M,2.61M,159,25,0.55,-13.78,-3.02,1.5,-26.26,-14.21
2026-08-10,SAZEW,1925.47,1925.12,1940,1923,2487,1402.02,116.37B,60.45M,21.16M,66.89K,35,3.64,303.75,12.89,3.27,6.34,0
2026-08-10,SCL,750,750.07,750,750,1125,302,2.93B,3.9M,195K,0,5,0,-53.91,-8.05,9.44,-13.91,1.05
2026-08-10,SEARL,91.5,91.39,92.52,91,137.44,76.37,53.76B,588.22M,294.11M,1.39M,50,0,2.04,6.01,1.56,44.88,182.77
2026-08-10,SEL,29.21,29.62,29.97,28.51,45.56,11.25,565.51M,19.09M,10.5M,25.19K,55,,,,,,
2026-08-10,SELECT,27.75,27.69,28,27.65,33.6,26.02,24.61B,888.89M,88.89M,459.84K,10,,,,,,
2026-08-10,SERT,45.51,45.11,46.2,44.9,84.49,20.15,621.96M,13.79M,2.07M,44.75K,15,,,,,,
2026-08-10,SGF,116,114.88,116,112.1,141.89,71.51,23.72B,206.47M,51.62M,43.21K,25,1.74,11.16,12.03,2.67,10.29,
2026-08-10,SGPL,69.5,67.79,69.9,67.06,129.07,7.2,1.21B,17.83M,16.05M,2.16M,90,,,,,,
2026-08-10,SHCM,56.8,58.48,59.5,54.09,96.58,30.52,1.03B,17.64M,1.76M,16.57K,10,,,,,,
2026-08-10,SHDT,56.5,55.58,57.85,54.9,74.81,36.46,1.27B,22.85M,8M,151.41K,35,,,,,,
2026-08-10,SHFA,514.5,506.41,514.5,505.01,615.28,424.13,32.01B,63.21M,28.45M,25.88K,45,0.99,41.05,8.72,1.93,12.33,0.25
2026-08-10,SHSML,387,381.96,387,375.93,549,326,8.07B,21.12M,7.39M,10K,35,5.24,36.69,3.58,0.62,10.41,0.39
2026-08-10,SIEM,1516.02,1520.21,1537.7,1516,1740,1335,12.54B,8.25M,412.35K,210.4,5,0,4.55,0.48,2.03,333.95,-17.37
2026-08-10,SINDM,24.25,25.7,25.7,23.46,41.25,13.51,1.16B,45M,4.5M,24.14K,10,,,,,,
2026-08-10,SITC,807.99,802,807.99,800.02,1060,555.32,17.19B,21.43M,6.43M,1.78K,30,1.37,65.36,4.3,0.86,12.27,0.75
2026-08-10,SLGL,17.67,16.96,17.9,16.9,26.5,13,7.15B,421.79M,126.54M,4.41M,30,,,,,,
2026-08-10,SLM,24,24,24.17,23.88,26.25,21.95,187.07B,7.79B,779.48M,3.49M,10,,,,,,
2026-08-10,SMCPL,41.01,41.69,42.1,41.01,57.3,23.99,1.04B,25M,7.5M,122.53K,30,,,,,,
2026-08-10,SNAI,37,38.33,39.7,36.5,43.9,25,765.26M,19.96M,6.99M,3.79K,35,0,6.54,5.84,1.07,5.86,-0.57
2026-08-10,SNGP,104.49,103.66,104.71,103.01,142.6,83.2,65.74B,634.22M,253.69M,2.44M,40,2.89,22.94,1.17,0.83,4.52,-0.8
2026-08-10,SPEL,48.86,48.72,49,48.52,83.5,32.91,9.73B,199.74M,39.95M,618.66K,20,2.46,6.37,13,1.45,7.65,0.18
2026-08-10,SPSL,17.11,17.05,17.25,17.01,23.45,16.15,28.64B,1.68B,335.98M,8.97M,20,,,,,,
2026-08-10,SRR,16.17,16,16.3,15.92,21,15.26,528M,33M,13.2M,668.53K,40,,,,,,
2026-08-10,SRVI,2117,2113.02,2129,2078,2464,1140,99.29B,46.99M,23.49M,8.92K,50,0.83,223.93,6.65,3.79,9.44,0.09
2026-08-10,SSGC,27.4,27.11,27.49,26.76,46.23,19.02,23.88B,880.92M,336.86M,14.21M,38.24,1.84,-2.87,-0.65,1.81,-9.46,88
2026-08-10,SSOM,454.5,455.4,460,452.01,843,351.1,2.58B,5.66M,1.4M,8.14K,24.69,,,,,,
2026-08-10,STCL,11.22,11,11.3,11,19.4,8.55,2.63B,239.32M,131.63M,116.8K,55,0,-4.03,-8,1.51,-2.73,0.13
2026-08-10,STJT,153.7,148.12,153.7,146,162,70,1.43B,9.66M,1.45M,515.6,15,3.71,27.72,4.42,0.58,5.34,0.48
2026-08-10,STL,44,42.89,44.33,42.76,2231.81,34.85,4.62B,107.62M,43.05M,771.52K,40,,,,,,
2026-08-10,STML,55.48,55.07,55.48,51.12,70.38,22.8,475.8M,8.64M,2.59M,26.27K,30,0,-6.99,-1.76,0.62,-7.87,0.56
2026-08-10,STYLERS,51.29,50.23,51.29,50.01,56.84,36,24.55B,488.83M,24.44M,19.04K,5,2.99,2.28,5.99,1.8,22.07,
2026-08-10,SURC,155.89,153.27,157.1,152,181,88,7.48B,48.81M,9.76M,72.51K,20,3.26,29.17,5.06,0.51,5.26,0.9
2026-08-10,SYM,12.11,12.47,12.6,12.11,17.04,9.01,3.56B,285.25M,156.89M,1.08M,55,,,,,,
2026-08-10,SYS,137,135.7,137.4,135.2,174.4,105.98,199.94B,1.47B,957.71M,1.57M,65,1.47,7.86,13.4,3.23,17.26,0.22
2026-08-10,SZTM,91.8,88.53,91.8,88,127.25,36,1.59B,17.97M,1.8M,18.89K,10,,,,,,
2026-08-10,TATM,149.06,156.72,162,149.06,284,82,8.78B,55.99M,11.2M,646.02K,20,,,,,,
2026-08-10,TCORP,19.25,19.33,19.5,19,31.87,15.62,1.28B,66.21M,23.17M,432.4K,35,0,1.62,1.24,0.34,11.9,-0.72
2026-08-10,TELE,8.7,8.72,8.89,8.66,14.09,6.22,2.95B,338.62M,326M,4.07M,96.27,0,0.51,1.67,0.67,17.18,0.69
2026-08-10,TGL,193.9,193.28,193.97,191.77,291.5,128,33.28B,172.17M,68.87M,85.54K,40,3.62,24.49,13.38,1.36,7.89,0.25
2026-08-10,THCCL,65,64.69,65.39,64.51,103.5,42.52,32.25B,498.59M,174.51M,1.62M,35,0,7.24,24.4,3.17,8.94,0.05
2026-08-10,TICL,1485,1467.28,1509,1460,1509,540.05,22.04B,15.02M,226.46K,7.64K,1.51,0.68,107.5,4.88,1.78,13.65,1.49
2026-08-10,TOMCL,40.1,39.45,40.15,38.84,75.85,28.3,7.75B,196.34M,107.99M,4.34M,55,0,1.84,2.74,1.18,21.44,2.29
2026-08-10,TOWL,126.45,125,127.5,125,195.95,92.5,2.12B,17M,3.4M,7.37K,20,,,,,,
2026-08-10,TPLRF1,10.2,10.06,10.44,9.95,18.39,7.5,18.46B,1.83B,1.38B,7.56M,75,,,,,,
2026-08-10,TREET,24.1,24.21,24.34,24,37,19.55,8.98B,371.03M,185.51M,1.88M,50,0,1.29,1.81,1.11,18.7,0.52
2026-08-10,TRSM,18.5,19.96,20.43,18.01,71.65,8,594.81M,29.8M,23.84M,9.47M,80,,,,,,
2026-08-10,UBDL,28,27.24,28.1,27.05,34.5,20.01,2.5B,91.8M,4.59M,67.72K,5,,,,,,
2026-08-10,UDLI,19.28,18.6,19.28,18.51,25.5,8.76,653.24M,35.12M,14.05M,450.28K,40,,,,,,
2026-08-10,UDPL,120.76,121.87,121.9,120.5,168.99,75.05,4.3B,35.27M,5.29M,5.82K,15,,,,,,
2026-08-10,UNITY,11.58,12.04,12.39,11.47,31.2,7.51,14.38B,1.19B,537.32M,29.64M,45,0,1.6,2.34,0.77,7.53,0.12
2026-08-10,UPFL,25399.98,25300,25400,25201,34150,22562.78,161.16B,6.37M,521.22K,22.6,8.18,5.76,1001.9,14.74,19.01,25.25,1.03
2026-08-10,WAFI,185.9,186.29,191.4,185.5,260,165,39.87B,214.02M,32.1M,1.9M,15,,,,,,
2026-08-10,WAHDAT,16.4,16.41,16.62,16.31,21.78,15.45,5.5B,335.22M,83.81M,919.08K,25,,,,,,
2026-08-10,WAHN,290,289.03,293,289,435,225.23,2.6B,9M,3.15M,4.05K,35,3.46,51.77,9.43,0.9,5.58,0.35
2026-08-10,WASL,6.75,6.75,7.05,6.53,7.06,6.2,1.08B,160.72M,96.43M,14.35M,60,,,,,,
2026-08-10,WAVES,10.76,10.78,10.86,10.69,16.95,8.18,3.03B,281.41M,196.98M,1.77M,70,0,1,5.91,0.31,10.73,-2.18
2026-08-10,ZAHID,73,74.3,75.99,72.13,102.51,32.69,14.22B,191.42M,5.94M,61.52K,3.11,0,7.93,3.96,0.65,9.36,0.68
2026-08-10,ZAL,43.61,43.22,44,43.1,79.5,24,11.35B,262.5M,65.62M,1.79M,25,,,,,,
2026-08-10,ZIL,366.57,360,366.57,360,722,300,2.2B,6.12M,306.13K,411.6,5,,,,,,
2026-08-10,ZTL,19,18.75,19.5,18.51,24.48,9.75,1.11B,59.43M,14.86M,223.05K,25,0,-0.82,-0.65,0.45,-22.92,3.05
2026-08-11,ABOT,933.25,926.97,933.25,922.8,1304,821,90.75B,97.9M,21.17M,16.41K,21.63,4.29,84.85,10.97,2.71,10.99,0.61
2026-08-11,ACPL,239,230.02,239,223,325.01,205,31.61B,137.43M,13.74M,147.06K,10,3.56,20.97,6.74,1.38,11.38,0.83
2026-08-11,ADAMS,63.35,63.59,65.61,63.35,90.98,57.25,1.1B,17.29M,3.46M,9.22K,20,6.32,-5.93,-1.01,0.18,-10.68,1.02
2026-08-11,AGIL,150.01,150.17,153.75,149,198,121.2,5.41B,36M,21.6M,24.56K,60,1.16,24.75,5.37,0.81,6.07,0.46
2026-08-11,AGP,193,189.19,193,189,258.67,163,52.97B,280M,84M,223.89K,30,4.18,13.41,13.14,3.28,14.28,0.25
2026-08-11,AGTL,370.02,365.12,370.5,365,497,288,21.16B,57.96M,3.67M,40.29K,6.34,0,35.36,8.63,1.91,10.46,1.27
2026-08-11,AHTM,97.48,97.37,97.48,91.12,134.15,60,824.87M,8.47M,1.27M,1.64K,15,1.65,12.65,2.07,0.32,7.17,-2.52
2026-08-11,AIRLINK,137,136.21,137.4,135.52,199,118,53.84B,395.27M,118.58M,551.2K,30,6.6,14.02,6.35,2.94,9.73,
2026-08-11,AKGL,65.71,65.71,65.71,65.71,68.25,48.01,657.1M,10M,1M,5.7K,10,,,,,,
2026-08-11,ALNRS,123,125.95,131.9,123,144,82,2.58B,20.47M,4.09M,1.11K,20,3.1,8.19,0.99,0.37,15.75,-5.65
2026-08-11,ANL,10.05,10.1,10.25,10.05,13.7,8.01,4.9B,485.41M,242.7M,405.44K,50,0,1.6,1.96,0.32,6.27,0.39
2026-08-11,ANTM,50.5,50.95,52.98,49,66.38,20.81,492.18M,9.66M,1.45M,12.13K,15,,,,,,
2026-08-11,ARCTM,39.02,39,40.49,38.8,46.98,24.14,513.82M,13.17M,2.7M,85.35K,20.52,,,,,,
2026-08-11,ARPL,420,417.91,423,416.15,490,325,14.44B,34.56M,8.64M,3.62K,25,7.14,46.47,5.66,2.68,9.04,63.28
2026-08-11,ASHT,40.76,40.76,40.76,40.01,70,13.64,1.9B,46.57M,2.33M,28.28K,5,,,,,,
2026-08-11,ASL,13.5,13.51,13.8,13.42,15.94,8.51,12.57B,930.78M,279.24M,2.72M,30,0,0.07,0.28,1.26,194.68,-14.62
2026-08-11,ASTM,74.79,74.79,74.79,74.79,74.79,12,1.14B,15.18M,2.28M,188.25K,15,,,,,,
2026-08-11,ATBA,204,203.03,205,202.65,290,169.02,7.11B,35.02M,8.75M,7.88K,25,0,2.24,0.23,0.9,91.16,441.64
2026-08-11,ATRL,1058.49,1029.29,1075,1025.05,1075,597.1,109.74B,106.62M,42.65M,747.02K,40,0.71,180.56,6.62,0.66,5.87,-0.01
2026-08-11,AVN,32.3,32.58,32.7,32.3,54.3,26.5,14B,429.67M,150.38M,508.1K,35,3.07,1.02,2.52,0.93,31.94,-11.74
2026-08-11,AWTX,1610,1586,1610,1610,1744.6,1270,1.27B,800K,4.5K,0,0.56,0,9.84,0.15,1.01,161.26,-19.84
2026-08-11,BAFS,585,561.58,585,531.03,647,181.01,5.31B,9.45M,472.5K,1.73K,5,0.35,-11.24,-2.1,2.99,-51.05,-30.35
2026-08-11,BATA,920.95,918,935.9,900,1750,875,6.94B,7.56M,1.79M,3.04K,23.67,0,-368,-15.26,2.31,-2.5,0.11
2026-08-11,BBFL,43.65,42.94,43.65,42.82,57.35,34,12.84B,298.91M,115.24M,1.87M,38.55,,,,,,
2026-08-11,BCL,72.99,72.62,74,72.3,117.4,56.02,833.14M,11.47M,6.31M,4.81K,55,0,-1.36,-1.1,2.61,-53.43,4.18
2026-08-11,BECO,5.25,5.51,5.72,5.21,73.6,3.9,6.89B,1.25B,437.37M,6.98M,35,,,,,,
2026-08-11,BERG,122.95,123.88,126.49,117.7,141,80.65,3.04B,24.55M,9.82M,1.03M,40,4.12,12.44,3.37,0.78,9.75,
2026-08-11,BFAGRO,34,34.32,34.5,33.62,49.25,29.03,10.64B,309.99M,77.5M,100.52K,25,,,,,,
2026-08-11,BFBIO,134,134.37,136.4,130.5,189.97,124,11.87B,88.33M,26.5M,134.45K,30,,,,,,
2026-08-11,BFMOD,23.55,23.02,23.55,23.02,38.84,12.16,173M,7.52M,2.63M,48.09K,35,,,,,,
2026-08-11,BHAT,812.21,845,849.99,812.21,1040,726.06,2.57B,3.04M,152.05K,199,5,0,30.09,0.28,0.24,28.08,3.96
2026-08-11,BIFO,130.01,128.91,130.25,128.5,196.5,79.1,5.98B,46.38M,16.23M,183.02K,35,5.77,9.41,12.78,1.85,13.81,0.64
2026-08-11,BIPL,27.43,27,27.43,26.75,44.1,23.6,29.93B,1.11B,166.31M,592.82K,15,10.12,3.87,5.45,0.65,7.02,
2026-08-11,BLUEX,6.9,6.74,6.9,6.7,80.85,4.9,1.92B,284.28M,113.71M,1.57M,40,,,,,,
2026-08-11,BNL,6.85,6.64,6.85,6.6,170.73,6.01,4.44B,668.05M,434.23M,5.68M,65,0,0.67,5.69,1.53,10.06,0.61
2026-08-11,BNWM,66.72,67.45,67.99,66.72,86,50,641.2M,9.51M,4.75M,3.15K,50,0,-9.58,-7,0.19,-6.97,-0.3
2026-08-11,BPL,54.01,53.33,54.05,53,80.97,20.01,1.2B,22.49M,6.75M,28.46K,30,,,,,,
2026-08-11,BRRG,47.6,49.44,49.89,47,53.77,27.53,4.7B,95.01M,47.5M,3.92K,50,,,,,,
2026-08-11,BTL,944.56,981.36,1008.1,927.01,1580,275.01,6.31B,6.43M,321.6K,119,5,0,-35.67,-0.77,0.78,-25.76,
2026-08-11,BUXL,277.72,277.72,277.72,277.72,277.72,133.02,399.92M,1.44M,576K,47.63K,40,0,-17.12,-4.42,2.23,-14.74,0.16
2026-08-11,BWHL,231,230.62,232,225,257.92,168.13,3.08B,13.33M,7.33M,3.04K,55,7.36,29.35,14.67,1.3,7.87,0.06
2026-08-11,CCM,50.51,51.01,52.45,50.3,68.88,34.4,1.16B,22.66M,10.2M,10.37K,45,0,2.96,-0.18,0.17,17.72,-0.89
2026-08-11,CEPB,30.4,29.57,30.4,29.45,46.7,24.59,11.88B,401.71M,120.51M,1.15M,30,0,-1.87,-1.96,0.93,-16.27,1.07
2026-08-11,CFL,58,58.35,58.06,58,94.01,45.1,724.58M,12.42M,3.73M,38.4,30,0,-49.59,-18.39,0.19,-1.18,0.03
2026-08-11,CHAS,94.98,93.23,95,92.7,160.49,56.01,2.67B,28.69M,4.3M,18.25K,15,0,-57.51,-5.08,0.26,-1.65,-0.14
2026-08-11,CHCC,336.2,329.06,336.2,328,390,225,63.93B,194.3M,116.58M,309.67K,60,1.64,37.91,19.73,1.74,8.87,0.33
2026-08-11,CLOV,8.09,8.09,8.22,8.02,88.64,6.59,3.15B,389.29M,214.11M,995.96K,55,0,0.61,4.44,4.32,13.23,-0.33
2026-08-11,CNERGY,13.2,12.84,13.67,12.62,13.67,5.87,70.54B,5.49B,1.37B,113.01M,25,0,2.78,4.49,0.32,4.72,0.08
2026-08-11,COLG,1240,1234.19,1240,1220,1325,1050,299.63B,242.77M,24.28M,8.88K,10,5.18,76.74,14.88,7.21,16.09,0.35
2026-08-11,CPHL,74.5,73.02,74.93,72.95,104.25,69.25,16.68B,228.46M,114.23M,1.73M,50,4.66,4.8,7.92,1.57,15.64,
2026-08-11,CPPL,99,97.68,99,96.5,125.5,64.79,4.8B,49.1M,29.46M,53.34K,60,3.03,1.5,0.52,0.56,66.02,-4.95
2026-08-11,CRTM,73.98,72.54,73.98,72.01,96.5,16.6,7.25B,100M,60M,2.95K,60,0,1.31,0.69,0.56,55.19,-7.49
2026-08-11,CSAP,104.63,104.41,104.8,103.43,143.5,78.25,8.11B,77.63M,34.93M,162.14K,45,5.26,19.74,17.22,0.82,5.3,0.75
2026-08-11,DAAG,95.9,89.08,95.98,89,120.25,52,356.32M,4M,970.7K,24.39K,24.27,,,,,,
2026-08-11,DADX,88.9,88.9,88.9,88.9,121.88,42.75,956.92M,10.76M,538.2K,2.28K,5,0,-30.29,-37.21,3.69,-2.94,0.05
2026-08-11,DCL,11.06,11.01,11.18,10.96,16.31,6.61,5.99B,544.11M,190.44M,1.51M,35,0,-2.37,-4.8,0.24,-4.67,0.04
2026-08-11,DCR,38.75,38.66,38.75,38.48,41.8,28.25,85.97B,2.22B,555.92M,515.2K,25,6.67,2.31,78.71,1.13,16.74,
2026-08-11,DFSM,16.8,16.69,17.21,16.51,35.24,3.75,1.63B,97.75M,34.21M,668.11K,35,,,,,,
2026-08-11,DGKC,216.48,213.02,216.48,212.66,275.75,145.1,93.33B,438.12M,219.06M,4M,50,0.93,27.64,14.23,0.84,7.78,0.27
2026-08-11,DINT,64.31,67.99,68,64.31,96,41.36,3.57B,52.47M,7.87M,3.47K,15,0,-3.91,-0.63,0.51,-17.38,-1.79
2026-08-11,DMC,175.2,187.17,185.99,175.2,351.9,43.05,571.32M,3.05M,915.73K,214.6,30,,,,,,
2026-08-11,DNCC,17.2,17.01,17.42,16.3,28.07,14,5.38B,316.36M,94.91M,100.92K,30,0,-0.39,-1.76,2.63,-43.77,-0.29
2026-08-11,DOL,30.88,30.97,31.11,30.55,41,25.36,5.42B,175.03M,52.51M,63.38K,30,13.06,2.55,8.79,1.79,12.03,-3.98
2026-08-11,DYNO,344.13,340.19,348,340,366.9,254.3,6.42B,18.87M,12.27M,1.24K,65,4.68,55.14,7.33,1.2,6.29,0.68
2026-08-11,ECOP,49.08,48.42,49.83,48.3,78.25,33.82,2.34B,48.26M,36.19M,78.75K,75,4.08,7.67,5.37,1.31,6.39,0.15
2026-08-11,EFERT,188.95,187.85,189.5,187,263.3,180.15,250.84B,1.34B,600.88M,1.14M,45,6.5,15.94,9.36,5.74,11.82,-1.69
2026-08-11,ELCM,236.98,246.94,258.5,224.01,343.44,126.01,321.02M,1.3M,260K,1.41K,20,0,-24.15,-3.34,4.5,-9.73,0.16
2026-08-11,ELSM,150,145.04,150,145,170,99,1.59B,10.95M,3.29M,1.52K,30,2.76,3.97,0.28,0.37,36.5,-32.93
2026-08-11,EMCO,56.75,52.59,56.75,52.16,80.55,31.29,1.84B,35M,10.5M,66.3K,30,,,,,,
2026-08-11,ENGROH,281.59,276.61,281.59,276,302.5,209,333.1B,1.2B,903.17M,1.33M,75,0,53.18,10.18,,5.3,0.32
2026-08-11,EPCL,34.78,34.72,35.55,34.6,39.32,27.01,31.56B,908.92M,227.23M,756.8K,25,0,-2.97,-3.28,1.52,-11.71,1.07
2026-08-11,EPQL,25.3,24.99,25.6,24.51,34.98,22.3,8.09B,323.8M,161.9M,888.91K,50,46.5,2.23,5.69,0.71,11.33,-4.26
2026-08-11,EXIDE,484.73,480.94,485,480,790,365,3.74B,7.77M,1.94M,4.33K,25,1.03,43.18,1.88,0.5,11.23,
2026-08-11,FABL,100.02,98.99,100.02,98.1,106,73.5,150.24B,1.52B,531.19M,1.46M,35,6.52,15.03,11.28,1.29,6.63,
2026-08-11,FANM,8.61,8.46,8.92,8.3,10.83,4.25,195.43M,23.1M,11.55M,177.75K,50,,,,,,
2026-08-11,FASM,350,352.6,364.76,350,427.36,240.02,3.53B,10M,1M,3.3K,10,0,-52.85,-1.19,0.33,-6.62,-1.73
2026-08-11,FATIMA,164.06,164.27,165.5,163.5,192.8,116.06,344.97B,2.1B,315M,968.3K,15,5.8,17.58,13.62,1.99,9.31,0.26
2026-08-11,FCCL,57.74,57.66,58.45,56.9,62.84,36.26,141.43B,2.45B,858.5M,11.4M,35,2.17,5.99,16.04,1.54,9.61,0.09
2026-08-11,FCEPL,120.37,121.4,123.35,119,128.4,63.86,93.06B,766.6M,76.66M,2.49M,10,2.85,4.51,3.23,5,27.21,0.78
2026-08-11,FCL,25.05,24.93,25.1,24.65,28.56,19.65,16.07B,644.58M,161.14M,3.09M,25,,,,,,
2026-08-11,FECM,23.49,23.42,24,22.05,57.06,11.75,265.58M,11.34M,8.51M,120.95K,75,,,,,,
2026-08-11,FECTC,109.71,111.28,114.9,109.7,195.75,72,5.58B,50.16M,12.54M,266.13K,25,1.81,14,5.6,1.1,7.91,-0.06
2026-08-11,FEM,11.28,11.14,11.55,11.1,17.7,5.87,584.18M,52.44M,36.71M,12.09K,70,,,,,,
2026-08-11,FEROZ,387.95,375.1,387.95,374,475,293.01,16.31B,43.47M,17.39M,31.16K,40,1.05,21.66,4.15,1.28,17.53,0.78
2026-08-11,FFC,559.99,554.31,561,553,685,425,797.66B,1.44B,791.46M,1.31M,55,7.32,61.43,16.53,2.94,9.12,0.14
2026-08-11,FFL,16.5,16.2,16.5,16.15,23.93,14,40.82B,2.52B,503.99M,2.73M,20,0,0.39,3.18,3.67,42.52,0.02
2026-08-11,FFLM,14.79,14.57,14.9,14.21,27.23,4.4,384.85M,26.41M,17.17M,152.71K,65,,,,,,
2026-08-11,FHAM,32.89,32.81,33.4,32.75,39.49,27,3.64B,110.83M,94.21M,51.17K,85,6.79,6.75,15.08,0.59,4.91,0.12
2026-08-11,FIBLM,15.55,15.45,16.24,14.46,22.24,7.55,335.07M,21.69M,10.84M,446K,50,0,0.94,43.94,1.35,16.6,0.44
2026-08-11,FIMM,211,219.15,211,211,397.69,173.39,657.45M,3M,900K,134.4,30,,,,,,
2026-08-11,FLYNG,43.44,43.18,44.44,42.84,61,38.51,30B,694.8M,104.22M,40.37K,15,0,1.29,5.99,2.34,33.63,0.12
2026-08-11,FML,53.39,53.7,54.48,52.11,86,34.05,21.45B,399.41M,39.94M,47.42K,10,0,0.46,0.27,0.63,115.92,-24.54
2026-08-11,FPJM,10.5,10.3,10.54,10.25,14.99,4.23,350.41M,34.02M,13.61M,212.56K,40,0,-3.22,-38.72,-0.77,-3.26,0.44
2026-08-11,FPRM,11.5,11.69,11.7,11.5,16.99,9.26,161.19M,13.79M,6.2M,25.63K,45,,,,,,
2026-08-11,FRCL,96.03,96.02,97.01,95,118.45,39.02,3.64B,37.87M,1.89M,268,5,,,,,,
2026-08-11,FRSM,42.5,42.98,44.15,42.15,63.48,34.22,1.7B,39.51M,11.85M,1.99K,30,0,10.06,3.35,0.79,4.36,0.01
2026-08-11,FTMM,16.9,17.01,17.2,16.51,23.75,11.14,3.33B,195.6M,9.78M,26.84K,5,8.84,0.5,2.47,1.19,34.21,-1.53
2026-08-11,FTSM,53,54.68,56.13,47.35,57,11.52,1.16B,21.16M,8.47M,215.8K,40,,,,,,
2026-08-11,FZCM,260,277.29,284.9,256,333.39,185.52,8.32B,30M,3M,5.63K,10,0,3.02,0.1,0.16,86.39,41.74
2026-08-11,GADT,334,343.44,359.98,331,459.99,215,9.63B,28.03M,8.41M,243K,30,1.48,93.78,3.49,0.36,3.61,0.3
2026-08-11,GAL,612.51,632.21,641,608,641,291,36.04B,57M,22.8M,927.21K,40,1.62,117.24,12.52,1.84,5.27,0
2026-08-11,GATI,85,84.92,85,83.81,143.75,62.55,9.23B,108.73M,16.31M,6.98K,15,0,-10.67,-4.01,0.78,-7.95,-5.52
2026-08-11,GATM,27.71,27.06,27.78,26.92,40.7,16.5,20.03B,740.06M,185.01M,1.49M,25,0,2.72,1.18,0.39,10.1,0.85
2026-08-11,GCIL,36.3,35.6,36.35,35.52,40.6,23.81,20.31B,570.45M,228.18M,1.87M,40,0,5.27,33.37,,6.9,
2026-08-11,GCWL,16.17,16.19,16.3,16.05,25.15,12.19,4.05B,250.14M,111.05M,407.18K,44.39,,,,,,
2026-08-11,GDL,18.49,18.14,18.49,18.05,33,16.9,7.79B,429.2M,107.3M,573.7K,25,,,,,,
2026-08-11,GEMBCEM,11.1,11.05,11.1,11.1,14.5,9.64,1.1B,100M,25M,25,25,,,,,,
2026-08-11,GEMMEL,29.92,27.2,29.92,29.92,39,19.1,5.28B,194.1M,19.41M,73.33,10,,,,,,
2026-08-11,GEMPACRA,38.99,35.75,38.99,38.99,49,22,2.66B,74.53M,7.45M,50.5,10,,,,,,
2026-08-11,GEMPAPL,10.55,10.5,10.55,10.5,18.19,9,210M,20M,15M,19.48K,75,,,,,,
2026-08-11,GFIL,31.49,31.1,31.5,31.1,35.18,12.1,1.01B,32.64M,3.26M,15.46K,10,,,,,,
2026-08-11,GGGL,9.1,9,9.1,8.95,14.47,6.7,2.16B,240M,120M,435.87K,50,0,0.54,4.51,0.74,16.88,0.79
2026-08-11,GGL,24.49,23.8,24.49,23.51,31.31,14.1,8.43B,354.12M,177.06M,1.17M,50,0,9.78,31.53,1.07,2.5,0.05
2026-08-11,GHGL,42.09,41.55,43.5,41.5,52.25,27.78,41.54B,999.71M,349.9M,1.01M,35,4.76,6.21,13.11,1.04,6.76,0.27
2026-08-11,GHNI,1240,1239,1268.44,1201,1285.15,590,52.79B,42.61M,14.91M,182.36K,35,0.81,162.33,11.84,2.87,7.63,0.02
2026-08-11,GIL,0,1000,0,0,0,0,0,0,0,0,0,0.3,15.14,0.25,0,66.03,-14.54
2026-08-11,GLAXO,347.5,344.93,349,343.9,459.94,293.09,109.85B,318.47M,63.69M,152.56K,20,4.87,33,15.6,3.06,10.57,0.17
2026-08-11,GOC,171,179.81,183.99,170.01,235,77,1.32B,7.35M,1.1M,11.73K,15,0.56,4.14,6.12,1.83,43.21,1.55
2026-08-11,GTYR,34.94,33.82,34.94,33.51,48,22.26,4.12B,121.93M,48.77M,1.15M,40,0,-6.34,-4.84,0.67,-5.51,0.59
2026-08-11,GVGL,55.01,55.08,55.99,54.1,73.99,43.65,8.26B,149.94M,29.38M,5.99K,19.59,5.45,6.64,15.54,1.64,8.29,
2026-08-11,GWLC,50.01,49.95,50.68,49.86,77.96,38.75,19.99B,400.27M,40.03M,189.07K,10,2.97,6.74,12.64,0.74,7.5,0.5
2026-08-11,HAEL,30,28.81,30.89,28.51,37.96,14.91,374.42M,13M,1.95M,84.35K,15,,,,,,
2026-08-11,HAFL,475.01,497.9,500,471.93,629.5,283.58,597.48M,1.2M,42.48K,133,3.54,,,,,,
2026-08-11,HALEON,759,747.64,759,745,1010,655,87.51B,117.05M,15.74M,21.01K,13.44,3.97,55.96,15.35,6.07,13.51,0.19
2026-08-11,HCAR,241.5,239.92,244.49,239.2,318,147.5,34.26B,142.8M,28.56M,378.63K,20,3.75,34.25,3.68,1.29,7.01,32.55
2026-08-11,HINO,386.5,380.72,386.5,379,585,264.69,9.44B,24.8M,2.55M,6.1K,10.28,2.86,13.47,3.24,1.51,28.3,10.31
2026-08-11,HINOON,1000.02,1007.51,1015,990,1241,755.56,53.38B,52.98M,21.19M,17.84K,40,5,75.63,14.32,3.58,13.22,0.31
2026-08-11,HPL,3956.01,3973.58,3984.95,3956.01,4889.99,3000,38.32B,9.64M,964.48K,50.8,10,6.04,317.04,9.84,4.3,12.53,0.28
2026-08-11,HRPL,20.75,20.51,21,20.3,37,16.51,820.4M,40M,8M,42.04K,20,0,-3.09,-5.61,1.11,-6.69,0.28
2026-08-11,HTL,40.65,40.59,41,40.5,66.5,31.01,5.65B,139.2M,34.8M,131.38K,25,0,3.83,1.49,0.87,10.76,1.03
2026-08-11,HUBC,212,211.43,214.4,209,249.99,157.25,274.26B,1.3B,972.87M,10.87M,75,11.91,34.65,63.41,1.2,6.06,-4.85
2026-08-11,IBFL,262.33,288.56,288.56,262.02,397.32,176.55,89.6B,310.51M,15.53M,2.73K,5,0,-1.49,-0.44,1.42,-175.73,-16.51
2026-08-11,IBLHL,49.96,49.1,49.96,49,85.82,36,4.84B,98.53M,24.63M,57.19K,25,0,2.44,5.36,1.95,20.19,5.17
2026-08-11,ICCI,16.89,15.48,16.89,15.2,17.91,8.61,464.42M,30M,4.5M,145.57K,15,,,,,,
2026-08-11,ICL,136.6,135.77,139.68,135.01,176,85.1,13.58B,100M,45M,40.36K,45,2.2,13.74,4.34,1.25,9.94,0.38
2026-08-11,IDEAL,39,40.6,42.98,38.48,87.7,15.75,402.75M,9.92M,1.49M,2.94K,15,,,,,,
2026-08-11,IDRT,39.5,38.95,39.5,38.8,68.08,19.31,773.27M,19.85M,1.99M,105.17K,10,,,,,,
2026-08-11,ILP,104,102.62,104,102,110.5,67.4,143.84B,1.4B,280.34M,419.84K,20,2.89,8.3,6.45,2.39,12.52,0.2
2026-08-11,IMAGE,27.49,27.17,27.6,26.86,32.46,19,6.26B,230.37M,149.74M,441.5K,65,7.31,3.49,17.93,1.3,7.83,
2026-08-11,INIL,164,164.65,165.79,162.51,249,127.3,21.71B,131.88M,59.35M,89.01K,45,3.64,14.32,1.72,0.67,11.52,-3.64
2026-08-11,INKL,94.4,94.61,94.87,94.4,126,30.23,915.35M,9.68M,3.87M,1.47K,40,,,,,,
2026-08-11,IPAK,37.29,36.75,37.29,36.5,38,21.02,27.02B,735.21M,220.56M,270.4K,30,1.53,3.81,7.22,2.15,9.81,
2026-08-11,IREIT,8.02,8.03,8.05,8,13.05,7.26,2.22B,275.86M,96.55M,371.29K,35,,,,,,
2026-08-11,ISIL,1855,1935.91,1930,1855,2370,1725.01,128.46B,66.36M,3.32M,40.2,5,0.26,62.5,3.31,4.64,30.97,0.47
2026-08-11,ISL,87.74,87.24,88.2,86.55,135,65.45,37.95B,435M,152.25M,319.7K,35,5.14,6.93,3.59,1.49,12.62,-3.01
2026-08-11,ITANZ,48.8,46.67,49.33,46.15,49.49,44.93,5.54B,118.6M,48.52M,3.39M,40.91,,,,,,
2026-08-11,ITTEFAQ,9,9.16,9.39,8.9,12.64,5.75,1.32B,144.34M,93.82M,2.24M,65,0,-3.91,-27.88,0.44,-2.3,
2026-08-11,JATM,63.8,56.89,63.8,55.02,63.8,14.61,716.88M,12.6M,1.89M,382.62K,15,,,,,,
2026-08-11,JDMT,169.9,162.5,169.9,160.75,199.89,60.1,1.12B,6.92M,2.07M,108.2K,30,,,,,,
2026-08-11,JDWS,907,901.08,909.68,900,999,780,52.06B,57.78M,8.67M,179.4,15,5.54,162.29,7.18,1.38,5.56,0.19
2026-08-11,JSML,62,60.91,62,60.03,147.5,45.61,2.08B,34.13M,13.65M,141K,40,0,3.91,1.36,0.22,15.85,0.81
2026-08-11,JVDC,149.99,149.67,152,148.05,163.9,65.15,57B,380.86M,190.43M,1.32M,50,3.31,10.67,38.34,2.07,14.15,-0.01
2026-08-11,KCL,136,145,156,136,195.69,115.02,2.11B,14.55M,10.91M,23.33,75,,,,,,
2026-08-11,KEL,7.49,7.48,7.84,7.4,9.58,4.91,206.56B,27.62B,2.76B,24.67M,10,0,0.42,2.19,1.8,17.94,
2026-08-11,KHYT,1980.01,1995.35,1995.36,1980.01,2689,1131.01,2.45B,1.23M,20.67K,153,1.68,,,,,,
2026-08-11,KOHC,102,99.05,102.1,98.69,567.99,74,91.06B,919.31M,229.83M,584.35K,25,0,10.62,25.96,1.67,9.46,0.34
2026-08-11,KOHE,17,16.44,17,16.3,23.49,12.33,2.79B,169.46M,67.78M,687.48K,40,0,3.94,15.83,0.64,4.31,-0.41
2026-08-11,KOHTM,132,134.11,138.84,127,210,40,2.79B,20.8M,6.24M,246.68K,30,1.58,14.85,3.65,0.54,8.51,0.21
2026-08-11,KPUS,1059,1036.95,1059,1030.01,2849.99,115.11,16.61B,16.02M,800.88K,4K,5,0,5.68,1.21,4.21,185.55,7
2026-08-11,KSBP,246,244.41,246,243.2,263.98,155.2,7.55B,30.9M,8.37M,61.33K,27.08,0.41,7.14,3.26,1.78,34.27,3.51
2026-08-11,KTML,43.93,42.95,44.15,42.51,305,37.02,57.83B,1.35B,269.3M,595.25K,20,0.91,14.77,13.86,0.63,2.98,0.09
2026-08-11,LCI,228,223.07,228,220.01,364,201.17,103.01B,461.8M,92.36M,97.11K,20,4.62,21.11,8.6,1.77,10.77,0.52
2026-08-11,LEUL,45,44.26,45,43.12,72.68,25.76,265.56M,6M,1.8M,17.72K,30,,,,,,
2026-08-11,LIVEN,36.09,35.57,36.09,35.5,74.4,27.82,4.02B,113.04M,11.3M,53.6K,10,,,,,,
2026-08-11,LOADS,13.7,13.66,13.9,13.55,22.6,10.93,5.07B,371.25M,185.62M,862.4K,50,0,1.07,4.28,0.97,12.83,-0.01
2026-08-11,LOTCHEM,27.84,27.99,28.4,27.72,34.3,18.41,42.38B,1.51B,378.55M,6.4M,25,23.3,3.1,5.49,2.08,9.01,-6.53
2026-08-11,LPGL,93,90.38,93,90.15,118.75,63.01,677.85M,7.5M,1.88M,1.99K,25,,,,,,
2026-08-11,LUCK,454.3,445.11,454.3,443.99,529.5,339,652.09B,1.47B,439.5M,2.01M,30,0.89,56.88,16.86,1.64,7.94,0.16
2026-08-11,MACFL,65,65.25,66.75,64,86.98,19.52,3.87B,59.3M,23.72M,698.62K,40,0.78,2.13,1.96,1.63,30.02,7.18
2026-08-11,MACTER,280,278.49,283,277.1,443.5,255.1,12.76B,45.81M,18.32M,8.09K,40,1.34,17.8,6.82,3.21,15.89,0.29
2026-08-11,MARI,673,667.73,673.01,666.7,795,544.56,801.69B,1.2B,240.12M,1.79M,20,4.49,72.36,45.33,2.48,9.22,0.4
2026-08-11,MEBL,594.11,599.61,605,590.51,605,378,1.08T,1.8B,450.14M,2.25M,25,4.98,51.25,19.32,3.63,11.57,
2026-08-11,MEHT,149.12,145.3,149.12,144.77,389,139.25,4.36B,30M,19.5M,820.6K,65,0,39.74,1.87,0.23,3.76,0.09
2026-08-11,MERIT,9.84,10.18,10.25,9.84,14.69,7.1,2.04B,199.96M,39.99M,82.24K,20,0,-1.75,-10.52,0.85,-5.72,0.01
2026-08-11,MFFL,174.11,189.99,196.8,174.11,237,139.66,4.35B,22.88M,3.85M,31.61K,16.82,,,,,,
2026-08-11,MFL,41.01,40.93,41.39,40.85,85.73,37.56,5.01B,122.4M,42.84M,178.4K,35,0,4.13,1.98,0.46,9.92,0.2
2026-08-11,MIRKS,33.45,32.91,33.45,32.2,44.5,22.28,2.19B,66.56M,29.95M,27.46K,45,0,-6.17,-3.48,0.88,-5.35,-0.11
2026-08-11,MLCF,101.99,100.65,101.99,100,132.99,71,105.44B,1.05B,471.4M,18.01M,45,0,11.34,13.96,1.27,8.9,0.22
2026-08-11,MQTM,30,29.42,30,29.2,49,17.97,542.27M,18.43M,4.61M,29.24K,25,0,-79.43,-17.35,1.79,-0.39,0.01
2026-08-11,MRNS,64,63,64,62.55,94.01,52.32,4.72B,74.93M,26.22M,115.83K,35,10.16,19.23,11.82,0.97,3.33,
2026-08-11,MSCL,23.5,22.61,23.5,22.12,46.53,12.05,700.4M,30.98M,7.74M,42.23K,25,,,,,,
2026-08-11,MTL,311,305.86,311,305.11,636.99,279,122.05B,399.03M,179.56M,471.28K,45,5.63,18.49,12.64,16.05,16.82,0.97
2026-08-11,MUGHAL,82.94,81.01,82.94,80.82,113.99,59,27.19B,335.63M,117.47M,475.62K,35,0,6.37,2.8,0.91,12.87,0.88
2026-08-11,MWMP,58.1,55.61,58.1,54.91,170.95,36,1.6B,28.75M,7.19M,43.05K,25,,,,,,
2026-08-11,NATM,77,85.16,77,77,92.94,77,1.81B,21.27M,1.06M,0,5,0,-53.59,-51.27,0.83,-1.59,0.05
2026-08-11,NESTLE,7580.01,7522.64,7617.98,7490.03,8994.75,7000,341.15B,45.35M,4.53M,402.8,10,7.24,370.41,8.2,17.44,20.39,1.2
2026-08-11,NETSOL,123.2,123.14,124.49,123.01,164.59,87.66,11.06B,89.84M,26.95M,341.97K,30,0,32.29,21.96,0.89,3.85,0.09
2026-08-11,NML,150.98,149.38,151.5,148.05,208.4,120,52.52B,351.6M,158.22M,2.57M,45,1.32,33.41,5.75,0.31,4.53,1.57
2026-08-11,NONS,91.49,86.26,91.49,85.8,157.1,70.02,1.42B,16.52M,3.3M,9.62K,20,4.46,18.72,2.44,0.78,4.79,0.71
2026-08-11,NRL,497.9,481.84,509.9,474.01,509.9,241.1,38.53B,79.97M,26.31M,1.98M,32.91,0,108.68,2.33,0.66,4.54,0.01
2026-08-11,NRSL,34.11,33.93,34.98,33.73,39.25,20.6,4.8B,141.32M,42.4M,53.33K,30,0,2.09,2.61,1.32,16.3,1.48
2026-08-11,NSRM,236.11,239.45,249,236,362.31,84.01,3.72B,15.55M,777.66K,1.12K,5,0,6.79,4.51,2.36,35.83,0.21
2026-08-11,OCTOPUS,32.15,32,32.25,31.7,60.89,24.35,5.06B,158.22M,47.18M,161.04K,29.82,,,,,,
2026-08-11,OGDC,322.99,320.29,325.47,319.05,352,238.2,1.38T,4.3B,645.14M,4.1M,15,4.97,36.17,39.85,0.98,8.91,0.78
2026-08-11,OLPM,25.25,25,25.25,24.6,25.98,19,1.13B,45.38M,34.04M,4.39K,75,10.15,3.44,9.88,0.84,7.17,-1.8
2026-08-11,OML,105,102.35,105,101.5,187.24,25.8,1.23B,12M,1.2M,265.4K,10,,,,,,
2026-08-11,ORM,12,11.52,12,11.5,16.79,9.2,864M,75M,26.25M,262.1K,35,,,,,,
2026-08-11,OTSU,418,410.8,425,408.8,447.94,254.95,4.97B,12.1M,3.02M,22.14K,25,0,28.78,8.39,4.61,14.23,1.86
2026-08-11,PAEL,43.69,43.12,44.3,43,64.6,32.01,39.83B,923.65M,508.01M,6.96M,55,0,4.46,5.86,0.81,9.84,0.34
2026-08-11,PAKD,123,132.68,134.46,122.95,231.24,85.01,1.57B,11.86M,5.06M,16.37K,42.63,,,,,,
2026-08-11,PAKOXY,287,286.14,293.89,285.5,356.68,218.01,24.93B,87.12M,21.78M,87.81K,25,0,22.58,14.35,2,12.64,0.15
2026-08-11,PAKQATAR,20.7,21.32,22,20.7,29.4,15.24,4.92B,230.71M,80.75M,546.78K,35,,,,,,
2026-08-11,PIBTL,16.7,16.56,16.78,16.5,22.97,10.18,29.58B,1.79B,803.74M,12.8M,45,0,1.18,14.81,1.69,14.14,7.84
2026-08-11,PICT,53.64,52.76,54.14,52.53,61.5,23.65,5.76B,109.15M,21.83M,302.71K,20,0,-1.17,-1281.2,4.29,-45.33,2.18
2026-08-11,PIM,22.05,21.91,22.77,22.05,31.33,16.16,438.2M,20M,1M,1.25K,5,,,,,,
2026-08-11,PIOC,275.7,271.73,275.7,271.5,427.5,200.01,61.72B,227.15M,34.07M,157.81K,15,3.63,29.03,17.09,1.26,9.48,0.15
2026-08-11,PKGS,795,790.96,799.99,792,855,621.25,70.7B,89.38M,17.88M,2.03K,20,2.02,-9.43,-0.43,1.08,-83.87,-3.54
2026-08-11,PMRS,500,505.82,514.95,495,835,276.45,1.9B,3.75M,387.66K,1.99K,10.34,0,-226.21,-2.28,0.41,-2.25,-0.06
2026-08-11,POML,167.11,169.69,177,167.11,220,113.11,1.32B,7.76M,3.11M,1.66K,40,,,,,,
2026-08-11,POWER,23.25,22.73,23.25,22.63,24.26,14.25,29.33B,1.29B,452.11M,2.85M,35.03,0,2.24,8.78,1.27,10.37,0.17
2026-08-11,PPL,229.47,228.84,234.2,227.01,284.6,175.8,622.67B,2.72B,669.51M,6.12M,24.61,3.72,28.99,33.84,0.83,7.88,
2026-08-11,PPP,137.5,135,137.5,135,189.5,91,1.08B,8M,4M,9.65K,50,3.64,17.67,7.84,0.61,7.78,0.31
2026-08-11,PQGTL,14.5,14.67,14.99,14.32,19.8,10.25,1.48B,101.11M,40.44M,144.34K,40,,,,,,
2026-08-11,PREMA,36.06,37.27,38.8,36,56.38,23,8.15B,218.64M,65.59M,5.49M,30,0,2.73,9.01,1.36,13.86,0.28
2026-08-11,PRL,71,71.02,73.45,69.1,73.45,23.2,44.74B,630M,227.29M,23.67M,36.08,0,19.07,3.89,1.14,3.68,0.02
2026-08-11,PSEL,890,893.82,950,865.51,1635,799,29.07B,32.52M,30.82M,439.4,94.76,0,5.58,1.22,0.64,157.86,5.4
2026-08-11,PSO,352.95,348.43,356.1,347.02,506.75,320.11,163.58B,469.47M,234.74M,2.37M,50,2.83,92.73,1.35,0.57,3.81,0.03
2026-08-11,PSYL,125.05,126,126,125.05,158,52.26,17.48B,138.7M,6.93M,2.21K,5,0,3.38,3.07,3.45,36.95,0.96
2026-08-11,PTL,53.99,53.51,53.99,53.25,65.88,46.4,8.99B,168M,42M,20.78K,25,7.41,6.4,3.09,1.12,8.44,
2026-08-11,QTECH,46.07,45.43,46.5,45.35,57.8,23.1,5.52B,121.58M,30.39M,1.16M,25,,,,,,
2026-08-11,QUICE,34,33.39,34,33,46.06,7.8,3.29B,98.46M,68.92M,99.08K,70,,,,,,
2026-08-11,REDCO,31.03,31,31.6,31,40.4,14.9,1.53B,49.29M,2.46M,41.31K,5,,,,,,
2026-08-11,REWM,176.33,176.33,180,176.33,244.05,96.02,5.43B,30.81M,10.78M,445.25,35,,,,,,
2026-08-11,RMPL,9330,9300,9332.9,9300,13565.64,8500,85.9B,9.24M,461.82K,73.6,5,5.13,715.93,9.02,2.73,12.9,3.23
2026-08-11,RPL,17.76,17.36,17.83,17.3,25.05,12,2.46B,141.9M,44.42M,559.56K,31.3,0,0.13,0.16,0.29,141.03,-38.05
2026-08-11,RUPL,30.98,30.94,30.98,30.01,42.79,23.11,1.05B,34.07M,10.22M,3.31K,30,0,-20.94,-21.91,0.19,-1.48,0.03
2026-08-11,SANSM,128,126.49,135,125.8,148.99,44.02,1.51B,11.95M,6.57M,592.4,55,0,16.24,3.1,0.48,8.03,0.07
2026-08-11,SAPT,1410.01,1493.19,1490.35,1410.01,1606,1164,32.39B,21.69M,2.17M,22.5,10,0.67,387.04,5.77,0.4,3.86,0.25
2026-08-11,SARC,96,95.01,99.99,94,120.32,46.68,570.06M,6M,2.7M,18.99K,45,,,,,,
2026-08-11,SASML,361.88,386.07,397.9,361.88,469.49,164.2,4.02B,10.43M,2.61M,133.8,25,0.55,-13.78,-3.02,1.5,-26.26,-14.47
2026-08-11,SAZEW,1933.97,1882.27,1933.97,1861,2487,1411.11,113.78B,60.45M,21.16M,93.05K,35,3.64,303.75,12.89,3.26,6.32,0
2026-08-11,SCL,750,750.07,750,750,1125,307.1,2.93B,3.9M,195K,0,5,0,-53.91,-8.05,9.44,-13.91,1.05
2026-08-11,SEARL,91.3,90.39,92.11,90.1,137.44,76.37,53.17B,588.22M,294.11M,1.47M,50,0,2.04,6.01,1.55,44.4,183.03
2026-08-11,SEL,29.62,29.78,29.99,28.06,45.56,11.25,568.56M,19.09M,10.5M,23.27K,55,,,,,,
2026-08-11,SELECT,27.51,27.35,27.52,27,33.6,26.02,24.31B,888.89M,88.89M,375.89K,10,,,,,,
2026-08-11,SERT,45.11,43.99,45.18,43.11,84.49,20.65,606.52M,13.79M,2.07M,41.72K,15,,,,,,
2026-08-11,SGF,113.11,113.02,114.95,112.99,141.89,71.51,23.33B,206.47M,51.62M,54K,25,1.76,11.16,12.03,2.64,10.16,
2026-08-11,SGPL,67.89,68.99,71.6,67,129.07,7.27,1.23B,17.83M,16.05M,1.48M,90,,,,,,
2026-08-11,SHCM,58.39,62.71,64.33,58,96.58,30.52,1.11B,17.64M,1.76M,15.08K,10,,,,,,
2026-08-11,SHDT,55.99,54.81,57.5,54,74.81,36.46,1.25B,22.85M,8M,126.96K,35,,,,,,
2026-08-11,SHFA,512.95,504.32,512.95,504,615.28,424.13,31.88B,63.21M,28.45M,24.23K,45,0.97,41.05,8.72,1.96,12.49,0.25
2026-08-11,SHSML,0,381.96,0,0,549,326,8.07B,21.12M,7.39M,9.75K,35,5.24,36.69,3.58,0.62,10.41,0.39
2026-08-11,SIEM,1520,1519.81,1537.28,1516,1740,1335,12.53B,8.25M,412.35K,102.6,5,0,4.55,0.48,2.03,333.95,-17.41
2026-08-11,SINDM,26.5,25.38,28.27,24.75,41.25,13.51,1.14B,45M,4.5M,105.02K,10,,,,,,
2026-08-11,SITC,800,790.11,802,790,1060,555.32,16.93B,21.43M,6.43M,1.66K,30,1.37,65.36,4.3,0.86,12.27,0.74
2026-08-11,SLGL,16.71,17.25,18.2,16.3,26.5,13,7.28B,421.79M,126.54M,6.09M,30,,,,,,
2026-08-11,SLM,23.95,23.97,24.14,23.9,26.25,21.95,186.84B,7.79B,779.48M,3.41M,10,,,,,,
2026-08-11,SMCPL,41.5,41,42,40.42,57.3,24.11,1.02B,25M,7.5M,152.83K,30,,,,,,
2026-08-11,SNAI,38.69,39.41,39.81,37.8,43.9,25,786.82M,19.96M,6.99M,4.21K,35,0,6.54,5.84,1.07,5.86,-0.59
2026-08-11,SNGP,103.71,102.22,105.25,101.6,142.6,83.2,64.83B,634.22M,253.69M,1.94M,40,2.89,22.94,1.17,0.83,4.52,-0.8
2026-08-11,SPEL,48.01,47.91,48.5,47.77,83.5,32.91,9.57B,199.74M,39.95M,482.25K,20,2.48,6.37,13,1.44,7.6,0.17
2026-08-11,SPSL,16.94,16.83,17.09,16.8,23.45,16.15,28.27B,1.68B,335.98M,8.41M,20,,,,,,
2026-08-11,SRR,16.05,15.97,16.17,15.95,21,15.26,527.01M,33M,13.2M,768.63K,40,,,,,,
2026-08-11,SRVI,2120,2096.45,2120,2090,2464,1140,98.51B,46.99M,23.49M,7.96K,50,0.83,223.93,6.65,3.79,9.44,0.09
2026-08-11,SSGC,27.19,26.68,27.56,26.5,46.23,19.02,23.5B,880.92M,336.86M,9.27M,38.24,1.84,-2.87,-0.65,1.81,-9.46,88
2026-08-11,SSOM,459.49,455.01,459.49,453.02,843,351.1,2.57B,5.66M,1.4M,7.91K,24.69,,,,,,
2026-08-11,STCL,11,10.96,11.05,10.92,19.4,8.55,2.62B,239.32M,131.63M,130K,55,0,-4.03,-8,1.51,-2.73,0.13
2026-08-11,STJT,142,148.12,152,142,162,70,1.43B,9.66M,1.45M,256.6,15,3.71,27.72,4.42,0.58,5.34,0.48
2026-08-11,STL,43.01,41.63,43.28,41.13,2231.81,34.85,4.48B,107.62M,43.05M,810.59K,40,,,,,,
2026-08-11,STML,58.45,55.49,58.45,53.52,70.38,22.8,479.43M,8.64M,2.59M,26.67K,30,0,-6.99,-1.76,0.62,-7.87,0.58
2026-08-11,STYLERS,50.99,50.76,50.99,50,56.84,36,24.81B,488.83M,24.44M,18.96K,5,2.94,2.28,5.99,1.83,22.4,
2026-08-11,SURC,154.98,150.48,154.98,148.06,181,88,7.34B,48.81M,9.76M,30.45K,20,3.26,29.17,5.06,0.51,5.26,0.89
2026-08-11,SYM,12.54,12.19,12.54,12.16,17.04,9.01,3.48B,285.25M,156.89M,1.09M,55,,,,,,
2026-08-11,SYS,135.99,133.93,135.99,133.33,174.4,105.98,197.33B,1.47B,957.71M,1.59M,65,1.49,7.86,13.4,3.2,17.08,0.22
2026-08-11,SZTM,86.06,87.99,89.36,85.89,127.25,36,1.58B,17.97M,1.8M,10.34K,10,,,,,,
2026-08-11,TATM,157.01,172.39,172.39,153,284,82,9.65B,55.99M,11.2M,920.99K,20,,,,,,
2026-08-11,TCORP,19.33,19.68,19.95,19.02,31.87,15.62,1.3B,66.21M,23.17M,363.05K,35,0,1.62,1.24,0.33,11.88,-0.72
2026-08-11,TELE,8.61,8.61,8.8,8.57,14.09,6.22,2.92B,338.62M,326M,3.64M,96.27,0,0.51,1.67,0.67,17.16,0.69
2026-08-11,TGL,193.97,189.31,193.97,188.05,291.5,128,32.59B,172.17M,68.87M,100.58K,40,3.62,24.49,13.38,1.36,7.89,0.26
2026-08-11,THCCL,65,71.16,71.16,65,103.5,43.05,35.48B,498.59M,174.51M,4.37M,35,0,7.24,24.4,3.36,9.48,0.05
2026-08-11,TICL,1479,1449.99,1479,1440,1509,540.05,21.78B,15.02M,226.46K,6.91K,1.51,0.68,107.5,4.88,1.78,13.65,1.48
2026-08-11,TOMCL,39.01,39.55,40.8,39,75.85,28.3,7.77B,196.34M,107.99M,5.2M,55,0,1.84,2.74,1.17,21.35,2.27
2026-08-11,TOWL,124.93,126.76,137.5,124.93,195.95,92.5,2.15B,17M,3.4M,56.32K,20,,,,,,
2026-08-11,TPLRF1,9.96,9.93,10.1,9.84,18.39,7.5,18.22B,1.83B,1.38B,5.06M,75,,,,,,
2026-08-11,TREET,23.81,24.13,24.3,23.81,37,19.55,8.95B,371.03M,185.51M,1.87M,50,0,1.29,1.81,1.11,18.7,0.52
2026-08-11,TRSM,19.55,18.94,20.1,18.8,71.65,8,564.41M,29.8M,23.84M,6.82M,80,,,,,,
2026-08-11,UBDL,27.01,26.17,27.19,26,34.5,20.01,2.4B,91.8M,4.59M,32.47K,5,,,,,,
2026-08-11,UDLI,18.61,18.84,19.98,18.39,25.5,8.76,661.67M,35.12M,14.05M,559.17K,40,,,,,,
2026-08-11,UDPL,120.05,120.55,123.95,120.05,168.99,75.05,4.25B,35.27M,5.29M,6.03K,15,,,,,,
2026-08-11,UNITY,12.05,12.05,12.62,11.75,30.65,7.51,14.39B,1.19B,537.32M,37.32M,45,0,1.6,2.34,0.76,7.48,0.13
2026-08-11,UPFL,25202,25389.5,25435,24500,34150,22562.78,161.73B,6.37M,521.22K,28.8,8.18,5.95,1001.9,14.74,18.41,24.45,1.02
2026-08-11,WAFI,185.2,182.21,186,182,260,165,39B,214.02M,32.1M,1.82M,15,,,,,,
2026-08-11,WAHDAT,16.51,16.3,16.51,16.26,21.78,15.45,5.46B,335.22M,83.81M,910.54K,25,,,,,,
2026-08-11,WAHN,286.11,288.9,289.89,285.6,435,225.23,2.6B,9M,3.15M,3.9K,35,3.46,51.77,9.43,0.9,5.58,0.35
2026-08-11,WASL,6.65,6.94,7.26,6.63,7.26,6.53,1.12B,160.72M,96.43M,12.58M,60,,,,,,
2026-08-11,WAVES,10.8,10.5,10.8,10.41,16.95,8.18,2.95B,281.41M,196.98M,2.02M,70,0,1,5.91,0.31,10.73,-2.19
2026-08-11,ZAHID,75.7,73.05,76,72.35,102.51,32.69,13.98B,191.42M,5.94M,42.05K,3.11,0,7.93,3.96,0.65,9.36,0.68
2026-08-11,ZAL,43.15,42.63,43.79,42.4,79.5,24,11.19B,262.5M,65.62M,675.65K,25,,,,,,
2026-08-11,ZIL,362,342.96,362,330,722,300,2.1B,6.12M,306.13K,578.6,5,,,,,,
2026-08-11,ZTL,19.5,19.79,20.24,18.51,24.48,9.75,1.18B,59.43M,14.86M,151.36K,25,0,-0.82,-0.65,0.47,-23.83,3.03
2026-08-12,ABOT,926.94,920.91,928,918.2,1304,821,90.16B,97.9M,21.17M,17.02K,21.63,4.34,84.85,10.97,2.68,10.85,0.61
2026-08-12,ACPL,232,230,233.49,228.1,325.01,205,31.61B,137.43M,13.74M,166.45K,10,3.7,20.97,6.74,1.32,10.97,0.81
2026-08-12,ADAMS,63.59,65.42,66.1,63.2,90.98,57.25,1.13B,17.29M,3.46M,10.23K,20,6.11,-5.93,-1.01,0.18,-11.03,1.03
2026-08-12,AGIL,151,151.01,153.5,150.02,198,121.2,5.44B,36M,21.6M,23.41K,60,1.16,24.75,5.37,0.81,6.1,0.46
2026-08-12,AGP,189.99,188.78,190.74,188.04,258.67,163,52.86B,280M,84M,225.74K,30,4.24,13.41,13.14,3.24,14.08,0.25
2026-08-12,AGTL,368.99,362.74,368.99,358,497,288,21.03B,57.96M,3.67M,22.98K,6.34,0,35.36,8.63,1.88,10.26,1.25
2026-08-12,AHTM,95,94.58,97.37,90.41,134.15,60,801.24M,8.47M,1.27M,1.71K,15,1.59,12.65,2.07,0.33,7.47,-2.71
2026-08-12,AIRLINK,137.01,136.09,137.5,135.5,199,118,53.79B,395.27M,118.58M,423.87K,30,6.61,14.02,6.35,2.94,9.71,
2026-08-12,AKGL,72.28,72.28,72.28,72.28,72.28,48.01,722.8M,10M,1M,6.74K,10,,,,,,
2026-08-12,ALNRS,125,129.71,130.99,125,144,82,2.66B,20.47M,4.09M,949.2,20,3.08,8.19,0.99,0.37,15.84,-5.51
2026-08-12,ANL,10.19,10.32,10.54,10.11,13.7,8.01,5.01B,485.41M,242.7M,574.74K,50,0,1.6,1.96,0.33,6.44,0.39
2026-08-12,ANTM,50.95,51.22,53,46.1,66.38,20.81,494.79M,9.66M,1.45M,13K,15,,,,,,
2026-08-12,ARCTM,39,42.9,42.9,38.8,46.98,24.14,565.2M,13.17M,2.7M,151.49K,20.52,,,,,,
2026-08-12,ARPL,420,419.99,422.99,419,490,325,14.52B,34.56M,8.64M,4.32K,25,7.14,46.47,5.66,2.68,9.04,63.31
2026-08-12,ASHT,44.84,44.84,44.84,44.84,70,13.64,2.09B,46.57M,2.33M,30.84K,5,,,,,,
2026-08-12,ASL,13.51,13.91,13.99,13.51,15.94,8.51,12.95B,930.78M,279.24M,2.66M,30,0,0.07,0.28,1.3,199.86,-14.72
2026-08-12,ASTM,82.27,82.27,82.27,82.27,82.27,12,1.25B,15.18M,2.28M,170.04K,15,,,,,,
2026-08-12,ATBA,203.12,203.86,207,201.55,290,169.02,7.14B,35.02M,8.75M,9.05K,25,0,2.24,0.23,0.9,91.15,439.8
2026-08-12,ATRL,1029.29,1027.03,1045,1024.15,1075,597.1,109.5B,106.62M,42.65M,742.93K,40,0.73,180.56,6.62,0.64,5.69,-0.01
2026-08-12,AVN,32.55,32.37,32.89,32.05,54.3,26.5,13.91B,429.67M,150.38M,367K,35,3.09,1.02,2.52,0.93,31.73,-11.75
2026-08-12,AWTX,1610,1586,1610,1610,1744.6,1270,1.27B,800K,4.5K,0,0.56,0,9.84,0.15,1.01,161.26,-19.84
2026-08-12,BAFS,580,561.06,580,550,647,181.01,5.3B,9.45M,472.5K,1.42K,5,0.36,-11.24,-2.1,2.92,-49.91,-29.7
2026-08-12,BATA,924.99,909.79,924.99,907.12,1750,875,6.88B,7.56M,1.79M,2.81K,23.67,0,-368,-15.26,2.28,-2.47,0.11
2026-08-12,BBFL,43,42.85,43.4,42.37,57.35,34,12.81B,298.91M,115.24M,1.87M,38.55,,,,,,
2026-08-12,BCL,72.99,72.98,74.99,72.3,116.5,56.02,837.27M,11.47M,6.31M,4.01K,55,0,-1.36,-1.1,2.63,-53.83,4.19
2026-08-12,BECO,5.68,5.57,5.7,5.55,73.6,3.9,6.96B,1.25B,437.37M,9.36M,35,,,,,,
2026-08-12,BERG,125.55,128.82,130.8,122.1,141,80.65,3.16B,24.55M,9.82M,1.34M,40,3.88,12.44,3.37,0.83,10.35,
2026-08-12,BFAGRO,34.5,34.01,34.5,33.91,49.25,29.03,10.54B,309.99M,77.5M,104.58K,25,,,,,,
2026-08-12,BFBIO,134.35,133,135.88,132.11,189.97,124,11.75B,88.33M,26.5M,141.97K,30,,,,,,
2026-08-12,BFMOD,23.4,22.8,23.4,22.61,38.84,12.16,171.35M,7.52M,2.63M,33.6K,35,,,,,,
2026-08-12,BHAT,825,822,840,760.5,1040,726.06,2.5B,3.04M,152.05K,464.25,5,0,30.09,0.28,0.23,27.31,3.96
2026-08-12,BIFO,128.87,128.28,130.95,127.9,196.5,79.1,5.95B,46.38M,16.23M,134.66K,35,5.85,9.41,12.78,1.83,13.63,0.64
2026-08-12,BIPL,27.17,27.23,27.3,26.9,44.1,23.6,30.19B,1.11B,166.31M,581.05K,15,10.1,3.87,5.45,0.65,7.03,
2026-08-12,BLUEX,6.8,7.02,7.34,6.7,80.85,4.9,2B,284.28M,113.71M,3.33M,40,,,,,,
2026-08-12,BNL,6.69,6.63,6.75,6.6,170.73,6.01,4.43B,668.05M,434.23M,3.9M,65,0,0.67,5.69,1.51,9.94,0.6
2026-08-12,BNWM,67.99,67.4,67.99,67.01,86,50,640.72M,9.51M,4.75M,3.53K,50,0,-9.58,-7,0.19,-7.03,-0.31
2026-08-12,BPL,53.33,53.91,54.81,53.2,80.97,20.01,1.21B,22.49M,6.75M,21.6K,30,,,,,,
2026-08-12,BRRG,47.1,48.19,49.49,47.1,53.77,28,4.58B,95.01M,47.5M,7.7K,50,,,,,,
2026-08-12,BTL,981.35,935.41,981.35,918.99,1580,275.01,6.02B,6.43M,321.6K,126,5,0,-35.67,-0.77,0.79,-26.22,
2026-08-12,BUXL,305.49,305.49,305.49,305.49,305.49,133.02,439.91M,1.44M,576K,54.03K,40,0,-17.12,-4.42,2.7,-17.84,0.18
2026-08-12,BWHL,231,230.07,232,225.58,257.92,168.13,3.07B,13.33M,7.33M,3.01K,55,7.39,29.35,14.67,1.3,7.84,0.06
2026-08-12,CCM,53,51.59,53,51,68.88,34.4,1.17B,22.66M,10.2M,13.04K,45,0,2.96,-0.18,0.17,17.42,-0.86
2026-08-12,CEPB,30.2,29.09,30.2,29,46.7,24.59,11.69B,401.71M,120.51M,1.1M,30,0,-1.87,-1.96,0.89,-15.56,1.07
2026-08-12,CFL,57,58.35,57,57,94.01,45.1,724.58M,12.42M,3.73M,24,30,0,-49.59,-18.39,0.19,-1.18,0.03
2026-08-12,CHAS,96.93,92.51,96.93,92,160.49,56.01,2.65B,28.69M,4.3M,15.26K,15,0,-57.51,-5.08,0.26,-1.61,-0.14
2026-08-12,CHCC,329.98,330.04,334.9,324,390,225,64.13B,194.3M,116.58M,176.19K,60,1.67,37.91,19.73,1.71,8.71,0.33
2026-08-12,CLOV,8.01,8.05,8.2,8.01,88.64,6.59,3.13B,389.29M,214.11M,954.47K,55,0,0.61,4.44,4.3,13.18,-0.33
2026-08-12,CNERGY,12.84,13.11,13.25,12.7,13.67,5.87,72.02B,5.49B,1.37B,118.52M,25,0,2.78,4.49,0.32,4.71,0.08
2026-08-12,COLG,1238.4,1230.8,1239.99,1230,1320,1050,298.81B,242.77M,24.28M,5.63K,10,5.2,76.74,14.88,7.18,16.04,0.34
2026-08-12,CPHL,73.12,72.95,73.4,72.75,104.25,69.25,16.67B,228.46M,114.23M,1.48M,50,4.8,4.8,7.92,1.52,15.2,
2026-08-12,CPPL,97.75,97.79,98.01,97.01,125.5,64.79,4.8B,49.1M,29.46M,42.8K,60,3.07,1.5,0.52,0.55,65.22,-4.9
2026-08-12,CRTM,72.85,72.61,73.4,72,96.5,16.6,7.26B,100M,60M,2.9K,60,0,1.31,0.69,0.57,55.52,-7.53
2026-08-12,CSAP,104,109.72,110.98,103.77,143.5,78.25,8.52B,77.63M,34.93M,397.02K,45,5.01,19.74,17.22,0.86,5.56,0.75
2026-08-12,DAAG,82,87.73,91,82,120.25,52,350.92M,4M,970.7K,24.28K,24.27,,,,,,
2026-08-12,DADX,89,88.01,89,88.01,121.88,42.75,947.34M,10.76M,538.2K,2.33K,5,0,-30.29,-37.21,3.66,-2.91,0.05
2026-08-12,DCL,11.05,10.98,11.18,10.91,16.31,6.61,5.97B,544.11M,190.44M,1.38M,35,0,-2.37,-4.8,0.24,-4.63,0.04
2026-08-12,DCR,39.31,39.18,39.31,38.5,41.8,28.5,87.12B,2.22B,555.92M,438.18K,25,6.58,2.31,78.71,1.15,16.95,
2026-08-12,DFSM,16.89,16.59,16.91,16.51,35.24,3.75,1.62B,97.75M,34.21M,510.35K,35,,,,,,
2026-08-12,DGKC,213,213.66,214.5,210.6,275.75,145.1,93.61B,438.12M,219.06M,3.67M,50,0.94,27.64,14.23,0.84,7.73,0.27
2026-08-12,DINT,64.51,63.59,66.99,63.52,96,41.36,3.34B,52.47M,7.87M,5.81K,15,0,-3.91,-0.63,0.48,-16.25,-1.79
2026-08-12,DMC,170.01,187.17,188,170.01,351.9,43.05,571.32M,3.05M,915.73K,210,30,,,,,,
2026-08-12,DNCC,17.44,17.12,17.44,16.53,28.07,14,5.42B,316.36M,94.91M,95.96K,30,0,-0.39,-1.76,2.61,-43.56,-0.29
2026-08-12,DOL,30.97,30.81,30.98,30.67,41,25.36,5.39B,175.03M,52.51M,56.35K,30,12.98,2.55,8.79,1.8,12.1,-4
2026-08-12,DYNO,346,343.83,348,343.01,366.9,254.3,6.49B,18.87M,12.27M,1.07K,65,4.73,55.14,7.33,1.19,6.24,0.67
2026-08-12,ECOP,48.05,47.98,49.49,47.02,78.25,33.82,2.32B,48.26M,36.19M,73.87K,75,4.17,7.67,5.37,1.28,6.25,0.15
2026-08-12,EFERT,187.6,185.87,188.63,185.11,263.3,180.15,248.19B,1.34B,600.88M,763.55K,45,6.59,15.94,9.36,5.66,11.66,-1.68
2026-08-12,ELCM,229.86,233.96,239.95,223,343.44,126.01,304.15M,1.3M,260K,1.28K,20,0,-24.15,-3.34,4.48,-9.69,0.16
2026-08-12,ELSM,145.05,144,145.05,141.56,170,99,1.58B,10.95M,3.29M,1.7K,30,2.78,3.97,0.28,0.36,36.23,-32.93
2026-08-12,EMCO,54.9,52.65,54.9,52.45,80.55,31.29,1.84B,35M,10.5M,69.87K,30,,,,,,
2026-08-12,ENGROH,277,276.8,278.94,274.5,302.5,209,333.33B,1.2B,903.17M,1.18M,75,0,53.18,10.18,,5.2,0.31
2026-08-12,EPCL,34.88,34.9,34.99,34.7,39.32,27.01,31.72B,908.92M,227.23M,638.1K,25,0,-2.97,-3.28,1.53,-11.74,1.07
2026-08-12,EPQL,24.94,25,25.23,24.94,34.98,22.3,8.1B,323.8M,161.9M,829.56K,50,47,2.23,5.69,0.7,11.21,-4
2026-08-12,EXIDE,481.51,481.23,486.99,475,790,365,3.74B,7.77M,1.94M,4.6K,25,1.04,43.18,1.88,0.49,11.14,
2026-08-12,FABL,99.48,99.56,100.11,99,106,73.5,151.1B,1.52B,531.19M,1.34M,35,6.53,15.03,11.28,1.28,6.62,
2026-08-12,FANM,8.45,8.37,8.6,8.3,10.83,4.25,193.35M,23.1M,11.55M,173.97K,50,,,,,,
2026-08-12,FASM,369.99,360.76,371.86,350.02,427.36,240.02,3.61B,10M,1M,3.15K,10,0,-52.85,-1.19,0.34,-6.83,-1.76
2026-08-12,FATIMA,165.2,164.61,165.94,164.01,192.8,116.06,345.68B,2.1B,315M,675.82K,15,5.77,17.58,13.62,2,9.36,0.26
2026-08-12,FCCL,58.1,58.06,58.33,56.93,62.84,36.26,142.41B,2.45B,858.5M,11.68M,35,2.15,5.99,16.04,1.55,9.69,0.09
2026-08-12,FCEPL,121.2,128.45,133,120.52,133,63.86,98.47B,766.6M,76.66M,3.17M,10,2.72,4.51,3.23,5.23,28.49,0.78
2026-08-12,FCL,24.86,25.13,25.41,24.86,28.56,19.65,16.2B,644.58M,161.14M,3.37M,25,,,,,,
2026-08-12,FECM,24,23.62,24.9,23,57.06,11.75,267.85M,11.34M,8.51M,75.01K,75,,,,,,
2026-08-12,FECTC,111.75,122.41,122.41,111.75,195.75,72,6.14B,50.16M,12.54M,467.33K,25,1.63,14,5.6,1.21,8.74,-0.06
2026-08-12,FEM,11.45,11.05,11.45,11,17.7,5.87,579.46M,52.44M,36.71M,13.99K,70,,,,,,
2026-08-12,FEROZ,379.98,376.57,380.48,370,475,293.01,16.37B,43.47M,17.39M,33.46K,40,1.06,21.66,4.15,1.27,17.38,0.77
2026-08-12,FFC,554.5,553.74,556.49,552.51,685,425,796.84B,1.44B,791.46M,1.16M,55,7.4,61.43,16.53,2.91,9.01,0.14
2026-08-12,FFL,16.2,16.23,16.45,16.19,23.93,14,40.9B,2.52B,503.99M,2.18M,20,0,0.39,3.18,3.63,42.02,0.02
2026-08-12,FFLM,14.89,14.67,14.93,14.26,27.23,4.4,387.49M,26.41M,17.17M,103.56K,65,,,,,,
2026-08-12,FHAM,33.38,32.97,33.38,32.86,39.49,27,3.65B,110.83M,94.21M,50.65K,85,6.82,6.75,15.08,0.58,4.88,0.12
2026-08-12,FIBLM,15.89,14.91,15.89,14.75,22.24,7.55,323.36M,21.69M,10.84M,439.54K,50,0,0.94,43.94,1.29,15.92,0.48
2026-08-12,FIMM,211,219.15,211,211,397.69,173.39,657.45M,3M,900K,110.75,30,,,,,,
2026-08-12,FLYNG,43.99,43.19,44,42.42,61,38.51,30.01B,694.8M,104.22M,37.44K,15,0,1.29,5.99,2.33,33.44,0.13
2026-08-12,FML,53.99,53.23,53.99,52.75,86,34.05,21.26B,399.41M,39.94M,39.15K,10,0,0.46,0.27,0.63,115.59,-24.68
2026-08-12,FPJM,10.48,10.33,10.48,10.3,14.99,4.23,351.43M,34.02M,13.61M,187.01K,40,0,-3.22,-38.72,-0.76,-3.21,0.44
2026-08-12,FPRM,11.89,11.53,11.89,11.5,16.99,9.26,158.98M,13.79M,6.2M,23.97K,45,,,,,,
2026-08-12,FRCL,96.05,100.99,104,95,118.45,40.02,3.82B,37.87M,1.89M,465.2,5,,,,,,
2026-08-12,FRSM,43.4,42.98,43.95,42.31,63.48,34.22,1.7B,39.51M,11.85M,2.05K,30,0,10.06,3.35,0.77,4.27,0.01
2026-08-12,FTMM,17.43,17.97,18.4,16.55,23.75,11.14,3.51B,195.6M,9.78M,46.65K,5,8.35,0.5,2.47,1.26,36.25,-1.54
2026-08-12,FTSM,52.99,49.29,54.99,49.21,57,11.52,1.04B,21.16M,8.47M,236.75K,40,,,,,,
2026-08-12,FZCM,279.5,268.69,282.98,268,333.39,185.52,8.06B,30M,3M,4.53K,10,0,3.02,0.1,0.17,89.05,44.41
2026-08-12,GADT,348,337.63,349.8,336,459.99,215,9.46B,28.03M,8.41M,205.1K,30,1.48,93.78,3.49,0.35,3.6,0.31
2026-08-12,GAL,634.99,648.34,657,629,657,291,36.96B,57M,22.8M,1.03M,40,1.54,117.24,12.52,1.93,5.53,0
2026-08-12,GATI,84.5,84.68,85.4,84.02,141,62.55,9.21B,108.73M,16.31M,5.67K,15,0,-10.67,-4.01,0.78,-7.94,-5.53
2026-08-12,GATM,27.06,26.82,27.35,26.65,40.7,16.5,19.85B,740.06M,185.01M,1.53M,25,0,2.72,1.18,0.38,9.88,0.84
2026-08-12,GCIL,35.92,35.59,35.92,35.01,40.6,24.95,20.3B,570.45M,228.18M,1.63M,40,0,5.27,33.37,,6.76,
2026-08-12,GCWL,16.2,16.15,16.24,16.1,25.15,12.19,4.04B,250.14M,111.05M,291.8K,44.39,,,,,,
2026-08-12,GDL,18.69,18.02,18.69,18,33,16.9,7.73B,429.2M,107.3M,610.15K,25,,,,,,
2026-08-12,GEMBCEM,11.1,11.05,11.1,11.1,14.5,9.64,1.1B,100M,25M,25,25,,,,,,
2026-08-12,GEMMEL,29.92,29.92,29.92,29.92,39,19.1,5.81B,194.1M,19.41M,180,10,,,,,,
2026-08-12,GEMPACRA,38.99,35.75,38.99,38.99,49,22,2.66B,74.53M,7.45M,1,10,,,,,,
2026-08-12,GEMPAPL,10.5,10.5,10.5,10.5,18.19,9,210M,20M,15M,17.55K,75,,,,,,
2026-08-12,GFIL,31.5,31.5,31.59,30.74,35.18,12.1,1.03B,32.64M,3.26M,17.7K,10,,,,,,
2026-08-12,GGGL,9.05,9.04,9.09,8.95,14.47,6.7,2.17B,240M,120M,432.18K,50,0,0.54,4.51,0.74,16.88,0.79
2026-08-12,GGL,23.9,23.98,24.19,23.6,31.31,14.1,8.49B,354.12M,177.06M,1.12M,50,0,9.78,31.53,1.05,2.45,0.05
2026-08-12,GHGL,41.49,41.47,41.94,41.3,52.25,27.78,41.46B,999.71M,349.9M,980.11K,35,4.82,6.21,13.11,1.02,6.68,0.27
2026-08-12,GHNI,1235,1282.25,1300,1235,1300,590,54.64B,42.61M,14.91M,226.81K,35,0.78,162.33,11.84,2.97,7.9,0.02
2026-08-12,GIL,0,1000,0,0,0,0,0,0,0,0,0,0.3,15.14,0.25,0,66.03,-14.54
2026-08-12,GLAXO,345,345.43,348.48,344.93,459.94,293.09,110.01B,318.47M,63.69M,136.68K,20,4.92,33,15.6,3.03,10.47,0.17
2026-08-12,GOC,170.22,178.49,180,170.22,235,77,1.31B,7.35M,1.1M,9.92K,15,0.56,4.14,6.12,1.83,43.07,1.55
2026-08-12,GTYR,33.78,33.71,34.49,33.65,48,22.26,4.11B,121.93M,48.77M,782.38K,40,0,-6.34,-4.84,0.64,-5.32,0.57
2026-08-12,GVGL,55.49,54.7,55.68,54.51,73.99,43.65,8.2B,149.94M,29.38M,5.71K,19.59,5.48,6.64,15.54,1.63,8.23,
2026-08-12,GWLC,50.31,49.49,50.32,49.4,77.96,38.75,19.81B,400.27M,40.03M,179.18K,10,3.03,6.74,12.64,0.72,7.34,0.5
2026-08-12,HAEL,28.5,28.94,29.9,28.5,37.96,14.91,376.11M,13M,1.95M,84.09K,15,,,,,,
2026-08-12,HAFL,485,497.9,496.99,485,629.5,283.58,597.48M,1.2M,42.48K,92.4,3.54,,,,,,
2026-08-12,HALEON,747,749.41,764,747,1010,655,87.72B,117.05M,15.74M,20.67K,13.44,4,55.96,15.35,6.02,13.39,0.19
2026-08-12,HCAR,240.01,240.61,243.26,240,318,147.5,34.36B,142.8M,28.56M,270.21K,20,3.74,34.25,3.68,1.29,7.03,32.55
2026-08-12,HINO,380,380.62,385.99,372.2,585,264.69,9.44B,24.8M,2.55M,7.35K,10.28,2.87,13.47,3.24,1.5,28.25,10.29
2026-08-12,HINOON,1006,994.96,1030,990.02,1241,755.56,52.72B,52.98M,21.19M,14.75K,40,5.03,75.63,14.32,3.56,13.16,0.31
2026-08-12,HPL,3974.99,3974.18,3975,3956.1,4889.99,3000,38.33B,9.64M,964.48K,33.2,10,6.04,317.04,9.84,4.3,12.54,0.28
2026-08-12,HRPL,20.98,20.69,20.98,20.31,37,16.51,827.6M,40M,8M,41.86K,20,0,-3.09,-5.61,1.11,-6.7,0.28
2026-08-12,HTL,40.99,41.63,42.75,40.5,66.5,31.01,5.8B,139.2M,34.8M,226.67K,25,0,3.83,1.49,0.88,10.88,1.01
2026-08-12,HUBC,212.5,213.36,216.38,212.5,249.99,157.25,276.76B,1.3B,972.87M,12.18M,75,11.72,34.65,63.41,1.22,6.16,-4.89
2026-08-12,IBFL,289.58,274.91,307.86,260,397.32,176.55,85.36B,310.51M,15.53M,3.54K,5,0,-1.49,-0.44,1.49,-184.16,-16.36
2026-08-12,IBLHL,49.7,49.44,49.98,49.12,85.82,36,4.87B,98.53M,24.63M,52.15K,25,0,2.44,5.36,1.96,20.26,5.16
2026-08-12,ICCI,15.01,15.32,15.83,15.01,17.91,8.61,459.62M,30M,4.5M,145.3K,15,,,,,,
2026-08-12,ICL,136.02,136.3,137.89,136.02,176,85.1,13.63B,100M,45M,35.88K,45,2.2,13.74,4.34,1.25,9.92,0.38
2026-08-12,IDEAL,39.5,44.66,44.66,39.02,87.7,15.75,443.03M,9.92M,1.49M,4.53K,15,,,,,,
2026-08-12,IDRT,39,39.31,40.2,39,68.08,19.31,780.41M,19.85M,1.99M,94.97K,10,,,,,,
2026-08-12,ILP,102.62,103.12,103.98,101.9,110.5,67.4,144.54B,1.4B,280.34M,426.85K,20,2.91,8.3,6.45,2.37,12.43,0.2
2026-08-12,IMAGE,27.03,27.33,27.75,27,32.46,19,6.3B,230.37M,149.74M,635.55K,65,7.32,3.49,17.93,1.3,7.82,
2026-08-12,INIL,164.6,165.04,165.19,163,249,127.3,21.77B,131.88M,59.35M,84.79K,45,3.64,14.32,1.72,0.67,11.53,-3.63
2026-08-12,INKL,95,92.3,95,90.06,126,30.23,893M,9.68M,3.87M,1.49K,40,,,,,,
2026-08-12,IPAK,36.62,36.94,36.98,36.5,38,21.02,27.16B,735.21M,220.56M,212.3K,30,1.55,3.81,7.22,2.12,9.7,
2026-08-12,IREIT,8.07,8.03,8.07,8,13.05,7.26,2.22B,275.86M,96.55M,339.81K,35,,,,,,
2026-08-12,ISIL,1932.5,1903.33,1933,1801,2370,1725.01,126.3B,66.36M,3.32M,65.4,5,0.26,62.5,3.31,4.56,30.45,0.47
2026-08-12,ISL,87.26,87.2,87.88,85.55,135,65.45,37.93B,435M,152.25M,334.3K,35,5.16,6.93,3.59,1.48,12.58,-2.98
2026-08-12,ITANZ,47,46.04,47.2,45.76,49.33,45.76,5.46B,118.6M,48.52M,3.08M,40.91,,,,,,
2026-08-12,ITTEFAQ,9.15,9.19,9.6,9,12.64,5.75,1.33B,144.34M,93.82M,2.41M,65,0,-3.91,-27.88,0.46,-2.35,
2026-08-12,JATM,55,62.58,62.58,54.2,63.8,14.61,788.58M,12.6M,1.89M,430.34K,15,,,,,,
2026-08-12,JDMT,164.9,161.92,167.75,160.02,199.89,60.1,1.12B,6.92M,2.07M,99.33K,30,,,,,,
2026-08-12,JDWS,890,900.32,906,890,999,780,52.02B,57.78M,8.67M,210.4,15,5.55,162.29,7.18,1.38,5.55,0.19
2026-08-12,JSML,60.51,60.97,61.89,60.51,147.5,45.61,2.08B,34.13M,13.65M,91.63K,40,0,3.91,1.36,0.22,15.61,0.79
2026-08-12,JVDC,149.99,149.81,150.75,148.5,163.9,65.15,57.06B,380.86M,190.43M,698.49K,50,3.34,10.67,38.34,2.06,14.05,-0.01
2026-08-12,KCL,136,145,156,136,195.69,115.02,2.11B,14.55M,10.91M,34.5,75,,,,,,
2026-08-12,KEL,7.4,7.43,7.5,7.38,9.58,4.91,205.18B,27.62B,2.76B,23.23M,10,0,0.42,2.19,1.78,17.82,
2026-08-12,KHYT,1995.35,2019.79,2040,1980,2689,1131.01,2.48B,1.23M,20.67K,66.2,1.68,,,,,,
2026-08-12,KOHC,99.11,99.79,100.7,98.7,567.99,74,91.74B,919.31M,229.83M,413.89K,25,0,10.62,25.96,1.66,9.39,0.33
2026-08-12,KOHE,16.44,16.42,16.89,16.3,23.49,12.33,2.78B,169.46M,67.78M,693.16K,40,0,3.94,15.83,0.62,4.16,-0.41
2026-08-12,KOHTM,135.69,129.51,137.99,129,210,40,2.69B,20.8M,6.24M,205.92K,30,1.54,14.85,3.65,0.56,8.72,0.22
2026-08-12,KPUS,1025.02,1031.58,1053.94,1025,2849.99,115.11,16.52B,16.02M,800.88K,2.98K,5,0,5.68,1.21,4.12,181.59,6.82
2026-08-12,KSBP,244.4,242.68,247,242.5,263.98,155.2,7.5B,30.9M,8.37M,54.09K,27.08,0.41,7.14,3.26,1.76,33.99,3.55
2026-08-12,KTML,43.11,42.69,43.75,42.5,305,37.02,57.48B,1.35B,269.3M,603.92K,20,0.94,14.77,13.86,0.61,2.89,0.09
2026-08-12,LCI,223.99,225.38,226.48,223.5,364,201.17,104.08B,461.8M,92.36M,85.37K,20,4.66,21.11,8.6,1.75,10.68,0.51
2026-08-12,LEUL,45.15,45.07,45.69,43.08,72.68,25.76,270.42M,6M,1.8M,14.86K,30,,,,,,
2026-08-12,LIVEN,35.99,35.53,35.99,35.41,74.4,27.82,4.02B,113.04M,11.3M,40K,10,,,,,,
2026-08-12,LOADS,13.75,13.78,13.9,13.66,22.6,10.93,5.12B,371.25M,185.62M,839.03K,50,0,1.07,4.28,0.98,12.91,-0.01
2026-08-12,LOTCHEM,27.99,27.67,28.14,27.6,34.3,18.41,41.9B,1.51B,378.55M,6.78M,25,23.49,3.1,5.49,2.07,8.94,-6.59
2026-08-12,LPGL,92.99,90.38,92.99,92.92,118.25,63.01,677.85M,7.5M,1.88M,1.62K,25,,,,,,
2026-08-12,LUCK,445.7,446.47,450.12,443,529.5,339,654.08B,1.47B,439.5M,1.7M,30,0.9,56.88,16.86,1.62,7.85,0.16
2026-08-12,MACFL,64.52,66.43,69.5,64.2,86.98,19.52,3.94B,59.3M,23.72M,1.65M,40,0.75,2.13,1.96,1.69,31.16,7.35
2026-08-12,MACTER,278.01,279.3,280.5,278.01,443.5,255.1,12.8B,45.81M,18.32M,8.34K,40,1.36,17.8,6.82,3.17,15.69,0.28
2026-08-12,MARI,668,680.05,682,668,795,544.56,816.48B,1.2B,240.12M,1.89M,20,4.41,72.36,45.33,2.53,9.4,0.4
2026-08-12,MEBL,599.5,591.13,602.5,588.5,605,381.22,1.07T,1.81B,450.14M,1.95M,24.91,4.99,51.25,19.32,3.63,11.53,
2026-08-12,MEHT,146.4,147.01,148.48,144,389,139.25,4.41B,30M,19.5M,716.47K,65,0,39.74,1.87,0.23,3.7,0.09
2026-08-12,MERIT,10.32,10.34,10.98,10.11,14.69,7.1,2.07B,199.96M,39.99M,207.57K,20,0,-1.75,-10.52,0.88,-5.91,0.01
2026-08-12,MFFL,188.1,189.42,195,188,237,139.66,4.33B,22.88M,3.85M,36.51K,16.82,,,,,,
2026-08-12,MFL,41,40.78,41,40.01,85.73,37.56,4.99B,122.4M,42.84M,129.34K,35,0,4.13,1.98,0.46,9.86,0.2
2026-08-12,MIRKS,33.89,32.96,33.89,32.11,44.5,22.28,2.19B,66.56M,29.95M,37.61K,45,0,-6.17,-3.48,0.88,-5.34,-0.11
2026-08-12,MLCF,100.65,102.75,103.47,100.06,132.99,71,107.64B,1.05B,471.4M,18.18M,45,0,11.34,13.96,1.3,9.06,0.21
2026-08-12,MQTM,30.49,30,31.9,28.1,49,17.97,552.96M,18.43M,4.61M,45.56K,25,0,-79.43,-17.35,1.74,-0.38,0.01
2026-08-12,MRNS,62.1,63.2,63.98,62.1,94.01,52.32,4.74B,74.93M,26.22M,110.81K,35,10.28,19.23,11.82,0.96,3.29,
2026-08-12,MSCL,23.29,24.56,24.87,22.55,46.53,12.05,760.81M,30.98M,7.74M,67.4K,25,,,,,,
2026-08-12,MTL,305.86,304.5,307.99,304.3,636.99,279,121.51B,399.03M,179.56M,313.02K,45,5.75,18.49,12.64,15.71,16.47,0.96
2026-08-12,MUGHAL,81,81,81.85,80.51,113.99,59,27.19B,335.63M,117.47M,549.93K,35,0,6.37,2.8,0.9,12.71,0.86
2026-08-12,MWMP,57.79,56.3,57.79,54,170.95,36,1.62B,28.75M,7.19M,44.34K,25,,,,,,
2026-08-12,NATM,77,85.16,77,77,92.94,77,1.81B,21.27M,1.06M,0,5,0,-53.59,-51.27,0.83,-1.59,0.05
2026-08-12,NESTLE,7500,7520.11,7645.89,7492,8859.75,7000,341.03B,45.35M,4.53M,403.2,10,7.27,370.41,8.2,17.37,20.3,1.21
2026-08-12,NETSOL,122.85,123.46,124.5,122.5,164.59,87.66,11.09B,89.84M,26.95M,297.7K,30,0,32.29,21.96,0.88,3.82,0.09
2026-08-12,NML,149.39,149.21,150.75,148.16,208.4,120,52.46B,351.6M,158.22M,2.53M,45,1.34,33.41,5.75,0.31,4.47,1.55
2026-08-12,NONS,89,88.02,89.99,87,157.1,70.02,1.45B,16.52M,3.3M,9.75K,20,4.54,18.72,2.44,0.77,4.7,0.69
2026-08-12,NRL,481,476.65,487.7,473.7,509.9,241.1,38.12B,79.97M,26.31M,2.01M,32.91,0,108.68,2.33,0.64,4.39,0.01
2026-08-12,NRSL,33.98,33.37,33.98,32.36,39.25,20.6,4.72B,141.32M,42.4M,168.7K,30,0,2.09,2.61,1.3,15.94,1.45
2026-08-12,NSRM,247,242.63,247,237,362.31,84.01,3.77B,15.55M,777.66K,1.21K,5,0,6.79,4.51,2.36,35.75,0.2
2026-08-12,OCTOPUS,32.35,31.91,32.35,31.65,60.89,24.35,5.05B,158.22M,47.18M,127.32K,29.82,,,,,,
2026-08-12,OGDC,320.99,318.92,321.5,318.34,352,238.2,1.37T,4.3B,645.14M,3.88M,15,5.02,36.17,39.85,0.97,8.82,0.77
2026-08-12,OLPM,25.3,25,25.49,24.5,25.98,19,1.13B,45.38M,34.04M,9.18K,75,10,3.44,9.88,0.85,7.28,-1.83
2026-08-12,OML,103,101.93,104.4,100.1,187.24,25.8,1.22B,12M,1.2M,147.09K,10,,,,,,
2026-08-12,ORM,11.5,11.51,11.69,11.45,16.79,9.2,863.25M,75M,26.25M,243.24K,35,,,,,,
2026-08-12,OTSU,410.8,414.35,417.77,406.51,447.94,254.95,5.01B,12.1M,3.02M,23.07K,25,0,28.78,8.39,4.66,14.4,1.87
2026-08-12,PAEL,43.13,43.1,43.49,42.86,64.6,32.01,39.81B,923.65M,508.01M,6.71M,55,0,4.46,5.86,0.79,9.66,0.33
2026-08-12,PAKD,135.07,132.44,137.49,132,231.24,85.01,1.57B,11.86M,5.06M,26.8K,42.63,,,,,,
2026-08-12,PAKOXY,286,286.98,287.5,286,356.68,218.01,25B,87.12M,21.78M,2.46K,25,0,22.58,14.35,2.01,12.71,0.15
2026-08-12,PAKQATAR,21.59,21.15,21.59,21.07,29.4,15.24,4.88B,230.71M,80.75M,580.24K,35,,,,,,
2026-08-12,PIBTL,16.6,16.63,16.8,16.56,22.97,10.18,29.7B,1.79B,803.74M,9.85M,45,0,1.18,14.81,1.69,14.11,7.85
2026-08-12,PICT,53,52.07,53.5,51.9,61.5,23.65,5.68B,109.15M,21.83M,278.86K,20,0,-1.17,-1281.2,4.2,-44.36,2.13
2026-08-12,PIM,22.01,21.91,22.49,22.01,31.33,16.16,438.2M,20M,1M,803,5,,,,,,
2026-08-12,PIOC,271.98,273,276,270.26,427.5,200.01,62.01B,227.15M,34.07M,177.65K,15,3.66,29.03,17.09,1.25,9.4,0.15
2026-08-12,PKGS,792.06,782.15,800,766,855,621.25,69.91B,89.38M,17.88M,3.75K,20,2.05,-9.43,-0.43,1.06,-82.94,-3.58
2026-08-12,PMRS,500,513.49,515,498,835,276.45,1.93B,3.75M,387.66K,2.24K,10.34,0,-226.21,-2.28,0.42,-2.27,-0.06
2026-08-12,POML,168.01,162.92,168.01,153,220,113.11,1.26B,7.76M,3.11M,6.61K,40,,,,,,
2026-08-12,POWER,22.73,22.75,22.9,22.52,24.26,14.25,29.36B,1.29B,452.11M,2.16M,35.03,0,2.24,8.78,1.24,10.15,0.16
2026-08-12,PPL,229,229.45,232,228.25,284.6,175.8,624.33B,2.72B,669.51M,6.22M,24.61,3.7,28.99,33.84,0.84,7.91,
2026-08-12,PPP,136,134.11,136.65,134.05,186,91,1.07B,8M,4M,9.21K,50,3.73,17.67,7.84,0.59,7.59,0.31
2026-08-12,PQGTL,14.5,14.49,14.8,14.41,19.8,10.25,1.47B,101.11M,40.44M,139.59K,40,,,,,,
2026-08-12,PREMA,37.8,36.99,37.8,36.7,56.38,23,8.09B,218.64M,65.59M,6.02M,30,0,2.73,9.01,1.33,13.53,0.29
2026-08-12,PRL,71.99,70.8,72.88,70.3,73.45,23.2,44.6B,630M,227.29M,21.19M,36.08,0,19.07,3.89,1.15,3.71,0.02
2026-08-12,PSEL,902.57,909.54,913,885,1635,799,29.58B,32.52M,30.82M,536.8,94.76,0,5.58,1.22,0.66,162.99,5.48
2026-08-12,PSO,348.51,349.74,351.5,348.5,506.75,320.11,164.19B,469.47M,234.74M,1.94M,50,2.86,92.73,1.35,0.56,3.77,0.03
2026-08-12,PSYL,125,126,129,125,158,52.26,17.48B,138.7M,6.93M,1.33K,5,0,3.38,3.07,3.48,37.24,0.96
2026-08-12,PTL,54.2,53.8,54.2,53.51,65.88,46.4,9.04B,168M,42M,14.67K,25,7.43,6.4,3.09,1.12,8.41,
2026-08-12,QTECH,45.12,44.5,46.5,43.7,57.8,23.1,5.41B,121.58M,30.39M,1.05M,25,,,,,,
2026-08-12,QUICE,33.15,33.37,33.8,33.01,46.06,7.82,3.29B,98.46M,68.92M,96.66K,70,,,,,,
2026-08-12,REDCO,31,31.4,32,30.37,40.4,14.9,1.55B,49.29M,2.46M,22.38K,5,,,,,,
2026-08-12,REWM,176.33,176.33,180,176.33,244.05,96.02,5.43B,30.81M,10.78M,210,35,,,,,,
2026-08-12,RMPL,9210,9274.93,9289.88,9202.1,13565.64,8500,85.67B,9.24M,461.82K,76.6,5,5.11,715.93,9.02,2.75,12.96,3.25
2026-08-12,RPL,17.58,17.39,17.7,17.02,25.05,12,2.47B,141.9M,44.42M,544.21K,31.3,0,0.13,0.16,0.28,138.02,-37.71
2026-08-12,RUPL,28.31,30,31.5,28.31,42.79,23.11,1.02B,34.07M,10.22M,6.65K,30,0,-20.94,-21.91,0.18,-1.43,0.03
2026-08-12,SANSM,125,130,135,125,148.99,52.22,1.55B,11.95M,6.57M,569.8,55,0,16.24,3.1,0.48,8,0.07
2026-08-12,SAPT,1455.01,1447.72,1505,1445.92,1606,1164,31.4B,21.69M,2.17M,31.5,10,0.69,387.04,5.77,0.39,3.74,0.25
2026-08-12,SARC,98.95,91.54,98.95,91.01,120.32,46.68,549.24M,6M,2.7M,14.6K,45,,,,,,
2026-08-12,SASML,386.07,362,386.07,360,469.49,164.2,3.77B,10.43M,2.61M,155.8,25,0.55,-13.78,-3.02,1.5,-26.27,-15.44
2026-08-12,SAZEW,1850,1881.59,1890,1840,2487,1456,113.73B,60.45M,21.16M,110.19K,35,3.72,303.75,12.89,3.2,6.19,0
2026-08-12,SCL,750,750.07,750,750,1125,316,2.93B,3.9M,195K,0,5,0,-53.91,-8.05,9.44,-13.91,1.05
2026-08-12,SEARL,90.04,90.62,91.1,90.04,137.44,76.37,53.3B,588.22M,294.11M,1.26M,50,0,2.04,6.01,1.55,44.5,181.85
2026-08-12,SEL,29.78,29.2,29.95,28.11,45.56,11.25,557.49M,19.09M,10.5M,22.09K,55,,,,,,
2026-08-12,SELECT,27.85,27.78,27.93,27.25,33.6,26.02,24.69B,888.89M,88.89M,391.64K,10,,,,,,
2026-08-12,SERT,44,48.39,48.39,43,84.49,20.65,667.18M,13.79M,2.07M,87.41K,15,,,,,,
2026-08-12,SGF,113,114.01,114.59,112.7,141.89,71.51,23.54B,206.47M,51.62M,70.58K,25,1.75,11.16,12.03,2.65,10.21,
2026-08-12,SGPL,69.99,67.86,69.99,65.9,129.07,7.61,1.21B,17.83M,16.05M,1.39M,90,,,,,,
2026-08-12,SHCM,62,68.92,68.98,62,96.58,30.52,1.22B,17.64M,1.76M,13.89K,10,,,,,,
2026-08-12,SHDT,54.84,55.02,55.94,54.15,74.81,36.46,1.26B,22.85M,8M,124.05K,35,,,,,,
2026-08-12,SHFA,500.6,512.44,514,500.6,615.28,424.13,32.39B,63.21M,28.45M,15.41K,45,0.98,41.05,8.72,1.96,12.48,0.25
2026-08-12,SHSML,382,381.96,382,379.49,549,379.49,8.07B,21.12M,7.39M,49.4,35,5.24,36.69,3.58,0.62,10.41,0.39
2026-08-12,SIEM,1516.15,1517.53,1520,1516.14,1740,1335,12.52B,8.25M,412.35K,91.8,5,0,4.55,0.48,2.03,333.36,-17.41
2026-08-12,SINDM,24.75,24.67,25.75,24.01,41.25,13.51,1.11B,45M,4.5M,106.44K,10,,,,,,
2026-08-12,SITC,790.52,793.34,799.98,790,1060,555.32,17B,21.43M,6.43M,1.53K,30,1.39,65.36,4.3,0.85,12.14,0.73
2026-08-12,SLGL,17.19,16.46,17.19,16.18,26.5,13,6.94B,421.79M,126.54M,7.54M,30,,,,,,
2026-08-12,SLM,24,23.96,24.09,23.89,26.25,21.95,186.76B,7.79B,779.48M,3.39M,10,,,,,,
2026-08-12,SMCPL,41.7,41.11,41.88,41,57.3,24.4,1.03B,25M,7.5M,101.17K,30,,,,,,
2026-08-12,SNAI,39.3,39.52,40,37.01,43.9,25,789.02M,19.96M,6.99M,5.08K,35,0,6.54,5.84,1.11,6.04,-0.61
2026-08-12,SNGP,102.05,104.58,105.4,101.3,142.6,83.2,66.33B,634.22M,253.69M,2.45M,40,2.87,22.94,1.17,0.84,4.56,-0.79
2026-08-12,SPEL,48,48.18,48.41,47.7,83.5,32.91,9.62B,199.74M,39.95M,316.16K,20,2.49,6.37,13,1.43,7.56,0.17
2026-08-12,SPSL,16.9,16.78,16.95,16.7,23.45,16.15,28.19B,1.68B,335.98M,5.73M,20,,,,,,
2026-08-12,SRR,16,16,16.05,15.9,21,15.26,528M,33M,13.2M,973.56K,40,,,,,,
2026-08-12,SRVI,2113.97,2094.71,2113.97,2086,2464,1150,98.43B,46.99M,23.49M,5.18K,50,0.84,223.93,6.65,3.76,9.35,0.09
2026-08-12,SSGC,26.75,27.41,27.5,26.35,46.23,19.02,24.15B,880.92M,336.86M,8.3M,38.24,1.82,-2.87,-0.65,1.83,-9.56,88
2026-08-12,SSOM,455,454.72,462.88,451.3,843,351.1,2.57B,5.66M,1.4M,9.09K,24.69,,,,,,
2026-08-12,STCL,11,11.01,11.15,10.97,19.4,8.55,2.63B,239.32M,131.63M,111.68K,55,0,-4.03,-8,1.51,-2.73,0.13
2026-08-12,STJT,143.01,148.12,160,143.01,162,70,1.43B,9.66M,1.45M,276.8,15,3.71,27.72,4.42,0.58,5.34,0.48
2026-08-12,STL,41.71,41.73,42.9,41.3,2231.81,34.85,4.49B,107.62M,43.05M,791.18K,40,,,,,,
2026-08-12,STML,52.01,54.76,58.58,52.01,70.38,22.8,473.13M,8.64M,2.59M,8.5K,30,0,-6.99,-1.76,0.62,-7.83,0.59
2026-08-12,STYLERS,50.99,50.59,50.99,49.5,56.49,36,24.73B,488.83M,24.44M,14.25K,5,2.96,2.28,5.99,1.82,22.23,
2026-08-12,SURC,153,147.04,153,145.51,181,88,7.18B,48.81M,9.76M,23.16K,20,3.4,29.17,5.06,0.49,5.04,0.87
2026-08-12,SYM,12.26,12.12,12.36,12.1,17.04,9.01,3.46B,285.25M,156.89M,1.12M,55,,,,,,
2026-08-12,SYS,134,133.95,134.75,133.5,174.4,105.98,197.36B,1.47B,957.71M,1.21M,65,1.49,7.86,13.4,3.19,17.03,0.22
2026-08-12,SZTM,88,89.33,90,86,127.25,36,1.61B,17.97M,1.8M,7.59K,10,,,,,,
2026-08-12,TATM,174.6,182.14,187.45,174.5,284,82,10.2B,55.99M,11.2M,1.32M,20,,,,,,
2026-08-12,TCORP,19.98,19.77,20,19.36,31.87,15.62,1.62B,82M,24.6M,177.09K,30,0,1.62,1.24,0.42,12.17,-0.74
2026-08-12,TELE,8.69,8.53,8.69,8.5,14.09,6.22,2.89B,338.62M,326M,2.9M,96.27,0,0.51,1.67,0.66,16.8,0.69
2026-08-12,TGL,189.9,191.15,193,188,291.5,128,32.91B,172.17M,68.87M,87.41K,40,3.66,24.49,13.38,1.34,7.81,0.25
2026-08-12,THCCL,73.55,74.25,77.6,72.25,103.5,43.05,37.02B,498.59M,174.51M,8.91M,35,0,7.24,24.4,3.64,10.26,0.06
2026-08-12,TICL,1459.98,1447.87,1475,1443,1509,541,21.75B,15.02M,226.46K,4.24K,1.51,0.69,107.5,4.88,1.76,13.47,1.46
2026-08-12,TOMCL,40,39.44,40.05,39.02,75.85,28.3,7.74B,196.34M,107.99M,5.21M,55,0,1.84,2.74,1.18,21.44,2.3
2026-08-12,TOWL,127.76,128.72,135.7,127,195.95,92.5,2.19B,17M,3.4M,71.65K,20,,,,,,
2026-08-12,TPLRF1,9.99,10.01,10.1,9.9,18.39,7.5,18.37B,1.83B,1.38B,3.6M,75,,,,,,
2026-08-12,TREET,24.13,24.71,25.38,24.13,37,19.55,9.17B,371.03M,185.51M,3.06M,50,0,1.29,1.81,1.13,19.09,0.53
2026-08-12,TRSM,19.28,19.2,19.99,18.3,71.65,8,572.16M,29.8M,23.84M,5.27M,80,,,,,,
2026-08-12,UBDL,27,26.17,27,25.6,34.5,20.01,2.4B,91.8M,4.59M,26.87K,5,,,,,,
2026-08-12,UDLI,18.95,19.02,19.51,18.74,25.5,8.76,667.99M,35.12M,14.05M,605.97K,40,,,,,,
2026-08-12,UDPL,120.56,121.09,122.8,120.25,168.99,75.05,4.27B,35.27M,5.29M,6.64K,15,,,,,,
2026-08-12,UNITY,12.1,11.72,12.29,11.66,30.42,7.51,13.99B,1.19B,537.32M,36.1M,45,0,1.6,2.34,0.75,7.33,0.13
2026-08-12,UPFL,25442,25387,25442,25110.02,34150,22562.78,161.71B,6.37M,521.22K,26,8.18,5.74,1001.9,14.74,19.08,25.34,1.03
2026-08-12,WAFI,183,184.79,185.8,183,260,165,39.55B,214.02M,32.1M,1.84M,15,,,,,,
2026-08-12,WAHDAT,16.52,16.33,16.95,16.25,21.78,15.45,5.47B,335.22M,83.81M,187.99K,25,,,,,,
2026-08-12,WAHN,289.98,288.9,290,288.9,435,225.23,2.6B,9M,3.15M,5.2K,35,3.46,51.77,9.43,0.9,5.58,0.35
2026-08-12,WASL,7.09,6.91,7.1,6.65,7.1,4.31,1.11B,160.72M,96.43M,12.01M,60,,,,,,
2026-08-12,WAVES,10.6,10.41,10.68,10.26,16.95,8.18,2.93B,281.41M,196.98M,2.18M,70,0,1,5.91,0.3,10.36,-2.14
2026-08-12,ZAHID,74.84,73.11,74.84,72.51,102.51,32.69,13.99B,191.42M,5.94M,35.28K,3.11,0,7.93,3.96,0.64,9.21,0.68
2026-08-12,ZAL,42.8,42.09,43.17,41.9,79.5,24,11.05B,262.5M,65.62M,513.95K,25,,,,,,
2026-08-12,ZIL,367,354.01,367,344.02,722,300,2.17B,6.12M,306.13K,534.8,5,,,,,,
2026-08-12,ZTL,20.35,19.36,20.78,19.25,24.48,9.75,1.15B,59.43M,14.86M,190.92K,25,0,-0.82,-0.65,0.46,-23.66,3.25
2026-08-13,ABOT,924.89,924.23,929.9,916,1304,821,90.48B,97.9M,21.17M,19.82K,21.63,4.33,84.85,10.97,2.69,10.89,0.61
2026-08-13,ACPL,231,229.75,234.99,228.01,325.01,205,31.57B,137.43M,13.74M,147.35K,10,3.7,20.97,6.74,1.32,10.96,0.81
2026-08-13,ADAMS,65.45,67.9,71.96,63.15,90.98,57.25,1.17B,17.29M,3.46M,16.28K,20,5.89,-5.93,-1.01,0.19,-11.45,1.06
2026-08-13,AGIL,152,150.97,153,150.5,198,121.2,5.43B,36M,21.6M,23.32K,60,1.16,24.75,5.37,0.81,6.1,0.47
2026-08-13,AGP,189.34,188.41,189.99,188.01,258.67,163,52.75B,280M,84M,208.64K,30,4.25,13.41,13.14,3.23,14.05,0.25
2026-08-13,AGTL,364.89,361.44,366.89,361,497,288,20.95B,57.96M,3.67M,22.03K,6.34,0,35.36,8.63,1.87,10.22,1.24
2026-08-13,AHTM,92,95,96.97,90.57,134.15,60,804.8M,8.47M,1.27M,2.18K,15,1.58,12.65,2.07,0.34,7.51,-2.63
2026-08-13,AIRLINK,136.49,135.69,136.6,135.25,199,118,53.63B,395.27M,118.58M,359.7K,30,6.63,14.02,6.35,2.93,9.68,
2026-08-13,AKGL,79.51,79.51,79.51,79.51,79.51,48.01,795.1M,10M,1M,6.77K,10,,,,,,
2026-08-13,ALNRS,131.49,129.88,131.49,129.87,144,82,2.66B,20.47M,4.09M,953.6,20,3.08,8.19,0.99,0.37,15.86,-5.68
2026-08-13,ANL,10.33,10.35,10.47,10.33,13.7,8.01,5.02B,485.41M,242.7M,525.03K,50,0,1.6,1.96,0.33,6.46,0.4
2026-08-13,ANTM,48.07,55.7,56.34,48.07,66.38,20.81,538.06M,9.66M,1.45M,14.22K,15,,,,,,
2026-08-13,ARCTM,47.19,47.19,47.19,46.89,47.19,24.14,621.72M,13.17M,2.7M,180.98K,20.52,,,,,,
2026-08-13,ARPL,418,422.42,434.9,418,490,325,14.6B,34.56M,8.64M,6.3K,25,7.1,46.47,5.66,2.7,9.09,63.31
2026-08-13,ASHT,49.32,49.32,49.32,49.32,70,13.64,2.3B,46.57M,2.33M,33.53K,5,,,,,,
2026-08-13,ASL,13.97,13.9,14.35,13.73,15.94,8.51,12.94B,930.78M,279.24M,2.54M,30,0,0.07,0.28,1.29,199.71,-14.88
2026-08-13,ASTM,90.5,90.5,90.5,90.5,90.5,12,1.37B,15.18M,2.28M,122.82K,15,,,,,,
2026-08-13,ATBA,205.05,203.63,205.29,203.5,290,169.02,7.13B,35.02M,8.75M,9.9K,25,0,2.24,0.23,0.9,91.04,441.6
2026-08-13,ATRL,1027.1,1037.57,1058,1008.01,1075,597.1,110.62B,106.62M,42.65M,938.7K,40,0.72,180.56,6.62,0.64,5.75,-0.01
2026-08-13,AVN,32.36,32.51,32.8,32.36,54.3,26.5,13.97B,429.67M,150.38M,314.08K,35,3.08,1.02,2.52,0.93,31.87,-11.74
2026-08-13,AWTX,1610,1586,1610,1610,1744.6,1270,1.27B,800K,4.5K,0,0.56,0,9.84,0.15,1.01,161.26,-19.84
2026-08-13,BAFS,561,559.78,570,542,647,181.01,5.29B,9.45M,472.5K,1.38K,5,0.36,-11.24,-2.1,2.92,-49.8,-29.67
2026-08-13,BATA,909,910,913.72,908,1750,875,6.88B,7.56M,1.79M,2.65K,23.67,0,-368,-15.26,2.28,-2.47,0.11
2026-08-13,BBFL,42.86,42.57,43.55,42.4,57.35,34,12.72B,298.91M,115.24M,747.56K,38.55,,,,,,
2026-08-13,BCL,73.5,71.15,73.5,71,116.44,56.02,816.27M,11.47M,6.31M,7.21K,55,0,-1.36,-1.1,2.56,-52.48,4.21
2026-08-13,BECO,5.58,5.11,5.64,4.98,73.6,3.9,6.39B,1.25B,437.37M,29.31M,35,,,,,,
2026-08-13,BERG,129.5,128.66,132.79,125,141,80.65,3.16B,24.55M,9.82M,1.34M,40,3.89,12.44,3.37,0.83,10.34,
2026-08-13,BFAGRO,34.02,34.06,34.3,33.71,49.25,29.03,10.56B,309.99M,77.5M,86.13K,25,,,,,,
2026-08-13,BFBIO,134,135.25,137.84,133.95,189.97,124,11.95B,88.33M,26.5M,197.03K,30,,,,,,
2026-08-13,BFMOD,23.32,22.81,23.32,22.16,38.84,12.16,171.42M,7.52M,2.63M,23.93K,35,,,,,,
2026-08-13,BHAT,822,822,822,822,1040,726.06,2.5B,3.04M,152.05K,390.5,5,0,30.09,0.28,0.23,27.31,3.86
2026-08-13,BIFO,129.8,128.64,129.9,128.01,196.5,79.1,5.97B,46.38M,16.23M,88.96K,35,5.83,9.41,12.78,1.83,13.67,0.63
2026-08-13,BIPL,27.39,27.23,27.4,27.16,44.1,23.6,30.19B,1.11B,166.31M,388.12K,15,10.1,3.87,5.45,0.65,7.03,
2026-08-13,BLUEX,7.11,7.11,7.29,7.05,80.85,4.9,2.02B,284.28M,113.71M,3.52M,40,,,,,,
2026-08-13,BNL,6.68,6.6,6.69,6.54,170.73,6.01,4.41B,668.05M,434.23M,1.82M,65,0,0.67,5.69,1.5,9.89,0.6
2026-08-13,BNWM,67.07,67,68.49,65.05,86,50,636.92M,9.51M,4.75M,5.76K,50,0,-9.58,-7,0.19,-6.99,-0.31
2026-08-13,BPL,53.9,53.89,54.53,53.21,80.97,20.01,1.21B,22.49M,6.75M,18.01K,30,,,,,,
2026-08-13,BRRG,51,47.53,51,47.5,53.77,28,4.52B,95.01M,47.5M,9.74K,50,,,,,,
2026-08-13,BTL,946.89,970.37,998.9,945.12,1580,275.01,6.24B,6.43M,321.6K,134.75,5,0,-35.67,-0.77,0.82,-27.2,
2026-08-13,BUXL,336.04,336.04,336.04,336.04,336.04,133.02,483.9M,1.44M,576K,65.1K,40,0,-17.12,-4.42,2.97,-19.62,0.2
2026-08-13,BWHL,231,232.7,233.95,230,257.92,168.13,3.1B,13.33M,7.33M,4.28K,55,7.31,29.35,14.67,1.31,7.93,0.06
2026-08-13,CCM,52.01,51.65,53,48,68.88,34.4,1.17B,22.66M,10.2M,12.4K,45,0,2.96,-0.18,0.17,17.44,-0.87
2026-08-13,CEPB,30.5,29.05,31,28.22,46.7,24.59,11.67B,401.71M,120.51M,1.06M,30,0,-1.87,-1.96,0.89,-15.54,1.03
2026-08-13,CFL,56.11,58.35,60.98,56.1,94.01,45.1,724.58M,12.42M,3.73M,18.2,30,0,-49.59,-18.39,0.19,-1.18,0.03
2026-08-13,CHAS,96.44,92.79,96.44,92.57,160.49,56.01,2.66B,28.69M,4.3M,11.48K,15,0,-57.51,-5.08,0.26,-1.61,-0.14
2026-08-13,CHCC,330.98,329.81,335,329,390,225,64.08B,194.3M,116.58M,73.55K,60,1.67,37.91,19.73,1.71,8.7,0.33
2026-08-13,CLOV,8.1,8.03,8.17,8,88.64,6.59,3.13B,389.29M,214.11M,865.09K,55,0,0.61,4.44,4.29,13.15,-0.33
2026-08-13,CNERGY,13.11,13.68,14.04,12.61,14.04,5.87,75.15B,5.49B,1.37B,156.69M,25,0,2.78,4.49,0.33,4.92,0.08
2026-08-13,COLG,1238.28,1230,1238.29,1228.5,1320,1050,298.61B,242.77M,24.28M,5.4K,10,5.2,76.74,14.88,7.18,16.03,0.34
2026-08-13,CPHL,73.9,72.86,73.9,72.74,104.25,69.25,16.65B,228.46M,114.23M,1.48M,50,4.8,4.8,7.92,1.52,15.18,
2026-08-13,CPPL,99.88,97.77,101,97.3,125.5,64.79,4.8B,49.1M,29.46M,67.93K,60,3.07,1.5,0.52,0.55,65.2,-4.9
2026-08-13,CRTM,72.04,73.36,78,72.04,96.5,16.6,7.34B,100M,60M,15.56K,60,0,1.31,0.69,0.57,56.09,-7.54
2026-08-13,CSAP,110.92,107.09,112,106.6,143.5,78.25,8.31B,77.63M,34.93M,528.6K,45,5.14,19.74,17.22,0.84,5.42,0.79
2026-08-13,DAAG,90,87.97,90,84.1,120.25,52,351.88M,4M,970.7K,25.4K,24.27,,,,,,
2026-08-13,DADX,88.03,88.5,94,88.01,121.88,42.75,952.61M,10.76M,538.2K,1.96K,5,0,-30.29,-37.21,3.68,-2.92,0.05
2026-08-13,DCL,11.02,10.85,11.13,10.79,16.31,6.61,5.9B,544.11M,190.44M,1.2M,35,0,-2.37,-4.8,0.24,-4.58,0.04
2026-08-13,DCR,39.18,38.97,39.18,38.8,41.8,28.5,86.66B,2.22B,555.92M,415.01K,25,6.62,2.31,78.71,1.14,16.86,
2026-08-13,DFSM,16.52,16.13,16.8,16.06,35.24,3.75,1.58B,97.75M,34.21M,618.44K,35,,,,,,
2026-08-13,DGKC,214.5,215.81,218,213.3,275.75,145.1,94.55B,438.12M,219.06M,3.42M,50,0.93,27.64,14.23,0.84,7.81,0.27
2026-08-13,DINT,66.49,63.99,66.49,61.17,96,41.36,3.36B,52.47M,7.87M,5.96K,15,0,-3.91,-0.63,0.48,-16.35,-1.75
2026-08-13,DMC,180.4,187.17,187.9,180.2,351.9,43.05,571.32M,3.05M,915.73K,237.6,30,,,,,,
2026-08-13,DNCC,17.25,17.83,17.99,16.88,28.07,14,5.64B,316.36M,94.91M,105.72K,30,0,-0.39,-1.76,2.72,-45.37,-0.29
2026-08-13,DOL,31.43,31.17,31.48,30.9,41,25.36,5.46B,175.03M,52.51M,62.31K,30,12.83,2.55,8.79,1.82,12.24,-3.99
2026-08-13,DYNO,343.11,341.02,348,341,366.9,254.3,6.44B,18.87M,12.27M,471.2,65,4.77,55.14,7.33,1.18,6.18,0.68
2026-08-13,ECOP,48.5,49.38,49.74,48.45,78.25,33.82,2.38B,48.26M,36.19M,79.2K,75,4.05,7.67,5.37,1.32,6.43,0.15
2026-08-13,EFERT,186.5,184.98,187,184.5,263.3,180.15,247B,1.34B,600.88M,755.32K,45,6.62,15.94,9.36,5.63,11.6,-1.67
2026-08-13,ELCM,234.02,233.96,234.02,232,343.44,126.01,304.15M,1.3M,260K,403.6,20,0,-24.15,-3.34,4.48,-9.69,0.16
2026-08-13,ELSM,149.96,144,149.98,140,170,99,1.58B,10.95M,3.29M,791.6,30,2.78,3.97,0.28,0.36,36.23,-32.69
2026-08-13,EMCO,54.4,53.88,55.9,51.01,80.55,31.29,1.89B,35M,10.5M,74.88K,30,,,,,,
2026-08-13,ENGROH,278,274.19,279.99,273,302.5,209,330.19B,1.2B,903.17M,1.19M,75,0,53.18,10.18,,5.16,0.31
2026-08-13,EPCL,35,34.54,35,34.41,39.32,27.01,31.39B,908.92M,227.23M,360.72K,25,0,-2.97,-3.28,1.51,-11.62,1.08
2026-08-13,EPQL,25.3,25.04,25.37,25,34.98,22.3,8.11B,323.8M,161.9M,809.79K,50,46.92,2.23,5.69,0.7,11.23,-3.99
2026-08-13,EXIDE,481.25,480.13,483.5,479.12,780,365,3.73B,7.77M,1.94M,4.01K,25,1.04,43.18,1.88,0.49,11.12,
2026-08-13,FABL,100.8,99.27,100.8,99,106,73.5,150.66B,1.52B,531.19M,594.58K,35,6.55,15.03,11.28,1.28,6.6,
2026-08-13,FANM,8.23,8.38,8.8,8.23,10.83,4.25,193.58M,23.1M,11.55M,185.7K,50,,,,,,
2026-08-13,FASM,369.89,347.57,369.89,336,427.36,240.02,3.48B,10M,1M,3.03K,10,0,-52.85,-1.19,0.33,-6.58,-1.76
2026-08-13,FATIMA,165,165.18,166.2,163.9,192.8,116.06,346.88B,2.1B,315M,675.28K,15,5.75,17.58,13.62,2,9.4,0.26
2026-08-13,FCCL,58.15,57.55,58.44,57.4,62.84,36.26,141.16B,2.45B,858.5M,10.33M,35,2.17,5.99,16.04,1.53,9.61,0.09
2026-08-13,FCEPL,128.7,124.8,129.67,124.26,133,63.86,95.67B,766.6M,76.66M,3.47M,10,2.8,4.51,3.23,5.08,27.68,0.82
2026-08-13,FCL,25.2,25.22,25.65,24.9,28.56,19.65,16.26B,644.58M,161.14M,3.96M,25,,,,,,
2026-08-13,FECM,24.2,22.6,24.2,22.22,57.06,11.75,256.28M,11.34M,8.51M,73.77K,75,,,,,,
2026-08-13,FECTC,125.2,118.08,126.45,117.58,195.75,72,5.92B,50.16M,12.54M,694.04K,25,1.69,14,5.6,1.17,8.43,-0.07
2026-08-13,FEM,11.79,11.08,11.79,11.01,17.7,5.87,581.04M,52.44M,36.71M,17.46K,70,,,,,,
2026-08-13,FEROZ,376.98,374.69,380,370,475,293.01,16.29B,43.47M,17.39M,14.2K,40,1.07,21.66,4.15,1.26,17.3,0.77
2026-08-13,FFC,555.99,557.16,562.88,554,685,425,801.77B,1.44B,791.46M,1.09M,55,7.36,61.43,16.53,2.93,9.07,0.14
2026-08-13,FFL,16.31,16.5,16.55,16.24,23.93,14,41.58B,2.52B,503.99M,2.35M,20,0,0.39,3.18,3.69,42.72,0.02
2026-08-13,FFLM,14.8,14.36,14.8,14.3,27.23,4.4,379.3M,26.41M,17.17M,99.11K,65,,,,,,
2026-08-13,FHAM,33.49,33,33.7,32.75,39.49,27,3.66B,110.83M,94.21M,33.64K,85,6.82,6.75,15.08,0.58,4.89,0.12
2026-08-13,FIBLM,15.14,14.34,15.19,13.55,22.24,7.55,311M,21.69M,10.84M,456.85K,50,0,0.94,43.94,1.24,15.31,0.45
2026-08-13,FIMM,235,219.15,235,201.02,397.69,173.39,657.45M,3M,900K,69.75,30,,,,,,
2026-08-13,FLYNG,43.25,43.27,43.48,42.51,61,38.51,30.06B,694.8M,104.22M,42.76K,15,0,1.29,5.99,2.34,33.5,0.12
2026-08-13,FML,54.89,53.29,54.89,52.7,86,34.05,21.28B,399.41M,39.94M,32.4K,10,0,0.46,0.27,0.63,115.72,-24.47
2026-08-13,FPJM,10.48,10.02,10.48,9.99,14.99,4.23,340.88M,34.02M,13.61M,153.99K,40,0,-3.22,-38.72,-0.73,-3.11,0.44
2026-08-13,FPRM,11.5,11.19,11.5,11.15,16.99,9.26,154.29M,13.79M,6.2M,26.36K,45,,,,,,
2026-08-13,FRCL,95.01,99.99,100,95.01,118.45,40.02,3.79B,37.87M,1.89M,601.6,5,,,,,,
2026-08-13,FRSM,42.55,42.98,43.6,42.55,63.48,34.22,1.7B,39.51M,11.85M,1.48K,30,0,10.06,3.35,0.77,4.27,0.01
2026-08-13,FTMM,18.3,17.26,18.3,17.25,23.75,11.14,3.38B,195.6M,9.78M,46.66K,5,8.69,0.5,2.47,1.21,34.82,-1.62
2026-08-13,FTSM,47.5,47.44,47.89,44.36,57,11.52,1B,21.16M,8.47M,197.55K,40,,,,,,
2026-08-13,FZCM,282.98,270.02,282.98,255,333.39,185.52,8.1B,30M,3M,5.09K,10,0,3.02,0.1,0.17,89.49,43.03
2026-08-13,GADT,337.63,337.39,341.11,336,459.99,215,9.46B,28.03M,8.41M,124.15K,30,1.48,93.78,3.49,0.35,3.6,0.3
2026-08-13,GAL,655.1,646.23,662.49,643,662.49,291,36.84B,57M,22.8M,1.03M,40,1.55,117.24,12.52,1.92,5.51,0
2026-08-13,GATI,84.99,93.15,93.15,84.06,139.9,62.55,10.13B,108.73M,16.31M,43K,15,0,-10.67,-4.01,0.86,-8.73,-5.51
2026-08-13,GATM,26.84,25.9,27.15,25.51,40.7,16.5,19.17B,740.06M,185.01M,1.77M,25,0,2.72,1.18,0.37,9.54,0.83
2026-08-13,GCIL,35.3,36.96,37.55,35.3,40.6,24.95,21.08B,570.45M,228.18M,2.64M,40,0,5.27,33.37,,7.02,
2026-08-13,GCWL,16.15,16.08,16.29,15.55,25.15,12.26,4.02B,250.14M,111.05M,322.49K,44.39,,,,,,
2026-08-13,GDL,18.19,17.45,18.2,17.2,33,16.9,7.49B,429.2M,107.3M,814.74K,25,,,,,,
2026-08-13,GEMBCEM,11.1,11.05,11.1,11.1,14.5,9.64,1.1B,100M,25M,25,25,,,,,,
2026-08-13,GEMMEL,27.1,27.2,27.5,27.1,39,19.1,5.28B,194.1M,19.41M,759,10,,,,,,
2026-08-13,GEMPACRA,38.99,35.75,38.99,38.99,49,22,2.66B,74.53M,7.45M,1,10,,,,,,
2026-08-13,GEMPAPL,10.5,10.5,10.5,10.5,18.19,9,210M,20M,15M,14.87K,75,,,,,,
2026-08-13,GFIL,32,31.99,32,31,35.18,12.1,1.04B,32.64M,3.26M,14.64K,10,,,,,,
2026-08-13,GGGL,9.05,8.89,9.1,8.84,14.47,6.7,2.13B,240M,120M,651.41K,50,0,0.54,4.51,0.73,16.6,0.79
2026-08-13,GGL,24,24,24.49,23.95,31.31,14.1,8.5B,354.12M,177.06M,1.01M,50,0,9.78,31.53,1.05,2.46,0.05
2026-08-13,GHGL,41.45,41.31,41.99,41.2,52.25,27.78,41.3B,999.71M,349.9M,982.01K,35,4.84,6.21,13.11,1.02,6.65,0.27
2026-08-13,GHNI,1310,1305.17,1324.89,1300,1324.89,590,55.61B,42.61M,14.91M,223.69K,35,0.77,162.33,11.84,3.02,8.04,0.03
2026-08-13,GIL,0,1000,0,0,0,0,0,0,0,0,0,0.3,15.14,0.25,0,66.03,-14.54
2026-08-13,GLAXO,344,344.7,348.6,344,459.94,293.09,109.78B,318.47M,63.69M,123.98K,20,4.93,33,15.6,3.03,10.45,0.17
2026-08-13,GOC,172.11,178.37,180,172.11,235,77,1.31B,7.35M,1.1M,8.53K,15,0.56,4.14,6.12,1.83,43.04,1.54
2026-08-13,GTYR,33.99,33.77,34.89,33.6,48,22.26,4.12B,121.93M,48.77M,508.07K,40,0,-6.34,-4.84,0.64,-5.33,0.57
2026-08-13,GVGL,54.99,54.7,55.65,54.99,73.99,43.65,8.2B,149.94M,29.38M,5.39K,19.59,5.48,6.64,15.54,1.63,8.23,
2026-08-13,GWLC,49.7,49.33,49.96,49.03,77.96,38.75,19.75B,400.27M,40.03M,150.56K,10,3.04,6.74,12.64,0.72,7.31,0.49
2026-08-13,HAEL,29,28.69,30,28.55,37.96,14.91,372.86M,13M,1.95M,86.11K,15,,,,,,
2026-08-13,HAFL,500,499.7,500,497,629.5,283.58,599.64M,1.2M,42.48K,117.2,3.54,,,,,,
2026-08-13,HALEON,746,748.31,753,746,1010,655,87.59B,117.05M,15.74M,19.5K,13.44,4.01,55.96,15.35,6.01,13.37,0.19
2026-08-13,HCAR,242.95,239.35,242.95,238.82,318,147.5,34.18B,142.8M,28.56M,240.51K,20,3.76,34.25,3.68,1.28,6.99,32.55
2026-08-13,HINO,380.65,380.18,384,380,580,264.69,9.43B,24.8M,2.55M,6.22K,10.28,2.87,13.47,3.24,1.5,28.22,10.29
2026-08-13,HINOON,996,1003.54,1010,996,1241,755.56,53.17B,52.98M,21.19M,10.66K,40,4.98,75.63,14.32,3.59,13.27,0.31
2026-08-13,HPL,3974.99,3985,3998.99,3970,4889.99,3250,38.43B,9.64M,964.48K,596.6,10,6.02,317.04,9.84,4.32,12.57,0.28
2026-08-13,HRPL,20.26,20.54,21.25,20.25,37,16.51,821.6M,40M,8M,34.1K,20,0,-3.09,-5.61,1.1,-6.65,0.28
2026-08-13,HTL,42.78,42.6,44.45,42.25,66.5,31.01,5.93B,139.2M,34.8M,573.41K,25,0,3.83,1.49,0.9,11.14,1.04
2026-08-13,HUBC,214,212.96,214.94,212.4,249.99,157.25,276.24B,1.3B,972.87M,12.17M,75,11.74,34.65,63.41,1.22,6.15,-4.87
2026-08-13,IBFL,274,273.96,278,266.41,397.32,176.55,85.07B,310.51M,15.53M,2.99K,5,0,-1.49,-0.44,1.48,-183.52,-17.24
2026-08-13,IBLHL,49.15,49.2,49.83,48.53,85.82,36,4.85B,98.53M,24.63M,54.64K,25,0,2.44,5.36,1.95,20.17,5.1
2026-08-13,ICCI,15.5,15.49,15.75,15.25,17.91,8.61,464.72M,30M,4.5M,133.62K,15,,,,,,
2026-08-13,ICL,136.35,138.24,138.98,136.35,176,85.1,13.82B,100M,45M,31.46K,45,2.17,13.74,4.34,1.26,10.06,0.38
2026-08-13,IDEAL,49.13,49.13,49.13,49.13,87.7,15.75,487.37M,9.92M,1.49M,5.17K,15,,,,,,
2026-08-13,IDRT,39.25,39.21,40,38.8,68.08,19.31,778.43M,19.85M,1.99M,59.25K,10,,,,,,
2026-08-13,ILP,104,102.98,104.4,102.8,110.5,67.4,144.35B,1.4B,280.34M,403.06K,20,2.91,8.3,6.45,2.37,12.41,0.2
2026-08-13,IMAGE,27.74,27.13,27.74,27.05,32.46,19,6.25B,230.37M,149.74M,636.74K,65,7.37,3.49,17.93,1.29,7.76,
2026-08-13,INIL,165.04,166.84,168.49,165.04,249,127.3,22B,131.88M,59.35M,44.85K,45,3.6,14.32,1.72,0.68,11.65,-3.64
2026-08-13,INKL,91.12,93.92,94,91,126,30.23,908.68M,9.68M,3.87M,76.51K,40,,,,,,
2026-08-13,IPAK,36.52,36.95,37.39,36.52,38,21.02,27.17B,735.21M,220.56M,235.33K,30,1.55,3.81,7.22,2.12,9.71,
2026-08-13,IREIT,8.05,8.02,8.06,8.01,13.05,7.26,2.21B,275.86M,96.55M,302.49K,35,,,,,,
2026-08-13,ISIL,1915.9,1903.33,1915.9,1856,2370,1725.01,126.3B,66.36M,3.32M,47,5,0.26,62.5,3.31,4.56,30.45,0.46
2026-08-13,ISL,87.4,89.43,90,87.4,135,65.45,38.9B,435M,152.25M,374.03K,35,5.03,6.93,3.59,1.52,12.9,-3.03
2026-08-13,ITANZ,46.49,45.62,46.5,45.5,46.5,45.5,5.41B,118.6M,48.52M,2.81M,40.91,,,,,,
2026-08-13,ITTEFAQ,9.11,9.16,9.36,9.11,12.64,5.75,1.32B,144.34M,93.82M,1.4M,65,0,-3.91,-27.88,0.45,-2.34,
2026-08-13,JATM,68.84,68.84,68.84,65.2,68.84,14.61,867.47M,12.6M,1.89M,445.73K,15,,,,,,
2026-08-13,JDMT,160.05,165.37,167.75,160,199.89,60.1,1.14B,6.92M,2.07M,156.51K,30,,,,,,
2026-08-13,JDWS,900.99,901.61,902,899,999,780,52.09B,57.78M,8.67M,202.6,15,5.55,162.29,7.18,1.38,5.56,0.19
2026-08-13,JSML,61.03,60.29,61.5,60,147.5,45.61,2.06B,34.13M,13.65M,53.21K,40,0,3.91,1.36,0.22,15.43,0.79
2026-08-13,JVDC,150,147.56,150,146.11,163.9,65.15,56.2B,380.86M,190.43M,523.55K,50,3.39,10.67,38.34,2.03,13.84,-0.01
2026-08-13,KCL,136,145,156,136,195.69,115.02,2.11B,14.55M,10.91M,9,75,,,,,,
2026-08-13,KEL,7.43,7.36,7.49,7.3,9.58,4.91,203.25B,27.62B,2.76B,22.73M,10,0,0.42,2.19,1.77,17.65,
2026-08-13,KHYT,2000,2019.79,2027.25,1981.25,2689,1131.01,2.48B,1.23M,20.67K,65.4,1.68,,,,,,
2026-08-13,KOHC,100,100.25,102,99.5,567.99,74,92.16B,919.31M,229.83M,390.36K,25,0,10.62,25.96,1.66,9.44,0.33
2026-08-13,KOHE,16.65,16.34,16.85,16.21,23.49,12.33,2.77B,169.46M,67.78M,586.66K,40,0,3.94,15.83,0.61,4.14,-0.4
2026-08-13,KOHTM,129.51,126.57,130.5,126,210,40,2.63B,20.8M,6.24M,207.66K,30,1.58,14.85,3.65,0.54,8.53,0.21
2026-08-13,KPUS,1023,1006.63,1030,1000,2849.99,115.11,16.12B,16.02M,800.88K,2.65K,5,0,5.68,1.21,4.02,177.2,6.81
2026-08-13,KSBP,242.7,245.32,246.97,241.3,263.98,155.2,7.58B,30.9M,8.37M,86.33K,27.08,0.41,7.14,3.26,1.78,34.36,3.49
2026-08-13,KTML,42.85,42.23,43.2,42,305,37.02,56.86B,1.35B,269.3M,547.01K,20,0.95,14.77,13.86,0.61,2.86,0.09
2026-08-13,LCI,226,225.31,226.9,224.01,364,201.17,104.05B,461.8M,92.36M,76.68K,20,4.66,21.11,8.6,1.75,10.67,0.51
2026-08-13,LEUL,45,49.58,49.58,45,72.68,25.76,297.48M,6M,1.8M,32.83K,30,,,,,,
2026-08-13,LIVEN,35.51,35.03,35.8,35,74.4,27.82,3.96B,113.04M,11.3M,39.92K,10,,,,,,
2026-08-13,LOADS,13.69,13.68,13.96,13.6,22.6,10.93,5.08B,371.25M,185.62M,720.06K,50,0,1.07,4.28,0.97,12.82,-0.01
2026-08-13,LOTCHEM,27.7,27.51,27.95,27.41,34.3,18.41,41.66B,1.51B,378.55M,6.99M,25,23.63,3.1,5.49,2.05,8.88,-6.54
2026-08-13,LPGL,92.89,91.66,92.89,88.89,118,63.01,687.45M,7.5M,1.88M,1.53K,25,,,,,,
2026-08-13,LUCK,447.88,446.61,450,445,529.5,339,654.28B,1.47B,439.5M,1.45M,30,0.9,56.88,16.86,1.62,7.85,0.16
2026-08-13,MACFL,66.11,73.07,73.07,66.09,86.98,19.52,4.33B,59.3M,23.72M,1.83M,40,0.68,2.13,1.96,1.86,34.27,7.37
2026-08-13,MACTER,283,279.39,283,276,443.5,255.1,12.8B,45.81M,18.32M,7.49K,40,1.36,17.8,6.82,3.17,15.69,0.29
2026-08-13,MARI,684.22,678.18,687.99,676,795,544.56,814.24B,1.2B,240.12M,1.78M,20,4.42,72.36,45.33,2.52,9.37,0.4
2026-08-13,MEBL,592,587.9,594.95,586.15,605,387.02,1.06T,1.81B,450.14M,1.27M,24.91,5.02,51.25,19.32,3.61,11.47,
2026-08-13,MEHT,148.95,148.1,150.5,146.5,389,139.25,4.44B,30M,19.5M,368.92K,65,0,39.74,1.87,0.23,3.73,0.09
2026-08-13,MERIT,10.16,10.17,10.34,10.1,14.69,7.1,2.03B,199.96M,39.99M,214.58K,20,0,-1.75,-10.52,0.86,-5.82,0.01
2026-08-13,MFFL,189.42,189.58,192.75,187,237,139.66,4.34B,22.88M,3.85M,38.16K,16.82,,,,,,
2026-08-13,MFL,41.1,40.75,41.1,40.38,85.73,37.56,4.99B,122.4M,42.84M,122.36K,35,0,4.13,1.98,0.46,9.86,0.2
2026-08-13,MIRKS,33.01,33.49,33.5,33,44.5,22.28,2.23B,66.56M,29.95M,35.68K,45,0,-6.17,-3.48,0.89,-5.43,-0.11
2026-08-13,MLCF,103.06,101.93,103.45,101.7,132.99,71,106.78B,1.05B,471.4M,13.81M,45,0,11.34,13.96,1.29,8.99,0.22
2026-08-13,MQTM,30.7,29.31,30.99,29,49,17.97,540.24M,18.43M,4.61M,42.53K,25,0,-79.43,-17.35,1.7,-0.37,0.01
2026-08-13,MRNS,63,63.4,64,62.71,94.01,52.32,4.75B,74.93M,26.22M,84.48K,35,10.25,19.23,11.82,0.96,3.3,
2026-08-13,MSCL,24.88,25.04,26.24,24.88,46.53,12.05,775.68M,30.98M,7.74M,112.39K,25,,,,,,
2026-08-13,MTL,307,303.59,307,301,636.99,279,121.14B,399.03M,179.56M,185.27K,45,5.76,18.49,12.64,15.67,16.42,0.95
2026-08-13,MUGHAL,81.01,80.39,81.81,80.01,113.99,59,26.98B,335.63M,117.47M,536.95K,35,0,6.37,2.8,0.89,12.62,0.86
2026-08-13,MWMP,56,56.49,56.79,55,170.95,36,1.62B,28.75M,7.19M,39.68K,25,,,,,,
2026-08-13,NATM,94.15,89.42,94.15,94.15,94.15,77,1.9B,21.27M,1.06M,1,5,0,-53.59,-51.27,0.87,-1.67,0.05
2026-08-13,NESTLE,7521,7560.28,7599.98,7492,8799,7000,342.86B,45.35M,4.53M,440.2,10,7.24,370.41,8.2,17.46,20.41,1.2
2026-08-13,NETSOL,125.44,122.99,125.44,122.84,164.59,87.66,11.05B,89.84M,26.95M,122.02K,30,0,32.29,21.96,0.88,3.81,0.09
2026-08-13,NML,150.1,149.7,154.68,148.81,208.4,120,52.63B,351.6M,158.22M,2M,45,1.34,33.41,5.75,0.31,4.48,1.55
2026-08-13,NONS,86.05,88.7,89.7,85,157.1,70.02,1.47B,16.52M,3.3M,8.06K,20,4.51,18.72,2.44,0.77,4.74,0.7
2026-08-13,NRL,476,499.74,514.01,467.51,514.01,243.12,39.96B,79.97M,26.31M,2.83M,32.91,0,108.68,2.33,0.67,4.6,0.01
2026-08-13,NRSL,33.23,34.08,35.95,33.23,39.25,20.6,4.82B,141.32M,42.4M,429.15K,30,0,2.09,2.61,1.32,16.28,1.42
2026-08-13,NSRM,250,246.17,250,235,362.31,84.01,3.83B,15.55M,777.66K,832.6,5,0,6.79,4.51,2.39,36.27,0.21
2026-08-13,OCTOPUS,31.99,31.64,32.2,31.56,60.89,24.35,5.01B,158.22M,47.18M,121.31K,29.82,,,,,,
2026-08-13,OGDC,319.95,318.48,321.5,318,352,238.2,1.37T,4.3B,645.14M,3.54M,15,5.02,36.17,39.85,0.97,8.81,0.77
2026-08-13,OLPM,25.49,25,25.5,24.6,25.98,19,1.13B,45.38M,34.04M,14.12K,75,10,3.44,9.88,0.85,7.28,-1.83
2026-08-13,OML,100.12,100.88,103.09,96.02,187.24,25.8,1.21B,12M,1.2M,117.78K,10,,,,,,
2026-08-13,ORM,11.53,11.32,11.58,11.1,16.79,9.2,849M,75M,26.25M,238.02K,35,,,,,,
2026-08-13,OTSU,415.1,422.56,431.9,415,447.94,254.95,5.11B,12.1M,3.02M,27.59K,25,0,28.78,8.39,4.75,14.68,1.88
2026-08-13,PAEL,43.39,42.86,43.4,42.7,64.6,32.01,39.59B,923.65M,508.01M,4.63M,55,0,4.46,5.86,0.79,9.61,0.33
2026-08-13,PAKD,134.99,130.18,134.99,129.51,227.5,85.01,1.54B,11.86M,5.06M,28.26K,42.63,,,,,,
2026-08-13,PAKOXY,286,286,286.15,286,356.68,218.01,24.92B,87.12M,21.78M,1.67K,25,0,22.58,14.35,2.01,12.66,0.15
2026-08-13,PAKQATAR,21.01,21.06,21.3,20.96,29.4,15.24,4.86B,230.71M,80.75M,568.46K,35,,,,,,
2026-08-13,PIBTL,16.68,16.72,16.8,16.54,22.97,10.18,29.86B,1.79B,803.74M,6.88M,45,0,1.18,14.81,1.7,14.18,7.88
2026-08-13,PICT,52.89,51.51,53,51.25,61.5,23.65,5.62B,109.15M,21.83M,284.41K,20,0,-1.17,-1281.2,4.15,-43.88,2.13
2026-08-13,PIM,22.01,24.1,24.1,22.01,31.33,16.16,482M,20M,1M,5.26K,5,,,,,,
2026-08-13,PIOC,276,274.51,278,274,427.5,200.01,62.35B,227.15M,34.07M,144.38K,15,3.64,29.03,17.09,1.26,9.46,0.15
2026-08-13,PKGS,789.99,786.94,789.99,785.1,855,621.25,70.34B,89.38M,17.88M,3.44K,20,2.03,-9.43,-0.43,1.07,-83.44,-3.5
2026-08-13,PMRS,500,492.74,509.98,490,835,276.45,1.85B,3.75M,387.66K,2.02K,10.34,0,-226.21,-2.28,0.4,-2.18,-0.06
2026-08-13,POML,167,164,167,162,220,113.11,1.27B,7.76M,3.11M,6.82K,40,,,,,,
2026-08-13,POWER,22.75,22.65,22.94,22.6,24.26,14.25,29.23B,1.29B,452.11M,1.68M,35.03,0,2.24,8.78,1.24,10.11,0.16
2026-08-13,PPL,230,230.62,234.22,228.03,284.6,175.8,627.51B,2.72B,669.51M,6.88M,24.61,3.69,28.99,33.84,0.84,7.95,
2026-08-13,PPP,135,140.41,147,134.1,185.99,91,1.12B,8M,4M,22.07K,50,3.56,17.67,7.84,0.62,7.95,0.3
2026-08-13,PQGTL,14.49,14.47,14.79,14.41,19.8,10.25,1.46B,101.11M,40.44M,137.67K,40,,,,,,
2026-08-13,PREMA,37,36.54,37.29,36.25,56.38,23,7.99B,218.64M,65.59M,6.1M,30,0,2.73,9.01,1.32,13.36,0.29
2026-08-13,PRL,71.8,76.73,77.88,68.23,77.88,23.2,48.34B,630M,227.29M,26.53M,36.08,0,19.07,3.89,1.25,4.02,0.02
2026-08-13,PSEL,920,934.94,943.5,908,1635,799,30.41B,32.52M,30.82M,681.2,94.76,0,5.58,1.22,0.68,167.54,5.58
2026-08-13,PSO,350.5,350.66,354.1,348,506.75,320.11,164.63B,469.47M,234.74M,2.18M,50,2.85,92.73,1.35,0.56,3.78,0.03
2026-08-13,PSYL,127.1,127,127.1,126.05,158,52.26,17.61B,138.7M,6.93M,1.02K,5,0,3.38,3.07,3.51,37.53,0.96
2026-08-13,PTL,54.2,53.65,54.2,53.1,65.88,46.4,9.01B,168M,42M,15.6K,25,7.46,6.4,3.09,1.11,8.39,
2026-08-13,QTECH,45,44.08,45.24,43.99,57.8,23.1,5.36B,121.58M,30.39M,1.06M,25,,,,,,
2026-08-13,QUICE,33.39,32.99,33.59,32.52,46.06,7.93,3.25B,98.46M,68.92M,94.41K,70,,,,,,
2026-08-13,REDCO,31.8,31.08,31.8,31,40.4,14.9,1.53B,49.29M,2.46M,13.33K,5,,,,,,
2026-08-13,REWM,176.3,176.33,176.33,176.3,244.05,96.02,5.43B,30.81M,10.78M,159,35,,,,,,
2026-08-13,RMPL,9398.98,9318.17,9398.98,9205.1,13565.64,8500,86.07B,9.24M,461.82K,58.4,5,5.09,715.93,9.02,2.76,13.02,3.24
2026-08-13,RPL,17.33,17.04,17.64,16.9,25.05,12,2.42B,141.9M,44.42M,497.49K,31.3,0,0.13,0.16,0.27,135.24,-37.8
2026-08-13,RUPL,33,33,33,31.5,42.79,23.11,1.12B,34.07M,10.22M,50.17K,30,0,-20.94,-21.91,0.2,-1.58,0.04
2026-08-13,SANSM,134.9,130,134.9,130,148.99,52.22,1.55B,11.95M,6.57M,527.4,55,0,16.24,3.1,0.48,8,0.07
2026-08-13,SAPT,1447.73,1447.72,1474.98,1373,1606,1164,31.4B,21.69M,2.17M,30.75,10,0.69,387.04,5.77,0.39,3.74,0.25
2026-08-13,SARC,95.95,91.37,95.95,90,120.32,46.68,548.22M,6M,2.7M,14.84K,45,,,,,,
2026-08-13,SASML,373,340.03,373,336,469.49,164.2,3.54B,10.43M,2.61M,178.6,25,0.59,-13.78,-3.02,1.41,-24.67,-14.48
2026-08-13,SAZEW,1881.98,1863.1,1892,1856.26,2487,1456,112.62B,60.45M,21.16M,111.47K,35,3.76,303.75,12.89,3.17,6.13,0
2026-08-13,SCL,750,750.07,750,750,1125,316,2.93B,3.9M,195K,0,5,0,-53.91,-8.05,9.44,-13.91,1.05
2026-08-13,SEARL,91,90.19,91.5,90,137.44,76.37,53.05B,588.22M,294.11M,1.05M,50,0,2.04,6.01,1.54,44.29,182.25
2026-08-13,SEL,30.29,29.02,30.3,28.53,45.56,11.25,554.05M,19.09M,10.5M,9.1K,55,,,,,,
2026-08-13,SELECT,27.85,27.84,28,27.56,33.6,26.02,24.75B,888.89M,88.89M,392.21K,10,,,,,,
2026-08-13,SERT,52,48.24,52,47,84.49,20.65,665.11M,13.79M,2.07M,120.18K,15,,,,,,
2026-08-13,SGF,114.2,116.41,118.75,113.62,141.89,71.51,24.03B,206.47M,51.62M,137.03K,25,1.72,11.16,12.03,2.71,10.43,
2026-08-13,SGPL,70.1,70.2,71.25,68.05,129.07,9.52,1.25B,17.83M,16.05M,1.26M,90,,,,,,
2026-08-13,SHCM,71.1,64.02,75.48,62.03,96.58,30.52,1.13B,17.64M,1.76M,21.89K,10,,,,,,
2026-08-13,SHDT,55.5,58.16,60.19,55.2,74.81,36.46,1.33B,22.85M,8M,178.65K,35,,,,,,
2026-08-13,SHFA,512.44,501.82,519.9,487,615.28,424.13,31.72B,63.21M,28.45M,88.93K,45,1,41.05,8.72,1.91,12.22,0.25
2026-08-13,SHSML,379.1,383.03,393.86,379.1,549,326,8.09B,21.12M,7.39M,676.6,35,5.22,36.69,3.58,0.62,10.44,0.39
2026-08-13,SIEM,1532.98,1544.14,1555,1529,1740,1335,12.73B,8.25M,412.35K,92.2,5,0,4.55,0.48,2.07,339.21,-17.38
2026-08-13,SINDM,25.1,25,25.75,24.05,41.25,13.51,1.12B,45M,4.5M,108.17K,10,,,,,,
2026-08-13,SITC,791,789.91,809,789,1060,555.32,16.93B,21.43M,6.43M,1.7K,30,1.39,65.36,4.3,0.85,12.08,0.73
2026-08-13,SLGL,16.79,16.05,16.88,15.96,26.5,13,6.77B,421.79M,126.54M,8.19M,30,,,,,,
2026-08-13,SLM,24.01,24.27,24.4,24.01,26.25,21.95,189.18B,7.79B,779.48M,3.72M,10,,,,,,
2026-08-13,SMCPL,41.3,41.06,41.6,41,57.3,24.7,1.03B,25M,7.5M,49.89K,30,,,,,,
2026-08-13,SNAI,40,41.36,43.47,38,43.9,25,825.75M,19.96M,6.99M,92.06K,35,0,6.54,5.84,1.16,6.32,-0.61
2026-08-13,SNGP,105.48,102.23,105.51,101.9,142.6,83.2,64.84B,634.22M,253.69M,2.59M,40,2.93,22.94,1.17,0.82,4.46,-0.81
2026-08-13,SPEL,49,50.9,52.4,49,83.5,32.91,10.17B,199.74M,39.95M,817.71K,20,2.36,6.37,13,1.51,7.99,0.18
2026-08-13,SPSL,16.75,16.71,16.94,16.7,23.45,16.15,28.07B,1.68B,335.98M,4.41M,20,,,,,,
2026-08-13,SRR,16,16,16.07,15.9,21,15.26,528M,33M,13.2M,1.05M,40,,,,,,
2026-08-13,SRVI,2098,2176.5,2220,2097.88,2464,1151.35,102.27B,46.99M,23.49M,10.46K,50,0.8,223.93,6.65,3.9,9.72,0.09
2026-08-13,SSGC,27.5,27.1,27.79,27.01,46.23,19.02,23.87B,880.92M,336.86M,8.74M,38.24,1.84,-2.87,-0.65,1.81,-9.46,88
2026-08-13,SSOM,462,458.64,462,453.15,843,351.1,2.6B,5.66M,1.4M,6.54K,24.69,,,,,,
2026-08-13,STCL,11.12,10.93,11.18,10.85,19.4,8.55,2.62B,239.32M,131.63M,89.74K,55,0,-4.03,-8,1.5,-2.71,0.13
2026-08-13,STJT,156.49,148.12,156.49,140,162,70,1.43B,9.66M,1.45M,312.8,15,3.71,27.72,4.42,0.58,5.34,0.48
2026-08-13,STL,29.87,29.87,29.87,29.02,2231.81,29.02,3.21B,107.62M,43.05M,779.47K,40,,,,,,
2026-08-13,STML,57,55,57,52.07,70.38,22.8,475.2M,8.64M,2.59M,5.12K,30,0,-6.99,-1.76,0.62,-7.86,0.58
2026-08-13,STYLERS,50.75,50.12,51,50,56.49,36,24.5B,488.83M,24.44M,9.87K,5,2.99,2.28,5.99,1.8,22.02,
2026-08-13,SURC,152.87,151.14,152.87,148,181,88,7.38B,48.81M,9.76M,22.91K,20,3.31,29.17,5.06,0.51,5.18,0.85
2026-08-13,SYM,12.06,12.05,12.2,11.96,17.04,9.01,3.44B,285.25M,156.89M,1.05M,55,,,,,,
2026-08-13,SYS,134.5,131.82,134.5,131.01,174.4,105.98,194.22B,1.47B,957.71M,1.01M,65,1.52,7.86,13.4,3.14,16.76,0.22
2026-08-13,SZTM,89.33,88.36,90.5,87.06,127.25,36,1.59B,17.97M,1.8M,6.83K,10,,,,,,
2026-08-13,TATM,183.01,184.49,191.8,183,284,82,10.33B,55.99M,11.2M,1.44M,20,,,,,,
2026-08-13,TCORP,19.75,19.5,19.88,19.15,31.87,15.62,1.6B,82M,24.6M,134.22K,30,0,1.62,1.24,0.42,12.01,-0.74
2026-08-13,TELE,8.54,8.56,8.64,8.51,14.09,6.22,2.9B,338.62M,326M,2.39M,96.27,0,0.51,1.67,0.66,16.86,0.68
2026-08-13,TGL,192.9,192.32,195,190,291.5,128,33.11B,172.17M,68.87M,106.92K,40,3.64,24.49,13.38,1.35,7.85,0.25
2026-08-13,THCCL,77,77.61,80.22,76.25,103.5,43.05,38.7B,498.59M,174.51M,12.37M,35,0,7.24,24.4,3.8,10.72,0.06
2026-08-13,TICL,1484,1459.28,1520,1450.03,1520,541,21.92B,15.02M,226.46K,3.23K,1.51,0.69,107.5,4.88,1.77,13.57,1.46
2026-08-13,TOMCL,39.44,39.2,39.9,39.01,75.85,28.3,7.7B,196.34M,107.99M,3.11M,55,0,1.84,2.74,1.17,21.31,2.29
2026-08-13,TOWL,129.9,127.2,131,126.6,195.95,92.5,2.16B,17M,3.4M,76K,20,,,,,,
2026-08-13,TPLRF1,10.08,10.03,10.35,9.96,18.39,7.5,18.41B,1.83B,1.38B,3.99M,75,,,,,,
2026-08-13,TREET,24.98,24.51,25.14,24.5,37,19.55,9.09B,371.03M,185.51M,2.6M,50,0,1.29,1.81,1.12,18.93,0.53
2026-08-13,TRSM,19.5,18.9,19.6,18.82,71.65,8,563.22M,29.8M,23.84M,4.64M,80,,,,,,
2026-08-13,UBDL,26.79,26.18,26.79,25.77,34.5,20.01,2.4B,91.8M,4.59M,24.09K,5,,,,,,
2026-08-13,UDLI,19.2,19.25,19.61,18.9,25.5,8.76,676.07M,35.12M,14.05M,709.4K,40,,,,,,
2026-08-13,UDPL,123.9,120.9,123.9,120.27,168.99,75.05,4.26B,35.27M,5.29M,5.01K,15,,,,,,
2026-08-13,UNITY,11.76,11.47,11.85,11.4,30.42,7.51,13.7B,1.19B,537.32M,25.19M,45,0,1.6,2.34,0.73,7.17,0.13
2026-08-13,UPFL,25103,25160.87,25369,25100,34150,22562.78,160.27B,6.37M,521.22K,35.4,8.18,5.79,1001.9,14.74,18.91,25.11,1.03
2026-08-13,WAFI,186.9,184.44,186.9,183.61,260,165,39.47B,214.02M,32.1M,1.51M,15,,,,,,
2026-08-13,WAHDAT,16.49,16.13,16.5,16.04,21.78,15.45,5.41B,335.22M,83.81M,211.18K,25,,,,,,
2026-08-13,WAHN,286,284.99,290,280,435,225.23,2.56B,9M,3.15M,5.47K,35,3.51,51.77,9.43,0.89,5.51,0.35
2026-08-13,WASL,6.91,6.69,7.05,6.65,7.05,4.31,1.08B,160.72M,96.43M,11.85M,60,,,,,,
2026-08-13,WAVES,10.5,10.33,10.5,10.29,16.95,8.18,2.91B,281.41M,196.98M,2.16M,70,0,1,5.91,0.29,10.28,-2.12
2026-08-13,ZAHID,74.4,74.11,75.5,68.16,102.51,32.69,14.19B,191.42M,5.94M,38.25K,3.11,0,7.93,3.96,0.65,9.34,0.67
2026-08-13,ZAL,42,41.87,42.36,41.63,79.5,24,10.99B,262.5M,65.62M,403.23K,25,,,,,,
2026-08-13,ZIL,353,350.95,354.99,350.02,722,300,2.15B,6.12M,306.13K,714.4,5,,,,,,
2026-08-13,ZTL,19.5,19.17,19.6,19.02,24.48,9.75,1.14B,59.43M,14.86M,212.62K,25,0,-0.82,-0.65,0.46,-23.43,3.15
2026-08-14,ABOT,924.89,924.23,929.9,916,1304,821,90.48B,97.9M,21.17M,18.38K,21.63,4.33,84.85,10.97,2.69,10.89,0.61
2026-08-14,ACPL,231,229.75,234.99,228.01,325.01,205,31.57B,137.43M,13.74M,175.8K,10,3.7,20.97,6.74,1.32,10.96,0.8
2026-08-14,ADAMS,65.45,67.9,71.96,63.15,90.98,57.25,1.17B,17.29M,3.46M,20.17K,20,5.89,-5.93,-1.01,0.19,-11.45,1.1
2026-08-14,AGIL,152,150.97,153,150.5,198,121.2,5.43B,36M,21.6M,22.04K,60,1.16,24.75,5.37,0.81,6.1,0.47
2026-08-14,AGP,189.34,188.41,189.99,188.01,258.67,163,52.75B,280M,84M,212.28K,30,4.25,13.41,13.14,3.23,14.05,0.25
2026-08-14,AGTL,364.89,361.44,366.89,361,497,288,20.95B,57.96M,3.67M,25.07K,6.34,0,35.36,8.63,1.87,10.22,1.24
2026-08-14,AHTM,92,95,96.97,90.57,134.15,60,804.8M,8.47M,1.27M,2.1K,15,1.58,12.65,2.07,0.34,7.51,-2.64
2026-08-14,AIRLINK,136.49,135.69,136.6,135.25,199,118,53.63B,395.27M,118.58M,354.09K,30,6.63,14.02,6.35,2.93,9.68,
2026-08-14,AKGL,79.51,79.51,79.51,79.51,79.51,48.01,795.1M,10M,1M,8.37K,10,,,,,,
2026-08-14,ALNRS,131.49,129.88,131.49,129.87,144,82,2.66B,20.47M,4.09M,1.13K,20,3.08,8.19,0.99,0.37,15.86,-5.69
2026-08-14,ANL,10.33,10.35,10.47,10.33,13.7,8.01,5.02B,485.41M,242.7M,511.69K,50,0,1.6,1.96,0.33,6.46,0.4
2026-08-14,ANTM,48.07,55.7,56.34,48.07,66.38,20.81,538.06M,9.66M,1.45M,13.91K,15,,,,,,
2026-08-14,ARCTM,47.19,47.19,47.19,46.89,47.19,24.14,621.72M,13.17M,2.7M,204.13K,20.52,,,,,,
2026-08-14,ARPL,418,422.42,434.9,418,490,325,14.6B,34.56M,8.64M,7.53K,25,7.1,46.47,5.66,2.7,9.09,63.68
2026-08-14,ASHT,49.32,49.32,49.32,49.32,70,13.64,2.3B,46.57M,2.33M,38.72K,5,,,,,,
2026-08-14,ASL,13.97,13.9,14.35,13.73,15.94,8.51,12.94B,930.78M,279.24M,2.88M,30,0,0.07,0.28,1.29,199.71,-14.93
2026-08-14,ASTM,90.5,90.5,90.5,90.5,90.5,12,1.37B,15.18M,2.28M,131.35K,15,,,,,,
2026-08-14,ATBA,205.05,203.63,205.29,203.5,290,169.02,7.13B,35.02M,8.75M,11.71K,25,0,2.24,0.23,0.9,91.04,441.1
2026-08-14,ATRL,1027.1,1037.57,1058,1008.01,1075,597.1,110.62B,106.62M,42.65M,1.05M,40,0.72,180.56,6.62,0.64,5.75,-0.01
2026-08-14,AVN,32.36,32.51,32.8,32.36,54.3,26.5,13.97B,429.67M,150.38M,292.57K,35,3.08,1.02,2.52,0.93,31.87,-11.7
2026-08-14,AWTX,1610,1586,1610,1610,1744.6,1270,1.27B,800K,4.5K,0,0.56,0,9.84,0.15,1.01,161.26,-19.84
2026-08-14,BAFS,561,559.78,570,542,647,181.01,5.29B,9.45M,472.5K,1.34K,5,0.36,-11.24,-2.1,2.92,-49.8,-29.61
2026-08-14,BATA,909,910,913.72,908,1750,875,6.88B,7.56M,1.79M,3.05K,23.67,0,-368,-15.26,2.28,-2.47,0.11
2026-08-14,BBFL,42.86,42.57,43.55,42.4,57.35,34,12.72B,298.91M,115.24M,833.51K,38.55,,,,,,
2026-08-14,BCL,73.5,71.15,73.5,71,116.44,56.02,816.27M,11.47M,6.31M,7.21K,55,0,-1.36,-1.1,2.56,-52.48,4.11
2026-08-14,BECO,5.58,5.11,5.64,4.98,73.6,3.9,6.39B,1.25B,437.37M,36.06M,35,,,,,,
2026-08-14,BERG,129.5,128.66,132.79,125,141,80.65,3.16B,24.55M,9.82M,1.57M,40,3.89,12.44,3.37,0.83,10.34,
2026-08-14,BFAGRO,34.02,34.06,34.3,33.71,49.25,29.03,10.56B,309.99M,77.5M,77.43K,25,,,,,,
2026-08-14,BFBIO,134,135.25,137.84,133.95,189.97,124,11.95B,88.33M,26.5M,208.79K,30,,,,,,
2026-08-14,BFMOD,23.32,22.81,23.32,22.16,38.84,12.16,171.42M,7.52M,2.63M,19.92K,35,,,,,,
2026-08-14,BHAT,822,822,822,822,1040,726.06,2.5B,3.04M,152.05K,450.67,5,0,30.09,0.28,0.23,27.31,3.86
2026-08-14,BIFO,129.8,128.64,129.9,128.01,196.5,79.1,5.97B,46.38M,16.23M,53.39K,35,5.83,9.41,12.78,1.83,13.67,0.63
2026-08-14,BIPL,27.39,27.23,27.4,27.16,44.1,23.6,30.19B,1.11B,166.31M,372.32K,15,10.1,3.87,5.45,0.65,7.03,
2026-08-14,BLUEX,7.11,7.11,7.29,7.05,80.85,4.9,2.02B,284.28M,113.71M,4.18M,40,,,,,,
2026-08-14,BNL,6.68,6.6,6.69,6.54,170.73,6.01,4.41B,668.05M,434.23M,1.75M,65,0,0.67,5.69,1.5,9.89,0.6
2026-08-14,BNWM,67.07,67,68.49,65.05,86,50,636.92M,9.51M,4.75M,5.96K,50,0,-9.58,-7,0.19,-6.99,-0.31
2026-08-14,BPL,53.9,53.89,54.53,53.21,80.97,20.01,1.21B,22.49M,6.75M,14.37K,30,,,,,,
2026-08-14,BRRG,51,47.53,51,47.5,53.77,28,4.52B,95.01M,47.5M,11.61K,50,,,,,,
2026-08-14,BTL,946.89,970.37,998.9,945.12,1580,275.01,6.24B,6.43M,321.6K,134.75,5,0,-35.67,-0.77,0.82,-27.2,
2026-08-14,BUXL,336.04,336.04,336.04,336.04,336.04,133.02,483.9M,1.44M,576K,49.99K,40,0,-17.12,-4.42,2.97,-19.62,0.22
2026-08-14,BWHL,231,232.7,233.95,230,257.92,168.13,3.1B,13.33M,7.33M,4.76K,55,7.31,29.35,14.67,1.31,7.93,0.06
2026-08-14,CCM,52.01,51.65,53,48,68.88,34.4,1.17B,22.66M,10.2M,12.99K,45,0,2.96,-0.18,0.17,17.44,-0.87
2026-08-14,CEPB,30.5,29.05,31,28.22,46.7,24.59,11.67B,401.71M,120.51M,1.04M,30,0,-1.87,-1.96,0.89,-15.54,1.03
2026-08-14,CFL,56.11,58.35,60.98,56.1,94.01,45.1,724.58M,12.42M,3.73M,11,30,0,-49.59,-18.39,0.19,-1.18,0.03
2026-08-14,CHAS,96.44,92.79,96.44,92.57,160.49,56.01,2.66B,28.69M,4.3M,10.54K,15,0,-57.51,-5.08,0.26,-1.61,-0.14
2026-08-14,CHCC,330.98,329.81,335,329,390,225,64.08B,194.3M,116.58M,77.21K,60,1.67,37.91,19.73,1.71,8.7,0.33
2026-08-14,CLOV,8.1,8.03,8.17,8,88.64,6.59,3.13B,389.29M,214.11M,976.92K,55,0,0.61,4.44,4.29,13.15,-0.33
2026-08-14,CNERGY,13.11,13.68,14.04,12.61,14.04,5.87,75.15B,5.49B,1.37B,155.57M,25,0,2.78,4.49,0.33,4.92,0.08
2026-08-14,COLG,1238.28,1230,1238.29,1228.5,1320,1050,298.61B,242.77M,24.28M,6.05K,10,5.2,76.74,14.88,7.18,16.03,0.34
2026-08-14,CPHL,73.9,72.86,73.9,72.74,104.25,69.25,16.65B,228.46M,114.23M,1.67M,50,4.8,4.8,7.92,1.52,15.18,
2026-08-14,CPPL,99.88,97.77,101,97.3,125.5,64.79,4.8B,49.1M,29.46M,68.7K,60,3.07,1.5,0.52,0.55,65.2,-4.9
2026-08-14,CRTM,72.04,73.36,78,72.04,96.5,16.6,7.34B,100M,60M,18.67K,60,0,1.31,0.69,0.57,56.09,-7.62
2026-08-14,CSAP,110.92,107.09,112,106.6,143.5,78.25,8.31B,77.63M,34.93M,628.36K,45,5.14,19.74,17.22,0.84,5.42,0.77
2026-08-14,DAAG,90,87.97,90,84.1,120.25,52,351.88M,4M,970.7K,31.12K,24.27,,,,,,
2026-08-14,DADX,88.03,88.5,94,88.01,121.88,42.75,952.61M,10.76M,538.2K,1.72K,5,0,-30.29,-37.21,3.68,-2.92,0.05
2026-08-14,DCL,11.02,10.85,11.13,10.79,16.31,6.61,5.9B,544.11M,190.44M,1.19M,35,0,-2.37,-4.8,0.24,-4.58,0.04
2026-08-14,DCR,39.18,38.97,39.18,38.8,41.8,28.5,86.66B,2.22B,555.92M,450.01K,25,6.62,2.31,78.71,1.14,16.86,
2026-08-14,DFSM,16.52,16.13,16.8,16.06,35.24,3.75,1.58B,97.75M,34.21M,685.22K,35,,,,,,
2026-08-14,DGKC,214.5,215.81,218,213.3,275.75,145.1,94.55B,438.12M,219.06M,3.68M,50,0.93,27.64,14.23,0.84,7.81,0.27
2026-08-14,DINT,66.49,63.99,66.49,61.17,96,41.36,3.36B,52.47M,7.87M,6.9K,15,0,-3.91,-0.63,0.48,-16.35,-1.68
2026-08-14,DMC,180.4,187.17,187.9,180.2,351.9,43.05,571.32M,3.05M,915.73K,161.25,30,,,,,,
2026-08-14,DNCC,17.25,17.83,17.99,16.88,28.07,14,5.64B,316.36M,94.91M,111.64K,30,0,-0.39,-1.76,2.72,-45.37,-0.3
2026-08-14,DOL,31.43,31.17,31.48,30.9,41,25.36,5.46B,175.03M,52.51M,59.59K,30,12.83,2.55,8.79,1.82,12.24,-4.03
2026-08-14,DYNO,343.11,341.02,348,341,366.9,254.3,6.44B,18.87M,12.27M,501.25,65,4.77,55.14,7.33,1.18,6.18,0.67
2026-08-14,ECOP,48.5,49.38,49.74,48.45,78.25,33.82,2.38B,48.26M,36.19M,79.26K,75,4.05,7.67,5.37,1.32,6.43,0.15
2026-08-14,EFERT,186.5,184.98,187,184.5,263.3,180.15,247B,1.34B,600.88M,805.53K,45,6.62,15.94,9.36,5.63,11.6,-1.66
2026-08-14,ELCM,234.02,233.96,234.02,232,343.44,126.01,304.15M,1.3M,260K,465.25,20,0,-24.15,-3.34,4.48,-9.69,0.16
2026-08-14,ELSM,149.96,144,149.98,140,170,99,1.58B,10.95M,3.29M,844,30,2.78,3.97,0.28,0.36,36.23,-32.69
2026-08-14,EMCO,54.4,53.88,55.9,51.01,80.55,31.29,1.89B,35M,10.5M,45.95K,30,,,,,,
2026-08-14,ENGROH,278,274.19,279.99,273,302.5,209,330.19B,1.2B,903.17M,1.14M,75,0,53.18,10.18,,5.16,0.31
2026-08-14,EPCL,35,34.54,35,34.41,39.32,27.01,31.39B,908.92M,227.23M,384.57K,25,0,-2.97,-3.28,1.51,-11.62,1.07
2026-08-14,EPQL,25.3,25.04,25.37,25,34.98,22.3,8.11B,323.8M,161.9M,807.32K,50,46.92,2.23,5.69,0.7,11.23,-4
2026-08-14,EXIDE,481.25,480.13,483.5,479.12,780,365,3.73B,7.77M,1.94M,3.74K,25,1.04,43.18,1.88,0.49,11.12,
2026-08-14,FABL,100.8,99.27,100.8,99,106,73.5,150.66B,1.52B,531.19M,593.38K,35,6.55,15.03,11.28,1.28,6.6,
2026-08-14,FANM,8.23,8.38,8.8,8.23,10.83,4.25,193.58M,23.1M,11.55M,144.7K,50,,,,,,
2026-08-14,FASM,369.89,347.57,369.89,336,427.36,240.02,3.48B,10M,1M,2.45K,10,0,-52.85,-1.19,0.33,-6.58,-1.65
2026-08-14,FATIMA,165,165.18,166.2,163.9,192.8,116.06,346.88B,2.1B,315M,579.72K,15,5.75,17.58,13.62,2,9.4,0.26
2026-08-14,FCCL,58.15,57.55,58.44,57.4,62.84,36.26,141.16B,2.45B,858.5M,10.97M,35,2.17,5.99,16.04,1.53,9.61,0.09
2026-08-14,FCEPL,128.7,124.8,129.67,124.26,133,63.86,95.67B,766.6M,76.66M,3.25M,10,2.8,4.51,3.23,5.08,27.68,0.8
2026-08-14,FCL,25.2,25.22,25.65,24.9,28.56,19.65,16.26B,644.58M,161.14M,2.49M,25,,,,,,
2026-08-14,FECM,24.2,22.6,24.2,22.22,57.06,11.75,256.28M,11.34M,8.51M,89.98K,75,,,,,,
2026-08-14,FECTC,125.2,118.08,126.45,117.58,195.75,72,5.92B,50.16M,12.54M,827.61K,25,1.69,14,5.6,1.17,8.43,-0.07
2026-08-14,FEM,11.79,11.08,11.79,11.01,17.7,5.87,581.04M,52.44M,36.71M,17.58K,70,,,,,,
2026-08-14,FEROZ,376.98,374.69,380,370,475,293.01,16.29B,43.47M,17.39M,12.53K,40,1.07,21.66,4.15,1.26,17.3,0.77
2026-08-14,FFC,555.99,557.16,562.88,554,685,425,801.77B,1.44B,791.46M,992.69K,55,7.36,61.43,16.53,2.93,9.07,0.14
2026-08-14,FFL,16.31,16.5,16.55,16.24,23.93,14,41.58B,2.52B,503.99M,2.34M,20,0,0.39,3.18,3.69,42.72,0.02
2026-08-14,FFLM,14.8,14.36,14.8,14.3,27.23,4.4,379.3M,26.41M,17.17M,96.5K,65,,,,,,
2026-08-14,FHAM,33.49,33,33.7,32.75,39.49,27,3.66B,110.83M,94.21M,19.64K,85,6.82,6.75,15.08,0.58,4.89,0.12
2026-08-14,FIBLM,15.14,14.34,15.19,13.55,22.24,7.55,311M,21.69M,10.84M,551.64K,50,0,0.94,43.94,1.24,15.31,0.43
2026-08-14,FIMM,235,219.15,235,201.02,397.69,173.39,657.45M,3M,900K,40.33,30,,,,,,
2026-08-14,FLYNG,43.25,43.27,43.48,42.51,61,38.51,30.06B,694.8M,104.22M,47.64K,15,0,1.29,5.99,2.34,33.5,0.12
2026-08-14,FML,54.89,53.29,54.89,52.7,86,34.05,21.28B,399.41M,39.94M,21.66K,10,0,0.46,0.27,0.63,115.72,-24.49
2026-08-14,FPJM,10.48,10.02,10.48,9.99,14.99,4.23,340.88M,34.02M,13.61M,150.05K,40,0,-3.22,-38.72,-0.73,-3.11,0.42
2026-08-14,FPRM,11.5,11.19,11.5,11.15,16.99,9.26,154.29M,13.79M,6.2M,23.17K,45,,,,,,
2026-08-14,FRCL,95.01,99.99,100,95.01,118.45,40.02,3.79B,37.87M,1.89M,672.25,5,,,,,,
2026-08-14,FRSM,42.55,42.98,43.6,42.55,63.48,34.22,1.7B,39.51M,11.85M,1.14K,30,0,10.06,3.35,0.77,4.27,0.01
2026-08-14,FTMM,18.3,17.26,18.3,17.25,23.75,11.14,3.38B,195.6M,9.78M,50.58K,5,8.69,0.5,2.47,1.21,34.82,-1.56
2026-08-14,FTSM,47.5,47.44,47.89,44.36,57,11.52,1B,21.16M,8.47M,216.54K,40,,,,,,
2026-08-14,FZCM,282.98,270.02,282.98,255,333.39,185.52,8.1B,30M,3M,5.46K,10,0,3.02,0.1,0.17,89.49,43.24
2026-08-14,GADT,337.63,337.39,341.11,336,459.99,215,9.46B,28.03M,8.41M,75K,30,1.48,93.78,3.49,0.35,3.6,0.3
2026-08-14,GAL,655.1,646.23,662.49,643,662.49,291,36.84B,57M,22.8M,1.22M,40,1.55,117.24,12.52,1.92,5.51,0
2026-08-14,GATI,84.99,93.15,93.15,84.06,139.9,62.55,10.13B,108.73M,16.31M,52.9K,15,0,-10.67,-4.01,0.86,-8.73,-6.06
2026-08-14,GATM,26.84,25.9,27.15,25.51,40.7,16.5,19.17B,740.06M,185.01M,1.47M,25,0,2.72,1.18,0.37,9.54,0.8
2026-08-14,GCIL,35.3,36.96,37.55,35.3,40.6,24.95,21.08B,570.45M,228.18M,2.85M,40,0,5.27,33.37,,7.02,
2026-08-14,GCWL,16.15,16.08,16.29,15.55,25.15,12.26,4.02B,250.14M,111.05M,324.76K,44.39,,,,,,
2026-08-14,GDL,18.19,17.45,18.2,17.2,33,16.9,7.49B,429.2M,107.3M,788.78K,25,,,,,,
2026-08-14,GEMBCEM,11.1,11.05,11.1,11.1,14.5,9.64,1.1B,100M,25M,25,25,,,,,,
2026-08-14,GEMMEL,27.1,27.2,27.5,27.1,39,19.1,5.28B,194.1M,19.41M,1.01K,10,,,,,,
2026-08-14,GEMPACRA,38.99,35.75,38.99,38.99,49,22,2.66B,74.53M,7.45M,0,10,,,,,,
2026-08-14,GEMPAPL,10.5,10.5,10.5,10.5,18.19,9,210M,20M,15M,17.96K,75,,,,,,
2026-08-14,GFIL,32,31.99,32,31,35.18,12.1,1.04B,32.64M,3.26M,16.47K,10,,,,,,
2026-08-14,GGGL,9.05,8.89,9.1,8.84,14.47,6.7,2.13B,240M,120M,574.82K,50,0,0.54,4.51,0.73,16.6,0.77
2026-08-14,GGL,24,24,24.49,23.95,31.31,14.1,8.5B,354.12M,177.06M,696.59K,50,0,9.78,31.53,1.05,2.46,0.05
2026-08-14,GHGL,41.45,41.31,41.99,41.2,52.25,27.78,41.3B,999.71M,349.9M,401.08K,35,4.84,6.21,13.11,1.02,6.65,0.26
2026-08-14,GHNI,1310,1305.17,1324.89,1300,1324.89,590,55.61B,42.61M,14.91M,251.29K,35,0.77,162.33,11.84,3.02,8.04,0.03
2026-08-14,GIL,0,1000,0,0,0,0,0,0,0,0,0,0.3,15.14,0.25,0,66.03,-14.54
2026-08-14,GLAXO,344,344.7,348.6,344,459.94,293.09,109.78B,318.47M,63.69M,103.58K,20,4.93,33,15.6,3.03,10.45,0.17
2026-08-14,GOC,172.11,178.37,180,172.11,235,77,1.31B,7.35M,1.1M,1.78K,15,0.56,4.14,6.12,1.83,43.04,1.54
2026-08-14,GTYR,33.99,33.77,34.89,33.6,48,22.26,4.12B,121.93M,48.77M,415.25K,40,0,-6.34,-4.84,0.64,-5.33,0.57
2026-08-14,GVGL,54.99,54.7,55.65,54.99,73.99,43.65,8.2B,149.94M,29.38M,1.68K,19.59,5.48,6.64,15.54,1.63,8.23,
2026-08-14,GWLC,49.7,49.33,49.96,49.03,77.96,38.75,19.75B,400.27M,40.03M,175.98K,10,3.04,6.74,12.64,0.72,7.31,0.49
2026-08-14,HAEL,29,28.69,30,28.55,37.96,14.91,372.86M,13M,1.95M,97.44K,15,,,,,,
2026-08-14,HAFL,500,499.7,500,497,629.5,283.58,599.64M,1.2M,42.48K,97.25,3.54,,,,,,
2026-08-14,HALEON,746,748.31,753,746,1010,655,87.59B,117.05M,15.74M,16.82K,13.44,4.01,55.96,15.35,6.01,13.37,0.19
2026-08-14,HCAR,242.95,239.35,242.95,238.82,318,147.5,34.18B,142.8M,28.56M,259.37K,20,3.76,34.25,3.68,1.28,6.99,32.55
2026-08-14,HINO,380.65,380.18,384,380,580,264.69,9.43B,24.8M,2.55M,6.16K,10.28,2.87,13.47,3.24,1.5,28.22,10.28
2026-08-14,HINOON,996,1003.54,1010,996,1241,755.56,53.17B,52.98M,21.19M,8.62K,40,4.98,75.63,14.32,3.59,13.27,0.31
2026-08-14,HPL,3974.99,3985,3998.99,3970,4889.99,3250,38.43B,9.64M,964.48K,735,10,6.02,317.04,9.84,4.32,12.57,0.28
2026-08-14,HRPL,20.26,20.54,21.25,20.25,37,16.51,821.6M,40M,8M,39.03K,20,0,-3.09,-5.61,1.1,-6.65,0.28
2026-08-14,HTL,42.78,42.6,44.45,42.25,66.5,31.01,5.93B,139.2M,34.8M,682.86K,25,0,3.83,1.49,0.9,11.14,1.06
2026-08-14,HUBC,214,212.96,214.94,212.4,249.99,157.25,276.24B,1.3B,972.87M,13.95M,75,11.74,34.65,63.41,1.22,6.15,-4.84
2026-08-14,IBFL,274,273.96,278,266.41,397.32,176.55,85.07B,310.51M,15.53M,2.89K,5,0,-1.49,-0.44,1.48,-183.52,-17.24
2026-08-14,IBLHL,49.15,49.2,49.83,48.53,85.82,36,4.85B,98.53M,24.63M,57.8K,25,0,2.44,5.36,1.95,20.17,5.11
2026-08-14,ICCI,15.5,15.49,15.75,15.25,17.91,8.61,464.72M,30M,4.5M,125K,15,,,,,,
2026-08-14,ICL,136.35,138.24,138.98,136.35,176,85.1,13.82B,100M,45M,26.15K,45,2.17,13.74,4.34,1.26,10.06,0.39
2026-08-14,IDEAL,49.13,49.13,49.13,49.13,87.7,15.75,487.37M,9.92M,1.49M,5.82K,15,,,,,,
2026-08-14,IDRT,39.25,39.21,40,38.8,68.08,19.31,778.43M,19.85M,1.99M,39.99K,10,,,,,,
2026-08-14,ILP,104,102.98,104.4,102.8,110.5,67.4,144.35B,1.4B,280.34M,418.95K,20,2.91,8.3,6.45,2.37,12.41,0.2
2026-08-14,IMAGE,27.74,27.13,27.74,27.05,32.46,19,6.25B,230.37M,149.74M,694.19K,65,7.37,3.49,17.93,1.29,7.76,
2026-08-14,INIL,165.04,166.84,168.49,165.04,249,127.3,22B,131.88M,59.35M,50.76K,45,3.6,14.32,1.72,0.68,11.65,-3.68
2026-08-14,INKL,91.12,93.92,94,91,126,30.23,908.68M,9.68M,3.87M,95.39K,40,,,,,,
2026-08-14,IPAK,36.52,36.95,37.39,36.52,38,21.02,27.17B,735.21M,220.56M,228.91K,30,1.55,3.81,7.22,2.12,9.71,
2026-08-14,IREIT,8.05,8.02,8.06,8.01,13.05,7.26,2.21B,275.86M,96.55M,327.81K,35,,,,,,
2026-08-14,ISIL,1915.9,1903.33,1915.9,1856,2370,1725.01,126.3B,66.36M,3.32M,51.5,5,0.26,62.5,3.31,4.56,30.45,0.46
2026-08-14,ISL,87.4,89.43,90,87.4,135,65.45,38.9B,435M,152.25M,433.2K,35,5.03,6.93,3.59,1.52,12.9,-3.07
2026-08-14,ITANZ,46.49,45.62,46.5,45.5,0,0,5.41B,118.6M,48.52M,3.02M,40.91,,,,,,
2026-08-14,ITTEFAQ,9.11,9.16,9.36,9.11,12.64,5.75,1.32B,144.34M,93.82M,1.56M,65,0,-3.91,-27.88,0.45,-2.34,
2026-08-14,JATM,68.84,68.84,68.84,65.2,68.84,14.61,867.47M,12.6M,1.89M,274.66K,15,,,,,,
2026-08-14,JDMT,160.05,165.37,167.75,160,199.89,60.1,1.14B,6.92M,2.07M,165.7K,30,,,,,,
2026-08-14,JDWS,900.99,901.61,902,899,999,780,52.09B,57.78M,8.67M,228.5,15,5.55,162.29,7.18,1.38,5.56,0.19
2026-08-14,JSML,61.03,60.29,61.5,60,147.5,45.61,2.06B,34.13M,13.65M,26.7K,40,0,3.91,1.36,0.22,15.43,0.79
2026-08-14,JVDC,150,147.56,150,146.11,163.9,65.15,56.2B,380.86M,190.43M,458.71K,50,3.39,10.67,38.34,2.03,13.84,-0.01
2026-08-14,KCL,136,145,156,136,195.69,115.02,2.11B,14.55M,10.91M,9,75,,,,,,
2026-08-14,KEL,7.43,7.36,7.49,7.3,9.58,4.91,203.25B,27.62B,2.76B,25.72M,10,0,0.42,2.19,1.77,17.65,
2026-08-14,KHYT,2000,2019.79,2027.25,1981.25,2689,1131.01,2.48B,1.23M,20.67K,52.75,1.68,,,,,,
2026-08-14,KOHC,100,100.25,102,99.5,567.99,74,92.16B,919.31M,229.83M,354.37K,25,0,10.62,25.96,1.66,9.44,0.33
2026-08-14,KOHE,16.65,16.34,16.85,16.21,23.49,12.33,2.77B,169.46M,67.78M,237.49K,40,0,3.94,15.83,0.61,4.14,-0.39
2026-08-14,KOHTM,129.51,126.57,130.5,126,210,40,2.63B,20.8M,6.24M,250.71K,30,1.58,14.85,3.65,0.54,8.53,0.21
2026-08-14,KPUS,1023,1006.63,1030,1000,2849.99,115.11,16.12B,16.02M,800.88K,2.46K,5,0,5.68,1.21,4.02,177.2,6.68
2026-08-14,KSBP,242.7,245.32,246.97,241.3,263.98,155.2,7.58B,30.9M,8.37M,58.16K,27.08,0.41,7.14,3.26,1.78,34.36,3.52
2026-08-14,KTML,42.85,42.23,43.2,42,305,37.02,56.86B,1.35B,269.3M,552.09K,20,0.95,14.77,13.86,0.61,2.86,0.09
2026-08-14,LCI,226,225.31,226.9,224.01,364,201.17,104.05B,461.8M,92.36M,84.84K,20,4.66,21.11,8.6,1.75,10.67,0.51
2026-08-14,LEUL,45,49.58,49.58,45,72.68,25.76,297.48M,6M,1.8M,36.78K,30,,,,,,
2026-08-14,LIVEN,35.51,35.03,35.8,35,74.4,27.82,3.96B,113.04M,11.3M,32.2K,10,,,,,,
2026-08-14,LOADS,13.69,13.68,13.96,13.6,22.6,10.93,5.08B,371.25M,185.62M,811.37K,50,0,1.07,4.28,0.97,12.82,-0.01
2026-08-14,LOTCHEM,27.7,27.51,27.95,27.41,34.3,18.41,41.66B,1.51B,378.55M,8.24M,25,23.63,3.1,5.49,2.05,8.88,-6.47
2026-08-14,LPGL,92.89,91.66,92.89,88.89,118,63.01,687.45M,7.5M,1.88M,1.46K,25,,,,,,
2026-08-14,LUCK,447.88,446.61,450,445,529.5,339,654.28B,1.47B,439.5M,1.32M,30,0.9,56.88,16.86,1.62,7.85,0.15
2026-08-14,MACFL,66.11,73.07,73.07,66.09,86.98,19.52,4.33B,59.3M,23.72M,1.85M,40,0.68,2.13,1.96,1.86,34.27,8.15
2026-08-14,MACTER,283,279.39,283,276,443.5,255.1,12.8B,45.81M,18.32M,6.7K,40,1.36,17.8,6.82,3.17,15.69,0.29
2026-08-14,MARI,684.22,678.18,687.99,676,795,544.56,814.24B,1.2B,240.12M,945.88K,20,4.42,72.36,45.33,2.52,9.37,0.4
2026-08-14,MEBL,592,587.9,594.95,586.15,605,387.02,1.06T,1.81B,450.14M,1.25M,24.91,5.02,51.25,19.32,3.61,11.47,
2026-08-14,MEHT,148.95,148.1,150.5,146.5,389,139.25,4.44B,30M,19.5M,279.41K,65,0,39.74,1.87,0.23,3.73,0.09
2026-08-14,MERIT,10.16,10.17,10.34,10.1,14.69,7.1,2.03B,199.96M,39.99M,261.75K,20,0,-1.75,-10.52,0.86,-5.82,0.01
2026-08-14,MFFL,189.42,189.58,192.75,187,237,139.66,4.34B,22.88M,3.85M,47.32K,16.82,,,,,,
2026-08-14,MFL,41.1,40.75,41.1,40.38,85.73,37.56,4.99B,122.4M,42.84M,131.35K,35,0,4.13,1.98,0.46,9.86,0.2
2026-08-14,MIRKS,33.01,33.49,33.5,33,44.5,22.28,2.23B,66.56M,29.95M,38.48K,45,0,-6.17,-3.48,0.89,-5.43,-0.11
2026-08-14,MLCF,103.06,101.93,103.45,101.7,132.99,71,106.78B,1.05B,471.4M,14.13M,45,0,11.34,13.96,1.29,8.99,0.21
2026-08-14,MQTM,30.7,29.31,30.99,29,49,17.97,540.24M,18.43M,4.61M,48.31K,25,0,-79.43,-17.35,1.7,-0.37,0.01
2026-08-14,MRNS,63,63.4,64,62.71,94.01,52.32,4.75B,74.93M,26.22M,67.52K,35,10.25,19.23,11.82,0.96,3.3,
2026-08-14,MSCL,24.88,25.04,26.24,24.88,46.53,12.05,775.68M,30.98M,7.74M,130.86K,25,,,,,,
2026-08-14,MTL,307,303.59,307,301,636.99,279,121.14B,399.03M,179.56M,175.25K,45,5.76,18.49,12.64,15.67,16.42,0.95
2026-08-14,MUGHAL,81.01,80.39,81.81,80.01,113.99,59,26.98B,335.63M,117.47M,579.9K,35,0,6.37,2.8,0.89,12.62,0.86
2026-08-14,MWMP,56,56.49,56.79,55,170.95,36,1.62B,28.75M,7.19M,34.26K,25,,,,,,
2026-08-14,NATM,94.15,89.42,94.15,94.15,94.15,77,1.9B,21.27M,1.06M,1,5,0,-53.59,-51.27,0.87,-1.67,0.05
2026-08-14,NESTLE,7521,7560.28,7599.98,7492,8799,7000,342.86B,45.35M,4.53M,507.5,10,7.24,370.41,8.2,17.46,20.41,1.2
2026-08-14,NETSOL,125.44,122.99,125.44,122.84,164.59,87.66,11.05B,89.84M,26.95M,89.14K,30,0,32.29,21.96,0.88,3.81,0.09
2026-08-14,NML,150.1,149.7,154.68,148.81,208.4,120,52.63B,351.6M,158.22M,1.85M,45,1.34,33.41,5.75,0.31,4.48,1.55
2026-08-14,NONS,86.05,88.7,89.7,85,157.1,70.02,1.47B,16.52M,3.3M,8.34K,20,4.51,18.72,2.44,0.77,4.74,0.71
2026-08-14,NRL,476,499.74,514.01,467.51,514.01,243.12,39.96B,79.97M,26.31M,3.35M,32.91,0,108.68,2.33,0.67,4.6,0.01
2026-08-14,NRSL,33.23,34.08,35.95,33.23,39.25,20.6,4.82B,141.32M,42.4M,534.27K,30,0,2.09,2.61,1.32,16.28,1.45
2026-08-14,NSRM,250,246.17,250,235,362.31,84.01,3.83B,15.55M,777.66K,693,5,0,6.79,4.51,2.39,36.27,0.21
2026-08-14,OCTOPUS,31.99,31.64,32.2,31.56,60.89,24.35,5.01B,158.22M,47.18M,114.41K,29.82,,,,,,
2026-08-14,OGDC,319.95,318.48,321.5,318,352,238.2,1.37T,4.3B,645.14M,3.5M,15,5.02,36.17,39.85,0.97,8.81,0.76
2026-08-14,OLPM,25.49,25,25.5,24.6,25.98,19,1.13B,45.38M,34.04M,16.82K,75,10,3.44,9.88,0.85,7.28,-1.83
2026-08-14,OML,100.12,100.88,103.09,96.02,187.24,25.8,1.21B,12M,1.2M,41.63K,10,,,,,,
2026-08-14,ORM,11.53,11.32,11.58,11.1,16.79,9.2,849M,75M,26.25M,141.07K,35,,,,,,
2026-08-14,OTSU,415.1,422.56,431.9,415,447.94,254.95,5.11B,12.1M,3.02M,30.27K,25,0,28.78,8.39,4.75,14.68,1.92
2026-08-14,PAEL,43.39,42.86,43.4,42.7,64.6,32.01,39.59B,923.65M,508.01M,3.86M,55,0,4.46,5.86,0.79,9.61,0.33
2026-08-14,PAKD,134.99,130.18,134.99,129.51,227.5,85.01,1.54B,11.86M,5.06M,32.4K,42.63,,,,,,
2026-08-14,PAKOXY,286,286,286.15,286,356.68,218.01,24.92B,87.12M,21.78M,1.41K,25,0,22.58,14.35,2.01,12.66,0.15
2026-08-14,PAKQATAR,21.01,21.06,21.3,20.96,29.4,15.24,4.86B,230.71M,80.75M,648.03K,35,,,,,,
2026-08-14,PIBTL,16.68,16.72,16.8,16.54,22.97,10.18,29.86B,1.79B,803.74M,7.24M,45,0,1.18,14.81,1.7,14.18,7.86
2026-08-14,PICT,52.89,51.51,53,51.25,61.5,23.65,5.62B,109.15M,21.83M,285.73K,20,0,-1.17,-1281.2,4.15,-43.88,2.09
2026-08-14,PIM,22.01,24.1,24.1,22.01,31.33,16.16,482M,20M,1M,6.91K,5,,,,,,
2026-08-14,PIOC,276,274.51,278,274,427.5,200.01,62.35B,227.15M,34.07M,168.64K,15,3.64,29.03,17.09,1.26,9.46,0.15
2026-08-14,PKGS,789.99,786.94,789.99,785.1,855,621.25,70.34B,89.38M,17.88M,2.42K,20,2.03,-9.43,-0.43,1.07,-83.44,-3.52
2026-08-14,PMRS,500,492.74,509.98,490,835,276.45,1.85B,3.75M,387.66K,2.15K,10.34,0,-226.21,-2.28,0.4,-2.18,-0.06
2026-08-14,POML,167,164,167,162,220,113.11,1.27B,7.76M,3.11M,8.28K,40,,,,,,
2026-08-14,POWER,22.75,22.65,22.94,22.6,24.26,14.25,29.23B,1.29B,452.11M,956.64K,35.03,0,2.24,8.78,1.24,10.11,0.16
2026-08-14,PPL,230,230.62,234.22,228.03,284.6,175.8,627.51B,2.72B,669.51M,7.88M,24.61,3.69,28.99,33.84,0.84,7.95,
2026-08-14,PPP,135,140.41,147,134.1,185.99,91,1.12B,8M,4M,20.57K,50,3.56,17.67,7.84,0.62,7.95,0.32
2026-08-14,PQGTL,14.49,14.47,14.79,14.41,19.8,10.25,1.46B,101.11M,40.44M,134.28K,40,,,,,,
2026-08-14,PREMA,37,36.54,37.29,36.25,56.38,23,7.99B,218.64M,65.59M,7.2M,30,0,2.73,9.01,1.32,13.36,0.29
2026-08-14,PRL,71.8,76.73,77.88,68.23,77.88,23.2,48.34B,630M,227.29M,30.58M,36.08,0,19.07,3.89,1.25,4.02,0.02
2026-08-14,PSEL,920,934.94,943.5,908,1635,799,30.41B,32.52M,30.82M,724.5,94.76,0,5.58,1.22,0.68,167.54,5.73
2026-08-14,PSO,350.5,350.66,354.1,348,506.75,320.11,164.63B,469.47M,234.74M,2.34M,50,2.85,92.73,1.35,0.56,3.78,0.03
2026-08-14,PSYL,127.1,127,127.1,126.05,158,52.26,17.61B,138.7M,6.93M,1.27K,5,0,3.38,3.07,3.51,37.53,0.97
2026-08-14,PTL,54.2,53.65,54.2,53.1,65.88,46.4,9.01B,168M,42M,17.46K,25,7.46,6.4,3.09,1.11,8.39,
2026-08-14,QTECH,45,44.08,45.24,43.99,57.8,23.1,5.36B,121.58M,30.39M,1.22M,25,,,,,,
2026-08-14,QUICE,33.39,32.99,33.59,32.52,46.06,7.93,3.25B,98.46M,68.92M,105.64K,70,,,,,,
2026-08-14,REDCO,31.8,31.08,31.8,31,40.4,14.9,1.53B,49.29M,2.46M,12.03K,5,,,,,,
2026-08-14,REWM,176.3,176.33,176.33,176.3,244.05,96.02,5.43B,30.81M,10.78M,45.33,35,,,,,,
2026-08-14,RMPL,9398.98,9318.17,9398.98,9205.1,13565.64,8500,86.07B,9.24M,461.82K,72.75,5,5.09,715.93,9.02,2.76,13.02,3.25
2026-08-14,RPL,17.33,17.04,17.64,16.9,25.05,12,2.42B,141.9M,44.42M,323.8K,31.3,0,0.13,0.16,0.27,135.24,-36.51
2026-08-14,RUPL,33,33,33,31.5,42.79,23.11,1.12B,34.07M,10.22M,62.34K,30,0,-20.94,-21.91,0.2,-1.58,0.04
2026-08-14,SANSM,134.9,130,134.9,130,148.99,52.22,1.55B,11.95M,6.57M,477.5,55,0,16.24,3.1,0.48,8,0.07
2026-08-14,SAPT,1447.73,1447.72,1474.98,1373,1606,1164,31.4B,21.69M,2.17M,30.75,10,0.69,387.04,5.77,0.39,3.74,0.25
2026-08-14,SARC,95.95,91.37,95.95,90,120.32,46.68,548.22M,6M,2.7M,15.61K,45,,,,,,
2026-08-14,SASML,373,340.03,373,336,469.49,164.2,3.54B,10.43M,2.61M,213.25,25,0.59,-13.78,-3.02,1.41,-24.67,-13.6
2026-08-14,SAZEW,1881.98,1863.1,1892,1856.26,2487,1456,112.62B,60.45M,21.16M,126K,35,3.76,303.75,12.89,3.17,6.13,0
2026-08-14,SCL,750,750.07,750,750,1125,316,2.93B,3.9M,195K,0,5,0,-53.91,-8.05,9.44,-13.91,1.05
2026-08-14,SEARL,91,90.19,91.5,90,137.44,76.37,53.05B,588.22M,294.11M,889K,50,0,2.04,6.01,1.54,44.29,180.62
2026-08-14,SEL,30.29,29.02,30.3,28.53,45.56,11.25,554.05M,19.09M,10.5M,9.81K,55,,,,,,
2026-08-14,SELECT,27.85,27.84,28,27.56,33.6,26.02,24.75B,888.89M,88.89M,399.84K,10,,,,,,
2026-08-14,SERT,52,48.24,52,47,84.49,20.65,665.11M,13.79M,2.07M,142.82K,15,,,,,,
2026-08-14,SGF,114.2,116.41,118.75,113.62,141.89,71.51,24.03B,206.47M,51.62M,161.48K,25,1.72,11.16,12.03,2.71,10.43,
2026-08-14,SGPL,70.1,70.2,71.25,68.05,129.07,9.52,1.25B,17.83M,16.05M,1.19M,90,,,,,,
2026-08-14,SHCM,71.1,64.02,75.48,62.03,96.58,30.52,1.13B,17.64M,1.76M,26.55K,10,,,,,,
2026-08-14,SHDT,55.5,58.16,60.19,55.2,74.81,36.46,1.33B,22.85M,8M,190.79K,35,,,,,,
2026-08-14,SHFA,512.44,501.82,519.9,487,615.28,424.13,31.72B,63.21M,28.45M,105.01K,45,1,41.05,8.72,1.91,12.22,0.25
2026-08-14,SHSML,379.1,383.03,393.86,379.1,549,326,8.09B,21.12M,7.39M,793.5,35,5.22,36.69,3.58,0.62,10.44,0.39
2026-08-14,SIEM,1532.98,1544.14,1555,1529,1740,1335,12.73B,8.25M,412.35K,76.5,5,0,4.55,0.48,2.07,339.21,-17.69
2026-08-14,SINDM,25.1,25,25.75,24.05,41.25,13.51,1.12B,45M,4.5M,132.7K,10,,,,,,
2026-08-14,SITC,791,789.91,809,789,1060,555.32,16.93B,21.43M,6.43M,1.44K,30,1.39,65.36,4.3,0.85,12.08,0.73
2026-08-14,SLGL,16.79,16.05,16.88,15.96,26.5,13,6.77B,421.79M,126.54M,7.62M,30,,,,,,
2026-08-14,SLM,24.01,24.27,24.4,24.01,26.25,21.95,189.18B,7.79B,779.48M,2.68M,10,,,,,,
2026-08-14,SMCPL,41.3,41.06,41.6,41,57.3,24.7,1.03B,25M,7.5M,55.94K,30,,,,,,
2026-08-14,SNAI,40,41.36,43.47,38,43.9,25,825.75M,19.96M,6.99M,114.99K,35,0,6.54,5.84,1.16,6.32,-0.64
2026-08-14,SNGP,105.48,102.23,105.51,101.9,142.6,83.2,64.84B,634.22M,253.69M,2.81M,40,2.93,22.94,1.17,0.82,4.46,-0.79
2026-08-14,SPEL,49,50.9,52.4,49,83.5,32.91,10.17B,199.74M,39.95M,950.9K,20,2.36,6.37,13,1.51,7.99,0.18
2026-08-14,SPSL,16.75,16.71,16.94,16.7,23.45,16.15,28.07B,1.68B,335.98M,3.21M,20,,,,,,
2026-08-14,SRR,16,16,16.07,15.9,21,15.26,528M,33M,13.2M,745.42K,40,,,,,,
2026-08-14,SRVI,2098,2176.5,2220,2097.88,2464,1151.35,102.27B,46.99M,23.49M,12.01K,50,0.8,223.93,6.65,3.9,9.72,0.09
2026-08-14,SSGC,27.5,27.1,27.79,27.01,46.23,19.02,23.87B,880.92M,336.86M,9.22M,38.24,1.84,-2.87,-0.65,1.81,-9.46,88
2026-08-14,SSOM,462,458.64,462,453.15,843,351.1,2.6B,5.66M,1.4M,6.19K,24.69,,,,,,
2026-08-14,STCL,11.12,10.93,11.18,10.85,19.4,8.55,2.62B,239.32M,131.63M,97.87K,55,0,-4.03,-8,1.5,-2.71,0.13
2026-08-14,STJT,156.49,148.12,156.49,140,162,70,1.43B,9.66M,1.45M,129.25,15,3.71,27.72,4.42,0.58,5.34,0.48
2026-08-14,STL,29.87,29.87,29.87,29.02,2231.81,29.02,3.21B,107.62M,43.05M,716.26K,40,,,,,,
2026-08-14,STML,57,55,57,52.07,70.38,22.8,475.2M,8.64M,2.59M,2.23K,30,0,-6.99,-1.76,0.62,-7.86,0.58
2026-08-14,STYLERS,50.75,50.12,51,50,56.49,36,24.5B,488.83M,24.44M,6.54K,5,2.99,2.28,5.99,1.8,22.02,
2026-08-14,SURC,152.87,151.14,152.87,148,181,88,7.38B,48.81M,9.76M,16.63K,20,3.31,29.17,5.06,0.51,5.18,0.88
2026-08-14,SYM,12.06,12.05,12.2,11.96,17.04,9.01,3.44B,285.25M,156.89M,1.03M,55,,,,,,
2026-08-14,SYS,134.5,131.82,134.5,131.01,174.4,105.98,194.22B,1.47B,957.71M,858.45K,65,1.52,7.86,13.4,3.14,16.76,0.21
2026-08-14,SZTM,89.33,88.36,90.5,87.06,127.25,36,1.59B,17.97M,1.8M,7.47K,10,,,,,,
2026-08-14,TATM,183.01,184.49,191.8,183,284,82,10.33B,55.99M,11.2M,1.33M,20,,,,,,
2026-08-14,TCORP,19.75,19.5,19.88,19.15,31.87,15.62,1.6B,82M,24.6M,112.28K,30,0,1.62,1.24,0.42,12.01,-0.73
2026-08-14,TELE,8.54,8.56,8.64,8.51,14.09,6.22,2.9B,338.62M,326M,1.93M,96.27,0,0.51,1.67,0.66,16.86,0.68
2026-08-14,TGL,192.9,192.32,195,190,291.5,128,33.11B,172.17M,68.87M,96.09K,40,3.64,24.49,13.38,1.35,7.85,0.26
2026-08-14,THCCL,77,77.61,80.22,76.25,103.5,43.05,38.7B,498.59M,174.51M,15.22M,35,0,7.24,24.4,3.8,10.72,0.06
2026-08-14,TICL,1484,1459.28,1520,1450.03,1520,541,21.92B,15.02M,226.46K,2.05K,1.51,0.69,107.5,4.88,1.77,13.57,1.47
2026-08-14,TOMCL,39.44,39.2,39.9,39.01,75.85,28.3,7.7B,196.34M,107.99M,2.42M,55,0,1.84,2.74,1.17,21.31,2.26
2026-08-14,TOWL,129.9,127.2,131,126.6,195.95,92.5,2.16B,17M,3.4M,91.55K,20,,,,,,
2026-08-14,TPLRF1,10.08,10.03,10.35,9.96,18.39,7.5,18.41B,1.83B,1.38B,4.63M,75,,,,,,
2026-08-14,TREET,24.98,24.51,25.14,24.5,37,19.55,9.09B,371.03M,185.51M,2.97M,50,0,1.29,1.81,1.12,18.93,0.53
2026-08-14,TRSM,19.5,18.9,19.6,18.82,71.65,8,563.22M,29.8M,23.84M,3.91M,80,,,,,,
2026-08-14,UBDL,26.79,26.18,26.79,25.77,34.5,20.01,2.4B,91.8M,4.59M,4.6K,5,,,,,,
2026-08-14,UDLI,19.2,19.25,19.61,18.9,25.5,8.76,676.07M,35.12M,14.05M,746.18K,40,,,,,,
2026-08-14,UDPL,123.9,120.9,123.9,120.27,168.99,75.05,4.26B,35.27M,5.29M,4.18K,15,,,,,,
2026-08-14,UNITY,11.76,11.47,11.85,11.4,30.42,7.51,13.7B,1.19B,537.32M,27.7M,45,0,1.6,2.34,0.73,7.17,0.12
2026-08-14,UPFL,25103,25160.87,25369,25100,34150,22562.78,160.27B,6.37M,521.22K,41.75,8.18,5.79,1001.9,14.74,18.91,25.11,1.02
2026-08-14,WAFI,186.9,184.44,186.9,183.61,260,165,39.47B,214.02M,32.1M,631.22K,15,,,,,,
2026-08-14,WAHDAT,16.49,16.13,16.5,16.04,21.78,15.45,5.41B,335.22M,83.81M,225.88K,25,,,,,,
2026-08-14,WAHN,286,284.99,290,280,435,225.23,2.56B,9M,3.15M,4.24K,35,3.51,51.77,9.43,0.89,5.51,0.34
2026-08-14,WASL,6.91,6.69,7.05,6.65,7.05,6.65,1.08B,160.72M,96.43M,8.76M,60,,,,,,
2026-08-14,WAVES,10.5,10.33,10.5,10.29,16.95,8.18,2.91B,281.41M,196.98M,1.35M,70,0,1,5.91,0.29,10.28,-2.1
2026-08-14,ZAHID,74.4,74.11,75.5,68.16,102.51,32.69,14.19B,191.42M,5.94M,25.82K,3.11,0,7.93,3.96,0.65,9.34,0.68
2026-08-14,ZAL,42,41.87,42.36,41.63,79.5,24,10.99B,262.5M,65.62M,365.33K,25,,,,,,
2026-08-14,ZIL,353,350.95,354.99,350.02,722,300,2.15B,6.12M,306.13K,754.5,5,,,,,,
2026-08-14,ZTL,19.5,19.17,19.6,19.02,24.48,9.75,1.14B,59.43M,14.86M,257.59K,25,0,-0.82,-0.65,0.46,-23.43,3.09
2026-08-17,ABOT,929.86,917.81,930,909,1304,821,89.85B,97.9M,21.17M,27.11K,21.63,4.36,84.85,10.97,2.67,10.82,0.61
2026-08-17,ACPL,231,229.1,233,228.12,325.01,205,31.48B,137.43M,13.74M,125.7K,10,0.43,20.97,6.74,1.34,11.09,0.91
2026-08-17,ADAMS,69.87,67.91,69.87,65,90.98,57.25,1.17B,17.29M,3.46M,14.79K,20,5.89,-5.93,-1.01,0.19,-11.45,1.1
2026-08-17,AGIL,151.5,151.13,152.99,150.53,198,121.2,5.44B,36M,21.6M,20.49K,60,1.16,24.75,5.37,0.81,6.11,0.47
2026-08-17,AGP,189,186.46,190.74,185.35,258.67,163,52.21B,280M,84M,192.16K,30,4.23,13.41,13.14,3.24,14.1,0.23
2026-08-17,AGTL,362.99,362.25,363.49,360.01,497,288,21B,57.96M,3.67M,16.1K,6.34,0,35.36,8.63,1.87,10.24,1.24
2026-08-17,AHTM,95,96.06,97,95,134.15,60,813.78M,8.47M,1.27M,1.19K,15,1.58,12.65,2.07,0.34,7.51,-2.03
2026-08-17,AIRLINK,135.51,135.86,136.97,135,199,118,53.7B,395.27M,118.58M,368.62K,30,6.61,14.02,6.35,2.94,9.71,
2026-08-17,AKGL,87.45,87.46,87.46,82,87.46,48.01,874.6M,10M,1M,15.73K,10,,,,,,
2026-08-17,ALNRS,129.88,129.88,129.88,121.11,144,82,2.66B,20.47M,4.09M,946,20,3.08,8.19,0.99,0.37,15.86,-5.69
2026-08-17,ANL,10.35,10.34,10.49,10.22,13.7,8.01,5.02B,485.41M,242.7M,533.27K,50,0,1.6,1.96,0.33,5.49,0.4
2026-08-17,ANTM,55.75,55.1,61.27,53.03,66.38,20.81,532.27M,9.66M,1.45M,12.56K,15,,,,,,
2026-08-17,ARCTM,51.91,51.91,51.91,51.91,51.91,24.14,683.9M,13.17M,2.7M,210.59K,20.52,,,,,,
2026-08-17,ARPL,421,425.94,427.5,420,490,325,14.72B,34.56M,8.64M,9.34K,25,7.02,46.47,5.66,2.73,9.2,60.3
2026-08-17,ASHT,54.25,54.25,54.25,53,70,13.64,2.53B,46.57M,2.33M,41.3K,5,,,,,,
2026-08-17,ASL,14,14.92,15.13,13.7,15.94,8.51,13.89B,930.78M,279.24M,5.68M,30,0,0.07,0.28,1.29,198.42,-10.03
2026-08-17,ASTM,99.55,99.55,99.55,90.5,99.55,12,1.51B,15.18M,2.28M,161.17K,15,,,,,,
2026-08-17,ATBA,204.87,203.93,206.5,202,290,169.02,7.14B,35.02M,8.75M,16.31K,25,0,2.24,0.23,0.9,91.18,441.1
2026-08-17,ATRL,1037.6,1125.99,1141.33,1037.6,1141.33,597.1,120.05B,106.62M,42.65M,1.09M,40,0.67,180.56,6.62,0.7,6.24,-0.01
2026-08-17,AVN,32.79,33.2,34.37,32,54.3,26.5,14.26B,429.67M,150.38M,669.1K,35,3.09,1.02,2.52,0.93,31.76,-10.84
2026-08-17,AWTX,1744.6,1586,1744.6,1744.6,1744.6,1270,1.27B,800K,4.5K,1,0.56,0,9.84,0.15,1.01,161.26,-19.84
2026-08-17,BAFS,569.96,535.05,569.96,504,647,181.01,5.06B,9.45M,472.5K,1.48K,5,0.37,-11.24,-2.1,2.79,-47.6,-29.35
2026-08-17,BATA,908,905.35,908,902,1749.99,875,6.84B,7.56M,1.79M,3.22K,23.67,0,-368,-15.26,2.27,-2.46,0.11
2026-08-17,BBFL,42.6,43.45,43.95,42.51,57.35,34,12.99B,298.91M,115.24M,1.63M,38.55,,,,,,
2026-08-17,BCL,71.11,70.05,72.49,67,115.25,56.02,803.65M,11.47M,6.31M,11.42K,55,0,-1.36,-1.1,2.52,-51.67,4.16
2026-08-17,BECO,5.14,5.13,5.25,5.04,73.6,3.9,6.41B,1.25B,437.37M,42.35M,35,,,,,,
2026-08-17,BERG,130,141.53,141.53,129.12,141.53,80.65,3.47B,24.55M,9.82M,1.57M,40,3.53,12.44,3.37,0.91,11.37,
2026-08-17,BFAGRO,34.06,33.89,34.43,33.15,49.25,29.03,10.51B,309.99M,77.5M,78.45K,25,,,,,,
2026-08-17,BFBIO,138,136.06,138.5,135.25,189.97,124,12.02B,88.33M,26.5M,215.33K,30,,,,,,
2026-08-17,BFMOD,23.19,22.5,23.19,21.21,38.84,12.16,169.09M,7.52M,2.63M,18.94K,35,,,,,,
2026-08-17,BHAT,822,822,822,806.05,1040,726.06,2.5B,3.04M,152.05K,367.33,5,0,30.09,0.28,0.23,27.31,4.2
2026-08-17,BIFO,128.64,128.8,129.85,127.25,196.5,79.1,5.97B,46.38M,16.23M,59.78K,35,4.67,9.41,12.78,1.83,8.68,0.63
2026-08-17,BIPL,27.23,27.28,27.37,27.1,44.1,23.6,30.25B,1.11B,166.31M,307.66K,15,10.1,3.87,5.45,0.65,6.26,
2026-08-17,BLUEX,7.29,6.92,7.29,6.9,80.85,4.9,1.97B,284.28M,113.71M,4.35M,40,,,,,,
2026-08-17,BNL,6.6,6.5,6.72,6.41,170.73,6.01,4.34B,668.05M,434.23M,1.96M,65,0,0.67,5.69,1.48,9.74,0.6
2026-08-17,BNWM,68.96,66.53,68.96,66.5,86,50,632.45M,9.51M,4.75M,5.06K,50,0,-9.58,-7,0.19,-6.99,0.17
2026-08-17,BPL,54.05,53.26,54.05,52.01,80.97,20.01,1.2B,22.49M,6.75M,15.83K,30,,,,,,
2026-08-17,BRRG,48,47.5,48.5,47.5,53.77,28,4.51B,95.01M,47.5M,25.61K,50,,,,,,
2026-08-17,BTL,996.98,969.94,996.98,937.11,1580,275.01,6.24B,6.43M,321.6K,133.5,5,0,-35.67,-0.77,0.84,-27.95,
2026-08-17,BUXL,369.64,369.64,369.64,369.64,369.64,133.02,532.28M,1.44M,576K,45.1K,40,0,-17.12,-4.42,3.26,-21.59,0.24
2026-08-17,BWHL,234.99,232.39,234.99,231.5,257.92,168.13,3.1B,13.33M,7.33M,5.92K,55,9.05,29.35,14.67,1.31,6,0.06
2026-08-17,CCM,52.66,51.03,52.75,51,68.88,34.4,1.16B,22.66M,10.2M,12.18K,45,0,2.96,-0.18,0.17,17.23,-0.89
2026-08-17,CEPB,29.05,28.77,29.5,28.6,46.7,24.59,11.56B,401.71M,120.51M,1.18M,30,0,-0.15,-0.15,0.87,-193.67,1.03
2026-08-17,CFL,54.12,55.93,63.29,54.12,94.01,46,694.53M,12.42M,3.73M,289,30,0,-49.59,-18.39,0.18,-1.13,0.03
2026-08-17,CHAS,93.02,92.96,94.98,92.7,160.49,56.01,2.67B,28.69M,4.3M,7.02K,15,0,-57.51,-5.08,0.26,-1.62,-0.14
2026-08-17,CHCC,331,327.01,335,321.1,390,225,63.54B,194.3M,116.58M,87.89K,60,1.68,37.91,19.73,1.69,8.63,0.33
2026-08-17,CLOV,8.03,7.76,8.09,7.7,88.64,6.59,3.02B,389.29M,214.11M,1.25M,55,0,0.61,4.44,4.15,12.7,-0.24
2026-08-17,CNERGY,14,15.01,15.05,13.83,15.05,5.87,82.46B,5.49B,1.37B,190.31M,25,0,2.78,4.49,0.33,4.92,0.04
2026-08-17,COLG,1230.02,1234.93,1240,1225.01,1320,1050,299.81B,242.77M,24.28M,7.34K,10,5.18,76.74,14.88,7.21,16.09,0.34
2026-08-17,CPHL,73.13,72.36,73.33,72.23,104.25,69.25,16.53B,228.46M,114.23M,1.4M,50,4.8,4.8,7.92,1.52,15.18,
2026-08-17,CPPL,99.9,97,99.9,96.5,125.5,64.79,4.76B,49.1M,29.46M,96.61K,60,3.08,1.5,0.52,0.55,65.02,-3.33
2026-08-17,CRTM,73,73.77,75.4,72.5,96.5,16.6,7.38B,100M,60M,19.13K,60,0,1.31,0.69,0.58,56.41,-4.29
2026-08-17,CSAP,107.29,106.45,107.84,105.61,143.5,78.25,8.26B,77.63M,34.93M,664.34K,45,5.17,19.74,17.22,0.84,5.39,0.77
2026-08-17,DAAG,90,84.74,90,82,120.25,52,338.96M,4M,970.7K,23.6K,24.27,,,,,,
2026-08-17,DADX,88.51,88.59,93.99,88,121.88,42.75,953.58M,10.76M,538.2K,709,5,0,-30.29,-37.21,3.68,-2.93,0.05
2026-08-17,DCL,10.82,10.73,11,10.65,16.31,6.61,5.84B,544.11M,190.44M,1.22M,35,0,-2.37,-4.8,0.24,-4.53,0.04
2026-08-17,DCR,38.97,38.88,39.1,38.58,41.8,29.03,86.46B,2.22B,555.92M,396.36K,25,6.62,2.31,78.71,1.14,16.88,
2026-08-17,DFSM,16.23,15.84,16.23,15.66,35.24,3.75,1.55B,97.75M,34.21M,756.77K,35,,,,,,
2026-08-17,DGKC,218,214.25,218,213.5,275.75,145.1,93.87B,438.12M,219.06M,3.01M,50,1.21,27.64,14.23,0.84,5.49,0.27
2026-08-17,DINT,64.05,64.01,65.99,63,96,41.36,3.36B,52.47M,7.87M,8.06K,15,0,-3.91,-0.63,0.48,-16.35,-1.68
2026-08-17,DMC,181,183.15,186.77,181,351.9,43.36,559.05M,3.05M,915.73K,218.75,30,,,,,,
2026-08-17,DNCC,18.4,18.72,19.1,17.86,28.07,14,5.92B,316.36M,94.91M,244.6K,30,0,-0.39,-1.76,2.86,-47.63,-0.3
2026-08-17,DOL,31.17,31.41,31.59,30.5,41,25.36,5.5B,175.03M,52.51M,74.95K,30,12.8,2.55,8.79,1.83,12.27,-3.46
2026-08-17,DYNO,347.98,341.25,347.98,328.04,366.9,254.3,6.44B,18.87M,12.27M,728.5,65,4.76,55.14,7.33,1.18,6.19,0.67
2026-08-17,ECOP,49.1,50.7,51.4,48,78.25,33.82,2.45B,48.26M,36.19M,107.24K,75,3.02,7.67,5.37,1.32,4.57,0.15
2026-08-17,EFERT,185.12,186.07,187.2,184.9,263.3,180.15,248.46B,1.34B,600.88M,843.14K,45,6.57,15.94,9.36,5.68,11.7,-1.78
2026-08-17,ELCM,236,224.87,236,212.02,343.44,126.01,292.33M,1.3M,260K,459,20,0,-24.15,-3.34,4.31,-9.31,0.16
2026-08-17,ELSM,135.02,138.43,148.1,135.01,170,99,1.52B,10.95M,3.29M,511.5,30,2.78,3.97,0.28,0.36,36.23,-23.95
2026-08-17,EMCO,55,52.17,55.6,52.01,80.55,31.29,1.83B,35M,10.5M,36.79K,30,,,,,,
2026-08-17,ENGROH,275.73,274.55,277.99,273.86,302.5,209,330.62B,1.2B,903.17M,973.18K,75,0,53.18,10.18,,5.16,0.31
2026-08-17,EPCL,35.5,34.74,35.5,34.6,39.32,27.01,31.58B,908.92M,227.23M,718.03K,25,0,-2.97,-3.28,1.53,-11.75,1.07
2026-08-17,EPQL,25.2,24.95,25.2,24.9,34.98,22.3,8.08B,323.8M,161.9M,484.41K,50,10.92,2.23,5.69,0.7,11.29,-4.02
2026-08-17,EXIDE,482,478.69,482.99,478,777.89,365,3.72B,7.77M,1.94M,3.69K,25,1.04,43.18,1.88,0.49,11.09,
2026-08-17,FABL,99.98,99.58,99.98,99.05,106,73.5,151.13B,1.52B,531.19M,521.31K,35,6.55,15.03,11.28,1.28,6.6,
2026-08-17,FANM,8.38,8.27,8.65,8.25,10.83,4.25,191.04M,23.1M,11.55M,189.43K,50,,,,,,
2026-08-17,FASM,352.89,347.57,352.89,339.98,427.36,240.02,3.48B,10M,1M,421,10,0,-52.85,-1.19,0.33,72.26,-1.65
2026-08-17,FATIMA,166.9,164.89,167,164.02,192.8,116.06,346.27B,2.1B,315M,710.5K,15,5.73,17.58,13.62,2.01,9.44,0.19
2026-08-17,FCCL,57.67,56.88,57.98,56.49,62.84,36.26,139.52B,2.45B,858.5M,8.3M,35,3.19,5.99,16.04,1.53,6.55,0.09
2026-08-17,FCEPL,125.05,126.98,128.8,123.2,133,63.86,97.34B,766.6M,76.66M,2.16M,10,2.77,4.51,3.23,5.14,27.99,0.45
2026-08-17,FCL,25.5,25.01,25.65,24.95,28.56,19.65,16.12B,644.58M,161.14M,2.34M,25,,,,,,
2026-08-17,FECM,22.6,22.37,22.89,21.32,57.06,11.75,253.68M,11.34M,8.51M,73.87K,75,,,,,,
2026-08-17,FECTC,118.32,116.19,122,114.8,195.75,72,5.83B,50.16M,12.54M,916.24K,25,1.65,14,5.6,1.2,8.64,-0.04
2026-08-17,FEM,11.65,11.06,11.65,11,17.7,5.87,579.99M,52.44M,36.71M,19.7K,70,,,,,,
2026-08-17,FEROZ,375,376.22,378,374,475,293.01,16.35B,43.47M,17.39M,10.05K,40,1.06,21.66,4.15,1.26,17.37,0.67
2026-08-17,FFC,561.99,552.96,561.99,550,685,425,795.72B,1.44B,791.46M,958.02K,55,7.3,61.43,16.53,2.95,9.15,0.14
2026-08-17,FFL,16.57,16.32,16.57,16.17,23.93,14,41.13B,2.52B,503.99M,3.12M,20,0,0.39,3.18,3.65,42.26,0.02
2026-08-17,FFLM,14.55,13.63,14.79,12.92,27.23,4.4,360.02M,26.41M,17.17M,152.84K,65,,,,,,
2026-08-17,FHAM,33.39,32.8,33.75,32.66,39.49,27,3.64B,110.83M,94.21M,33.31K,85,6.86,6.75,15.08,0.58,4.86,0.12
2026-08-17,FIBLM,14.82,14.21,15.2,13.91,22.24,7.55,308.18M,21.69M,10.84M,464.68K,50,0,0.94,43.94,1.24,15.31,0.33
2026-08-17,FIMM,211,219.15,224,211,397.69,173.39,657.45M,3M,900K,35.67,30,,,,,,
2026-08-17,FLYNG,43.99,43.13,43.99,43,61,38.51,29.97B,694.8M,104.22M,40.23K,15,0,1.29,5.99,2.37,34.02,0.12
2026-08-17,FML,53.3,53.69,55,53.3,86,34.05,21.44B,399.41M,39.94M,19.38K,10,0,0.46,0.27,0.63,116.59,-16.31
2026-08-17,FPJM,10.02,11.02,11.02,9.9,14.99,4.23,374.9M,34.02M,13.61M,315.95K,40,0,-3.22,-38.72,-0.73,-3.11,0.42
2026-08-17,FPRM,11.19,11.16,11.3,11,16.99,9.32,153.88M,13.79M,6.2M,18.88K,45,,,,,,
2026-08-17,FRCL,95.01,99.99,99.75,95.01,118.45,40.02,3.79B,37.87M,1.89M,628.5,5,,,,,,
2026-08-17,FRSM,43,42.98,43,42.8,63.48,34.22,1.7B,39.51M,11.85M,497,30,0,10.06,3.35,0.77,4.27,0.01
2026-08-17,FTMM,17.26,17.02,17.26,17.01,23.75,11.14,3.33B,195.6M,9.78M,47.75K,5,8.81,0.5,2.47,1.19,34.34,-1.56
2026-08-17,FTSM,45,51.16,52.18,42.7,57,11.52,1.08B,21.16M,8.47M,266.39K,40,,,,,,
2026-08-17,FZCM,260.01,258.79,276.48,243.13,333.39,185.52,7.76B,30M,3M,6.71K,10,0,3.02,0.1,0.16,85.77,43.24
2026-08-17,GADT,335,329.04,338.95,328.31,459.99,215,9.22B,28.03M,8.41M,72.27K,30,1.63,93.78,3.49,0.35,3.26,0.3
2026-08-17,GAL,650,654.71,672.97,643,672.97,291,37.32B,57M,22.8M,1.38M,40,1.53,117.24,12.52,1.95,5.58,0
2026-08-17,GATI,102.47,102.47,102.47,99,139,62.55,11.14B,108.73M,16.31M,91.85K,15,0,-10.67,-4.01,0.92,-9.38,-6.06
2026-08-17,GATM,25.99,26.17,26.5,25.55,40.7,16.5,19.37B,740.06M,185.01M,1.71M,25,0,2.72,1.18,0.37,9.64,0.8
2026-08-17,GCIL,37,37.05,37.68,36.97,40.6,24.95,21.14B,570.45M,228.18M,3.3M,40,0,5.27,33.37,,7.03,
2026-08-17,GCWL,16.08,15.84,16.45,15.8,25.15,12.48,3.96B,250.14M,111.05M,372.89K,44.39,,,,,,
2026-08-17,GDL,17.5,17.85,18.2,17.4,33,16.9,7.66B,429.2M,107.3M,899.74K,25,,,,,,
2026-08-17,GEMBCEM,11.05,11.2,11.2,11,14.5,9.64,1.12B,100M,25M,1.51K,25,,,,,,
2026-08-17,GEMMEL,25,27.2,25,25,39,19.1,5.28B,194.1M,19.41M,756.75,10,,,,,,
2026-08-17,GEMPACRA,38.99,35.75,38.99,38.99,49,22,2.66B,74.53M,7.45M,0,10,,,,,,
2026-08-17,GEMPAPL,11,11,11,11,18.19,9,220M,20M,15M,8.46K,75,,,,,,
2026-08-17,GFIL,32.5,31.02,32.5,31,35.18,12.1,1.01B,32.64M,3.26M,15.9K,10,,,,,,
2026-08-17,GGGL,9.09,8.83,9.09,8.8,14.47,6.7,2.12B,240M,120M,557.34K,50,0,0.54,4.51,0.73,16.56,0.64
2026-08-17,GGL,24.38,24.06,24.38,23.79,31.31,14.1,8.52B,354.12M,177.06M,737.52K,50,0,9.78,31.53,1.06,2.46,0.03
2026-08-17,GHGL,41.31,41.75,42.41,41.16,52.25,27.78,41.74B,999.71M,349.9M,387.82K,35,4.84,6.21,13.11,1.02,5,0.26
2026-08-17,GHNI,1305.17,1342.53,1371.99,1300,1371.99,590,57.2B,42.61M,14.91M,320.89K,35,0.74,162.33,11.84,3.11,8.27,0.03
2026-08-17,GIL,0,1000,0,0,0,0,0,0,0,0,0,0.3,15.14,0.25,0,66.03,-14.54
2026-08-17,GLAXO,349.99,345.21,349.99,343,459.94,293.09,109.94B,318.47M,63.69M,95.67K,20,4.92,33,15.6,3.03,10.46,0.15
2026-08-17,GOC,173.01,177.24,177.99,173,235,77,1.3B,7.35M,1.1M,1.83K,15,0.56,4.14,6.12,1.81,42.77,1.54
2026-08-17,GTYR,33.8,33.51,34.34,33.4,48,22.26,4.09B,121.93M,48.77M,293.26K,40,0,-6.34,-4.84,0.64,-5.29,0.57
2026-08-17,GVGL,54.26,54.7,55.59,54.26,73.99,43.65,8.2B,149.94M,29.38M,1.62K,19.59,5.48,6.64,15.54,1.63,8.23,
2026-08-17,GWLC,50.11,51.99,53.49,49.71,77.96,38.75,20.81B,400.27M,40.03M,325.84K,10,2.89,6.74,12.64,0.76,7.71,0.4
2026-08-17,HAEL,29.5,28.66,30,27.51,37.96,14.91,372.47M,13M,1.95M,33.45K,15,,,,,,
2026-08-17,HAFL,499.5,499.7,499.54,499.5,629.5,283.58,599.64M,1.2M,42.48K,67.5,3.54,,,,,,
2026-08-17,HALEON,748.01,746.49,752.99,745,1010,655,87.38B,117.05M,15.74M,15.18K,13.44,4.02,55.96,15.35,6,13.34,0.19
2026-08-17,HCAR,240,238.58,242.5,237,318,147.5,34.07B,142.8M,28.56M,279.99K,20,5.94,34.25,3.68,1.28,7.02,32.55
2026-08-17,HINO,385,378.33,385,378,577,264.69,9.38B,24.8M,2.55M,6.16K,10.28,2.88,13.47,3.24,1.5,28.08,11.57
2026-08-17,HINOON,1000.01,994.49,1010,992,1241,755.56,52.69B,52.98M,21.19M,9.51K,40,4.89,75.63,14.32,3.59,11.35,0.31
2026-08-17,HPL,3985,3930.45,4250,3850.01,4889.99,3506,37.91B,9.64M,964.48K,1.15K,10,6.11,317.04,9.84,4.26,12.4,0.29
2026-08-17,HRPL,21.05,20.46,21.05,20.3,37,16.51,818.4M,40M,8M,31.62K,20,0,-3.09,-5.61,1.1,-6.63,0.28
2026-08-17,HTL,43.01,42.97,44,42.72,66.5,31.01,5.98B,139.2M,34.8M,781.04K,25,0,3.83,1.49,0.91,11.23,0.79
2026-08-17,HUBC,213.6,211.85,214.3,211.5,249.99,157.25,274.8B,1.3B,972.87M,6.89M,75,11.77,34.65,63.41,1.22,6.13,-4.47
2026-08-17,IBFL,273.96,268.17,274.99,260,397.32,176.55,83.27B,310.51M,15.53M,2.61K,5,0,-1.49,-0.44,1.48,94.72,-17.24
2026-08-17,IBLHL,49.52,48.51,49.9,48.49,85.82,36,4.78B,98.53M,24.63M,82.98K,25,0,2.44,5.36,1.94,20.08,4.06
2026-08-17,ICCI,15.65,15.38,15.99,15.32,17.91,8.61,461.42M,30M,4.5M,73.5K,15,,,,,,
2026-08-17,ICL,139,140.75,147,138.5,176,85.1,14.07B,100M,45M,32.61K,45,2.16,13.74,4.34,1.27,10.12,0.33
2026-08-17,IDEAL,54.04,54.04,54.04,54.04,87.7,15.75,536.08M,9.92M,1.49M,6.68K,15,,,,,,
2026-08-17,IDRT,39.5,39.4,40.5,39.3,68.08,19.31,782.2M,19.85M,1.99M,23.9K,10,,,,,,
2026-08-17,ILP,103,103.76,105.4,103,110.5,67.4,145.44B,1.4B,280.34M,548.68K,20,2.89,8.3,6.45,2.39,12.52,0.14
2026-08-17,IMAGE,26.96,27.06,27.3,26.91,32.46,19,6.23B,230.37M,149.74M,522.07K,65,7.37,3.49,17.93,1.29,7.76,
2026-08-17,INIL,166.84,171.51,173,166,249,127.3,22.62B,131.88M,59.35M,66.14K,45,3.5,14.32,1.72,0.7,11.98,-3.68
2026-08-17,INKL,92.05,93.38,93.96,90.18,126,30.3,903.45M,9.68M,3.87M,95.58K,40,,,,,,
2026-08-17,IPAK,36.95,37.32,37.5,36.6,38,21.02,27.44B,735.21M,220.56M,239.13K,30,1.53,3.81,7.22,2.14,9.8,
2026-08-17,IREIT,8.02,8.01,8.05,7.95,13.05,7.26,2.21B,275.86M,96.55M,124.65K,35,,,,,,
2026-08-17,ISIL,1903.1,1861.94,1903.1,1861.58,2370,1725.01,123.55B,66.36M,3.32M,59.5,5,0.26,62.5,3.31,4.56,30.45,0.47
2026-08-17,ISL,90.9,93.14,94,90.12,135,65.45,40.52B,435M,152.25M,858K,35,4.95,6.93,3.59,1.55,13.13,-2.41
2026-08-17,ITANZ,47.26,49.15,49.98,46.39,49.98,46.39,5.83B,118.6M,48.52M,3.7M,40.91,,,,,,
2026-08-17,ITTEFAQ,9.16,9.04,9.29,9,12.64,5.75,1.3B,144.34M,93.82M,1.4M,65,0,-3.91,-27.88,0.45,-2.31,
2026-08-17,JATM,71.99,68.47,75.72,64,75.72,14.61,862.8M,12.6M,1.89M,248.87K,15,,,,,,
2026-08-17,JDMT,165.5,168.17,170,162.17,199.89,60.1,1.16B,6.92M,2.07M,117.08K,30,,,,,,
2026-08-17,JDWS,900.01,890,910.99,890,999,780,51.42B,57.78M,8.67M,251,15,5.55,162.29,7.18,1.38,5.56,0.2
2026-08-17,JSML,61.45,60.08,61.49,58.5,147.5,45.61,2.05B,34.13M,13.65M,26.23K,40,0,3.91,1.36,0.22,15.38,0.88
2026-08-17,JVDC,147.67,147.74,149.01,146.52,163.9,65.15,56.27B,380.86M,190.43M,419.77K,50,3.38,10.67,38.34,2.03,13.85,-0.01
2026-08-17,KCL,141,145,155,141,195.69,115.02,2.11B,14.55M,10.91M,81,75,,,,,,
2026-08-17,KEL,7.35,7.46,7.58,7.29,9.58,4.91,206.01B,27.62B,2.76B,28.52M,10,0,0.42,2.19,1.79,17.89,
2026-08-17,KHYT,1998.34,2007.14,2050,1970,2689,1131.01,2.46B,1.23M,20.67K,60.5,1.68,,,,,,
2026-08-17,KOHC,101,99.05,101,98.35,567.99,74,91.06B,919.31M,229.83M,297.48K,25,0,10.62,25.96,1.67,9.46,0.26
2026-08-17,KOHE,16.5,16.23,16.5,16.2,23.49,12.33,2.75B,169.46M,67.78M,189.34K,40,0,3.94,15.83,0.61,3.4,-0.39
2026-08-17,KOHTM,127,115.95,128.95,114,210,40,2.41B,20.8M,6.24M,238.1K,30,1.72,14.85,3.65,0.5,7.81,0.21
2026-08-17,KPUS,1015,966.31,1020,955,2849.99,115.11,15.48B,16.02M,800.88K,2.99K,5,0,5.68,1.21,4.02,177.2,15.31
2026-08-17,KSBP,243,243,245,241.8,263.98,155.2,7.51B,30.9M,8.37M,53.46K,27.08,0.41,7.14,3.26,1.76,34.03,3.52
2026-08-17,KTML,43,42.11,43,41.8,305,37.02,56.7B,1.35B,269.3M,403.69K,20,0.95,14.77,13.86,0.6,2.85,0.09
2026-08-17,LCI,226,222.73,226.8,222.11,364,201.17,102.86B,461.8M,92.36M,90.87K,20,4.71,21.11,8.6,1.73,10.55,0.54
2026-08-17,LEUL,50.48,47.77,52.69,47,72.68,25.76,286.62M,6M,1.8M,54.16K,30,,,,,,
2026-08-17,LIVEN,35.03,35.03,35.85,34.74,74.4,27.82,3.96B,113.04M,11.3M,23.73K,10,,,,,,
2026-08-17,LOADS,13.85,13.71,14,13.7,22.6,10.93,5.09B,371.25M,185.62M,730.05K,50,0,1.07,4.28,0.99,13.02,-0
2026-08-17,LOTCHEM,27.6,27.54,27.98,27.35,34.3,18.41,41.7B,1.51B,378.55M,7.14M,25,23.58,3.1,5.49,2.06,8.9,-6.6
2026-08-17,LPGL,91,90.03,92,90.01,118,63.01,675.23M,7.5M,1.88M,2.67K,25,,,,,,
2026-08-17,LUCK,448.01,443.37,449.4,442,529.5,339,649.54B,1.47B,439.5M,997.92K,30,1.06,60.78,17.24,1.62,7.72,0.15
2026-08-17,MACFL,74.98,80.38,80.38,72.7,86.98,19.52,4.77B,59.3M,23.72M,2.19M,40,1.01,2.13,1.96,1.86,9.21,8.15
2026-08-17,MACTER,282,279.7,283,275.4,443.5,255.1,12.81B,45.81M,18.32M,8.35K,40,1.35,17.8,6.82,3.2,15.84,0.28
2026-08-17,MARI,681,679.56,684.8,674.5,795,544.56,815.9B,1.2B,240.12M,872.79K,20,4,72.36,45.33,2.52,9.32,0.4
2026-08-17,MEBL,590,587.28,593.5,585,605,387.5,1.06T,1.81B,450.14M,1.22M,24.91,4.98,51.25,19.32,3.64,11.57,
2026-08-17,MEHT,149.8,145.41,151.5,144.35,389,139.25,4.36B,30M,19.5M,239.25K,65,0,39.74,1.87,0.23,3.66,0.09
2026-08-17,MERIT,10.29,10.12,10.3,10.11,14.69,7.1,2.02B,199.96M,39.99M,267.39K,20,0,-1.75,-10.52,0.86,-5.79,0.01
2026-08-17,MFFL,192,189.13,192,188,237,139.66,4.33B,22.88M,3.85M,46.75K,16.82,,,,,,
2026-08-17,MFL,41,44.83,44.83,41,85.73,37.56,5.49B,122.4M,42.84M,667.5K,35,0,4.13,1.98,0.47,10.04,0.35
2026-08-17,MIRKS,33.5,33.26,33.88,32.06,44.5,22.28,2.21B,66.56M,29.95M,35.41K,45,0,-6.17,-3.48,0.89,-5.39,-0.11
2026-08-17,MLCF,102.01,101.87,102.75,101.75,132.99,71,106.72B,1.05B,471.4M,9.71M,45,0,11.34,13.96,1.29,8.99,0.22
2026-08-17,MQTM,30.44,28.41,30.5,26.53,49,17.97,523.65M,18.43M,4.61M,64.5K,25,0,-79.43,-17.35,1.7,-0.37,0.01
2026-08-17,MRNS,63.35,62.26,63.95,61.25,94.01,52.32,4.67B,74.93M,26.22M,69.42K,35,10.44,19.23,11.82,0.95,3.24,
2026-08-17,MSCL,25,24.78,25.5,24.4,46.53,12.05,767.62M,30.98M,7.74M,136.31K,25,,,,,,
2026-08-17,MTL,305,303.26,307.49,302.6,636.99,279,121.01B,399.03M,179.56M,123.52K,45,5.77,18.49,12.64,15.65,16.4,0.96
2026-08-17,MUGHAL,81.06,80.83,81.35,80,113.99,59,27.13B,335.63M,117.47M,566.42K,35,0,6.37,2.8,0.9,12.68,0.66
2026-08-17,MWMP,56.5,58,59.5,52.55,170.95,36,1.67B,28.75M,7.19M,55.49K,25,,,,,,
2026-08-17,NATM,94.15,89.42,94.15,94.15,94.15,77,1.9B,21.27M,1.06M,1,5,0,-53.59,-51.27,0.87,-1.67,0.05
2026-08-17,NESTLE,7560,7540.65,7575,7540.01,8773.75,7000,341.97B,45.35M,4.53M,478.25,10,7.25,370.4,8.2,17.41,20.36,1.47
2026-08-17,NETSOL,123,121.97,123.7,121.51,164.59,87.66,10.96B,89.84M,26.95M,97.55K,30,0,32.29,21.96,0.88,3.04,0.09
2026-08-17,NML,149.85,150.09,152.05,148.58,208.4,120,52.77B,351.6M,158.22M,1.92M,45,1.33,33.41,5.75,0.31,4.49,1.25
2026-08-17,NONS,88.5,88.45,89.98,88,157.1,70.02,1.46B,16.52M,3.3M,6.97K,20,4.52,18.72,2.44,0.77,4.73,0.71
2026-08-17,NRL,502,533.29,547.9,502,547.9,243.12,42.65B,79.97M,26.31M,4.22M,32.91,0,108.68,2.33,0.72,4.91,0.01
2026-08-17,NRSL,34.5,37.49,37.49,34.5,39.25,20.6,5.3B,141.32M,42.4M,785.08K,30,0,2.09,2.61,1.38,16.96,1
2026-08-17,NSRM,246.17,242.22,250.5,235,362.31,84.01,3.77B,15.55M,777.66K,577.25,5,0,6.79,4.51,2.35,35.69,0.21
2026-08-17,OCTOPUS,31.71,31.78,32.3,31.01,60.89,24.35,5.03B,158.22M,47.18M,104.45K,29.82,,,,,,
2026-08-17,OGDC,319.8,321.3,324.74,318.5,352,238.2,1.38T,4.3B,645.14M,3.41M,15,5.91,36.17,39.85,0.97,7.48,0.76
2026-08-17,OLPM,24.82,24.82,25.28,24.82,25.98,19,1.13B,45.38M,34.04M,15.35K,75,10.07,3.44,9.88,0.84,7.22,-1.83
2026-08-17,OML,100.88,100.69,104.37,96.03,187.24,25.8,1.21B,12M,1.2M,31.9K,10,,,,,,
2026-08-17,ORM,11.39,11.55,12.19,10.51,16.79,9.2,866.25M,75M,26.25M,160.72K,35,,,,,,
2026-08-17,OTSU,416,419.61,422,410,447.94,254.95,5.08B,12.1M,3.02M,26.03K,25,0,28.78,8.39,4.72,14.58,1.36
2026-08-17,PAEL,42.66,42.82,43.1,42.38,64.6,32.01,39.55B,923.65M,508.01M,3.28M,55,0,4.46,5.86,0.79,9.6,0.25
2026-08-17,PAKD,134.49,129.05,134.99,128,226.9,85.01,1.53B,11.86M,5.06M,34.91K,42.63,,,,,,
2026-08-17,PAKOXY,287,290,291,286.5,356.68,218.01,25.27B,87.12M,21.78M,900.25,25,0,22.58,14.35,2.03,12.84,0.12
2026-08-17,PAKQATAR,21.39,21,21.39,20.71,29.4,15.24,4.84B,230.71M,80.75M,678.48K,35,,,,,,
2026-08-17,PIBTL,16.75,16.75,16.9,16.66,22.97,10.18,29.92B,1.79B,803.74M,7.02M,45,0,1.18,14.81,1.71,14.25,6.71
2026-08-17,PICT,51.89,52.85,53.55,51,61.5,23.65,5.77B,109.15M,21.83M,332.46K,20,0,-1.17,-1281.2,4.15,164.11,2.09
2026-08-17,PIM,26.51,26.51,26.51,26.51,31.33,16.16,530.2M,20M,1M,14.73K,5,,,,,,
2026-08-17,PIOC,275,272.86,277.49,271.26,427.5,200.01,61.98B,227.15M,34.07M,130.22K,15,3.64,29.03,17.09,1.26,9.47,0.15
2026-08-17,PKGS,785.11,784,790,784,855,621.25,70.07B,89.38M,17.88M,2.62K,20,2.04,-9.43,-0.43,1.07,-83.13,-3.52
2026-08-17,PMRS,500,475.53,500,450,835,276.45,1.78B,3.75M,387.66K,1.73K,10.34,0,-226.21,-2.28,0.39,-2.1,-0.06
2026-08-17,POML,164.2,160.33,164.99,159,220,113.11,1.24B,7.76M,3.11M,11.58K,40,,,,,,
2026-08-17,POWER,22.75,22.42,22.75,22.1,24.26,14.57,28.93B,1.29B,452.11M,519.61K,35.03,0,2.24,8.78,1.22,10,0.16
2026-08-17,PPL,232,239.04,240.49,231.35,284.6,175.8,650.42B,2.72B,669.51M,8.14M,24.61,4.29,28.99,33.84,0.84,6.84,
2026-08-17,PPP,142,154.45,154.45,142,185.99,91,1.24B,8M,4M,90.23K,50,3.24,17.67,7.84,0.68,8.74,0.33
2026-08-17,PQGTL,14.1,14.3,14.59,14.1,19.8,10.25,1.45B,101.11M,40.44M,130.62K,40,,,,,,
2026-08-17,PREMA,37.25,40.19,40.19,36.5,56.38,23,8.79B,218.64M,65.59M,8.39M,30,0,2.73,9.01,1.33,13.47,0.19
2026-08-17,PRL,78.05,84.4,84.4,77.33,84.4,23.2,53.17B,630M,227.29M,25.31M,36.08,0,25.05,4.5,1.24,3.37,0.01
2026-08-17,PSEL,934.94,921.08,950,920,1635,799,29.96B,32.52M,30.82M,885.75,94.76,0,5.58,1.22,0.67,165.05,5.82
2026-08-17,PSO,351.51,382.02,384,351.51,506.75,320.11,179.35B,469.47M,234.74M,7.36M,50,2.62,92.73,1.35,0.62,4.12,0.03
2026-08-17,PSYL,127.9,138.61,139.7,125,158,52.26,19.23B,138.7M,6.93M,1.35K,5,0,3.38,3.07,3.51,18.91,0.97
2026-08-17,PTL,53.66,53.54,53.99,52.16,65.88,46.4,8.99B,168M,42M,13.58K,25,7.45,6.4,3.09,1.11,8.39,
2026-08-17,QTECH,44.6,44.76,45.49,43.69,57.8,23.1,5.44B,121.58M,30.39M,1.02M,25,,,,,,
2026-08-17,QUICE,33.75,33.16,34.3,32.95,46.06,8,3.26B,98.46M,68.92M,90.84K,70,,,,,,
2026-08-17,REDCO,32,31.01,32,31,40.4,14.9,1.53B,49.29M,2.46M,9.78K,5,,,,,,
2026-08-17,REWM,163.1,176.33,179,163.1,244.05,96.02,5.43B,30.81M,10.78M,53.67,35,,,,,,
2026-08-17,RMPL,9201,9227.01,9298.99,9200,13565.64,8500,85.22B,9.24M,461.82K,42.5,5,5.14,715.93,9.02,2.73,12.89,3.21
2026-08-17,RPL,17.04,17,17.19,16.85,25.05,12,2.41B,141.9M,44.42M,238.33K,31.3,0,0.13,0.16,0.28,136.43,-27.64
2026-08-17,RUPL,36.3,36.3,36.3,35.6,42.79,23.11,1.24B,34.07M,10.22M,161.82K,30,0,-20.94,-21.91,0.22,-1.73,0.04
2026-08-17,SANSM,134.99,130,134.99,125.3,148.99,52.22,1.55B,11.95M,6.57M,481.75,55,0,16.24,3.1,0.48,8,0.07
2026-08-17,SAPT,1469.98,1430.01,1510,1403,1606,1164,31.02B,21.69M,2.17M,54.75,10,0.7,387.04,5.77,0.38,3.69,0.25
2026-08-17,SARC,91,91.7,94,90,120.32,46.68,550.2M,6M,2.7M,7.6K,45,,,,,,
2026-08-17,SASML,342,343.88,361.9,342,469.49,164.2,3.58B,10.43M,2.61M,218.5,25,0.59,-13.78,-3.02,1.41,-24.67,19.04
2026-08-17,SAZEW,1863,1817.54,1863,1810,2487,1456,109.86B,60.45M,21.16M,155.56K,35,3.77,303.75,12.89,3.16,6.11,0
2026-08-17,SCL,750,750.07,750,750,1125,316,2.93B,3.9M,195K,0,5,0,-53.91,-8.05,9.44,-13.91,1.05
2026-08-17,SEARL,91,90.03,91,89.95,137.44,76.37,52.96B,588.22M,294.11M,881.8K,50,0,2.04,6.01,1.55,44.45,162.3
2026-08-17,SEL,30.4,29.62,30.4,29.02,45.56,11.25,565.51M,19.09M,10.5M,10.15K,55,,,,,,
2026-08-17,SELECT,27.8,30.62,30.62,27.8,33.6,26.02,27.22B,888.89M,88.89M,2.29M,10,,,,,,
2026-08-17,SERT,49.99,53.06,53.06,47.51,84.49,20.65,731.57M,13.79M,2.07M,204.35K,15,,,,,,
2026-08-17,SGF,119,118.54,119,116.8,141.89,71.51,24.47B,206.47M,51.62M,234.17K,25,1.69,11.16,12.03,2.75,10.61,
2026-08-17,SGPL,70.3,67.62,70.5,67.25,129.07,9.52,1.21B,17.83M,16.05M,1.13M,90,,,,,,
2026-08-17,SHCM,65.39,60.35,65.39,60,96.58,30.52,1.06B,17.64M,1.76M,18.21K,10,,,,,,
2026-08-17,SHDT,58.16,58.24,59.4,57.3,74.81,36.46,1.33B,22.85M,8M,228.91K,35,,,,,,
2026-08-17,SHFA,501.82,499.19,509.99,495,615.28,424.13,31.56B,63.21M,28.45M,105.38K,45,1.05,41.05,8.72,1.91,10.71,0.25
2026-08-17,SHSML,377.01,388.8,393,377,549,326,8.21B,21.12M,7.39M,953.5,35,5.14,36.69,3.58,0.63,10.6,0.39
2026-08-17,SIEM,1544.14,1516.85,1544.14,1516,1740,1335,12.51B,8.25M,412.35K,83.5,5,0,4.55,0.48,2.03,333.21,-17.69
2026-08-17,SINDM,25,24.94,25.25,24.02,41.25,13.51,1.12B,45M,4.5M,121.6K,10,,,,,,
2026-08-17,SITC,790,788.07,810,710.92,1060,555.32,16.89B,21.43M,6.43M,3.62K,30,1.4,65.36,4.3,0.85,12.06,0.72
2026-08-17,SLGL,16.19,15.95,16.29,15.9,26.5,13,6.73B,421.79M,126.54M,5.86M,30,,,,,,
2026-08-17,SLM,24.5,24.3,25.4,24.11,26.25,21.95,189.41B,7.79B,779.48M,9.02M,10,,,,,,
2026-08-17,SMCPL,41.15,41.24,41.3,41,57.3,25,1.03B,25M,7.5M,53.14K,30,,,,,,
2026-08-17,SNAI,39.99,39.03,40.5,38.55,43.9,25,779.23M,19.96M,6.99M,122.67K,35,0,6.54,5.84,1.09,5.96,-0.53
2026-08-17,SNGP,103.38,105.71,106.49,100.92,142.6,83.2,67.04B,634.22M,253.69M,4.41M,40,2.84,22.94,1.17,0.85,4.61,-0.79
2026-08-17,SPEL,51.43,49.71,51.49,48.8,83.5,32.91,9.93B,199.74M,39.95M,1.17M,20,2.35,6.37,13,1.52,8.01,0.12
2026-08-17,SPSL,17.1,17.14,17.46,17,23.45,16.15,28.79B,1.68B,335.98M,4.62M,20,,,,,,
2026-08-17,SRR,16,16.05,16.08,15.84,21,15.26,529.65M,33M,13.2M,805.57K,40,,,,,,
2026-08-17,SRVI,2230,2251.96,2286,2200,2464,1151.35,105.81B,46.99M,23.49M,32.91K,50,0.78,223.93,6.65,4.04,10.06,0.1
2026-08-17,SSGC,27.2,28.5,28.75,27.03,46.23,19.02,25.11B,880.92M,336.86M,13.96M,38.24,1.75,-2.87,-0.65,1.91,-9.94,88
2026-08-17,SSOM,456.13,453.51,462,451.78,790,351.1,2.57B,5.66M,1.4M,9.47K,24.69,,,,,,
2026-08-17,STCL,11.1,10.79,11.1,10.72,19.4,8.55,2.58B,239.32M,131.63M,115.15K,55,0,-4.03,-8,1.48,-2.68,0.13
2026-08-17,STJT,148.12,149,151,148.12,162,70,1.44B,9.66M,1.45M,369.25,15,3.71,27.72,4.42,0.58,5.34,0.31
2026-08-17,STL,30,29.23,31.78,29,2231.81,29,3.15B,107.62M,43.05M,1.08M,40,,,,,,
2026-08-17,STML,53.32,54.8,56.5,53.32,70.38,22.8,473.47M,8.64M,2.59M,3.68K,30,0,-6.99,-1.76,0.62,-7.83,0.57
2026-08-17,STYLERS,50.1,50.24,50.25,49.51,56.49,36,24.56B,488.83M,24.44M,4.05K,5,2.99,2.28,5.99,1.8,22.02,
2026-08-17,SURC,148.61,151.95,154.87,148.61,181,88,7.42B,48.81M,9.76M,17.53K,20,3.29,29.17,5.06,0.51,5.21,0.57
2026-08-17,SYM,12.14,12.95,13.24,11.94,17.04,9.01,3.69B,285.25M,156.89M,2.84M,55,,,,,,
2026-08-17,SYS,132.2,130.28,133.95,130,174.4,105.98,191.96B,1.47B,957.71M,972.21K,65,1.5,7.86,13.4,3.19,17,0.22
2026-08-17,SZTM,91,95.4,97.2,84,127.25,36,1.71B,17.97M,1.8M,31.92K,10,,,,,,
2026-08-17,TATM,186.9,182.03,187,175.26,284,82,10.19B,55.99M,11.2M,1.23M,20,,,,,,
2026-08-17,TCORP,19.8,19.52,19.8,19.16,31.87,15.62,1.6B,82M,24.6M,118.04K,30,0,1.62,1.24,0.43,12.19,-0.88
2026-08-17,TELE,8.56,8.48,8.67,8.43,14.09,6.22,2.87B,338.62M,326M,1.31M,96.27,0,0.51,1.67,0.66,16.94,0.56
2026-08-17,TGL,192.98,189.87,195,187.13,291.5,128,32.69B,172.17M,68.87M,118.57K,40,3.69,24.49,13.38,1.33,7.75,0.26
2026-08-17,THCCL,79.25,77.26,79.8,76.5,103.5,43.05,38.52B,498.59M,174.51M,16.8M,35,0,7.24,24.4,3.8,7.19,0.06
2026-08-17,TICL,1459.28,1447.96,1459.98,1430.02,1520,541,21.75B,15.02M,226.46K,1.21K,1.51,0.69,107.5,4.88,1.76,13.47,0.88
2026-08-17,TOMCL,40.01,40.42,41,38.95,75.85,28.3,7.94B,196.34M,107.99M,2.94M,55,0,1.84,2.74,1.18,21.42,1.7
2026-08-17,TOWL,129.5,126.03,129.5,125.51,195.95,92.5,2.14B,17M,3.4M,94.47K,20,,,,,,
2026-08-17,TPLRF1,10.1,9.98,10.14,9.81,18.39,7.5,18.31B,1.83B,1.38B,4.18M,75,,,,,,
2026-08-17,TREET,24.51,24.33,24.6,24.01,37,19.55,9.03B,371.03M,185.51M,3.17M,50,0,1.29,1.81,1.11,18.79,0.53
2026-08-17,TRSM,19,18.9,19.99,18.8,71.65,8,563.22M,29.8M,23.84M,2.56M,80,,,,,,
2026-08-17,UBDL,26.5,26.01,26.5,25.3,34.5,20.01,2.39B,91.8M,4.59M,24.31K,5,,,,,,
2026-08-17,UDLI,19.29,18.85,19.39,18.71,25.5,8.95,662.02M,35.12M,14.05M,737.49K,40,,,,,,
2026-08-17,UDPL,120.9,119.19,122,119,168.99,75.05,4.2B,35.27M,5.29M,4.79K,15,,,,,,
2026-08-17,UNITY,11.64,11.45,11.89,11.31,30.42,7.51,13.67B,1.19B,537.32M,21.44M,45,0,1.6,2.34,0.75,7.31,0.3
2026-08-17,UPFL,25160.1,25162.5,25280,24010,34150,22562.78,160.28B,6.37M,521.22K,56.5,8.18,5.79,1001.9,14.74,18.91,25.11,0.98
2026-08-17,WAFI,187.74,187.27,189.6,184,260,165,40.08B,214.02M,32.1M,277.07K,15,,,,,,
2026-08-17,WAHDAT,16.25,16.03,16.45,15.98,21.78,15.45,5.37B,335.22M,83.81M,288.05K,25,,,,,,
2026-08-17,WAHN,284.9,284.13,287.85,284,435,225.23,2.56B,9M,3.15M,3.74K,35,3.52,51.77,9.43,0.88,5.49,0.34
2026-08-17,WASL,6.75,6.66,6.9,6.49,6.9,4.31,1.07B,160.72M,96.43M,7.54M,60,,,,,,
2026-08-17,WAVES,10.44,10.3,10.44,10.25,16.95,8.18,2.9B,281.41M,196.98M,1.35M,70,0,1,5.91,0.29,10.25,-2.1
2026-08-17,ZAHID,76.81,71.43,76.81,70.15,102.51,32.69,13.67B,191.42M,5.94M,28.31K,3.11,0,7.93,3.96,0.67,9.68,0.36
2026-08-17,ZAL,42.09,42.35,42.7,42,79.5,24.5,11.12B,262.5M,65.62M,402.05K,25,,,,,,
2026-08-17,ZIL,360.03,350.95,360.03,350.03,722,300,2.15B,6.12M,306.13K,635.5,5,,,,,,
2026-08-17,ZTL,19,19.15,19.8,18.9,24.48,9.75,1.14B,59.43M,14.86M,258.88K,25,0,-0.82,-0.65,0.45,-23.1,-2.91
2026-08-18,ABOT,917.8,896.88,920.99,890.08,1304,821,87.8B,97.9M,21.17M,30.91K,21.63,4.46,84.85,10.97,2.61,10.57,0.6
2026-08-18,ACPL,229.1,225.27,229.9,220.01,325.01,205,30.96B,137.43M,13.74M,51.3K,10,0.44,20.97,6.74,1.3,10.74,0.79
2026-08-18,ADAMS,67.91,67.72,72.79,65.01,90.98,57.25,1.17B,17.29M,3.46M,16.24K,20,5.91,-5.93,-1.01,0.19,-11.42,1.1
2026-08-18,AGIL,151.2,151.11,152.3,150,198,121.2,5.44B,36M,21.6M,9.47K,60,1.16,24.75,5.37,0.81,6.11,0.47
2026-08-18,AGP,186.46,179.56,186.46,177,258.67,163,50.28B,280M,84M,472.25K,30,4.46,13.41,13.14,3.08,13.39,0.24
2026-08-18,AGTL,360.11,360,362.89,359.5,497,288,20.87B,57.96M,3.67M,13.35K,6.34,0,35.36,8.63,1.86,10.18,1.24
2026-08-18,AHTM,99.89,95,99.89,95,134.15,60,804.8M,8.47M,1.27M,941.75,15,1.58,12.65,2.07,0.34,7.51,-2.67
2026-08-18,AIRLINK,135.86,133.11,135.86,132.96,199,118,52.61B,395.27M,118.58M,388.51K,30,6.64,14.02,6.35,2.92,9.67,
2026-08-18,AKGL,96.21,96.21,96.21,88,96.21,48.01,962.1M,10M,1M,16.85K,10,,,,,,
2026-08-18,ALNRS,128,129.88,128.98,121.12,144,82,2.66B,20.47M,4.09M,329.25,20,3.08,8.19,0.99,0.37,15.86,-5.69
2026-08-18,ANL,10.4,10.11,10.4,10.05,13.7,8.01,4.91B,485.41M,242.7M,532.58K,50,0,1.6,1.96,0.32,6.31,0.4
2026-08-18,ANTM,55.3,60.48,60.61,53.5,66.38,20.81,584.24M,9.66M,1.45M,25.33K,15,,,,,,
2026-08-18,ARCTM,47,57.1,57.1,47,57.1,24.14,752.28M,13.17M,2.7M,275.69K,20.52,,,,,,
2026-08-18,ARPL,428,429.81,440,422.5,490,325,14.86B,34.56M,8.64M,12.71K,25,6.98,46.47,5.66,2.75,9.25,66.18
2026-08-18,ASHT,59.68,48.83,59.68,48.83,70,13.64,2.27B,46.57M,2.33M,74.15K,5,,,,,,
2026-08-18,ASL,14.92,14.77,15.38,14.6,15.94,8.51,13.75B,930.78M,279.24M,7.99M,30,0,0.07,0.28,1.38,212.21,-16.11
2026-08-18,ASTM,109.51,109.51,109.51,109.51,109.51,12,1.66B,15.18M,2.28M,153.16K,15,,,,,,
2026-08-18,ATBA,202.1,204.75,208.99,202.1,290,169.02,7.17B,35.02M,8.75M,19.04K,25,0,2.24,0.23,0.91,91.55,441.75
2026-08-18,ATRL,1130,1115.34,1199,1090.17,1199,597.1,118.91B,106.62M,42.65M,1.27M,40,0.67,180.56,6.62,0.69,6.18,-0.01
2026-08-18,AVN,33.64,32.98,33.88,32.81,54.3,26.5,14.17B,429.67M,150.38M,851.87K,35,3.03,1.02,2.52,0.94,32.33,-12.07
2026-08-18,AWTX,1744.6,1586,1744.6,1744.6,1744.6,1270,1.27B,800K,4.5K,1,0.56,0,9.84,0.15,1.01,161.26,-19.84
2026-08-18,BAFS,535.05,546.31,550,505.05,647,181.01,5.16B,9.45M,472.5K,1.62K,5,0.37,-11.24,-2.1,2.84,-48.6,-28.3
2026-08-18,BATA,905,899.9,907.48,899,1749.99,875,6.8B,7.56M,1.79M,862.75,23.67,0,-368,-15.26,2.25,-2.45,0.11
2026-08-18,BBFL,43,42.23,43.9,42.06,57.35,34,12.62B,298.91M,115.24M,2.53M,38.55,,,,,,
2026-08-18,BCL,70.07,70.91,74,69.7,115.25,56.02,813.52M,11.47M,6.31M,12.53K,55,0,-1.36,-1.1,2.55,-52.31,4.04
2026-08-18,BECO,5.18,5.04,5.18,5.01,73.6,3.9,6.3B,1.25B,437.37M,39.48M,35,,,,,,
2026-08-18,BERG,144.99,155.68,155.68,142,155.68,80.65,3.82B,24.55M,9.82M,1.64M,40,3.21,12.44,3.37,1,12.51,
2026-08-18,BFAGRO,34.35,33.11,34.35,33,49.25,29.03,10.26B,309.99M,77.5M,155.92K,25,,,,,,
2026-08-18,BFBIO,136.8,132.74,137,132,189.97,124,11.73B,88.33M,26.5M,210.86K,30,,,,,,
2026-08-18,BFMOD,23.26,22.49,23.26,22.03,38.84,12.16,169.02M,7.52M,2.63M,22.27K,35,,,,,,
2026-08-18,BHAT,802.02,822,838,802.02,1040,726.06,2.5B,3.04M,152.05K,277.25,5,0,30.09,0.28,0.23,27.31,3.86
2026-08-18,BIFO,129,127.12,129,126,196.5,79.1,5.9B,46.38M,16.23M,75.34K,35,5.9,9.41,12.78,1.81,13.51,0.63
2026-08-18,BIPL,27.28,27.14,27.41,27.05,44.1,23.6,30.09B,1.11B,166.31M,369.04K,15,10.13,3.87,5.45,0.65,7.01,
2026-08-18,BLUEX,6.83,6.64,6.89,6.6,80.85,4.9,1.89B,284.28M,113.71M,4.45M,40,,,,,,
2026-08-18,BNL,6.5,6.3,6.59,6.28,170.73,6.01,4.21B,668.05M,434.23M,1.97M,65,0,0.67,5.69,1.43,9.44,0.59
2026-08-18,BNWM,66.53,66.99,67.69,66,83.98,50,636.82M,9.51M,4.75M,10.07K,50,0,-9.58,-7,0.19,-6.99,-0.3
2026-08-18,BPL,53,52.37,53.49,52,80.97,20.01,1.18B,22.49M,6.75M,14.25K,30,,,,,,
2026-08-18,BRRG,47.99,45.01,47.99,45,53.77,28,4.28B,95.01M,47.5M,38.83K,50,,,,,,
2026-08-18,BTL,961.87,954.85,981.99,935,1580,275.01,6.14B,6.43M,321.6K,71,5,0,-35.67,-0.77,0.81,-26.77,
2026-08-18,BUXL,406.6,406.6,406.6,406.6,406.6,133.02,585.5M,1.44M,576K,43.75K,40,0,-17.12,-4.42,3.59,-23.75,0.24
2026-08-18,BWHL,232.39,231.02,233.49,230.01,257.92,168.13,3.08B,13.33M,7.33M,5.99K,55,7.36,29.35,14.67,1.3,7.87,0.06
2026-08-18,CCM,51.3,50.26,51.75,48.08,68.88,34.4,1.14B,22.66M,10.2M,12.87K,45,0,2.96,-0.18,0.16,16.97,-0.86
2026-08-18,CEPB,28.85,28.02,29,27.9,46.7,24.59,11.26B,401.71M,120.51M,1.46M,30,0,-0.15,-0.15,0.84,-186.8,12.7
2026-08-18,CFL,61.5,61.49,61.52,56.1,94.01,46,763.58M,12.42M,3.73M,656.25,30,0,-49.59,-18.39,0.2,-1.24,0.03
2026-08-18,CHAS,93.1,92.9,93.1,92.03,160.49,56.01,2.67B,28.69M,4.3M,6.65K,15,0,-57.51,-5.08,0.26,-1.62,-0.14
2026-08-18,CHCC,327.98,313.71,328,310,390,225,60.95B,194.3M,116.58M,173.85K,60,1.75,37.91,19.73,1.62,8.28,0.32
2026-08-18,CLOV,7.8,6.96,7.85,6.76,88.64,6.59,2.71B,389.29M,214.11M,9.45M,55,0,0.61,4.44,3.72,11.39,-0.31
2026-08-18,CNERGY,15.38,14.79,15.75,14.68,15.75,5.87,81.25B,5.49B,1.37B,214.7M,25,0,2.78,4.49,0.36,5.32,0.09
2026-08-18,COLG,1235,1228.47,1239.8,1225,1320,1050,298.24B,242.77M,24.28M,7.41K,10,5.21,76.74,14.88,7.17,16.01,0.35
2026-08-18,CPHL,72.5,72.66,74.5,72.02,104.25,69.25,16.6B,228.46M,114.23M,1.19M,50,4.82,4.8,7.92,1.52,15.14,
2026-08-18,CPPL,97.97,106.7,106.7,95,125.5,64.79,5.24B,49.1M,29.46M,724.18K,60,2.81,1.5,0.52,0.6,71.16,-4.91
2026-08-18,CRTM,73.94,73.87,74,72.02,96.5,16.6,7.39B,100M,60M,19.02K,60,0,1.31,0.69,0.58,56.48,-7.66
2026-08-18,CSAP,105.01,104.2,107.8,103.97,143.5,78.25,8.09B,77.63M,34.93M,699.72K,45,5.28,19.74,17.22,0.82,5.28,0.76
2026-08-18,DAAG,82,81.96,88,81.01,120.25,52,327.84M,4M,970.7K,4.76K,24.27,,,,,,
2026-08-18,DADX,88.59,88.59,88.59,88.59,121.88,42.75,953.58M,10.76M,538.2K,629,5,0,-30.29,-37.21,3.68,-2.93,0.05
2026-08-18,DCL,10.89,10.68,10.95,10.61,16.31,6.61,5.81B,544.11M,190.44M,1.26M,35,0,-2.37,-4.8,0.24,-4.51,0.04
2026-08-18,DCR,38.58,38.87,39,38.58,41.8,30,86.44B,2.22B,555.92M,390.23K,25,6.64,2.31,78.71,1.14,16.82,
2026-08-18,DFSM,15.8,15.49,15.85,15.45,35.24,3.75,1.51B,97.75M,34.21M,612.7K,35,,,,,,
2026-08-18,DGKC,213.5,210.69,215.8,210.23,275.75,145.1,92.31B,438.12M,219.06M,3.59M,50,0.95,27.64,14.23,0.82,7.62,0.27
2026-08-18,DINT,66,65.77,66,63.13,96,41.36,3.45B,52.47M,7.87M,8.31K,15,0,-3.91,-0.63,0.49,-16.81,-1.68
2026-08-18,DMC,181.2,183.15,183.15,181,351.9,43.36,559.05M,3.05M,915.73K,265.5,30,,,,,,
2026-08-18,DNCC,18.72,17.57,18.72,17.16,28.07,14,5.56B,316.36M,94.91M,266.46K,30,0,-0.39,-1.76,2.68,-44.71,-0.32
2026-08-18,DOL,31.4,30.77,31.4,30.75,41,25.36,5.39B,175.03M,52.51M,54.93K,30,13,2.55,8.79,1.8,12.08,-3.98
2026-08-18,DYNO,341.88,339.64,346.98,339.25,366.9,254.3,6.41B,18.87M,12.27M,674.75,65,4.78,55.14,7.33,1.18,6.16,0.67
2026-08-18,ECOP,51.4,49.08,51.4,48.9,78.25,33.82,2.37B,48.26M,36.19M,121.99K,75,4.08,7.67,5.37,1.31,6.39,0.16
2026-08-18,EFERT,186.1,185.98,186.4,183.9,263.3,180.15,248.34B,1.34B,600.88M,874.3K,45,6.59,15.94,9.36,5.66,11.67,-1.66
2026-08-18,ELCM,224.87,212.35,237.98,203,343.44,126.01,276.06M,1.3M,260K,455.5,20,0,-24.15,-3.34,4.07,-8.79,0.15
2026-08-18,ELSM,138.6,142.3,149.95,138.6,170,99,1.56B,10.95M,3.29M,577.75,30,2.81,3.97,0.28,0.36,35.81,-31.43
2026-08-18,EMCO,52.17,50.1,53.19,49.22,80.55,31.29,1.75B,35M,10.5M,43.03K,30,,,,,,
2026-08-18,ENGROH,274.99,268.75,274.99,268,302.5,209,323.64B,1.2B,903.17M,1.17M,75,0,53.18,10.18,,5.05,0.31
2026-08-18,EPCL,35.2,33.83,35.2,33.7,39.32,27.01,30.75B,908.92M,227.23M,635.82K,25,0,-2.97,-3.28,1.48,-11.38,1.08
2026-08-18,EPQL,24.95,24.83,24.96,24.5,34.98,22.3,8.04B,323.8M,161.9M,244.09K,50,11.08,2.23,5.69,0.69,11.13,-3.96
2026-08-18,EXIDE,478.69,477.09,480,475,771.99,365,3.71B,7.77M,1.94M,3.34K,25,1.05,43.18,1.88,0.49,11.05,
2026-08-18,FABL,99.58,98.43,99.7,97.58,106,73.5,149.39B,1.52B,531.19M,574.17K,35,6.6,15.03,11.28,1.27,6.55,
2026-08-18,FANM,8.17,8.12,8.6,7.99,10.83,4.25,187.57M,23.1M,11.55M,172.8K,50,,,,,,
2026-08-18,FASM,335.04,330.1,345,330.1,427.36,240.02,3.3B,10M,1M,108.75,10,0,-52.85,-1.19,0.31,-6.25,-1.65
2026-08-18,FATIMA,164.89,159.59,165,158.5,192.8,116.06,335.14B,2.1B,315M,816.11K,15,5.95,17.58,13.62,1.94,9.08,0.26
2026-08-18,FCCL,56.88,55.87,56.99,55.49,62.84,36.26,137.04B,2.45B,858.5M,6.16M,35,2.68,5.99,16.04,1.49,9.33,0.09
2026-08-18,FCEPL,126.98,126.82,133.25,126,133.25,63.86,97.22B,766.6M,76.66M,2.36M,10,2.76,4.51,3.23,5.17,28.12,0.82
2026-08-18,FCL,24.9,27.51,27.51,24.82,28.56,19.65,17.73B,644.58M,161.14M,6.57M,25,,,,,,
2026-08-18,FECM,22.5,22.5,23.29,21.84,57.06,11.75,255.15M,11.34M,8.51M,32K,75,,,,,,
2026-08-18,FECTC,117,109.28,117,108.01,195.75,72,5.48B,50.16M,12.54M,982.01K,25,1.83,14,5.6,1.08,7.8,-0.06
2026-08-18,FEM,10.9,10.42,11.23,9.95,17.7,5.87,546.42M,52.44M,36.71M,39.52K,70,,,,,,
2026-08-18,FEROZ,377,369.88,377,365,475,293.01,16.08B,43.47M,17.39M,11.79K,40,1.08,21.66,4.15,1.24,17.07,0.77
2026-08-18,FFC,552.96,545.72,552.96,544.5,685,425,785.3B,1.44B,791.46M,924.51K,55,7.51,61.43,16.53,2.87,8.88,0.13
2026-08-18,FFL,16.04,16.12,16.3,16.04,23.93,14,40.62B,2.52B,503.99M,3.15M,20,0,0.39,3.18,3.61,41.74,0.02
2026-08-18,FFLM,13.9,13.48,14.02,13.02,27.23,4.4,356.06M,26.41M,17.17M,138.05K,65,,,,,,
2026-08-18,FHAM,32.93,32.8,32.99,32.51,39.49,27,3.64B,110.83M,94.21M,33.73K,85,6.86,6.75,15.08,0.58,4.86,0.12
2026-08-18,FIBLM,14.21,14.38,14.78,13.8,22.24,7.55,311.87M,21.69M,10.84M,153.44K,50,0,0.94,43.94,1.25,15.35,0.43
2026-08-18,FIMM,211,219.15,224,211,397.69,173.39,657.45M,3M,900K,52.5,30,,,,,,
2026-08-18,FLYNG,43.15,42.51,43.89,42.5,61,38.51,29.54B,694.8M,104.22M,41.03K,15,0,1.29,5.99,2.29,32.91,0.12
2026-08-18,FML,55.48,52.69,55.48,52.51,86,34.05,21.04B,399.41M,39.94M,28.91K,10,0,0.46,0.27,0.62,114.42,-24.68
2026-08-18,FPJM,12.1,12.12,12.12,11.6,14.99,4.23,412.32M,34.02M,13.61M,819.52K,40,0,-3.22,-38.72,-0.89,-3.77,0.51
2026-08-18,FPRM,11.1,10.97,11.3,10.68,16.99,9.32,151.26M,13.79M,6.2M,22.77K,45,,,,,,
2026-08-18,FRCL,100,95,100,92.01,118.45,40.02,3.6B,37.87M,1.89M,1.45K,5,,,,,,
2026-08-18,FRSM,43,42.72,43.8,42.5,63.48,34.22,1.69B,39.51M,11.85M,2.8K,30,0,10.06,3.35,0.77,4.25,0.01
2026-08-18,FTMM,17.08,17.01,17.6,17,23.75,11.14,3.33B,195.6M,9.78M,46.42K,5,8.82,0.5,2.47,1.19,34.32,-1.54
2026-08-18,FTSM,50.95,56.26,56.28,48.2,57,11.52,1.19B,21.16M,8.47M,242.69K,40,,,,,,
2026-08-18,FZCM,255.01,261.64,270,255,333.39,185.52,7.85B,30M,3M,3.64K,10,0,3.02,0.1,0.16,86.71,41.44
2026-08-18,GADT,329.04,320.67,333.7,319.58,459.99,215,8.99B,28.03M,8.41M,36.99K,30,1.56,93.78,3.49,0.34,3.42,0.3
2026-08-18,GAL,650,632.89,659.4,630.5,672.97,291,36.08B,57M,22.8M,1.11M,40,1.58,117.24,12.52,1.88,5.4,0
2026-08-18,GATI,108.98,97.77,108.98,96,139,62.55,10.63B,108.73M,16.31M,231.34K,15,0,-10.67,-4.01,0.9,-9.17,-7.03
2026-08-18,GATM,26.2,25.65,26.2,25.55,40.7,16.5,18.98B,740.06M,185.01M,1.35M,25,0,2.72,1.18,0.37,9.45,0.81
2026-08-18,GCIL,37,36,37.05,35.86,40.6,24.95,20.54B,570.45M,228.18M,3.58M,40,0,5.27,33.37,,6.84,
2026-08-18,GCWL,15.84,15.97,16.25,15.5,25.15,12.48,3.99B,250.14M,111.05M,476.02K,44.39,,,,,,
2026-08-18,GDL,17.9,17.47,17.9,17.23,33,16.9,7.5B,429.2M,107.3M,963.71K,25,,,,,,
2026-08-18,GEMBCEM,11.05,11.2,11.2,11,14.5,9.64,1.12B,100M,25M,1.51K,25,,,,,,
2026-08-18,GEMMEL,25,27.2,25,25,39,19.1,5.28B,194.1M,19.41M,1.01K,10,,,,,,
2026-08-18,GEMPACRA,38.99,35.75,38.99,38.99,49,22,2.66B,74.53M,7.45M,0,10,,,,,,
2026-08-18,GEMPAPL,10.5,10.5,10.5,10.5,18.19,9,210M,20M,15M,10.33K,75,,,,,,
2026-08-18,GFIL,31.02,30.8,31.88,27.95,35.18,12.1,1.01B,32.64M,3.26M,17.03K,10,,,,,,
2026-08-18,GGGL,8.9,8.77,8.99,8.7,14.47,6.7,2.1B,240M,120M,626.42K,50,0,0.54,4.51,0.72,16.37,0.77
2026-08-18,GGL,24,23.33,24.39,23,31.31,14.1,8.26B,354.12M,177.06M,824.77K,50,0,9.78,31.53,1.02,2.39,0.05
2026-08-18,GHGL,41.75,41.01,41.75,40.9,52.25,27.78,41B,999.71M,349.9M,292.68K,35,4.88,6.21,13.11,1.01,6.6,0.27
2026-08-18,GHNI,1343,1321.37,1364,1316,1371.99,590,56.3B,42.61M,14.91M,299.53K,35,0.76,162.33,11.84,3.06,8.14,0.03
2026-08-18,GIL,0,1000,0,0,0,0,0,0,0,0,0,0.3,15.14,0.25,0,66.03,-14.54
2026-08-18,GLAXO,345.2,343.21,347.98,341.7,459.94,293.09,109.3B,318.47M,63.69M,98.79K,20,4.95,33,15.6,3.01,10.4,0.17
2026-08-18,GOC,183.99,177.39,183.99,169.5,235,77,1.3B,7.35M,1.1M,2.07K,15,0.56,4.14,6.12,1.82,42.81,1.53
2026-08-18,GTYR,33.9,32.56,33.9,32.01,48,22.26,3.97B,121.93M,48.77M,250.42K,40,0,-6.34,-4.84,0.62,-5.14,0.56
2026-08-18,GVGL,54.7,55.5,55.5,54.29,73.99,43.65,8.32B,149.94M,29.38M,2.88K,19.59,5.41,6.64,15.54,1.65,8.35,
2026-08-18,GWLC,50,50.33,52.49,50,77.96,38.75,20.15B,400.27M,40.03M,480.2K,10,2.98,6.74,12.64,0.73,7.46,0.52
2026-08-18,HAEL,29.9,27.17,29.9,26.1,37.96,14.91,353.11M,13M,1.95M,30.63K,15,,,,,,
2026-08-18,HAFL,487,509.48,549,486.01,629.5,283.58,611.38M,1.2M,42.48K,200.5,3.54,,,,,,
2026-08-18,HALEON,747.5,730.57,748.01,725.5,1010,655,85.52B,117.05M,15.74M,42.55K,13.44,4.11,55.96,15.35,5.87,13.06,0.19
2026-08-18,HCAR,238.5,234.55,239.59,233.75,318,147.5,33.49B,142.8M,28.56M,249.22K,20,3.84,34.25,3.68,1.26,6.85,32.55
2026-08-18,HINO,378,369.64,378,368,575,264.69,9.17B,24.8M,2.55M,6.81K,10.28,2.95,13.47,3.24,1.46,27.44,10.23
2026-08-18,HINOON,995,989.29,1007,981.56,1241,755.56,52.42B,52.98M,21.19M,10.48K,40,5.05,75.63,14.32,3.54,13.08,0.31
2026-08-18,HPL,3945.2,3999.99,4000,3945.2,4889.99,3602,38.58B,9.64M,964.48K,1.19K,10,6,317.04,9.84,4.33,12.62,0.27
2026-08-18,HRPL,20.46,20.37,20.85,20.1,37,16.51,814.8M,40M,8M,22.27K,20,0,-3.09,-5.61,1.1,-6.6,0.28
2026-08-18,HTL,42.55,41.89,45.2,41.35,66.5,31.01,5.83B,139.2M,34.8M,1.48M,25,0,3.83,1.49,0.89,10.95,1.07
2026-08-18,HUBC,211.78,207.89,211.78,207.07,249.99,157.25,269.67B,1.3B,972.87M,4.75M,75,12.03,34.65,63.41,1.19,6,-4.81
2026-08-18,IBFL,276,265.03,276,261,397.32,176.55,82.29B,310.51M,15.53M,1.65K,5,0,-1.49,-0.44,1.43,-177.54,-17.37
2026-08-18,IBLHL,49.1,48.43,49.7,48.3,85.82,36,4.77B,98.53M,24.63M,97.43K,25,0,2.44,5.36,1.92,19.85,5.04
2026-08-18,ICCI,15.74,14.87,15.74,14.42,17.91,8.61,446.12M,30M,4.5M,16.85K,15,,,,,,
2026-08-18,ICL,140,139.21,140,138.7,176,85.1,13.92B,100M,45M,38.39K,45,2.15,13.74,4.34,1.27,10.13,0.39
2026-08-18,IDEAL,55,59.44,59.44,55,87.7,15.75,589.64M,9.92M,1.49M,10.02K,15,,,,,,
2026-08-18,IDRT,39.25,38.23,39.5,37,68.08,19.31,758.97M,19.85M,1.99M,25.51K,10,,,,,,
2026-08-18,ILP,103.76,100.89,103.98,100.5,110.5,67.4,141.42B,1.4B,280.34M,725.94K,20,2.97,8.3,6.45,2.32,12.16,0.2
2026-08-18,IMAGE,27,27.17,27.5,26.65,32.46,19,6.26B,230.37M,149.74M,555.68K,65,7.36,3.49,17.93,1.29,7.78,
2026-08-18,INIL,172,165.05,172.49,164.02,249,127.3,21.77B,131.88M,59.35M,102.26K,45,3.64,14.32,1.72,0.67,11.53,-3.78
2026-08-18,INKL,91.5,93.97,95,91,126,30.3,909.16M,9.68M,3.87M,96.98K,40,,,,,,
2026-08-18,IPAK,37.45,37.72,37.8,37,38,21.02,27.73B,735.21M,220.56M,274.65K,30,1.51,3.81,7.22,2.17,9.91,
2026-08-18,IREIT,8.05,7.92,8.05,7.9,13.05,7.26,2.18B,275.86M,96.55M,219.04K,35,,,,,,
2026-08-18,ISIL,1861.94,1862.17,1899.97,1832.2,2370,1725.01,123.57B,66.36M,3.32M,65,5,0.27,62.5,3.31,4.46,29.79,0.45
2026-08-18,ISL,94,91.19,95.7,90.09,135,65.45,39.67B,435M,152.25M,1.34M,35,4.93,6.93,3.59,1.55,13.15,-3.25
2026-08-18,ITANZ,49.99,47.61,49.99,47.31,49.99,46.39,5.65B,118.6M,48.52M,3.72M,40.91,,,,,,
2026-08-18,ITTEFAQ,9.17,8.93,9.17,8.85,12.64,5.75,1.29B,144.34M,93.82M,1.17M,65,0,-3.91,-27.88,0.44,-2.29,
2026-08-18,JATM,68,61.62,68,61.62,75.72,14.61,776.49M,12.6M,1.89M,236.23K,15,,,,,,
2026-08-18,JDMT,162.25,158.75,168,158.75,199.89,60.1,1.1B,6.92M,2.07M,119.62K,30,,,,,,
2026-08-18,JDWS,890,888.55,897,860,999,780,51.34B,57.78M,8.67M,378,15,5.63,162.29,7.18,1.36,5.48,0.19
2026-08-18,JSML,60,59.28,60.5,58.6,147.5,45.61,2.02B,34.13M,13.65M,26.85K,40,0,3.91,1.36,0.22,15.17,0.78
2026-08-18,JVDC,147.97,142.82,147.97,142,163.9,65.15,54.39B,380.86M,190.43M,339.15K,50,3.5,10.67,38.34,1.96,13.39,-0.01
2026-08-18,KCL,159.5,145,159.5,141,195.69,115.02,2.11B,14.55M,10.91M,79.5,75,,,,,,
2026-08-18,KEL,7.5,7.26,7.51,7.24,9.58,4.91,200.49B,27.62B,2.76B,19.07M,10,0,0.42,2.19,1.74,17.41,
2026-08-18,KHYT,1999.9,2002.5,2060,1900,2689,1131.01,2.46B,1.23M,20.67K,71.75,1.68,,,,,,
2026-08-18,KOHC,99.48,96.66,99.48,96,567.99,74,88.86B,919.31M,229.83M,259.97K,25,0,10.62,25.96,1.61,9.1,0.32
2026-08-18,KOHE,16.25,15.82,16.44,15.77,23.49,12.33,2.68B,169.46M,67.78M,204.82K,40,0,3.94,15.83,0.59,4.01,-0.39
2026-08-18,KOHTM,117,116.51,119.86,113.5,210,40,2.42B,20.8M,6.24M,122.5K,30,1.72,14.85,3.65,0.5,7.85,0.19
2026-08-18,KPUS,930,909.48,957,900,2849.99,115.11,14.57B,16.02M,800.88K,3.52K,5,0,5.68,1.21,3.64,160.1,6.18
2026-08-18,KSBP,243,241.66,246.5,239,263.98,155.2,7.47B,30.9M,8.37M,60.55K,27.08,0.41,7.14,3.26,1.75,33.84,3.49
2026-08-18,KTML,42.2,41.58,42.55,41.3,305,37.02,55.99B,1.35B,269.3M,311.47K,20,0.96,14.77,13.86,0.6,2.82,0.09
2026-08-18,LCI,223,222.75,224.99,222.5,364,201.17,102.86B,461.8M,92.36M,82.78K,20,4.71,21.11,8.6,1.73,10.55,0.51
2026-08-18,LEUL,47.6,46.79,49.95,46.25,72.68,25.76,280.74M,6M,1.8M,68.12K,30,,,,,,
2026-08-18,LIVEN,35.03,35.04,35.6,34.69,74.4,27.82,3.96B,113.04M,11.3M,27.41K,10,,,,,,
2026-08-18,LOADS,13.75,13.27,13.75,13.2,22.6,10.93,4.93B,371.25M,185.62M,850.75K,50,0,1.07,4.28,0.94,12.43,-0.01
2026-08-18,LOTCHEM,27.54,26.98,27.6,26.85,34.3,18.41,40.85B,1.51B,378.55M,4.51M,25,24.09,3.1,5.49,2.02,8.71,-6.46
2026-08-18,LPGL,90.01,94.72,98.98,90,117.98,63.01,710.4M,7.5M,1.88M,12.33K,25,,,,,,
2026-08-18,LUCK,443.4,439.3,444,438,529.5,339,643.57B,1.47B,439.5M,949.95K,30,1.14,60.78,17.24,1.5,7.23,0.14
2026-08-18,MACFL,85,88.42,88.42,81.01,88.42,19.52,5.24B,59.3M,23.72M,2.39M,40,0.57,2.13,1.96,2.25,41.47,9.69
2026-08-18,MACTER,279,275.17,279.99,275,443.5,255.1,12.61B,45.81M,18.32M,9.7K,40,1.38,17.8,6.82,3.12,15.46,0.29
2026-08-18,MARI,678.99,667.32,678.99,666,795,544.56,801.2B,1.2B,240.12M,856.07K,20,4.05,72.36,45.33,2.48,9.22,0.4
2026-08-18,MEBL,585,567.49,585,565.16,605,387.5,1.03T,1.81B,450.14M,970.71K,24.91,5.2,51.25,19.32,3.48,11.07,
2026-08-18,MEHT,144.99,142.16,144.99,141,372,139.25,4.26B,30M,19.5M,205.06K,65,0,39.74,1.87,0.22,3.58,0.09
2026-08-18,MERIT,10.01,9.95,10.19,9.91,14.69,7.1,1.99B,199.96M,39.99M,226.59K,20,0,-1.75,-10.52,0.85,-5.69,0.01
2026-08-18,MFFL,190,187.1,190.2,185,237,139.66,4.28B,22.88M,3.85M,13.31K,16.82,,,,,,
2026-08-18,MFL,45.85,43.43,47.5,43.2,85.73,37.56,5.32B,122.4M,42.84M,1.36M,35,0,4.13,1.98,0.49,10.5,0.23
2026-08-18,MIRKS,32.31,32.56,33.5,32.25,44.5,22.28,2.17B,66.56M,29.95M,39.7K,45,0,-6.17,-3.48,0.87,-5.28,-0.11
2026-08-18,MLCF,101.45,99.41,101.74,98.75,132.99,71,104.14B,1.05B,471.4M,10.52M,45,0,11.34,13.96,1.25,8.77,0.21
2026-08-18,MQTM,28.9,27.4,29.1,26.51,49,17.97,505.04M,18.43M,4.61M,72.7K,25,0,-79.43,-17.35,1.59,-0.34,0.01
2026-08-18,MRNS,62.98,61.73,63.98,61.61,94.01,52.32,4.63B,74.93M,26.22M,79.34K,35,10.53,19.23,11.82,0.94,3.21,
2026-08-18,MSCL,25,23.76,25,23.75,46.53,12.05,736.03M,30.98M,7.74M,127.14K,25,,,,,,
2026-08-18,MTL,303,299.95,304,299.86,636.99,279,119.69B,399.03M,179.56M,121.32K,45,5.83,18.49,12.64,15.48,16.22,0.95
2026-08-18,MUGHAL,80.95,79.38,80.95,79.01,113.99,59,26.64B,335.63M,117.47M,577.52K,35,0,6.37,2.8,0.88,12.46,0.86
2026-08-18,MWMP,56.2,56.18,59.47,54,170.95,36,1.62B,28.75M,7.19M,52.07K,25,,,,,,
2026-08-18,NATM,94.15,89.42,94.15,94.15,94.15,77,1.9B,21.27M,1.06M,1,5,0,-53.59,-51.27,0.87,-1.67,0.05
2026-08-18,NESTLE,7520.15,7512.31,7550,7500,8700,7000,340.68B,45.35M,4.53M,445.5,10,7.28,370.4,8.2,17.35,20.28,1.47
2026-08-18,NETSOL,122,120.91,124,120.2,164.59,87.66,10.86B,89.84M,26.95M,115.26K,30,0,32.29,21.96,0.86,3.74,0.09
2026-08-18,NML,150,146.85,150.3,145.99,208.4,120,51.63B,351.6M,158.22M,1.88M,45,1.36,33.41,5.75,0.3,4.39,1.56
2026-08-18,NONS,85.21,85.03,88,84,157.1,70.02,1.4B,16.52M,3.3M,8.54K,20,4.7,18.72,2.44,0.74,4.54,0.71
2026-08-18,NRL,528.75,511.16,545.9,508.03,547.9,243.12,40.88B,79.97M,26.31M,4.61M,32.91,0,108.68,2.33,0.69,4.7,0.01
2026-08-18,NRSL,38.66,36.95,40,36.3,40,20.6,5.22B,141.32M,42.4M,1.19M,30,0,2.09,2.61,1.43,17.65,1.66
2026-08-18,NSRM,241.99,242.22,241.99,225.4,362.31,84.01,3.77B,15.55M,777.66K,525.5,5,0,6.79,4.51,2.35,35.69,0.2
2026-08-18,OCTOPUS,31.71,31.31,31.96,31.3,56.55,24.35,4.95B,158.22M,47.18M,114.14K,29.82,,,,,,
2026-08-18,OGDC,319.8,314.95,320,314,352,238.2,1.35T,4.3B,645.14M,3.51M,15,5.08,36.17,39.85,0.96,8.71,0.76
2026-08-18,OLPM,24.85,25.02,25.19,24.85,25.98,19,1.14B,45.38M,34.04M,22.01K,75,9.99,3.44,9.88,0.85,7.28,-1.82
2026-08-18,OML,100,99.43,103.9,96,187.24,25.8,1.19B,12M,1.2M,39.81K,10,,,,,,
2026-08-18,ORM,11.55,11.19,11.55,11.03,16.79,9.2,839.25M,75M,26.25M,152.35K,35,,,,,,
2026-08-18,OTSU,419.61,410.09,419.61,405,447.94,254.95,4.96B,12.1M,3.02M,15.17K,25,0,28.78,8.39,4.61,14.25,1.91
2026-08-18,PAEL,42.82,41.99,42.82,41.92,64.6,32.01,38.78B,923.65M,508.01M,2.98M,55,0,4.46,5.86,0.77,9.41,0.33
2026-08-18,PAKD,132.99,132.02,141.96,128,224.98,85.01,1.57B,11.86M,5.06M,85.81K,42.63,,,,,,
2026-08-18,PAKOXY,292,285.33,292,281,356.68,218.01,24.86B,87.12M,21.78M,14.12K,25,0,22.58,14.35,2,12.63,0.15
2026-08-18,PAKQATAR,21.15,20.71,21.15,20.61,29.4,15.24,4.78B,230.71M,80.75M,320.29K,35,,,,,,
2026-08-18,PIBTL,16.75,16.77,17.3,16.64,22.97,10.18,29.95B,1.79B,803.74M,13.16M,45,0,1.18,14.81,1.7,14.22,7.88
2026-08-18,PICT,52.9,51.18,52.9,51,61.5,23.65,5.59B,109.15M,21.83M,332.7K,20,0,-1.17,-1281.2,4.12,-43.6,2.13
2026-08-18,PIM,29.16,29.16,29.16,27.95,31.33,16.16,583.2M,20M,1M,28.24K,5,,,,,,
2026-08-18,PIOC,272.98,268.67,273,268.3,427.5,200.01,61.03B,227.15M,34.07M,124.94K,15,3.72,29.03,17.09,1.23,9.25,0.15
2026-08-18,PKGS,778,779.59,783.99,778,855,621.25,69.68B,89.38M,17.88M,2.92K,20,2.05,-9.43,-0.43,1.06,-82.67,-3.51
2026-08-18,PMRS,496.95,482.86,496.95,460.07,835,276.45,1.81B,3.75M,387.66K,1.69K,10.34,0,-226.21,-2.28,0.39,-2.13,-0.06
2026-08-18,POML,167.74,156.43,167.74,152.56,220,113.11,1.21B,7.76M,3.11M,12.2K,40,,,,,,
2026-08-18,POWER,22.42,21.8,22.59,21.5,24.26,14.71,28.13B,1.29B,452.11M,682.46K,35.03,0,2.24,8.78,1.19,9.73,0.16
2026-08-18,PPL,238.9,233.06,239.3,232,284.6,175.8,634.15B,2.72B,669.51M,8.18M,24.61,3.65,28.99,33.84,0.85,8.04,
2026-08-18,PPP,157,144.25,161.9,142,185.99,91,1.15B,8M,4M,155.76K,50,3.47,17.67,7.84,0.63,8.16,0.35
2026-08-18,PQGTL,14.83,14.27,14.83,14.16,19.8,10.25,1.44B,101.11M,40.44M,123.63K,40,,,,,,
2026-08-18,PREMA,40.75,40.78,44,40.15,56.38,23,8.92B,218.64M,65.59M,10.88M,30,0,2.73,9.01,1.47,14.91,0.32
2026-08-18,PRL,86,85.38,91.79,81.1,91.79,23.2,53.79B,630M,227.29M,24.96M,36.08,0,25.05,4.5,1.26,3.41,0.02
2026-08-18,PSEL,939.8,919.16,939.8,918.01,1635,799,29.89B,32.52M,30.82M,687.25,94.76,0,5.58,1.22,0.66,164.71,5.65
2026-08-18,PSO,382,376.11,390.98,373.05,506.75,320.11,176.57B,469.47M,234.74M,11.36M,50,2.66,92.73,1.35,0.61,4.06,0.03
2026-08-18,PSYL,138.49,129,138.5,129,158,52.26,17.89B,138.7M,6.93M,912.5,5,0,3.38,3.07,3.56,38.12,1.06
2026-08-18,PTL,53.99,52.94,53.99,52.45,65.88,46.4,8.89B,168M,42M,16.04K,25,7.41,6.4,3.09,1.12,8.44,
2026-08-18,QTECH,45,42.98,45,42.3,57.8,23.1,5.23B,121.58M,30.39M,1.05M,25,,,,,,
2026-08-18,QUICE,33.16,32,33.25,30.51,46.06,8,3.15B,98.46M,68.92M,111.96K,70,,,,,,
2026-08-18,REDCO,31.52,30.23,33,30,40.4,14.9,1.49B,49.29M,2.46M,8.99K,5,,,,,,
2026-08-18,REWM,164,172.53,176.33,164,244.05,96.02,5.32B,30.81M,10.78M,139.67,35,,,,,,
2026-08-18,RMPL,9285,9263.67,9293,9222.25,13565.64,8500,85.56B,9.24M,461.82K,28.75,5,5.12,715.93,9.02,2.74,12.94,3.22
2026-08-18,RPL,17.22,16.65,17.22,16.6,25.05,12,2.36B,141.9M,44.42M,309.36K,31.3,0,0.13,0.16,0.27,132.14,-36.21
2026-08-18,RUPL,38,33.78,38,33,42.79,23.11,1.15B,34.07M,10.22M,259.22K,30,0,-20.94,-21.91,0.2,-1.61,0.04
2026-08-18,SANSM,132,130,132,126,148.99,52.22,1.55B,11.95M,6.57M,388.5,55,0,16.24,3.1,0.48,8,0.07
2026-08-18,SAPT,1420.01,1364.97,1450,1315,1606,1164,29.61B,21.69M,2.17M,59,10,0.73,387.04,5.77,0.36,3.53,0.24
2026-08-18,SARC,93.95,88.63,93.95,88.58,120.32,46.68,531.78M,6M,2.7M,5.65K,45,,,,,,
2026-08-18,SASML,376.97,360.49,376.97,355.02,469.49,164.2,3.76B,10.43M,2.61M,359.5,25,0.55,-13.78,-3.02,1.51,-26.41,-13.75
2026-08-18,SAZEW,1817,1779.13,1817,1755,2487,1456,107.54B,60.45M,21.16M,145.55K,35,3.93,303.75,12.89,3.02,5.86,0
2026-08-18,SCL,750,750.07,750,750,1125,316,2.93B,3.9M,195K,0,5,0,-53.91,-8.05,9.44,-13.91,1.05
2026-08-18,SEARL,90.48,89.52,91.63,89.11,137.44,76.37,52.66B,588.22M,294.11M,1.12M,50,0,2.04,6.01,1.53,43.96,180.44
2026-08-18,SEL,30.15,28.53,30.15,27.05,45.56,11.25,544.69M,19.09M,10.5M,10.74K,55,,,,,,
2026-08-18,SELECT,30.08,29,30.62,28.4,33.6,26.02,25.78B,888.89M,88.89M,2.98M,10,,,,,,
2026-08-18,SERT,58.37,47.75,58.37,47.75,84.49,20.65,658.36M,13.79M,2.07M,328.9K,15,,,,,,
2026-08-18,SGF,118,118.45,122,118,141.89,71.51,24.46B,206.47M,51.62M,324.23K,25,1.69,11.16,12.03,2.76,10.62,
2026-08-18,SGPL,67.5,63.5,69.8,61.75,129.07,9.52,1.13B,17.83M,16.05M,1.31M,90,,,,,,
2026-08-18,SHCM,62.75,59.2,62.75,58.2,96.58,30.52,1.04B,17.64M,1.76M,16.62K,10,,,,,,
2026-08-18,SHDT,58.24,57.26,59.94,56.5,74.81,36.46,1.31B,22.85M,8M,241.43K,35,,,,,,
2026-08-18,SHFA,499.19,486.9,506,485,615.28,424.13,30.78B,63.21M,28.45M,108.65K,45,1.03,41.05,8.72,1.86,11.86,0.24
2026-08-18,SHSML,379.54,388.8,379.54,379.54,549,326,8.21B,21.12M,7.39M,953.5,35,5.14,36.69,3.58,0.63,10.6,0.4
2026-08-18,SIEM,1516.25,1516.85,1539.99,1516.25,1740,1335,12.51B,8.25M,412.35K,62.5,5,0,4.55,0.48,2.03,333.21,-17.37
2026-08-18,SINDM,25.1,24.07,25.1,23.81,41.25,13.51,1.08B,45M,4.5M,22.78K,10,,,,,,
2026-08-18,SITC,793.5,788.63,810,770.02,1060,555.32,16.9B,21.43M,6.43M,4K,30,1.39,65.36,4.3,0.85,12.07,0.73
2026-08-18,SLGL,15.96,15.68,15.96,15.62,26.5,13,6.61B,421.79M,126.54M,3.95M,30,,,,,,
2026-08-18,SLM,24.29,24.05,24.29,24,26.25,21.95,187.46B,7.79B,779.48M,10.18M,10,,,,,,
2026-08-18,SMCPL,41.3,40.73,41.3,40.51,57.3,25,1.02B,25M,7.5M,19.07K,30,,,,,,
2026-08-18,SNAI,38.25,38.58,40.59,38.05,43.9,25,770.25M,19.96M,6.99M,129.7K,35,0,6.54,5.84,1.08,5.89,-0.6
2026-08-18,SNGP,105.6,103.84,108.25,103.05,142.6,83.2,65.86B,634.22M,253.69M,5.91M,40,2.89,22.94,1.17,0.84,4.53,-0.82
2026-08-18,SPEL,49.5,46.12,49.5,46,83.5,32.91,9.21B,199.74M,39.95M,1.47M,20,2.6,6.37,13,1.37,7.24,0.17
2026-08-18,SPSL,17.14,16.7,17.39,16.65,23.45,16.15,28.05B,1.68B,335.98M,5.39M,20,,,,,,
2026-08-18,SRR,16.05,16.17,16.3,16.04,21,15.26,533.61M,33M,13.2M,699.06K,40,,,,,,
2026-08-18,SRVI,2230,2227.89,2274.89,2189,2464,1170,104.68B,46.99M,23.49M,44.97K,50,0.79,223.93,6.65,3.99,9.95,0.1
2026-08-18,SSGC,28.49,28.68,30.1,28.15,46.23,19.02,25.26B,880.92M,336.86M,22.85M,38.24,1.74,-2.87,-0.65,1.92,-10.01,88
2026-08-18,SSOM,455,450,459.65,448,779.12,351.1,2.55B,5.66M,1.4M,11.18K,24.69,,,,,,
2026-08-18,STCL,10.83,10.81,11.05,10.75,19.4,8.55,2.59B,239.32M,131.63M,132.66K,55,0,-4.03,-8,1.48,-2.68,0.13
2026-08-18,STJT,155.93,149,155.93,142,162,70,1.44B,9.66M,1.45M,358.5,15,3.69,27.72,4.42,0.58,5.38,0.49
2026-08-18,STL,29.7,28.19,29.7,28,2231.81,28,3.03B,107.62M,43.05M,1.12M,40,,,,,,
2026-08-18,STML,56,51.51,56,50,70.38,22.8,445.05M,8.64M,2.59M,5.8K,30,0,-6.99,-1.76,0.58,-7.36,0.58
2026-08-18,STYLERS,50.25,49.47,50.25,49,56.49,36,24.18B,488.83M,24.44M,4.11K,5,2.99,2.28,5.99,1.8,22.08,
2026-08-18,SURC,151.5,150.5,154,150.02,181,88,7.35B,48.81M,9.76M,15.36K,20,3.32,29.17,5.06,0.51,5.16,0.88
2026-08-18,SYM,13.1,12.8,13.42,12.75,17.04,9.01,3.65B,285.25M,156.89M,3.52M,55,,,,,,
2026-08-18,SYS,130.5,128.77,131.4,128.41,174.4,105.98,189.73B,1.47B,957.71M,1.18M,65,1.55,7.86,13.4,3.07,16.37,0.21
2026-08-18,SZTM,95,95.98,104.94,92.01,127.25,36,1.72B,17.97M,1.8M,58.7K,10,,,,,,
2026-08-18,TATM,182,180.89,185,178,276,82,10.13B,55.99M,11.2M,983.84K,20,,,,,,
2026-08-18,TCORP,19.9,19.45,19.9,18.91,31.87,15.62,1.59B,82M,24.6M,114.18K,30,0,1.62,1.24,0.42,12.01,-0.73
2026-08-18,TELE,8.5,8.28,8.51,8.23,14.09,6.22,2.8B,338.62M,326M,1.41M,96.27,0,0.51,1.67,0.65,16.7,0.67
2026-08-18,TGL,189.9,183.5,190,182.17,291.5,128,31.59B,172.17M,68.87M,162.38K,40,3.81,24.49,13.38,1.29,7.49,0.25
2026-08-18,THCCL,77.26,75.7,78.75,75.32,103.5,43.05,37.74B,498.59M,174.51M,14.51M,35,0,7.24,24.4,3.71,10.46,0.06
2026-08-18,TICL,1449.98,1410.6,1449.98,1350,1520,541,21.19B,15.02M,226.46K,1.69K,1.51,0.71,107.5,4.88,1.71,13.12,1.46
2026-08-18,TOMCL,40.5,38.89,40.8,38.64,75.85,28.3,7.64B,196.34M,107.99M,2.48M,55,0,1.84,2.74,1.16,21.14,2.31
2026-08-18,TOWL,126,127.95,128.99,126,195.95,92.5,2.18B,17M,3.4M,34.81K,20,,,,,,
2026-08-18,TPLRF1,9.86,9.88,10.07,9.79,18.39,7.5,18.13B,1.83B,1.38B,5.26M,75,,,,,,
2026-08-18,TREET,24.49,24.02,24.69,23.9,37,19.55,8.91B,371.03M,185.51M,3.38M,50,0,1.29,1.81,1.1,18.55,0.52
2026-08-18,TRSM,18.9,18.64,19.35,18.5,71.65,8,555.47M,29.8M,23.84M,2.14M,80,,,,,,
2026-08-18,UBDL,26.7,28.61,28.61,26.06,34.5,20.01,2.63B,91.8M,4.59M,153.04K,5,,,,,,
2026-08-18,UDLI,18.98,18.67,19.1,18.52,25.5,8.95,655.7M,35.12M,14.05M,497.33K,40,,,,,,
2026-08-18,UDPL,119.19,120.7,120.93,119.19,168.99,75.05,4.26B,35.27M,5.29M,5.48K,15,,,,,,
2026-08-18,UNITY,11.5,11.11,11.5,11.08,30.42,7.51,13.27B,1.19B,537.32M,13.83M,45,0,1.6,2.34,0.71,6.95,0.12
2026-08-18,UPFL,25297,25198.09,25297,24956,34150,22562.78,160.51B,6.37M,521.22K,65.25,8.18,5.78,1001.9,14.74,18.94,25.15,1.02
2026-08-18,WAFI,189,186.47,191.9,185.51,260,165,39.91B,214.02M,32.1M,420.1K,15,,,,,,
2026-08-18,WAHDAT,16,15.9,16.24,15.82,21.78,15.45,5.33B,335.22M,83.81M,329.3K,25,,,,,,
2026-08-18,WAHN,283.55,284.78,286.49,283.55,435,225.23,2.56B,9M,3.15M,4.44K,35,3.51,51.77,9.43,0.89,5.5,0.34
2026-08-18,WASL,6.74,6.41,6.74,6.38,6.9,6.38,1.03B,160.72M,96.43M,3.95M,60,,,,,,
2026-08-18,WAVES,10.33,10.14,10.38,10.1,16.95,8.26,2.85B,281.41M,196.98M,1.17M,70,0,1,5.91,0.29,10.09,-2.1
2026-08-18,ZAHID,73.99,70.14,73.99,69,102.51,32.69,13.43B,191.42M,5.94M,31K,3.11,0,7.93,3.96,0.61,8.84,0.65
2026-08-18,ZAL,42.49,40.29,42.49,40.07,79.5,27.9,10.58B,262.5M,65.62M,464.71K,25,,,,,,
2026-08-18,ZIL,357.98,350.95,357.98,351,722,300,2.15B,6.12M,306.13K,261.25,5,,,,,,
2026-08-18,ZTL,19,18.67,19.34,18.6,24.48,9.75,1.11B,59.43M,14.86M,201.54K,25,0,-0.82,-0.65,0.45,-22.82,3
2026-08-19,ABOT,900,900,913.98,899,1304,821,88.11B,97.9M,21.17M,30.81K,21.63,4.44,84.85,10.97,2.62,10.61,0.59
2026-08-19,ACPL,225,229,229.4,220.18,325.01,205,31.47B,137.43M,13.74M,57.55K,10,0.44,20.97,6.74,1.32,10.92,0.79
2026-08-19,ADAMS,67.72,66,70,63,90.98,57.25,1.14B,17.29M,3.46M,15.43K,20,6.06,-5.93,-1.01,0.19,-11.13,1.13
2026-08-19,AGIL,152,151.11,152,150,198,121.2,5.44B,36M,21.6M,10.09K,60,1.16,24.75,5.37,0.81,6.11,0.46
2026-08-19,AGP,180,181.27,185.99,180,258.67,163,50.76B,280M,84M,568.36K,30,4.41,13.41,13.14,3.11,13.52,0.24
2026-08-19,AGTL,364.89,361.3,364.89,359.5,497,288,20.94B,57.96M,3.67M,8.84K,6.34,0,35.36,8.63,1.87,10.22,1.23
2026-08-19,AHTM,95,96.96,96.96,95,134.15,60,821.4M,8.47M,1.27M,2K,15,1.55,12.65,2.07,0.34,7.66,-2.64
2026-08-19,AIRLINK,132.71,133.93,136,132.71,199,118,52.94B,395.27M,118.58M,407.81K,30,6.72,14.02,6.35,2.89,9.55,
2026-08-19,AKGL,91,86.8,103.97,86.59,103.97,48.01,868M,10M,1M,28K,10,,,,,,
2026-08-19,ALNRS,129.88,126.68,130.87,122.01,144,82,2.59B,20.47M,4.09M,274.25,20,3.16,8.19,0.99,0.37,15.47,-5.73
2026-08-19,ANL,10.11,10.11,10.21,10.01,13.7,8.01,4.91B,485.41M,242.7M,281.77K,50,0,1.6,1.96,0.32,6.31,0.39
2026-08-19,ANTM,62,66.08,66.53,58.6,66.53,20.81,638.33M,9.66M,1.45M,61.62K,15,,,,,,
2026-08-19,ARCTM,60.5,62.81,62.81,58.11,62.81,24.14,827.51M,13.17M,2.7M,244.35K,20.52,,,,,,
2026-08-19,ARPL,428.88,431.48,433,424.01,490,325,14.91B,34.56M,8.64M,12.74K,25,6.95,46.47,5.66,2.76,9.28,64.07
2026-08-19,ASHT,43.95,43.95,43.95,43.95,70,13.64,2.05B,46.57M,2.33M,69.54K,5,,,,,,
2026-08-19,ASL,14.99,15.29,16,14.6,16,8.51,14.23B,930.78M,279.24M,14.37M,30,0,0.07,0.28,1.42,219.68,-16.57
2026-08-19,ASTM,120.46,120.46,120.46,120.46,120.46,12,1.83B,15.18M,2.28M,170.11K,15,,,,,,
2026-08-19,ATBA,204.6,203.08,205.5,203,290,169.02,7.11B,35.02M,8.75M,16.63K,25,0,2.24,0.23,0.9,90.8,443.2
2026-08-19,ATRL,1116,1064.03,1124,1055,1199,597.1,113.44B,106.62M,42.65M,1.46M,40,0.7,180.56,6.62,0.66,5.89,-0.01
2026-08-19,AVN,33,32.78,33.25,32.57,54.3,26.5,14.08B,429.67M,150.38M,890.85K,35,3.05,1.02,2.52,0.94,32.13,-11.88
2026-08-19,AWTX,1744.6,1586,1744.6,1744.6,1744.6,1270,1.27B,800K,4.5K,1,0.56,0,9.84,0.15,1.01,161.26,-19.84
2026-08-19,BAFS,508,517.54,539.99,506,647,181.01,4.89B,9.45M,472.5K,1.26K,5,0.39,-11.24,-2.1,2.7,-46.04,-28.5
2026-08-19,BATA,899,897.79,900.01,890,1749.99,875,6.79B,7.56M,1.79M,825.25,23.67,0,-368,-15.26,2.25,-2.44,0.11
2026-08-19,BBFL,42.44,42.12,43.15,42,57.35,34,12.59B,298.91M,115.24M,2.63M,38.55,,,,,,
2026-08-19,BCL,71,71.56,72.99,71,115.25,56.02,820.97M,11.47M,6.31M,13.31K,55,0,-1.36,-1.1,2.58,-52.78,4.13
2026-08-19,BECO,5.01,5.02,5.08,4.95,73.6,3.9,6.27B,1.25B,437.37M,38.18M,35,,,,,,
2026-08-19,BERG,171.25,171.25,171.25,163.55,171.25,80.65,4.2B,24.55M,9.82M,1.43M,40,2.92,12.44,3.37,1.1,13.76,
2026-08-19,BFAGRO,33.4,33.09,33.45,33,49.25,29.03,10.26B,309.99M,77.5M,144.11K,25,,,,,,
2026-08-19,BFBIO,132.6,138.2,142.5,132,189.97,124,12.21B,88.33M,26.5M,552.97K,30,,,,,,
2026-08-19,BFMOD,22.98,22.32,22.98,22,38.84,12.16,167.74M,7.52M,2.63M,28.31K,35,,,,,,
2026-08-19,BHAT,802.3,806.13,823,802,1040,726.06,2.45B,3.04M,152.05K,64.75,5,0,30.09,0.28,0.23,26.79,3.76
2026-08-19,BIFO,126.06,132.41,134.5,126,196.5,79.1,6.14B,46.38M,16.23M,385.02K,35,5.66,9.41,12.78,1.88,14.07,0.65
2026-08-19,BIPL,27.16,27.66,29.2,27.15,44.1,23.6,30.67B,1.11B,166.31M,1.64M,15,9.94,3.87,5.45,0.66,7.14,
2026-08-19,BLUEX,6.65,7.21,7.3,6.65,80.85,4.9,2.05B,284.28M,113.71M,3.81M,40,,,,,,
2026-08-19,BNL,6.31,6.24,6.4,6.2,170.73,6.01,4.17B,668.05M,434.23M,2.08M,65,0,0.67,5.69,1.42,9.35,0.57
2026-08-19,BNWM,67.8,69.91,72.89,65.59,83.15,50,664.58M,9.51M,4.75M,21.79K,50,0,-9.58,-7,0.2,-7.29,-0.32
2026-08-19,BPL,53,52.84,53,52.1,80.97,20.01,1.19B,22.49M,6.75M,12.18K,30,,,,,,
2026-08-19,BRRG,45.77,46.19,48.47,45.77,53.77,28,4.39B,95.01M,47.5M,51.48K,50,,,,,,
2026-08-19,BTL,955,954.85,974,950,1580,275.01,6.14B,6.43M,321.6K,66.75,5,0,-35.67,-0.77,0.81,-26.77,
2026-08-19,BUXL,447.26,447.26,447.26,447.26,447.26,133.02,644.05M,1.44M,576K,40.78K,40,0,-17.12,-4.42,3.95,-26.12,0.29
2026-08-19,BWHL,225.58,235.07,238,225.58,257.92,168.13,3.13B,13.33M,7.33M,14.15K,55,7.23,29.35,14.67,1.32,8.01,0.06
2026-08-19,CCM,50.5,50.06,52.29,49.5,68.88,34.4,1.13B,22.66M,10.2M,7.04K,45,0,2.96,-0.18,0.16,16.9,-0.87
2026-08-19,CEPB,28,28.33,29.3,27.71,46.7,24.59,11.38B,401.71M,120.51M,1.75M,30,0,-0.15,-0.15,0.85,-188.87,12.45
2026-08-19,CFL,67.64,65.31,67.64,61.49,94.01,46,811.01M,12.42M,3.73M,1.05K,30,0,-49.59,-18.39,0.21,-1.32,0.04
2026-08-19,CHAS,91.98,85.02,93.98,83.61,160.49,56.01,2.44B,28.69M,4.3M,11.22K,15,0,-57.51,-5.08,0.24,-1.48,-0.13
2026-08-19,CHCC,315,308.38,318,307,390,225,59.92B,194.3M,116.58M,208.21K,60,1.78,37.91,19.73,1.6,8.13,0.31
2026-08-19,CLOV,7.1,6.93,7.1,6.9,88.64,6.59,2.7B,389.29M,214.11M,9.63M,55,0,0.61,4.44,3.7,11.35,-0.28
2026-08-19,CNERGY,14.65,14.01,14.9,13.6,15.75,5.87,76.96B,5.49B,1.37B,252.13M,25,0,2.78,4.49,0.34,5.04,0.09
2026-08-19,COLG,1230.01,1218.81,1230.01,1217.2,1320,1050,295.89B,242.77M,24.28M,9.14K,10,5.25,76.74,14.88,7.11,15.88,0.34
2026-08-19,CPHL,72.87,72.04,73.14,71.91,104.25,69.25,16.46B,228.46M,114.23M,1.18M,50,4.86,4.8,7.92,1.5,15.01,
2026-08-19,CPPL,111.99,112.5,116.49,105.5,125.5,64.79,5.52B,49.1M,29.46M,1.32M,60,2.67,1.5,0.52,0.64,75.03,-5.7
2026-08-19,CRTM,73.8,72.15,73.8,72,96.5,16.6,7.21B,100M,60M,19.12K,60,0,1.31,0.69,0.56,55.17,-7.48
2026-08-19,CSAP,104.03,104.85,107,104.03,143.5,78.25,8.14B,77.63M,34.93M,451.04K,45,5.25,19.74,17.22,0.83,5.31,0.76
2026-08-19,DAAG,85,82.19,86,81.96,120.25,52,328.76M,4M,970.7K,5.23K,24.27,,,,,,
2026-08-19,DADX,90,88.01,90,87.03,121.88,42.75,947.34M,10.76M,538.2K,1.07K,5,0,-30.29,-37.21,3.66,-2.91,0.05
2026-08-19,DCL,10.7,10.45,10.89,10.31,16.31,6.61,5.69B,544.11M,190.44M,1.18M,35,0,-2.37,-4.8,0.23,-4.41,0.04
2026-08-19,DCR,38.8,38.88,38.98,38.68,41.8,30,86.46B,2.22B,555.92M,256.07K,25,6.64,2.31,78.71,1.14,16.82,
2026-08-19,DFSM,15.47,14.94,15.47,14.81,35.24,3.75,1.46B,97.75M,34.21M,601.63K,35,,,,,,
2026-08-19,DGKC,210,213.69,215,209,275.75,145.1,93.62B,438.12M,219.06M,3.63M,50,0.94,27.64,14.23,0.84,7.73,0.26
2026-08-19,DINT,63.13,62,64.3,62,96,41.36,3.25B,52.47M,7.87M,4.28K,15,0,-3.91,-0.63,0.47,-15.84,-1.66
2026-08-19,DMC,184,183.15,184,178,351.9,43.36,559.05M,3.05M,915.73K,267,30,,,,,,
2026-08-19,DNCC,17.57,17.78,18.2,17.17,28.07,14,5.62B,316.36M,94.91M,284.53K,30,0,-0.39,-1.76,2.71,-45.24,-0.3
2026-08-19,DOL,30.5,29.98,30.84,29.89,41,25.36,5.25B,175.03M,52.51M,77.34K,30,13.34,2.55,8.79,1.75,11.77,-3.98
2026-08-19,DYNO,347,339.64,347,342,366.9,254.3,6.41B,18.87M,12.27M,586.5,65,4.78,55.14,7.33,1.18,6.16,0.68
2026-08-19,ECOP,48.6,48.93,50.09,48.6,78.25,33.82,2.36B,48.26M,36.19M,121.2K,75,4.09,7.67,5.37,1.3,6.38,0.15
2026-08-19,EFERT,185.8,185.38,185.99,184,263.3,180.15,247.54B,1.34B,600.88M,856.61K,45,6.61,15.94,9.36,5.64,11.63,-1.66
2026-08-19,ELCM,213,206.26,217.98,193.02,343.44,126.01,268.14M,1.3M,260K,465.25,20,0,-24.15,-3.34,3.95,-8.54,0.14
2026-08-19,ELSM,142.3,142.3,142.3,142.3,170,99,1.56B,10.95M,3.29M,192.25,30,2.81,3.97,0.28,0.36,35.81,-32.31
2026-08-19,EMCO,51.98,49.31,54.2,49.01,80.55,31.29,1.73B,35M,10.5M,56.46K,30,,,,,,
2026-08-19,ENGROH,268,265.01,269,264,302.5,209,319.13B,1.2B,903.17M,1.71M,75,0,53.18,10.18,,4.98,0.3
2026-08-19,EPCL,34,33.33,34.2,33.28,39.32,27.01,30.29B,908.92M,227.23M,821.25K,25,0,-2.97,-3.28,1.46,-11.21,1.04
2026-08-19,EPQL,24.83,24.78,25.01,24.52,34.98,22.3,8.02B,323.8M,161.9M,291.37K,50,11.1,2.23,5.69,0.69,11.11,-3.97
2026-08-19,EXIDE,477.09,471.81,477.2,470,769,365,3.67B,7.77M,1.94M,3.1K,25,1.06,43.18,1.88,0.48,10.93,
2026-08-19,FABL,97.6,97.06,97.6,96.91,106,73.5,147.31B,1.52B,531.19M,518.34K,35,6.7,15.03,11.28,1.25,6.46,
2026-08-19,FANM,8.1,8,8.34,7.66,10.83,4.25,184.8M,23.1M,11.55M,188.44K,50,,,,,,
2026-08-19,FASM,348.48,331,363,331,425,240.02,3.31B,10M,1M,273,10,0,-52.85,-1.19,0.31,-6.26,-1.62
2026-08-19,FATIMA,160,161.25,166.5,160,192.8,116.06,338.62B,2.1B,315M,1.13M,15,5.89,17.58,13.62,1.96,9.17,0.26
2026-08-19,FCCL,55.26,55.74,56.37,55.25,62.84,36.26,136.72B,2.45B,858.5M,4.43M,35,2.69,5.99,16.04,1.49,9.3,0.08
2026-08-19,FCEPL,128.9,126.51,129,125.5,133.25,63.86,96.98B,766.6M,76.66M,1.52M,10,2.77,4.51,3.23,5.15,28.06,0.82
2026-08-19,FCL,28.74,28.79,29.75,28.25,29.75,19.65,18.56B,644.58M,161.14M,12.95M,25,,,,,,
2026-08-19,FECM,22.5,22.41,23,20.66,57.06,11.75,254.13M,11.34M,8.51M,23.78K,75,,,,,,
2026-08-19,FECTC,107,107.92,110.19,107,195.75,72,5.41B,50.16M,12.54M,766.97K,25,1.85,14,5.6,1.07,7.71,-0.06
2026-08-19,FEM,10.85,10.74,11.1,10.6,17.7,5.87,563.21M,52.44M,36.71M,44.47K,70,,,,,,
2026-08-19,FEROZ,370,364.11,373,360,475,293.01,15.83B,43.47M,17.39M,12.63K,40,1.1,21.66,4.15,1.22,16.81,0.75
2026-08-19,FFC,548,542.89,550,541.07,685,425,781.23B,1.44B,791.46M,891.66K,55,7.55,61.43,16.53,2.85,8.84,0.13
2026-08-19,FFL,16.12,16.08,16.3,16.04,23.93,14,40.52B,2.52B,503.99M,3.36M,20,0,0.39,3.18,3.6,41.64,0.02
2026-08-19,FFLM,13.9,13.05,13.95,12.93,27.23,4.4,344.7M,26.41M,17.17M,146.47K,65,,,,,,
2026-08-19,FHAM,32.8,32.73,32.99,32,39.49,27,3.63B,110.83M,94.21M,40.14K,85,6.87,6.75,15.08,0.58,4.85,0.12
2026-08-19,FIBLM,14.09,15.82,15.82,14.09,22.24,7.55,343.1M,21.69M,10.84M,332.11K,50,0,0.94,43.94,1.37,16.89,0.45
2026-08-19,FIMM,234,219.15,234,201.25,397.69,173.39,657.45M,3M,900K,60,30,,,,,,
2026-08-19,FLYNG,42.95,42.3,43.09,41.85,61,38.51,29.39B,694.8M,104.22M,35.86K,15,0,1.29,5.99,2.28,32.75,0.12
2026-08-19,FML,52.82,52.55,55,52,86,34.05,20.99B,399.41M,39.94M,56.05K,10,0,0.46,0.27,0.62,114.12,-24.27
2026-08-19,FPJM,12.6,13.33,13.33,12.3,14.99,4.23,453.49M,34.02M,13.61M,1.57M,40,0,-3.22,-38.72,-0.98,-4.14,0.56
2026-08-19,FPRM,11.3,11.31,11.4,11.12,16.99,9.51,155.95M,13.79M,6.2M,29.55K,45,,,,,,
2026-08-19,FRCL,100,92.11,100,92.11,118.45,40.02,3.49B,37.87M,1.89M,1.53K,5,,,,,,
2026-08-19,FRSM,42.72,42.72,43.49,42.33,63.48,34.22,1.69B,39.51M,11.85M,2.73K,30,0,10.06,3.35,0.77,4.25,0.01
2026-08-19,FTMM,17.01,17.09,17.1,17.01,23.75,11.14,3.34B,195.6M,9.78M,7.8K,5,8.78,0.5,2.47,1.2,34.48,-1.54
2026-08-19,FTSM,58.95,59.16,61.89,54,61.89,11.52,1.25B,21.16M,8.47M,246K,40,,,,,,
2026-08-19,FZCM,269,256.06,269,256.01,333.39,185.52,7.68B,30M,3M,3.17K,10,0,3.02,0.1,0.16,84.86,41.64
2026-08-19,GADT,320,323.49,327,319.01,455,215,9.07B,28.03M,8.41M,25.65K,30,1.55,93.78,3.49,0.34,3.45,0.29
2026-08-19,GAL,634.51,621.98,640,618,672.97,291,35.45B,57M,22.8M,905.86K,40,1.61,117.24,12.52,1.85,5.31,0
2026-08-19,GATI,95.6,100.54,107.55,95.55,139,62.55,10.93B,108.73M,16.31M,408.73K,15,0,-10.67,-4.01,0.92,-9.43,-6.83
2026-08-19,GATM,25.65,25.07,25.88,24.99,40.7,16.5,18.55B,740.06M,185.01M,1.43M,25,0,2.72,1.18,0.36,9.23,0.79
2026-08-19,GCIL,36,35.47,36.34,35.3,40.6,24.95,20.23B,570.45M,228.18M,3.8M,40,0,5.27,33.37,,6.73,
2026-08-19,GCWL,16.14,16.08,16.19,15.8,25.15,12.48,4.02B,250.14M,111.05M,565.61K,44.39,,,,,,
2026-08-19,GDL,17.59,17.25,17.69,17.21,33,16.9,7.4B,429.2M,107.3M,879.42K,25,,,,,,
2026-08-19,GEMBCEM,11.1,12.3,12.3,11.1,14.5,9.64,1.23B,100M,25M,2.51K,25,,,,,,
2026-08-19,GEMMEL,29,27.2,29.92,29,39,19.1,5.28B,194.1M,19.41M,844,10,,,,,,
2026-08-19,GEMPACRA,38.99,35.75,38.99,38.99,49,22,2.66B,74.53M,7.45M,0,10,,,,,,
2026-08-19,GEMPAPL,10.5,10.5,10.5,10.5,18.19,9,210M,20M,15M,13.67K,75,,,,,,
2026-08-19,GFIL,30.55,30.03,31.47,30,35.18,12.1,980.05M,32.64M,3.26M,15.37K,10,,,,,,
2026-08-19,GGGL,8.75,8.63,8.8,8.56,14.47,6.7,2.07B,240M,120M,704.1K,50,0,0.54,4.51,0.71,16.11,0.76
2026-08-19,GGL,23.34,22.75,23.65,22.61,31.31,14.1,8.06B,354.12M,177.06M,897.79K,50,0,9.78,31.53,1,2.33,0.05
2026-08-19,GHGL,41.5,41.08,41.5,40.71,52.25,27.78,41.07B,999.71M,349.9M,321.66K,35,4.87,6.21,13.11,1.01,6.62,0.26
2026-08-19,GHNI,1328,1311.31,1344.88,1295.11,1371.99,590,55.87B,42.61M,14.91M,241.84K,35,0.76,162.33,11.84,3.04,8.08,0.03
2026-08-19,GIL,0,1000,0,0,0,0,0,0,0,0,0,0.3,15.14,0.25,0,66.03,-14.54
2026-08-19,GLAXO,344.19,340.44,346.74,340,459.94,293.09,108.42B,318.47M,63.69M,131.4K,20,4.99,33,15.6,2.99,10.32,0.17
2026-08-19,GOC,180,174.99,180,170,235,77,1.29B,7.35M,1.1M,2.05K,15,0.57,4.14,6.12,1.79,42.23,1.48
2026-08-19,GTYR,32.98,32.47,32.98,32,48,22.26,3.96B,121.93M,48.77M,263.98K,40,0,-6.34,-4.84,0.62,-5.12,0.55
2026-08-19,GVGL,55.5,54.71,55.5,54.15,73.99,43.65,8.2B,149.94M,29.38M,1.83K,19.59,5.48,6.64,15.54,1.63,8.23,
2026-08-19,GWLC,50.5,51.69,51.84,50.02,77.96,38.75,20.69B,400.27M,40.03M,548.58K,10,2.9,6.74,12.64,0.75,7.66,0.51
2026-08-19,HAEL,27.89,27.23,27.89,26.55,37.96,14.91,353.89M,13M,1.95M,27.59K,15,,,,,,
2026-08-19,HAFL,499.35,500,509.48,499.35,629.5,283.58,600M,1.2M,42.48K,325,3.54,,,,,,
2026-08-19,HALEON,733.2,726.1,737,720,1010,655,84.99B,117.05M,15.74M,43.67K,13.44,4.13,55.96,15.35,5.84,12.98,0.19
2026-08-19,HCAR,232,232.97,236.48,232,318,147.5,33.27B,142.8M,28.56M,221.23K,20,3.86,34.25,3.68,1.25,6.8,32.55
2026-08-19,HINO,373.99,369.57,373.99,368,570,264.69,9.17B,24.8M,2.55M,5.47K,10.28,2.95,13.47,3.24,1.46,27.43,9.98
2026-08-19,HINOON,990,983.09,1000,981,1241,755.56,52.09B,52.98M,21.19M,12.37K,40,5.09,75.63,14.32,3.52,13,0.31
2026-08-19,HPL,4098,4073,4098,3965.55,4889.99,3602,39.28B,9.64M,964.48K,1.2K,10,5.89,317.04,9.84,4.41,12.85,0.29
2026-08-19,HRPL,20.35,20.38,20.51,20.29,37,16.51,815.2M,40M,8M,23.15K,20,0,-3.09,-5.61,1.1,-6.6,0.28
2026-08-19,HTL,41.89,41.94,43.35,41.85,66.5,31.01,5.84B,139.2M,34.8M,1.41M,25,0,3.83,1.49,0.89,10.96,1.06
2026-08-19,HUBC,208,206.92,210.5,206,249.99,157.36,268.41B,1.3B,972.87M,3.23M,75,12.08,34.65,63.41,1.19,5.97,-4.76
2026-08-19,IBFL,280,265.03,280,265.05,397.32,176.55,82.29B,310.51M,15.53M,480,5,0,-1.49,-0.44,1.43,-177.54,-16.68
2026-08-19,IBLHL,48.82,48.74,49.4,47.9,85.82,36,4.8B,98.53M,24.63M,131.85K,25,0,2.44,5.36,1.93,19.98,4.99
2026-08-19,ICCI,14.8,14.57,15.96,14.18,17.91,8.61,437.12M,30M,4.5M,10.38K,15,,,,,,
2026-08-19,ICL,139.9,138.32,140,138,176,85.1,13.83B,100M,45M,43.84K,45,2.17,13.74,4.34,1.27,10.07,0.39
2026-08-19,IDEAL,63.99,54.4,64.98,54.01,87.7,15.75,539.65M,9.92M,1.49M,13.04K,15,,,,,,
2026-08-19,IDRT,38.23,39.82,42.05,37.03,68.08,19.31,790.54M,19.85M,1.99M,155.01K,10,,,,,,
2026-08-19,ILP,100.75,99.72,102,99.1,110.5,67.4,139.78B,1.4B,280.34M,659.86K,20,3.01,8.3,6.45,2.29,12.02,0.2
2026-08-19,IMAGE,27.17,26.94,27.49,26.82,32.46,19,6.21B,230.37M,149.74M,380.24K,65,7.42,3.49,17.93,1.28,7.71,
2026-08-19,INIL,166,167.06,170.94,165,249,127.3,22.03B,131.88M,59.35M,182.9K,45,3.59,14.32,1.72,0.68,11.67,-3.68
2026-08-19,INKL,92.05,103.01,103.37,89,126,32.5,996.62M,9.68M,3.87M,249.24K,40,,,,,,
2026-08-19,IPAK,38.1,39.52,39.89,38.1,39.89,21.02,29.06B,735.21M,220.56M,560.67K,30,1.45,3.81,7.22,2.27,10.38,
2026-08-19,IREIT,8,7.96,8.02,7.93,13.05,7.26,2.2B,275.86M,96.55M,212.05K,35,,,,,,
2026-08-19,ISIL,1810,1862.17,1889.99,1810,2370,1725.01,123.57B,66.36M,3.32M,22,5,0.27,62.5,3.31,4.46,29.79,0.46
2026-08-19,ISL,91.1,95.31,96.93,91.1,135,65.45,41.46B,435M,152.25M,2.09M,35,4.72,6.93,3.59,1.62,13.75,-3.22
2026-08-19,ITANZ,47.25,47.03,48.1,46.2,49.99,46.2,5.58B,118.6M,48.52M,3.61M,40.91,,,,,,
2026-08-19,ITTEFAQ,8.92,8.82,9.05,8.8,12.64,5.75,1.27B,144.34M,93.82M,623.89K,65,0,-3.91,-27.88,0.44,-2.26,
2026-08-19,JATM,57,55.46,62.4,55.46,75.72,14.61,698.86M,12.6M,1.89M,182.11K,15,,,,,,
2026-08-19,JDMT,160,153.77,163.75,152.1,199.89,60.1,1.06B,6.92M,2.07M,142.09K,30,,,,,,
2026-08-19,JDWS,868,891.36,898.99,860,999,780,51.5B,57.78M,8.67M,466.25,15,5.61,162.29,7.18,1.37,5.49,0.19
2026-08-19,JSML,59.48,59.01,60,58.7,147.5,45.61,2.01B,34.13M,13.65M,25.93K,40,0,3.91,1.36,0.21,15.1,0.78
2026-08-19,JVDC,143,143.21,145,141.11,163.9,65.15,54.54B,380.86M,190.43M,347.53K,50,3.49,10.67,38.34,1.97,13.43,-0.01
2026-08-19,KCL,145,145,145,145,195.69,115.02,2.11B,14.55M,10.91M,63.33,75,,,,,,
2026-08-19,KEL,7.26,7.18,7.39,7.11,9.58,4.91,198.28B,27.62B,2.76B,22.8M,10,0,0.42,2.19,1.72,17.22,
2026-08-19,KHYT,1975.01,2002.5,2029.99,1975.01,2689,1131.01,2.46B,1.23M,20.67K,61.25,1.68,,,,,,
2026-08-19,KOHC,97,97.09,98.33,96.68,567.99,74,89.26B,919.31M,229.83M,230.18K,25,0,10.62,25.96,1.61,9.14,0.32
2026-08-19,KOHE,15.99,16.1,16.2,15.7,23.49,12.33,2.73B,169.46M,67.78M,184.17K,40,0,3.94,15.83,0.6,4.08,-0.38
2026-08-19,KOHTM,116.51,114.23,118,112.41,210,40,2.38B,20.8M,6.24M,103.58K,30,1.75,14.85,3.65,0.49,7.69,0.19
2026-08-19,KPUS,909,864.64,909,861,2849.99,115.11,13.85B,16.02M,800.88K,3.81K,5,0,5.68,1.21,3.46,152.2,5.74
2026-08-19,KSBP,241.7,244.24,245.98,241,263.98,155.2,7.55B,30.9M,8.37M,76.64K,27.08,0.41,7.14,3.26,1.77,34.2,3.49
2026-08-19,KTML,41.8,41.31,42.75,41,305,37.02,55.62B,1.35B,269.3M,452.72K,20,0.97,14.77,13.86,0.59,2.8,0.09
2026-08-19,LCI,222.5,224.49,226.99,222.5,364,201.17,103.67B,461.8M,92.36M,95.5K,20,4.68,21.11,8.6,1.74,10.63,0.51
2026-08-19,LEUL,47.68,45.88,47.68,44.2,72.68,25.76,275.28M,6M,1.8M,66.31K,30,,,,,,
2026-08-19,LIVEN,35.49,34.87,35.49,34.61,74.4,27.82,3.94B,113.04M,11.3M,26.46K,10,,,,,,
2026-08-19,LOADS,13.18,13.14,13.45,13.02,22.6,10.93,4.88B,371.25M,185.62M,925.95K,50,0,1.07,4.28,0.93,12.31,-0.01
2026-08-19,LOTCHEM,27.03,27.04,27.6,26.97,34.3,18.41,40.94B,1.51B,378.55M,4.84M,25,24.04,3.1,5.49,2.02,8.73,-6.39
2026-08-19,LPGL,97,98.59,100.8,91,117.98,63.01,739.42M,7.5M,1.88M,20.11K,25,,,,,,
2026-08-19,LUCK,439.3,437.2,443.21,435,529.5,339,640.5B,1.47B,439.5M,920.38K,30,1.14,60.78,17.24,1.49,7.19,0.14
2026-08-19,MACFL,90.05,92.56,97.26,79.58,97.26,19.52,5.49B,59.3M,23.72M,1.8M,40,0.54,2.13,1.96,2.36,43.42,10.85
2026-08-19,MACTER,275.17,277.36,278.96,275,443.5,255.1,12.71B,45.81M,18.32M,8.94K,40,1.37,17.8,6.82,3.15,15.58,0.28
2026-08-19,MARI,667.32,660.72,675,658.99,795,544.56,793.28B,1.2B,240.12M,749.88K,20,4.09,72.36,45.33,2.46,9.13,0.4
2026-08-19,MEBL,567.49,562.9,572.89,560.06,605,387.5,1.02T,1.81B,450.14M,831.25K,24.91,5.24,51.25,19.32,3.46,10.98,
2026-08-19,MEHT,140,140.4,143.97,139.55,366.01,139.25,4.21B,30M,19.5M,140.99K,65,0,39.74,1.87,0.22,3.53,0.09
2026-08-19,MERIT,10.15,10.07,10.6,10,14.69,7.1,2.01B,199.96M,39.99M,86.09K,20,0,-1.75,-10.52,0.86,-5.76,0.01
2026-08-19,MFFL,188,184.98,188,184,237,139.66,4.23B,22.88M,3.85M,6.71K,16.82,,,,,,
2026-08-19,MFL,43.3,44.99,46.7,42.07,85.73,37.56,5.51B,122.4M,42.84M,2M,35,0,4.13,1.98,0.51,10.88,0.22
2026-08-19,MIRKS,32.11,33.97,34.1,32.1,44.5,22.28,2.26B,66.56M,29.95M,50.12K,45,0,-6.17,-3.48,0.91,-5.5,-0.11
2026-08-19,MLCF,98.53,98.13,99.7,97.31,132.99,71,102.8B,1.05B,471.4M,8.8M,45,0,11.34,13.96,1.24,8.65,0.21
2026-08-19,MQTM,28.39,27.96,28.5,27,49,17.97,515.36M,18.43M,4.61M,56.09K,25,0,-79.43,-17.35,1.63,-0.35,0.01
2026-08-19,MRNS,62.99,63.18,65,62,94.01,52.32,4.73B,74.93M,26.22M,119.56K,35,10.29,19.23,11.82,0.96,3.29,
2026-08-19,MSCL,24.4,23.71,24.6,23.5,46.53,12.05,734.48M,30.98M,7.74M,100.95K,25,,,,,,
2026-08-19,MTL,299.99,301.86,303.51,299.01,636.99,279,120.45B,399.03M,179.56M,117.54K,45,5.8,18.49,12.64,15.58,16.33,0.94
2026-08-19,MUGHAL,79,79,80.39,78.89,113.99,59,26.52B,335.63M,117.47M,588.22K,35,0,6.37,2.8,0.88,12.4,0.85
2026-08-19,MWMP,56.2,55.4,56.6,54,170.95,36,1.59B,28.75M,7.19M,57.7K,25,,,,,,
2026-08-19,NATM,94.15,89.42,94.15,94.15,94.15,77,1.9B,21.27M,1.06M,1,5,0,-53.59,-51.27,0.87,-1.67,0.05
2026-08-19,NESTLE,7540,7475.2,7579.84,7300,8700,7000,339B,45.35M,4.53M,466.25,10,7.32,370.4,8.2,17.26,20.18,1.44
2026-08-19,NETSOL,121,120.93,122.25,120,164.59,87.66,10.86B,89.84M,26.95M,118.08K,30,0,32.29,21.96,0.86,3.75,0.09
2026-08-19,NML,147.15,145.44,148.5,144.49,208.4,120,51.14B,351.6M,158.22M,2.01M,45,1.38,33.41,5.75,0.3,4.35,1.53
2026-08-19,NONS,86.49,85.87,89.85,85,157.1,70.02,1.42B,16.52M,3.3M,10.36K,20,4.66,18.72,2.44,0.75,4.59,0.69
2026-08-19,NRL,508,495.01,517.4,473.25,547.9,243.12,39.58B,79.97M,26.31M,5.78M,32.91,0,108.68,2.33,0.67,4.55,0.01
2026-08-19,NRSL,36.9,37.44,40.65,36.85,40.65,20.6,5.29B,141.32M,42.4M,1.55M,30,0,2.09,2.61,1.45,17.89,1.61
2026-08-19,NSRM,242.22,232.47,242.22,218.65,362.31,84.01,3.62B,15.55M,777.66K,505.25,5,0,6.79,4.51,2.26,34.25,0.2
2026-08-19,OCTOPUS,31.55,31.04,31.55,31,56.55,24.35,4.91B,158.22M,47.18M,150.39K,29.82,,,,,,
2026-08-19,OGDC,316.1,314.34,319.75,313.21,352,238.2,1.35T,4.3B,645.14M,4.04M,15,5.09,36.17,39.85,0.96,8.69,0.76
2026-08-19,OLPM,25.1,25.01,25.2,25.01,25.98,19,1.14B,45.38M,34.04M,16.41K,75,10,3.44,9.88,0.85,7.28,-1.84
2026-08-19,OML,100.08,96.58,102.89,95.12,187.24,25.8,1.16B,12M,1.2M,42.52K,10,,,,,,
2026-08-19,ORM,11.25,10.97,11.33,10.85,16.79,9.2,822.75M,75M,26.25M,154.12K,35,,,,,,
2026-08-19,OTSU,416,411.34,416,410,447.94,254.95,4.98B,12.1M,3.02M,14.8K,25,0,28.78,8.39,4.63,14.29,1.89
2026-08-19,PAEL,41.82,41.03,42.25,40.88,64.6,32.01,37.9B,923.65M,508.01M,3.02M,55,0,4.46,5.86,0.75,9.2,0.32
2026-08-19,PAKD,132.5,135.09,137,125,220,85.01,1.6B,11.86M,5.06M,88.38K,42.63,,,,,,
2026-08-19,PAKOXY,285,292,300,284.56,356.68,218.01,25.44B,87.12M,21.78M,14.86K,25,0,22.58,14.35,2.05,12.93,0.15
2026-08-19,PAKQATAR,20.85,20.13,20.85,20.09,29.4,15.24,4.64B,230.71M,80.75M,399.53K,35,,,,,,
2026-08-19,PIBTL,16.79,16.43,16.9,16.33,22.97,10.2,29.35B,1.79B,803.74M,15.48M,45,0,1.18,14.81,1.67,13.94,7.87
2026-08-19,PICT,51.9,48.05,52.65,47.25,61.5,23.65,5.24B,109.15M,21.83M,482.88K,20,0,-1.17,-1281.2,3.87,-40.94,2.13
2026-08-19,PIM,31.5,31.84,32.08,26.24,32.08,16.16,636.8M,20M,1M,52.83K,5,,,,,,
2026-08-19,PIOC,269,268.35,272,260.1,427.5,200.01,60.96B,227.15M,34.07M,83.83K,15,3.73,29.03,17.09,1.23,9.24,0.15
2026-08-19,PKGS,784,784.2,794,784,855,621.25,70.09B,89.38M,17.88M,2.37K,20,2.04,-9.43,-0.43,1.07,-83.15,-3.51
2026-08-19,PMRS,460,457.74,479,450,835,276.45,1.72B,3.75M,387.66K,1.26K,10.34,0,-226.21,-2.28,0.37,-2.02,-0.06
2026-08-19,POML,163.49,156.43,163.49,156.43,220,113.11,1.21B,7.76M,3.11M,5.26K,40,,,,,,
2026-08-19,POWER,21.8,21.79,22.5,21.7,24.26,14.71,28.12B,1.29B,452.11M,893.42K,35.03,0,2.24,8.78,1.19,9.72,0.16
2026-08-19,PPL,237,236.47,243.5,235.05,284.6,175.8,643.43B,2.72B,669.51M,11.01M,24.61,3.59,28.99,33.84,0.86,8.16,
2026-08-19,PPP,146.99,144.25,147.48,142.5,185.99,91,1.15B,8M,4M,165.04K,50,3.47,17.67,7.84,0.63,8.16,0.33
2026-08-19,PQGTL,14.2,14.1,14.5,14,19.8,10.25,1.43B,101.11M,40.44M,154.67K,40,,,,,,
2026-08-19,PREMA,40.78,40.04,41.66,39,56.38,23,8.75B,218.64M,65.59M,12.38M,30,0,2.73,9.01,1.44,14.64,0.31
2026-08-19,PRL,85,83.37,86.9,81.5,91.79,23.2,52.52B,630M,227.29M,26.79M,36.08,0,25.05,4.5,1.23,3.33,0.02
2026-08-19,PSEL,933.9,919.32,933.9,918,1635,799,29.9B,32.52M,30.82M,515.5,94.76,0,5.58,1.22,0.66,164.74,5.63
2026-08-19,PSO,385,375.85,387.99,373,506.75,320.11,176.45B,469.47M,234.74M,13.37M,50,2.66,92.73,1.35,0.61,4.05,0.03
2026-08-19,PSYL,128,129,128,128,158,52.26,17.89B,138.7M,6.93M,906,5,0,3.38,3.07,3.56,38.12,0.98
2026-08-19,PTL,53.38,51.99,53.38,51.3,65.88,46.4,8.73B,168M,42M,37.32K,25,7.69,6.4,3.09,1.08,8.13,
2026-08-19,QTECH,42.5,39.21,42.95,38.88,57.8,23.1,4.77B,121.58M,30.39M,1M,25,,,,,,
2026-08-19,QUICE,32,31.46,32.3,31.01,46.06,8,3.1B,98.46M,68.92M,129.26K,70,,,,,,
2026-08-19,REDCO,30.23,30.98,31.44,30.23,40.4,14.9,1.53B,49.29M,2.46M,8.44K,5,,,,,,
2026-08-19,REWM,176.99,172.53,176.99,176.99,244.05,96.02,5.32B,30.81M,10.78M,108.5,35,,,,,,
2026-08-19,RMPL,9497,9307.02,9497,9201,13565.64,8500,85.96B,9.24M,461.82K,31.75,5,5.09,715.93,9.02,2.76,13,3.25
2026-08-19,RPL,16.8,16.59,16.84,16.52,25.05,12,2.35B,141.9M,44.42M,325.19K,31.3,0,0.13,0.16,0.27,131.67,-35.57
2026-08-19,RUPL,33.73,34.73,37.1,31,42.79,23.11,1.18B,34.07M,10.22M,357.4K,30,0,-20.94,-21.91,0.21,-1.66,0.04
2026-08-19,SANSM,125.11,127.34,130,125.1,148.99,52.22,1.52B,11.95M,6.57M,104.25,55,0,16.24,3.1,0.47,7.84,0.07
2026-08-19,SAPT,1420,1364.97,1434,1420,1606,1164,29.61B,21.69M,2.17M,38.75,10,0.73,387.04,5.77,0.36,3.53,0.23
2026-08-19,SARC,90,89.76,93.89,87.05,120.32,46.68,538.56M,6M,2.7M,10.07K,45,,,,,,
2026-08-19,SASML,355,356,357,355,469.49,164.2,3.71B,10.43M,2.61M,390,25,0.56,-13.78,-3.02,1.48,-25.83,-14.2
2026-08-19,SAZEW,1779.1,1752.28,1779.1,1745,2487,1456,105.92B,60.45M,21.16M,150.28K,35,3.99,303.75,12.89,2.98,5.77,0
2026-08-19,SCL,750,750.07,750,750,1125,316,2.93B,3.9M,195K,0,5,0,-53.91,-8.05,9.44,-13.91,1.05
2026-08-19,SEARL,89.52,88.61,90.1,88.12,137.44,76.37,52.12B,588.22M,294.11M,1.27M,50,0,2.04,6.01,1.52,43.52,180
2026-08-19,SEL,28.06,28.18,29,28.06,45.56,13.85,538.01M,19.09M,10.5M,6.61K,55,,,,,,
2026-08-19,SELECT,28.51,28.75,29.54,28.51,33.6,26.02,25.56B,888.89M,88.89M,3.11M,10,,,,,,
2026-08-19,SERT,45.05,44.93,49.95,44.5,84.49,20.65,619.48M,13.79M,2.07M,291.03K,15,,,,,,
2026-08-19,SGF,118.45,116.16,119,115.5,141.89,71.51,23.98B,206.47M,51.62M,309.99K,25,1.72,11.16,12.03,2.7,10.41,
2026-08-19,SGPL,25.72,25.72,25.72,25.72,129.07,9.52,458.67M,17.83M,16.05M,1.12M,90,,,,,,
2026-08-19,SHCM,61.2,59.2,61.2,58,96.58,30.52,1.04B,17.64M,1.76M,13.38K,10,,,,,,
2026-08-19,SHDT,57.26,56.75,58.01,56,74.81,36.46,1.3B,22.85M,8M,253.32K,35,,,,,,
2026-08-19,SHFA,494.94,481.47,495.99,471,615.28,424.13,30.44B,63.21M,28.45M,107.77K,45,1.04,41.05,8.72,1.84,11.73,0.24
2026-08-19,SHSML,372.03,388.8,385,372.03,549,326,8.21B,21.12M,7.39M,950.75,35,5.14,36.69,3.58,0.63,10.6,0.4
2026-08-19,SIEM,1517.15,1518.44,1525,1516,1740,1335,12.52B,8.25M,412.35K,52.75,5,0,4.55,0.48,2.03,333.56,-17.37
2026-08-19,SINDM,24.1,24.22,24.4,23.76,41.25,13.51,1.09B,45M,4.5M,21.13K,10,,,,,,
2026-08-19,SITC,799.98,788.72,799.98,785,1060,555.32,16.9B,21.43M,6.43M,3.83K,30,1.39,65.36,4.3,0.85,12.07,0.74
2026-08-19,SLGL,15.65,15.33,15.79,15.26,26.5,13,6.47B,421.79M,126.54M,2.16M,30,,,,,,
2026-08-19,SLM,24.1,23.93,24.31,23.89,26.25,21.95,186.53B,7.79B,779.48M,10.66M,10,,,,,,
2026-08-19,SMCPL,41.68,40.41,41.68,40,57.3,25,1.01B,25M,7.5M,34.98K,30,,,,,,
2026-08-19,SNAI,39,38.88,39.7,38.01,43.9,25,776.24M,19.96M,6.99M,130K,35,0,6.54,5.84,1.09,5.94,-0.59
2026-08-19,SNGP,104.1,102.36,106.6,101.14,142.6,83.2,64.92B,634.22M,253.69M,5.59M,40,2.93,22.94,1.17,0.82,4.46,-0.81
2026-08-19,SPEL,46.12,45.82,46.85,45.38,83.5,32.91,9.15B,199.74M,39.95M,1.64M,20,2.62,6.37,13,1.36,7.19,0.17
2026-08-19,SPSL,16.7,16.81,16.95,16.62,23.45,16.15,28.24B,1.68B,335.98M,5.45M,20,,,,,,
2026-08-19,SRR,16.2,16.31,16.35,16.05,21,15.26,538.23M,33M,13.2M,471.99K,40,,,,,,
2026-08-19,SRVI,2212,2220.88,2269.99,2212,2464,1200,104.35B,46.99M,23.49M,48.24K,50,0.79,223.93,6.65,3.98,9.92,0.1
2026-08-19,SSGC,29.49,28.49,29.99,28.2,46.23,19.02,25.1B,880.92M,336.86M,23.87M,38.24,1.75,-2.87,-0.65,1.91,-9.94,88
2026-08-19,SSOM,454.49,450.82,454.49,446.2,779.12,351.1,2.55B,5.66M,1.4M,9.26K,24.69,,,,,,
2026-08-19,STCL,10.8,10.7,10.95,10.62,19.4,8.55,2.56B,239.32M,131.63M,140K,55,0,-4.03,-8,1.47,-2.66,0.13
2026-08-19,STJT,150,149,150,140,162,70,1.44B,9.66M,1.45M,334.25,15,3.69,27.72,4.42,0.58,5.38,0.49
2026-08-19,STL,28,26.14,28.39,25.4,2231.81,25.4,2.81B,107.62M,43.05M,1.33M,40,,,,,,
2026-08-19,STML,51.62,51.1,54.54,49.1,70.38,22.8,441.5M,8.64M,2.59M,5.9K,30,0,-6.99,-1.76,0.58,-7.31,0.54
2026-08-19,STYLERS,49.47,49,49.98,48.8,56.49,36,23.95B,488.83M,24.44M,3.9K,5,3.06,2.28,5.99,1.76,21.53,
2026-08-19,SURC,150.02,150.51,154,150.02,181,88,7.35B,48.81M,9.76M,13.87K,20,3.32,29.17,5.06,0.51,5.16,0.87
2026-08-19,SYM,12.75,12.74,13.07,12.7,17.04,9.01,3.63B,285.25M,156.89M,3.91M,55,,,,,,
2026-08-19,SYS,128.75,127.25,130.48,126,174.4,105.98,187.49B,1.47B,957.71M,1.39M,65,1.57,7.86,13.4,3.03,16.18,0.21
2026-08-19,SZTM,99.99,95.85,104,94.01,127.25,36,1.72B,17.97M,1.8M,74.06K,10,,,,,,
2026-08-19,TATM,180,182.27,189,180,269.85,82,10.21B,55.99M,11.2M,685.36K,20,,,,,,
2026-08-19,TCORP,19.69,19.43,19.7,19.01,31.87,15.62,1.59B,82M,24.6M,98.89K,30,0,1.62,1.24,0.42,11.96,-0.73
2026-08-19,TELE,8.28,8.22,8.38,8.18,14.09,6.22,2.78B,338.62M,326M,1.64M,96.27,0,0.51,1.67,0.63,16.19,0.66
2026-08-19,TGL,183.5,179.91,190.1,178.2,291.5,128,30.97B,172.17M,68.87M,202.81K,40,3.89,24.49,13.38,1.26,7.35,0.24
2026-08-19,THCCL,75.69,75.82,77.2,74.1,103.5,43.05,37.8B,498.59M,174.51M,8.89M,35,0,7.24,24.4,3.72,10.47,0.06
2026-08-19,TICL,1409.98,1365.21,1429.98,1350.02,1520,541,20.51B,15.02M,226.46K,1.67K,1.51,0.73,107.5,4.88,1.66,12.7,1.41
2026-08-19,TOMCL,38.75,37.38,38.79,37.13,75.85,28.3,7.34B,196.34M,107.99M,2.89M,55,0,1.84,2.74,1.12,20.32,2.18
2026-08-19,TOWL,125.03,125.56,128.25,125.03,195.95,92.5,2.13B,17M,3.4M,16.21K,20,,,,,,
2026-08-19,TPLRF1,9.81,9.86,10,9.75,18.39,7.5,18.09B,1.83B,1.38B,5.09M,75,,,,,,
2026-08-19,TREET,24.18,23.73,24.18,23.51,37,19.55,8.8B,371.03M,185.51M,1.77M,50,0,1.29,1.81,1.09,18.33,0.51
2026-08-19,TRSM,18.8,18.11,18.9,18.02,71.65,8,539.68M,29.8M,23.84M,1.44M,80,,,,,,
2026-08-19,UBDL,30.5,31.47,31.47,29.75,34.5,20.01,2.89B,91.8M,4.59M,208.39K,5,,,,,,
2026-08-19,UDLI,18.88,18.65,18.9,18.6,25.5,9.01,655M,35.12M,14.05M,349.64K,40,,,,,,
2026-08-19,UDPL,120.5,120.19,122.5,119,168.99,75.05,4.24B,35.27M,5.29M,6.28K,15,,,,,,
2026-08-19,UNITY,11.09,10.9,11.29,10.8,30.42,7.51,13.02B,1.19B,537.32M,10.52M,45,0,1.6,2.34,0.7,6.82,0.12
2026-08-19,UPFL,25200,25273.97,25295,25051,34150,22562.78,160.99B,6.37M,521.22K,64,8.18,5.76,1001.9,14.74,18.99,25.23,1.02
2026-08-19,WAFI,187,183.85,188,183.05,260,165,39.35B,214.02M,32.1M,418.38K,15,,,,,,
2026-08-19,WAHDAT,16.09,16.2,16.75,15.81,21.78,15.45,5.43B,335.22M,83.81M,507.27K,25,,,,,,
2026-08-19,WAHN,281.02,281.93,284,281.02,435,225.23,2.54B,9M,3.15M,2.37K,35,3.55,51.77,9.43,0.88,5.45,0.34
2026-08-19,WASL,6.39,6.31,6.45,6.29,6.45,4.31,1.01B,160.72M,96.43M,3.1M,60,,,,,,
2026-08-19,WAVES,10.28,10.21,10.31,10.12,16.95,8.52,2.87B,281.41M,196.98M,950.43K,70,0,1,5.91,0.29,10.16,-2.08
2026-08-19,ZAHID,72,68.52,72,67,102.51,32.69,13.12B,191.42M,5.94M,32.07K,3.11,0,7.93,3.96,0.6,8.64,0.65
2026-08-19,ZAL,40.5,40.2,40.97,40.02,79.5,27.9,10.55B,262.5M,65.62M,437.11K,25,,,,,,
2026-08-19,ZIL,340.01,349.49,354,340.01,722,300,2.14B,6.12M,306.13K,283.75,5,,,,,,
2026-08-19,ZTL,18.51,17.52,18.88,16.8,24.48,9.75,1.04B,59.43M,14.86M,150.11K,25,0,-0.82,-0.65,0.42,-21.41,3.01
2026-08-21,ABOT,905.01,910.11,912.4,901.55,1304,821,89.1B,97.9M,21.17M,26.49K,21.63,4.4,84.85,10.97,2.64,10.73,0.59
2026-08-21,ACPL,230.32,230.05,232,228.02,325.01,205,31.62B,137.43M,13.74M,75.3K,10,0.43,20.97,6.74,1.32,10.97,0.8
2026-08-21,ADAMS,66,66.9,67.48,63.42,90.98,57.25,1.16B,17.29M,3.46M,4.48K,20,5.98,-5.93,-1.01,0.19,-11.28,1.07
2026-08-21,AGIL,150.02,150.97,151.5,150,198,121.2,5.43B,36M,21.6M,11.02K,60,1.16,24.75,5.37,0.81,6.1,0.47
2026-08-21,AGP,181.11,177.94,182,175.5,258.67,163,49.82B,280M,84M,570.56K,30,4.5,13.41,13.14,3.05,13.27,0.24
2026-08-21,AGTL,360.56,365.88,367,360.56,497,288,21.21B,57.96M,3.67M,8.08K,6.34,0,35.36,8.63,1.89,10.35,1.24
2026-08-21,AHTM,109.99,100.2,109.99,98.01,134.15,60,848.85M,8.47M,1.27M,3.7K,15,1.5,12.65,2.07,0.35,7.92,-2.78
2026-08-21,AIRLINK,131.8,131.87,132.78,131,199,118,52.12B,395.27M,118.58M,445.9K,30,6.82,14.02,6.35,2.85,9.41,
2026-08-21,AKGL,70.55,70.32,76.98,70.31,103.97,48.01,703.2M,10M,1M,33.89K,10,,,,,,
2026-08-21,ALNRS,127,122.86,127,114.6,144,82,2.52B,20.47M,4.09M,369.8,20,3.26,8.19,0.99,0.35,15,-5.55
2026-08-21,ANL,10.08,10.06,10.2,10.02,13.7,8.01,4.88B,485.41M,242.7M,207.45K,50,0,1.6,1.96,0.32,6.28,0.39
2026-08-21,ANTM,67.93,66.88,70,63,71.05,20.81,646.06M,9.66M,1.45M,48.51K,15,,,,,,
2026-08-21,ARCTM,50.88,50.88,50.88,50.88,65,24.14,670.33M,13.17M,2.7M,257.5K,20.52,,,,,,
2026-08-21,ARPL,430,431.48,432.9,428.15,490,325,14.91B,34.56M,8.64M,7.79K,25,6.95,46.47,5.66,2.76,9.28,64.82
2026-08-21,ASHT,42.4,36.53,43.47,36,70,13.64,1.7B,46.57M,2.33M,88.54K,5,,,,,,
2026-08-21,ASL,15.4,14.74,15.55,14.5,16,8.51,13.72B,930.78M,279.24M,12.64M,30,0,0.07,0.28,1.37,211.78,-16.22
2026-08-21,ASTM,145.76,145.76,145.76,132.51,145.76,12,2.21B,15.18M,2.28M,346.74K,15,,,,,,
2026-08-21,ATBA,204.89,202.48,204.9,202,290,169.02,7.09B,35.02M,8.75M,14.72K,25,0,2.24,0.23,0.9,90.53,438.05
2026-08-21,ATRL,1070.02,1117.47,1125,1070.02,1199,597.1,119.14B,106.62M,42.65M,1.3M,40,0.67,180.56,6.62,0.69,6.19,-0.01
2026-08-21,AVN,33,32.59,33.11,32.51,54.3,26.5,14B,429.67M,150.38M,867.67K,35,3.07,1.02,2.52,0.93,31.94,-11.77
2026-08-21,AWTX,1744.6,1586,1744.6,1744.6,1744.6,1270,1.27B,800K,4.5K,1,0.56,0,9.84,0.15,1.01,161.26,-19.84
2026-08-21,BAFS,544.79,549.99,550,515,647,181.01,5.2B,9.45M,472.5K,853.6,5,0.36,-11.24,-2.1,2.86,-48.93,-28.56
2026-08-21,BATA,899,888.67,899,883.1,1749.99,875,6.72B,7.56M,1.79M,1.01K,23.67,0,-368,-15.26,2.23,-2.41,0.11
2026-08-21,BBFL,42.35,42.01,42.36,41.72,57.35,34,12.56B,298.91M,115.24M,1.73M,38.55,,,,,,
2026-08-21,BCL,71.5,71.98,72,70.04,114.99,56.02,825.79M,11.47M,6.31M,8.91K,55,0,-1.36,-1.1,2.59,-53.09,4.13
2026-08-21,BECO,5.03,4.93,5.05,4.9,73.6,3.9,6.16B,1.25B,437.37M,12.78M,35,,,,,,
2026-08-21,BERG,146.25,150.09,158,144.01,171.25,80.65,3.68B,24.55M,9.82M,2.05M,40,3.33,12.44,3.37,0.97,12.06,
2026-08-21,BFAGRO,33,33.09,33.49,33,49.25,29.03,10.26B,309.99M,77.5M,124.67K,25,,,,,,
2026-08-21,BFBIO,138.5,135.93,139.83,134.07,182.3,124,12.01B,88.33M,26.5M,689.23K,30,,,,,,
2026-08-21,BFMOD,22.01,22.29,23.52,22.01,38.84,12.16,167.51M,7.52M,2.63M,39.34K,35,,,,,,
2026-08-21,BHAT,821,820.47,822,800,1040,726.06,2.5B,3.04M,152.05K,104,5,0,30.09,0.28,0.23,27.26,3.78
2026-08-21,BIFO,131.5,128.21,131.5,127.86,196.5,79.1,5.95B,46.38M,16.23M,389.8K,35,5.85,9.41,12.78,1.82,13.62,0.64
2026-08-21,BIPL,27.74,27.74,27.86,27.4,44.1,23.6,30.76B,1.11B,166.31M,1.58M,15,9.91,3.87,5.45,0.66,7.16,
2026-08-21,BLUEX,7.5,7.02,7.65,7,80.85,4.9,2B,284.28M,113.71M,6.59M,40,,,,,,
2026-08-21,BNL,6.29,6.26,6.35,6.16,170.73,6.01,4.18B,668.05M,434.23M,1.76M,65,0,0.67,5.69,1.43,9.38,0.57
2026-08-21,BNWM,69.8,69.9,71,68,83.15,50,664.49M,9.51M,4.75M,16.99K,50,0,-9.58,-7,0.2,-7.29,-0.31
2026-08-21,BPL,52.5,52.15,53.26,52,80.97,20.01,1.17B,22.49M,6.75M,11.57K,30,,,,,,
2026-08-21,BRRG,45.12,46.92,46.95,45,53.77,28.11,4.46B,95.01M,47.5M,114.4K,50,,,,,,
2026-08-21,BTL,863.01,900.26,990,860,1580,275.01,5.79B,6.43M,321.6K,69.4,5,0,-35.67,-0.77,0.76,-25.24,
2026-08-21,BUXL,530,541.19,541.19,502,541.19,133.02,779.31M,1.44M,576K,75.42K,40,0,-17.12,-4.42,4.78,-31.6,0.35
2026-08-21,BWHL,224,227.31,228,220.2,257.92,168.13,3.03B,13.33M,7.33M,52.34K,55,7.48,29.35,14.67,1.28,7.74,0.06
2026-08-21,CCM,49.48,48.01,49.5,48,68.88,34.4,1.09B,22.66M,10.2M,5.57K,45,0,2.96,-0.18,0.16,16.21,-0.83
2026-08-21,CEPB,28.28,27.23,28.28,27,46.7,24.59,10.94B,401.71M,120.51M,1.28M,30,0,-0.15,-0.15,0.82,-181.53,12.47
2026-08-21,CFL,61.09,66.6,67.2,56.05,94.01,46,827.03M,12.42M,3.73M,1.63K,30,0,-49.59,-18.39,0.22,-1.34,0.03
2026-08-21,CHAS,85,86.04,87.5,83.5,160.49,56.01,2.47B,28.69M,4.3M,13.65K,15,0,-57.51,-5.08,0.24,-1.5,-0.12
2026-08-21,CHCC,310,304.4,313,300,390,225,59.14B,194.3M,116.58M,222.75K,60,1.81,37.91,19.73,1.58,8.03,0.31
2026-08-21,CLOV,6.93,6.83,7.05,6.78,88.64,6.59,2.66B,389.29M,214.11M,8.17M,55,0,0.61,4.44,3.65,11.18,-0.28
2026-08-21,CNERGY,13.31,14.45,14.51,13.16,15.75,5.87,79.38B,5.49B,1.37B,246.62M,25,0,2.78,4.49,0.35,5.19,0.08
2026-08-21,COLG,1225,1215.3,1225,1213,1313.96,1050,295.04B,242.77M,24.28M,9.03K,10,5.27,76.74,14.88,7.09,15.84,0.34
2026-08-21,CPHL,73,73.4,74.75,73,104.25,69.25,16.77B,228.46M,114.23M,1.6M,50,4.77,4.8,7.92,1.53,15.29,
2026-08-21,CPPL,111.79,110.35,112.89,108.06,125.5,64.79,5.42B,49.1M,29.46M,1.14M,60,2.72,1.5,0.52,0.62,73.59,-5.63
2026-08-21,CRTM,71.05,71.06,72.99,71,96.5,16.6,7.11B,100M,60M,2.84K,60,0,1.31,0.69,0.56,54.34,-7.47
2026-08-21,CSAP,105.43,103.52,105.43,103,143.5,78.25,8.04B,77.63M,34.93M,239.69K,45,5.31,19.74,17.22,0.82,5.24,0.74
2026-08-21,DAAG,83,81.07,84,81.02,120.25,52,324.28M,4M,970.7K,3.83K,24.27,,,,,,
2026-08-21,DADX,96,92.7,96,85,121.88,85,997.82M,10.76M,538.2K,1.11K,5,0,-30.29,-37.21,3.85,-3.06,0.05
2026-08-21,DCL,10.37,10.2,10.38,10.05,16.31,6.61,5.55B,544.11M,190.44M,1.03M,35,0,-2.37,-4.8,0.23,-4.3,0.04
2026-08-21,DCR,39.02,39.17,39.4,38.97,41.8,30,87.1B,2.22B,555.92M,289.16K,25,6.59,2.31,78.71,1.15,16.95,
2026-08-21,DFSM,14.5,13.97,14.69,13.65,35.24,3.75,1.37B,97.75M,34.21M,417.78K,35,,,,,,
2026-08-21,DGKC,212.25,211.86,213.98,210,275.75,145.1,92.82B,438.12M,219.06M,3.15M,50,0.94,27.64,14.23,0.83,7.67,0.26
2026-08-21,DINT,62.19,61.99,68.41,60.01,96,41.36,3.25B,52.47M,7.87M,10.95K,15,0,-3.91,-0.63,0.47,-15.84,-1.64
2026-08-21,DMC,178,183.15,185.9,178,351.9,45.3,559.05M,3.05M,915.73K,224.5,30,,,,,,
2026-08-21,DNCC,17.9,17.5,17.9,17.06,28.07,14,5.54B,316.36M,94.91M,213.06K,30,0,-0.39,-1.76,2.67,-44.53,-0.3
2026-08-21,DOL,30.22,29.99,30.25,29.8,41,25.36,5.25B,175.03M,52.51M,61.53K,30,13.34,2.55,8.79,1.75,11.78,-3.88
2026-08-21,DYNO,342.48,340,344,340,366.9,254.3,6.42B,18.87M,12.27M,485.4,65,4.78,55.14,7.33,1.18,6.17,0.67
2026-08-21,ECOP,49.28,48.58,49.28,48.3,78.25,33.82,2.34B,48.26M,36.19M,118.04K,75,4.12,7.67,5.37,1.29,6.33,0.15
2026-08-21,EFERT,183.23,184.01,184.5,182,263.3,180.15,245.71B,1.34B,600.88M,634.14K,45,6.66,15.94,9.36,5.6,11.54,-1.64
2026-08-21,ELCM,206.26,205.55,207,200,343.44,126.01,267.21M,1.3M,260K,497.8,20,0,-24.15,-3.34,3.94,-8.51,0.14
2026-08-21,ELSM,142.3,136.9,145,128.6,170,99,1.5B,10.95M,3.29M,187.2,30,2.92,3.97,0.28,0.35,34.45,-29.2
2026-08-21,EMCO,48.18,48.45,49.97,47.01,80.55,31.29,1.7B,35M,10.5M,40.16K,30,,,,,,
2026-08-21,ENGROH,269.48,267.66,270.8,266,302.5,209,322.32B,1.2B,903.17M,1.78M,75,0,53.18,10.18,,5.03,0.3
2026-08-21,EPCL,32.86,32.86,33.2,32.79,39.32,27.01,29.87B,908.92M,227.23M,663.15K,25,0,-2.97,-3.28,1.44,-11.05,1.02
2026-08-21,EPQL,24.58,24.55,24.65,24.5,34.98,22.3,7.95B,323.8M,161.9M,268.61K,50,11.2,2.23,5.69,0.69,11.01,-3.93
2026-08-21,EXIDE,476.99,466.51,476.99,464.2,765.35,365,3.62B,7.77M,1.94M,2.73K,25,1.07,43.18,1.88,0.48,10.8,
2026-08-21,FABL,96,96.07,96.9,95.75,106,73.5,145.81B,1.52B,531.19M,546.65K,35,6.77,15.03,11.28,1.24,6.39,
2026-08-21,FANM,8.3,9.3,9.3,8,10.83,4.25,214.83M,23.1M,11.55M,294.61K,50,,,,,,
2026-08-21,FASM,305.7,330.62,360,305.7,425,240.02,3.31B,10M,1M,288,10,0,-52.85,-1.19,0.31,-6.26,-1.57
2026-08-21,FATIMA,156.14,159.49,160.44,156.14,192.8,116.06,334.93B,2.1B,315M,1.46M,15,5.96,17.58,13.62,1.93,9.07,0.24
2026-08-21,FCCL,55.7,55.37,55.74,54.6,62.84,36.26,135.81B,2.45B,858.5M,3.88M,35,2.71,5.99,16.04,1.48,9.24,0.08
2026-08-21,FCEPL,133,129.24,133.8,128.1,133.8,63.86,99.07B,766.6M,76.66M,1.45M,10,2.71,4.51,3.23,5.27,28.66,0.84
2026-08-21,FCL,27.7,28.23,28.7,27.3,29.75,19.65,18.2B,644.58M,161.14M,12.39M,25,,,,,,
2026-08-21,FECM,23.19,24.85,24.85,23.18,57.06,11.75,281.8M,11.34M,8.51M,49.58K,75,,,,,,
2026-08-21,FECTC,107.7,107.36,108.38,106,195.75,72,5.39B,50.16M,12.54M,354.08K,25,1.86,14,5.6,1.06,7.67,-0.06
2026-08-21,FEM,11.15,11.08,11.3,10.51,17.7,5.87,581.04M,52.44M,36.71M,39.93K,70,,,,,,
2026-08-21,FEROZ,355.98,356.73,362,355,475,293.01,15.51B,43.47M,17.39M,12.89K,40,1.12,21.66,4.15,1.2,16.47,0.73
2026-08-21,FFC,545.95,544.24,546.74,542,685,425,783.17B,1.44B,791.46M,687.49K,55,7.53,61.43,16.53,2.86,8.86,0.13
2026-08-21,FFL,16.1,16.11,16.4,15.97,23.93,14,40.6B,2.52B,503.99M,2.65M,20,0,0.39,3.18,3.6,41.71,0.02
2026-08-21,FFLM,13.7,12.86,13.7,12.6,27.23,4.4,339.68M,26.41M,17.17M,175.3K,65,,,,,,
2026-08-21,FHAM,32.3,32.63,32.83,31.76,39.49,27,3.62B,110.83M,94.21M,28.13K,85,6.9,6.75,15.08,0.58,4.83,0.12
2026-08-21,FIBLM,19.14,19.14,19.14,19.14,22.24,7.55,415.1M,21.69M,10.84M,425.96K,50,0,0.94,43.94,1.66,20.43,0.58
2026-08-21,FIMM,211,219.15,223,202.02,397.69,173.39,657.45M,3M,900K,37.67,30,,,,,,
2026-08-21,FLYNG,41.8,42.62,43.99,41.3,61,38.51,29.61B,694.8M,104.22M,19.68K,15,0,1.29,5.99,2.3,33,0.12
2026-08-21,FML,52.95,52.11,52.95,51,86,34.05,20.81B,399.41M,39.94M,44.27K,10,0,0.46,0.27,0.61,113.16,-24.13
2026-08-21,FPJM,15.4,16.13,16.13,15.1,16.13,4.23,548.74M,34.02M,13.61M,2.55M,40,0,-3.22,-38.72,-1.18,-5.01,0.68
2026-08-21,FPRM,11.5,11.26,11.55,11,16.99,9.51,155.26M,13.79M,6.2M,51.23K,45,,,,,,
2026-08-21,FRCL,92.11,100.01,101.32,84,118.45,40.02,3.79B,37.87M,1.89M,2.88K,5,,,,,,
2026-08-21,FRSM,43,43.19,45.89,42.25,63.48,34.22,1.71B,39.51M,11.85M,3.17K,30,0,10.06,3.35,0.78,4.29,0.01
2026-08-21,FTMM,17.1,17.17,17.2,17,23.75,11.14,3.36B,195.6M,9.78M,5.88K,5,8.74,0.5,2.47,1.21,34.64,-1.52
2026-08-21,FTSM,56.89,53.65,56.89,52.88,65.08,11.52,1.14B,21.16M,8.47M,291.94K,40,,,,,,
2026-08-21,FZCM,264.43,269.43,278.3,258.01,333.39,185.52,8.08B,30M,3M,1.96K,10,0,3.02,0.1,0.17,89.3,44.57
2026-08-21,GADT,323,319.24,323,312.06,453.9,215,8.95B,28.03M,8.41M,21.75K,30,1.57,93.78,3.49,0.33,3.4,0.29
2026-08-21,GAL,615,615.33,625,608.11,672.97,291,35.08B,57M,22.8M,655.06K,40,1.63,117.24,12.52,1.83,5.25,0
2026-08-21,GATI,96.42,95.01,99.75,94.01,139,62.55,10.33B,108.73M,16.31M,341.74K,15,0,-10.67,-4.01,0.87,-8.91,-6.34
2026-08-21,GATM,25.04,24.74,25.29,24.51,40.7,16.5,18.31B,740.06M,185.01M,892.94K,25,0,2.72,1.18,0.35,9.11,0.77
2026-08-21,GCIL,34.5,35.37,35.8,34.07,40.6,24.95,20.18B,570.45M,228.18M,2.38M,40,0,5.27,33.37,,6.72,
2026-08-21,GCWL,15.9,15.99,16.05,15.75,25.15,12.85,4B,250.14M,111.05M,578.81K,44.39,,,,,,
2026-08-21,GDL,17.2,17.29,17.39,17.2,33,16.9,7.42B,429.2M,107.3M,519.51K,25,,,,,,
2026-08-21,GEMBCEM,11.3,11.97,11.97,11.3,14.5,9.64,1.2B,100M,25M,3.17K,25,,,,,,
2026-08-21,GEMMEL,29.92,27.2,29.92,29.92,39,19.1,5.28B,194.1M,19.41M,92,10,,,,,,
2026-08-21,GEMPACRA,39,39,39,39,49,22,2.91B,74.53M,7.45M,1K,10,,,,,,
2026-08-21,GEMPAPL,10.5,10.5,10.5,10.5,18.19,9,210M,20M,15M,13.67K,75,,,,,,
2026-08-21,GFIL,30,30.2,31,30,35.18,12.1,985.6M,32.64M,3.26M,11.71K,10,,,,,,
2026-08-21,GGGL,8.79,8.59,9.1,8.5,14.47,6.7,2.06B,240M,120M,435.55K,50,0,0.54,4.51,0.7,16.04,0.75
2026-08-21,GGL,22.8,22.15,22.8,21.9,31.31,14.1,7.84B,354.12M,177.06M,977.62K,50,0,9.78,31.53,0.97,2.27,0.04
2026-08-21,GHGL,41.49,40.94,41.49,40.5,52.25,27.78,40.93B,999.71M,349.9M,295.4K,35,4.89,6.21,13.11,1.01,6.59,0.26
2026-08-21,GHNI,1281.98,1280.73,1300,1265,1371.99,590,54.57B,42.61M,14.91M,182.83K,35,0.78,162.33,11.84,2.97,7.89,0.03
2026-08-21,GIL,0,1000,0,0,0,0,0,0,0,0,0,0.3,15.14,0.25,0,66.03,-14.54
2026-08-21,GLAXO,343.99,345.96,346.9,341.02,459.94,293.09,110.18B,318.47M,63.69M,229.59K,20,4.91,33,15.6,3.04,10.48,0.17
2026-08-21,GOC,175.5,186.81,187.34,173,235,77,1.37B,7.35M,1.1M,7.04K,15,0.54,4.14,6.12,1.91,45.08,1.47
2026-08-21,GTYR,32.36,33.05,33.49,32.36,48,22.26,4.03B,121.93M,48.77M,231.59K,40,0,-6.34,-4.84,0.63,-5.21,0.55
2026-08-21,GVGL,54.99,53.8,54.99,53.5,73.99,43.65,8.07B,149.94M,29.38M,2.9K,19.59,5.58,6.64,15.54,1.6,8.1,
2026-08-21,GWLC,54,53.06,54.45,52.5,77.96,38.75,21.24B,400.27M,40.03M,830.72K,10,2.83,6.74,12.64,0.77,7.87,0.54
2026-08-21,HAEL,29.69,27.14,29.9,27,37.96,14.91,352.72M,13M,1.95M,27.09K,15,,,,,,
2026-08-21,HAFL,495,486.72,495,485,629.5,283.58,584.06M,1.2M,42.48K,281.4,3.54,,,,,,
2026-08-21,HALEON,726,730.14,734,711,1010,655,85.47B,117.05M,15.74M,46.77K,13.44,4.11,55.96,15.35,5.87,13.05,0.18
2026-08-21,HCAR,232.9,228.2,232.9,227.8,318,147.5,32.59B,142.8M,28.56M,187.01K,20,3.94,34.25,3.68,1.22,6.66,32.55
2026-08-21,HINO,366,366.16,370,363.5,565.99,264.69,9.08B,24.8M,2.55M,5.57K,10.28,2.98,13.47,3.24,1.45,27.18,9.9
2026-08-21,HINOON,977.4,987.43,993.77,977.4,1240,755.56,52.32B,52.98M,21.19M,21.88K,40,5.06,75.63,14.32,3.53,13.06,0.3
2026-08-21,HPL,3980.11,4002.97,4099.99,3968.01,4889.99,3602,38.61B,9.64M,964.48K,2.12K,10,6,317.04,9.84,4.34,12.63,0.29
2026-08-21,HRPL,20.48,20.27,20.48,20,37,16.51,810.8M,40M,8M,62.24K,20,0,-3.09,-5.61,1.09,-6.57,0.28
2026-08-21,HTL,41.4,41.13,41.82,40.5,66.5,31.01,5.73B,139.2M,34.8M,887.21K,25,0,3.83,1.49,0.87,10.75,1.02
2026-08-21,HUBC,205,206.96,208.7,199.99,249.99,160.48,268.46B,1.3B,972.87M,4.59M,75,12.08,34.65,63.41,1.19,5.97,-4.62
2026-08-21,IBFL,288.98,265.12,288.98,265,397.32,176.55,82.32B,310.51M,15.53M,521.2,5,0,-1.49,-0.44,1.43,-177.6,-18.18
2026-08-21,IBLHL,48.36,47.66,48.37,47.28,85.82,36,4.7B,98.53M,24.63M,120.21K,25,0,2.44,5.36,1.89,19.53,5.01
2026-08-21,ICCI,14.51,15.64,15.9,14.51,17.91,8.61,469.22M,30M,4.5M,28.21K,15,,,,,,
2026-08-21,ICL,136.1,138.91,150.48,136,176,85.1,13.89B,100M,45M,49.08K,45,2.16,13.74,4.34,1.27,10.11,0.38
2026-08-21,IDEAL,48.02,48.75,51.89,46.4,87.7,15.75,483.6M,9.92M,1.49M,10.92K,15,,,,,,
2026-08-21,IDRT,39,39.32,40.94,37.5,68.08,19.31,780.61M,19.85M,1.99M,138.2K,10,,,,,,
2026-08-21,ILP,100.6,100.04,102.5,99.9,110.5,67.4,140.23B,1.4B,280.34M,887.07K,20,3,8.3,6.45,2.3,12.06,0.2
2026-08-21,IMAGE,26.89,26.75,26.95,26.27,32.46,19,6.16B,230.37M,149.74M,410.85K,65,7.48,3.49,17.93,1.27,7.66,
2026-08-21,INIL,166.01,177.63,181.01,166,249,127.3,23.43B,131.88M,59.35M,811.95K,45,3.38,14.32,1.72,0.72,12.4,-3.86
2026-08-21,INKL,100.75,103.75,107.89,98.01,126,36,1B,9.68M,3.87M,257.69K,40,,,,,,
2026-08-21,IPAK,39.19,38.99,39.19,38.5,39.99,21.02,28.67B,735.21M,220.56M,493.28K,30,1.47,3.81,7.22,2.24,10.24,
2026-08-21,IREIT,7.98,8.02,8.25,7.93,13.05,7.26,2.21B,275.86M,96.55M,318.52K,35,,,,,,
2026-08-21,ISIL,1890,1862.17,1890,1851,2370,1725.01,123.57B,66.36M,3.32M,17,5,0.27,62.5,3.31,4.46,29.79,0.46
2026-08-21,ISL,92.24,90.86,93.7,90.5,135,65.45,39.52B,435M,152.25M,1.95M,35,4.95,6.93,3.59,1.55,13.1,-3.12
2026-08-21,ITANZ,46,45.41,46.69,45,46.69,45,5.39B,118.6M,48.52M,3.8M,40.91,,,,,,
2026-08-21,ITTEFAQ,8.78,8.71,8.93,8.65,12.64,5.75,1.26B,144.34M,93.82M,503.84K,65,0,-3.91,-27.88,0.43,-2.23,
2026-08-21,JATM,46.31,46.33,50.9,44.92,75.72,14.61,583.81M,12.6M,1.89M,195.98K,15,,,,,,
2026-08-21,JDMT,157,152.38,157,147,199.89,60.1,1.05B,6.92M,2.07M,42.01K,30,,,,,,
2026-08-21,JDWS,918.5,903.93,945,900,999,780,52.23B,57.78M,8.67M,552.8,15,5.53,162.29,7.18,1.39,5.57,0.2
2026-08-21,JSML,59.81,58.74,60,58,147.5,47,2B,34.13M,13.65M,26.28K,40,0,3.91,1.36,0.21,15.04,0.78
2026-08-21,JVDC,142.4,145.26,146,140.05,163.9,65.15,55.32B,380.86M,190.43M,374.69K,50,3.44,10.67,38.34,1.99,13.62,-0.01
2026-08-21,KCL,141.01,145,141.01,141.01,195.69,115.02,2.11B,14.55M,10.91M,48,75,,,,,,
2026-08-21,KEL,7.2,7.15,7.25,7.06,9.58,4.97,197.45B,27.62B,2.76B,25.31M,10,0,0.42,2.19,1.72,17.15,
2026-08-21,KHYT,1977.35,1981.92,2024.99,1785.02,2689,1131.01,2.43B,1.23M,20.67K,60.2,1.68,,,,,,
2026-08-21,KOHC,96.98,96.02,97.5,95.51,567.99,74,88.27B,919.31M,229.83M,227.46K,25,0,10.62,25.96,1.59,9.04,0.32
2026-08-21,KOHE,15.86,15.84,16.1,15.66,23.49,12.33,2.68B,169.46M,67.78M,142.72K,40,0,3.94,15.83,0.59,4.02,-0.38
2026-08-21,KOHTM,118,120.16,123,117.01,210,40,2.5B,20.8M,6.24M,207.33K,30,1.66,14.85,3.65,0.52,8.09,0.19
2026-08-21,KPUS,954.99,910.39,954.99,877.09,2849.99,115.11,14.58B,16.02M,800.88K,4.13K,5,0,5.68,1.21,3.64,160.26,5.86
2026-08-21,KSBP,248,248.97,260,246.3,263.98,155.2,7.69B,30.9M,8.37M,51.66K,27.08,0.4,7.14,3.26,1.81,34.87,3.73
2026-08-21,KTML,41.7,40.21,42,38.81,305,37.02,54.14B,1.35B,269.3M,948.71K,20,0.99,14.77,13.86,0.58,2.72,0.09
2026-08-21,LCI,223.01,224.2,224.9,223,364,201.17,103.53B,461.8M,92.36M,80.42K,20,4.68,21.11,8.6,1.74,10.62,0.51
2026-08-21,LEUL,44.06,46.06,47.45,44.06,72.68,25.76,276.36M,6M,1.8M,36.76K,30,,,,,,
2026-08-21,LIVEN,34.7,33.83,35,31.32,74.4,27.82,3.82B,113.04M,11.3M,28.98K,10,,,,,,
2026-08-21,LOADS,12.9,13.04,13.14,12.9,22.6,10.93,4.84B,371.25M,185.62M,963.98K,50,0,1.07,4.28,0.93,12.22,-0.01
2026-08-21,LOTCHEM,27.09,27.31,27.65,27.06,34.3,18.41,41.35B,1.51B,378.55M,5.14M,25,23.8,3.1,5.49,2.04,8.82,-6.44
2026-08-21,LPGL,105,101.77,105.95,97.3,117.77,63.01,763.27M,7.5M,1.88M,58.05K,25,,,,,,
2026-08-21,LUCK,437.2,440.41,441.5,434,529.5,339,645.2B,1.47B,439.5M,811.81K,30,1.14,60.78,17.24,1.51,7.25,0.14
2026-08-21,MACFL,76.1,85.44,89.5,74.97,99.99,19.52,5.07B,59.3M,23.72M,2.61M,40,0.59,2.13,1.96,2.18,40.08,8.4
2026-08-21,MACTER,279.97,275.85,279.97,273,443.5,255.1,12.64B,45.81M,18.32M,7.98K,40,1.38,17.8,6.82,3.13,15.49,0.29
2026-08-21,MARI,667.98,675.06,677.99,665,795,544.56,810.49B,1.2B,240.12M,627.81K,20,4,72.36,45.33,2.51,9.33,0.4
2026-08-21,MEBL,568.1,569.92,574.44,567,605,387.5,1.03T,1.81B,450.14M,708.81K,24.91,5.18,51.25,19.32,3.5,11.12,
2026-08-21,MEHT,149.98,146.37,149.98,145,366.01,139,4.39B,30M,19.5M,237.18K,65,0,39.74,1.87,0.23,3.68,0.09
2026-08-21,MERIT,9.85,9.86,10.18,9.76,14.69,7.1,1.97B,199.96M,39.99M,75.99K,20,0,-1.75,-10.52,0.84,-5.64,0.01
2026-08-21,MFFL,183,177.42,183,177,237,139.66,4.06B,22.88M,3.85M,5.55K,16.82,,,,,,
2026-08-21,MFL,43.9,43.32,43.9,42.76,85.73,37.56,5.3B,122.4M,42.84M,1.71M,35,0,4.13,1.98,0.49,10.48,0.21
2026-08-21,MIRKS,34.9,33.57,34.9,33.2,44.5,22.28,2.23B,66.56M,29.95M,40.58K,45,0,-6.17,-3.48,0.9,-5.44,-0.11
2026-08-21,MLCF,97.1,97.9,98.26,95.51,132.99,71,102.56B,1.05B,471.4M,7.45M,45,0,11.34,13.96,1.24,8.63,0.2
2026-08-21,MQTM,27.37,26.64,27.97,26.51,44,17.97,491.03M,18.43M,4.61M,51.36K,25,0,-79.43,-17.35,1.55,-0.34,0.01
2026-08-21,MRNS,64,62.44,64,62.07,94.01,52.32,4.68B,74.93M,26.22M,97.66K,35,10.41,19.23,11.82,0.95,3.25,
2026-08-21,MSCL,23.5,22.35,23.5,22,46.53,12.05,692.35M,30.98M,7.74M,56.65K,25,,,,,,
2026-08-21,MTL,299.8,299.05,300.99,296,636.99,279,119.33B,399.03M,179.56M,110.19K,45,5.85,18.49,12.64,15.43,16.18,0.94
2026-08-21,MUGHAL,79,77.88,79.1,77.01,113.99,59,26.14B,335.63M,117.47M,521.8K,35,0,6.37,2.8,0.86,12.22,0.84
2026-08-21,MWMP,56.49,54.88,56.49,53.1,170.95,36,1.58B,28.75M,7.19M,47.27K,25,,,,,,
2026-08-21,NATM,94.15,89.42,94.15,94.15,94.15,77,1.9B,21.27M,1.06M,0,5,0,-53.59,-51.27,0.87,-1.67,0.05
2026-08-21,NESTLE,7465.01,7520,7542.84,7465.01,8700,7000,341.03B,45.35M,4.53M,329.6,10,7.27,370.4,8.2,17.37,20.3,1.46
2026-08-21,NETSOL,120,119.55,121.4,119.01,164.59,87.66,10.74B,89.84M,26.95M,135.65K,30,0,32.29,21.96,0.85,3.7,0.09
2026-08-21,NML,144.49,143.55,144.89,143,208.4,120,50.47B,351.6M,158.22M,1.31M,45,1.39,33.41,5.75,0.29,4.3,1.5
2026-08-21,NONS,83.16,83.03,84.25,82,157.1,70.02,1.37B,16.52M,3.3M,10.22K,20,4.82,18.72,2.44,0.72,4.44,0.67
2026-08-21,NRL,500,526.29,534,488.69,547.9,259,42.09B,79.97M,26.31M,5.77M,32.91,0,108.68,2.33,0.71,4.84,0.01
2026-08-21,NRSL,36.51,35.68,36.8,35.5,40.65,20.6,5.04B,141.32M,42.4M,1.15M,30,0,2.09,2.61,1.39,17.05,1.57
2026-08-21,NSRM,230.17,231.78,240,220,362.31,84.01,3.6B,15.55M,777.66K,408,5,0,6.79,4.51,2.25,34.15,0.19
2026-08-21,OCTOPUS,31.37,30.67,31.98,30.61,56.55,24.35,4.85B,158.22M,47.18M,160.75K,29.82,,,,,,
2026-08-21,OGDC,320.02,325.82,328.5,317,352,238.2,1.4T,4.3B,645.14M,5.92M,15,4.91,36.17,39.85,1,9.01,0.76
2026-08-21,OLPM,25.1,25.01,25.1,24.8,25.98,19,1.14B,45.38M,34.04M,8.09K,75,10,3.44,9.88,0.85,7.28,-1.83
2026-08-21,OML,96,91.67,97,90.02,187.24,25.8,1.1B,12M,1.2M,34.5K,10,,,,,,
2026-08-21,ORM,11.34,11.2,11.4,11,16.79,9.2,840M,75M,26.25M,151.66K,35,,,,,,
2026-08-21,OTSU,419.95,415,420,406.1,447.94,254.95,5.02B,12.1M,3.02M,8.78K,25,0,28.78,8.39,4.67,14.42,1.84
2026-08-21,PAEL,40.62,40.4,41.09,40.01,64.6,32.01,37.32B,923.65M,508.01M,3.27M,55,0,4.46,5.86,0.74,9.06,0.31
2026-08-21,PAKD,134.17,133.67,135,132,220,85.01,1.59B,11.86M,5.06M,76.59K,42.63,,,,,,
2026-08-21,PAKOXY,292,306.5,312,288,356.68,219.99,26.7B,87.12M,21.78M,78.83K,25,0,22.58,14.35,2.15,13.57,0.15
2026-08-21,PAKQATAR,20.39,20.1,20.39,18.51,29.4,15.24,4.64B,230.71M,80.75M,334.05K,35,,,,,,
2026-08-21,PIBTL,16.26,16.37,16.45,16.2,22.97,10.95,29.24B,1.79B,803.74M,13.41M,45,0,1.18,14.81,1.66,13.88,7.65
2026-08-21,PICT,46,44.04,46.4,43.5,61.5,23.65,4.81B,109.15M,21.83M,441.82K,20,0,-1.17,-1281.2,3.55,-37.52,1.86
2026-08-21,PIM,38.52,38.52,38.52,38.52,38.52,16.16,770.4M,20M,1M,45.03K,5,,,,,,
2026-08-21,PIOC,266,266.81,274,263.5,427.5,200.01,60.61B,227.15M,34.07M,52.31K,15,3.75,29.03,17.09,1.22,9.19,0.14
2026-08-21,PKGS,799.99,803.73,820,790.12,855,621.25,71.84B,89.38M,17.88M,5.72K,20,1.99,-9.43,-0.43,1.09,-85.22,-3.55
2026-08-21,PMRS,485,469.81,485,440.01,835,290.01,1.76B,3.75M,387.66K,656.8,10.34,0,-226.21,-2.28,0.38,-2.08,-0.05
2026-08-21,POML,157,162.63,163,156,220,113.11,1.26B,7.76M,3.11M,5.31K,40,,,,,,
2026-08-21,POWER,21.99,21.77,22.07,21.25,24.26,14.71,28.09B,1.29B,452.11M,798.4K,35.03,0,2.24,8.78,1.19,9.71,0.16
2026-08-21,PPL,239.26,240.66,241.75,235.01,284.6,175.8,654.83B,2.72B,669.51M,11M,24.61,3.53,28.99,33.84,0.88,8.3,
2026-08-21,PPP,141,143.57,144.4,141,185.99,91,1.15B,8M,4M,129.04K,50,3.48,17.67,7.84,0.63,8.13,0.32
2026-08-21,PQGTL,14.2,14.14,14.4,13.9,19.8,10.25,1.43B,101.11M,40.44M,118.66K,40,,,,,,
2026-08-21,PREMA,38.43,38.44,40.11,38.2,56.38,23,8.4B,218.64M,65.59M,12.14M,30,0,2.73,9.01,1.38,14.06,0.31
2026-08-21,PRL,83,90.97,90.99,83,91.79,23.2,57.31B,630M,227.29M,22.71M,36.08,0,25.05,4.5,1.34,3.63,0.02
2026-08-21,PSEL,903.55,916.54,924.85,903.55,1635,799,29.81B,32.52M,30.82M,237.6,94.76,0,5.58,1.22,0.66,164.24,5.62
2026-08-21,PSO,374,375.45,377.25,367.1,506.75,320.11,176.26B,469.47M,234.74M,11.28M,50,2.66,92.73,1.35,0.6,4.05,0.03
2026-08-21,PSYL,134.8,134.85,135,134.8,158,52.26,18.7B,138.7M,6.93M,555.75,5,0,3.38,3.07,3.72,39.85,0.99
2026-08-21,PTL,52.49,52.08,53,51.05,65.88,46.4,8.75B,168M,42M,41.2K,25,7.68,6.4,3.09,1.08,8.14,
2026-08-21,QTECH,37.8,37.95,38.45,36.51,57.8,23.1,4.61B,121.58M,30.39M,750.57K,25,,,,,,
2026-08-21,QUICE,31.4,31.23,31.5,31,46.06,8,3.07B,98.46M,68.92M,117.53K,70,,,,,,
2026-08-21,REDCO,29.5,29.77,31,27.15,40.4,14.9,1.47B,49.29M,2.46M,6.7K,5,,,,,,
2026-08-21,REWM,163,172.53,178,163,244.05,96.02,5.32B,30.81M,10.78M,109.75,35,,,,,,
2026-08-21,RMPL,9284,9301.07,9361,9284,13565.64,8500,85.91B,9.24M,461.82K,32.6,5,5.1,715.93,9.02,2.75,12.99,3.24
2026-08-21,RPL,16.75,16.5,16.75,16.25,25.05,12,2.34B,141.9M,44.42M,201.9K,31.3,0,0.13,0.16,0.27,130.95,-35.89
2026-08-21,RUPL,32.4,32.17,33.39,31.5,42.79,23.11,1.1B,34.07M,10.22M,264.96K,30,0,-20.94,-21.91,0.19,-1.54,0.04
2026-08-21,SANSM,122.15,127.34,122.15,122.15,148.99,52.22,1.52B,11.95M,6.57M,105.8,55,0,16.24,3.1,0.47,7.84,0.07
2026-08-21,SAPT,1415.01,1500.1,1530,1372,1606,1164,32.54B,21.69M,2.17M,149.8,10,0.67,387.04,5.77,0.4,3.88,0.25
2026-08-21,SARC,92.9,98.07,98.07,89.1,120.32,46.68,588.42M,6M,2.7M,52.49K,45,,,,,,
2026-08-21,SASML,360,357.88,364,349,469.49,164.2,3.73B,10.43M,2.61M,448,25,0.56,-13.78,-3.02,1.49,-25.97,-14.39
2026-08-21,SAZEW,1895,1869.5,1909,1863.3,2487,1458.9,113B,60.45M,21.16M,251.98K,35,3.74,303.75,12.89,3.18,6.15,0
2026-08-21,SCL,750,750.07,750,750,1125,316,2.93B,3.9M,195K,0,5,0,-53.91,-8.05,9.44,-13.91,1.05
2026-08-21,SEARL,88.66,87.67,88.9,87.35,137.44,76.37,51.57B,588.22M,294.11M,1.35M,50,0,2.04,6.01,1.5,43.06,175.54
2026-08-21,SEL,28.48,27.65,28.48,27.55,45.56,13.85,527.89M,19.09M,10.5M,6.4K,55,,,,,,
2026-08-21,SELECT,29,28.65,29.49,27.9,33.6,26.02,25.47B,888.89M,88.89M,2.7M,10,,,,,,
2026-08-21,SERT,44.73,45.23,46.59,44.73,84.49,20.65,623.61M,13.79M,2.07M,202.35K,15,,,,,,
2026-08-21,SGF,116.5,116.43,118.49,114.8,141.89,71.51,24.04B,206.47M,51.62M,204.2K,25,1.72,11.16,12.03,2.71,10.43,
2026-08-21,SGPL,31.12,31.12,31.12,28.9,129.07,9.52,554.97M,17.83M,16.05M,1.27M,90,,,,,,
2026-08-21,SHCM,59.2,59.2,61.29,59,96.58,30.52,1.04B,17.64M,1.76M,2.03K,10,,,,,,
2026-08-21,SHDT,55.05,57.73,59.9,55.05,74.81,36.46,1.32B,22.85M,8M,133.25K,35,,,,,,
2026-08-21,SHFA,498,492.58,500.25,480,615.28,424.13,31.14B,63.21M,28.45M,11.36K,45,1.02,41.05,8.72,1.88,12,0.24
2026-08-21,SHSML,368.62,388.8,389.98,368.62,549,326,8.21B,21.12M,7.39M,139.4,35,5.14,36.69,3.58,0.63,10.6,0.4
2026-08-21,SIEM,1541.9,1575,1650,1541.9,1740,1335,12.99B,8.25M,412.35K,136.2,5,0,4.55,0.48,2.11,345.99,-17.39
2026-08-21,SINDM,24.2,24.06,24.2,23.79,41.25,13.51,1.08B,45M,4.5M,15.45K,10,,,,,,
2026-08-21,SITC,776,787.99,790,776,1060,555.32,16.89B,21.43M,6.43M,3.14K,30,1.4,65.36,4.3,0.85,12.06,0.72
2026-08-21,SLGL,15.7,15.26,15.75,15.06,26.5,13,6.44B,421.79M,126.54M,2.32M,30,,,,,,
2026-08-21,SLM,24,24,24.11,23.9,26.25,21.95,187.07B,7.79B,779.48M,8.79M,10,,,,,,
2026-08-21,SMCPL,40.39,40.26,40.84,39.95,57.3,25,1.01B,25M,7.5M,31.69K,30,,,,,,
2026-08-21,SNAI,37.31,38,39.29,37.25,43.9,25,758.67M,19.96M,6.99M,17.56K,35,0,6.54,5.84,1.06,5.81,-0.6
2026-08-21,SNGP,102.49,102.49,103.3,100.44,142.6,83.2,65B,634.22M,253.69M,4.83M,40,2.93,22.94,1.17,0.82,4.47,-0.79
2026-08-21,SPEL,45.95,45.71,46.4,44.92,83.5,32.91,9.13B,199.74M,39.95M,746.97K,20,2.63,6.37,13,1.36,7.18,0.16
2026-08-21,SPSL,16.7,16.55,16.85,16.49,23.45,16.15,27.8B,1.68B,335.98M,4.91M,20,,,,,,
2026-08-21,SRR,17.79,16.3,17.79,16.2,21,15.26,537.9M,33M,13.2M,455.49K,40,,,,,,
2026-08-21,SRVI,2222,2249.33,2289.98,2190,2464,1202,105.69B,46.99M,23.49M,47.73K,50,0.78,223.93,6.65,4.03,10.04,0.09
2026-08-21,SSGC,28.09,27.53,28.09,27.1,46.23,19.02,24.25B,880.92M,336.86M,19.4M,38.24,1.82,-2.87,-0.65,1.84,-9.61,88
2026-08-21,SSOM,466.12,459.22,469,456.03,779.12,351.1,2.6B,5.66M,1.4M,36.51K,24.69,,,,,,
2026-08-21,STCL,10.98,10.75,10.98,10.53,19.4,8.55,2.57B,239.32M,131.63M,129.72K,55,0,-4.03,-8,1.48,-2.67,0.13
2026-08-21,STJT,145,144.62,149,136,162,70,1.4B,9.66M,1.45M,313.4,15,3.8,27.72,4.42,0.56,5.22,0.49
2026-08-21,STL,25.5,25.37,25.85,25.2,2231.81,25.1,2.73B,107.62M,43.05M,1.7M,40,,,,,,
2026-08-21,STML,53.89,53.67,53.89,52.96,70.38,22.8,463.71M,8.64M,2.59M,4.68K,30,0,-6.99,-1.76,0.61,-7.67,0.54
2026-08-21,STYLERS,50.99,49.26,51.8,47,56.49,36,24.08B,488.83M,24.44M,4.8K,5,3.05,2.28,5.99,1.77,21.64,
2026-08-21,SURC,151.13,148.37,152,145.05,181,88,7.24B,48.81M,9.76M,16.23K,20,3.37,29.17,5.06,0.5,5.09,0.88
2026-08-21,SYM,13.11,12.86,13.11,12.8,17.04,9.01,3.67B,285.25M,156.89M,3.41M,55,,,,,,
2026-08-21,SYS,128.55,128.81,129.7,128.06,174.4,105.98,189.79B,1.47B,957.71M,1.24M,65,1.55,7.86,13.4,3.07,16.38,0.21
2026-08-21,SZTM,97,94.97,97,90.79,127.25,36,1.71B,17.97M,1.8M,65.46K,10,,,,,,
2026-08-21,TATM,181.75,175.28,183.21,173.01,259,82,9.81B,55.99M,11.2M,423.13K,20,,,,,,
2026-08-21,TCORP,19.99,19.69,20.1,19.21,31.87,15.62,1.61B,82M,24.6M,99.88K,30,0,1.62,1.24,0.42,12.12,-0.73
2026-08-21,TELE,8.14,8.04,8.14,7.99,14.09,6.22,2.72B,338.62M,326M,1.86M,96.27,0,0.51,1.67,0.62,15.84,0.64
2026-08-21,TGL,181.9,180.21,183,179,291.5,128,31.03B,172.17M,68.87M,169.23K,40,3.88,24.49,13.38,1.27,7.36,0.24
2026-08-21,THCCL,73,73.34,74.61,71.5,103.5,43.1,36.57B,498.59M,174.51M,4.59M,35,0,7.24,24.4,3.59,10.13,0.06
2026-08-21,TICL,1349.98,1346.06,1349.98,1300.02,1520,541,20.22B,15.02M,226.46K,990.6,1.51,0.74,107.5,4.88,1.63,12.52,1.35
2026-08-21,TOMCL,37.08,36.84,37.28,36.17,75.85,28.3,7.23B,196.34M,107.99M,2.97M,55,0,1.84,2.74,1.1,20.03,2.09
2026-08-21,TOWL,128,125.2,128,122.5,195.95,92.5,2.13B,17M,3.4M,10.19K,20,,,,,,
2026-08-21,TPLRF1,9.8,9.66,9.84,9.51,18.39,7.5,17.73B,1.83B,1.38B,3.49M,75,,,,,,
2026-08-21,TREET,23.78,23.18,23.78,23.1,37,19.55,8.6B,371.03M,185.51M,1.41M,50,0,1.29,1.81,1.06,17.91,0.51
2026-08-21,TRSM,17.49,17.12,17.49,16.8,71.65,8,510.18M,29.8M,23.84M,1.32M,80,,,,,,
2026-08-21,UBDL,36.98,31.17,36.98,31.16,36.98,20.01,2.86B,91.8M,4.59M,306.83K,5,,,,,,
2026-08-21,UDLI,18.69,18.5,18.69,18.42,25.5,9.01,649.73M,35.12M,14.05M,186.35K,40,,,,,,
2026-08-21,UDPL,122,119.98,122,112.06,168.99,75.05,4.23B,35.27M,5.29M,6.5K,15,,,,,,
2026-08-21,UNITY,10.84,10.7,10.84,10.5,30.42,7.51,12.78B,1.19B,537.32M,8.35M,45,0,1.6,2.34,0.68,6.69,0.12
2026-08-21,UPFL,25150.01,25222.8,25275,25025,34150,22562.78,160.67B,6.37M,521.22K,45.4,8.18,5.78,1001.9,14.74,18.96,25.17,1.02
2026-08-21,WAFI,182.72,185.37,187,181.5,260,165,39.67B,214.02M,32.1M,431.75K,15,,,,,,
2026-08-21,WAHDAT,16.13,15.94,16.13,15.9,21.78,15.45,5.34B,335.22M,83.81M,448.67K,25,,,,,,
2026-08-21,WAHN,280,279.4,282,278,435,225.23,2.51B,9M,3.15M,1.5K,35,3.58,51.77,9.43,0.87,5.4,0.34
2026-08-21,WASL,6.28,6.13,6.33,6.1,6.4,6.1,985.2M,160.72M,96.43M,2.11M,60,,,,,,
2026-08-21,WAVES,10,9.95,10.12,9.65,16.95,8.81,2.8B,281.41M,196.98M,1.27M,70,0,1,5.91,0.28,9.91,-2.06
2026-08-21,ZAHID,69,74.33,76.9,66.68,102.51,32.69,14.23B,191.42M,5.94M,44.44K,3.11,0,7.93,3.96,0.65,9.37,0.63
2026-08-21,ZAL,40.4,39.71,40.5,39.5,79.5,27.9,10.42B,262.5M,65.62M,385.55K,25,,,,,,
2026-08-21,ZIL,357,347.22,357,347,722,300,2.13B,6.12M,306.13K,103.2,5,,,,,,
2026-08-21,ZTL,17.35,17.02,17.5,16.3,24.48,9.75,1.01B,59.43M,14.86M,117.32K,25,0,-0.82,-0.65,0.41,-20.8,2.63
2026-08-24,ABOT,910.11,911.28,919,906,1304,821,89.21B,97.9M,21.17M,20.73K,21.63,4.39,84.85,10.97,2.65,10.74,0.6
2026-08-24,ACPL,230.05,230.4,235,228.01,325.01,205,31.66B,137.43M,13.74M,90.25K,10,0.43,20.97,6.74,1.33,10.99,0.8
2026-08-24,ADAMS,66.9,66.98,67.89,66.9,90.98,57.25,1.16B,17.29M,3.46M,4.54K,20,5.97,-5.93,-1.01,0.19,-11.29,1.08
2026-08-24,AGIL,148.01,150.12,153,148.01,198,121.2,5.4B,36M,21.6M,22.05K,60,1.17,24.75,5.37,0.81,6.07,0.47
2026-08-24,AGP,179,172.95,179.45,172.22,258.67,163,48.43B,280M,84M,673.67K,30,4.63,13.41,13.14,2.97,12.9,0.23
2026-08-24,AGTL,375,361.77,375.92,359,497,288,20.97B,57.96M,3.67M,25.57K,6.34,0,35.36,8.63,1.87,10.23,1.25
2026-08-24,AHTM,106,95.51,106,95,134.15,60,809.12M,8.47M,1.27M,4.02K,15,1.57,12.65,2.07,0.34,7.55,-2.79
2026-08-24,AIRLINK,132.08,131.37,133,131.01,199,118,51.93B,395.27M,118.58M,536.41K,30,6.85,14.02,6.35,2.83,9.37,
2026-08-24,AKGL,70.32,63.31,71.45,63.29,103.97,48.01,633.1M,10M,1M,28.88K,10,,,,,,
2026-08-24,ALNRS,122.9,122.86,129.98,122.9,144,85.16,2.52B,20.47M,4.09M,346.2,20,3.26,8.19,0.99,0.35,15,-5.38
2026-08-24,ANL,10.02,10.1,10.35,10,13.7,8.01,4.9B,485.41M,242.7M,174.83K,50,0,1.6,1.96,0.32,6.3,0.39
2026-08-24,ANTM,66,63.3,66.95,61.65,71.05,20.81,611.48M,9.66M,1.45M,47.6K,15,,,,,,
2026-08-24,ARCTM,45.79,47.87,53,45.79,65,24.14,630.68M,13.17M,2.7M,352.35K,20.52,,,,,,
2026-08-24,ARPL,425,438.06,443,422.99,490,325,15.14B,34.56M,8.64M,12.87K,25,6.85,46.47,5.66,2.8,9.43,65.11
2026-08-24,ASHT,38.53,40.18,40.18,38.53,70,13.64,1.87B,46.57M,2.33M,79.66K,5,,,,,,
2026-08-24,ASL,14.95,14.94,15.09,14.75,16,8.51,13.91B,930.78M,279.24M,10.68M,30,0,0.99,1.81,1.24,15.09,-1.13
2026-08-24,ASTM,144.98,160.34,160.34,138.1,160.34,12,2.43B,15.18M,2.28M,349.57K,15,,,,,,
2026-08-24,ATBA,202,203.57,204.87,202,290,169.02,7.13B,35.02M,8.75M,9.91K,25,0,2.24,0.23,0.9,91.02,438.61
2026-08-24,ATRL,1133,1105.21,1164,1090.1,1199,597.1,117.83B,106.62M,42.65M,1.08M,40,0.68,180.56,6.62,0.69,6.12,-0.01
2026-08-24,AVN,33,31.64,33,31.6,54.3,26.5,13.59B,429.67M,150.38M,675.75K,35,3.16,1.02,2.52,0.9,31.01,-11.77
2026-08-24,AWTX,1761.22,1601.11,1761.22,1761.22,1761.22,1270,1.28B,800K,4.5K,10,0.56,0,9.84,0.15,1.02,162.8,-19.84
2026-08-24,BAFS,549,520,567.5,512,647,181.01,4.91B,9.45M,472.5K,818.6,5,0.38,-11.24,-2.1,2.71,-46.26,-29.09
2026-08-24,BATA,900,894.04,900,888.71,1740,875,6.76B,7.56M,1.79M,1.24K,23.67,0,-368,-15.26,2.24,-2.43,0.11
2026-08-24,BBFL,42.01,42.14,42.45,42,57.35,34,12.6B,298.91M,115.24M,1.14M,38.55,,,,,,
2026-08-24,BCL,71.99,70.75,73,70.2,114.9,56.02,811.68M,11.47M,6.31M,5.4K,55,0,-1.36,-1.1,2.55,-52.19,4.16
2026-08-24,BECO,5,4.91,5,4.89,73.6,3.9,6.14B,1.25B,437.37M,8.44M,35,,,,,,
2026-08-24,BERG,151.89,150.17,156,148,171.25,80.65,3.69B,24.55M,9.82M,1.93M,40,3.33,12.44,3.37,0.97,12.07,
2026-08-24,BFAGRO,33.5,33.33,33.5,33,49.25,29.03,10.33B,309.99M,77.5M,127.42K,25,,,,,,
2026-08-24,BFBIO,135.9,134.71,137,134,177.99,124,11.9B,88.33M,26.5M,673K,30,,,,,,
2026-08-24,BFMOD,22.98,22.71,23.09,22.62,38.84,12.16,170.67M,7.52M,2.63M,37.7K,35,,,,,,
2026-08-24,BHAT,820,820,820,820,1040,726.06,2.49B,3.04M,152.05K,118,5,0,30.09,0.28,0.23,27.25,3.85
2026-08-24,BIFO,129.88,127.91,130,127.5,196.5,79.1,5.93B,46.38M,16.23M,396.12K,35,5.86,9.41,12.78,1.82,13.59,0.63
2026-08-24,BIPL,27.87,27.82,28.09,27.75,44.1,23.6,30.84B,1.11B,166.31M,1.71M,15,9.88,3.27,4.69,0.64,8.5,
2026-08-24,BLUEX,7,6.92,7.19,6.9,80.85,4.9,1.97B,284.28M,113.71M,6.74M,40,,,,,,
2026-08-24,BNL,6.26,6.28,6.32,6.16,170.73,6.01,4.2B,668.05M,434.23M,1.45M,65,0,0.67,5.69,1.43,9.41,0.56
2026-08-24,BNWM,70,68.98,70,66.97,83.15,50,655.74M,9.51M,4.75M,17.01K,50,0,-9.58,-7,0.2,-7.2,-0.32
2026-08-24,BPL,53.14,52.85,53.15,51.02,80.97,20.01,1.19B,22.49M,6.75M,9.88K,30,,,,,,
2026-08-24,BRRG,45,46.92,46.5,44.66,53.77,28.21,4.46B,95.01M,47.5M,103.15K,50,,,,,,
2026-08-24,BTL,902.03,900.26,902.03,902,1580,275.01,5.79B,6.43M,321.6K,59.8,5,0,-35.67,-0.77,0.76,-25.24,
2026-08-24,BUXL,595.31,595.31,595.31,595.31,595.31,133.02,857.25M,1.44M,576K,75.16K,40,0,-17.12,-4.42,5.26,-34.77,0.35
2026-08-24,BWHL,227.31,226.26,228,224,257.92,168.13,3.02B,13.33M,7.33M,56.47K,55,8.84,23.44,10.72,1.26,9.65,0.08
2026-08-24,CCM,48.08,48,48.08,47.2,68.88,34.4,1.09B,22.66M,10.2M,5.46K,45,0,2.96,-0.18,0.16,16.21,-0.81
2026-08-24,CEPB,27.84,28.37,28.91,27.35,46.7,24.59,11.4B,401.71M,120.51M,1.45M,30,0,-0.15,-0.15,0.85,-189.13,12.29
2026-08-24,CFL,73.25,64.19,73.25,62.01,94.01,46,797.1M,12.42M,3.73M,1.69K,30,0,-49.59,-18.39,0.21,-1.29,0.04
2026-08-24,CHAS,86.04,85.15,87,85,160.49,56.01,2.44B,28.69M,4.3M,13.77K,15,0,-52.68,-4.41,0.24,-1.62,-0.06
2026-08-24,CHCC,305,307.02,311.88,303.11,390,225,59.65B,194.3M,116.58M,225.62K,60,1.79,37.34,19.88,1.51,8.22,0.68
2026-08-24,CLOV,6.83,6.8,6.9,6.72,88.64,6.59,2.65B,389.29M,214.11M,8.02M,55,0,0.61,4.44,3.63,11.13,-0.28
2026-08-24,CNERGY,14.62,14.17,15.3,13.9,15.75,5.87,77.84B,5.49B,1.37B,237.41M,25,0,2.78,4.49,0.35,5.09,0.09
2026-08-24,COLG,1217.5,1216.3,1224.98,1215,1313.96,1050,295.29B,242.77M,24.28M,11.65K,10,5.26,76.74,14.88,7.1,15.85,0.34
2026-08-24,CPHL,73.99,75.27,77.7,73.82,104.25,69.25,17.2B,228.46M,114.23M,2.21M,50,4.65,4.8,7.92,1.57,15.68,
2026-08-24,CPPL,109.51,110.18,113.8,108.99,125.5,64.79,5.41B,49.1M,29.46M,1.19M,60,3.63,13.26,4.31,0.55,8.31,-2.43
2026-08-24,CRTM,71.11,71.03,72.49,71,96.5,16.6,7.1B,100M,60M,2.77K,60,0,1.31,0.69,0.56,54.31,-7.38
2026-08-24,CSAP,104,103.6,104.73,103.5,143.5,78.25,8.04B,77.63M,34.93M,198.56K,45,5.31,19.74,17.22,0.82,5.25,0.74
2026-08-24,DAAG,81.01,76.08,81.01,72.96,120.25,52,304.32M,4M,970.7K,5.73K,24.27,,,,,,
2026-08-24,DADX,86.01,101.95,101.97,86.01,121.88,42.75,1.1B,10.76M,538.2K,10.99K,5,0,-30.29,-37.21,4.23,-3.37,0.05
2026-08-24,DCL,10.25,10.31,10.47,10.2,16.31,6.61,5.61B,544.11M,190.44M,1.05M,35,0,-2.37,-4.8,0.23,-4.35,0.04
2026-08-24,DCR,39.2,39.35,39.45,38.81,41.8,30,87.5B,2.22B,555.92M,312.89K,25,6.56,2.31,78.71,1.15,17.03,
2026-08-24,DFSM,13.97,15.37,15.37,13.8,35.24,3.75,1.5B,97.75M,34.21M,413.99K,35,,,,,,
2026-08-24,DGKC,214.15,218.32,219.7,214.15,275.75,145.1,95.65B,438.12M,219.06M,4.37M,50,0.92,27.64,14.23,0.85,7.9,0.27
2026-08-24,DINT,61.99,61.64,64.8,61,96,41.36,3.23B,52.47M,7.87M,10.81K,15,0,-3.91,-0.63,0.46,-15.75,-1.63
2026-08-24,DMC,180.5,183.15,186,180,351.9,45.3,559.05M,3.05M,915.73K,101,30,,,,,,
2026-08-24,DNCC,17.9,16.93,17.9,16.11,28.07,14,5.36B,316.36M,94.91M,96.6K,30,0,-0.39,-1.76,2.58,-43.08,-0.3
2026-08-24,DOL,30,29.8,30.21,29.7,41,25.36,5.22B,175.03M,52.51M,53.12K,30,13.42,2.55,8.79,1.74,11.7,-3.9
2026-08-24,DYNO,340,340.82,342.5,338.5,366.9,254.3,6.43B,18.87M,12.27M,464.2,65,4.77,55.14,7.33,1.18,6.18,0.67
2026-08-24,ECOP,49,49.91,50.29,48.7,78.25,33.82,2.41B,48.26M,36.19M,107.87K,75,4.01,7.67,5.37,1.33,6.5,0.15
2026-08-24,EFERT,182.01,182.77,184.55,182.01,263.3,180.15,244.05B,1.34B,600.88M,668.59K,45,6.7,15.94,9.36,5.57,11.46,-1.64
2026-08-24,ELCM,196,200,226.11,196,343.44,126.01,260M,1.3M,260K,764.2,20,0,-24.15,-3.34,3.83,-8.28,0.14
2026-08-24,ELSM,147.98,136.95,147.98,136.95,170,99,1.5B,10.95M,3.29M,216,30,2.92,3.97,0.28,0.35,34.46,-31.08
2026-08-24,EMCO,49.87,48.4,49.87,48,80.55,31.29,1.69B,35M,10.5M,40.39K,30,,,,,,
2026-08-24,ENGROH,265.1,263.55,266.3,262.9,302.5,209,317.38B,1.2B,903.17M,1.88M,75,0,32.63,6.44,,8.08,0.49
2026-08-24,EPCL,33,33.11,33.28,32.5,39.32,27.01,30.09B,908.92M,227.23M,373.6K,25,0,1.05,1.2,1.37,31.44,-2.85
2026-08-24,EPQL,24.55,24.4,24.7,24.3,34.98,22.3,7.9B,323.8M,161.9M,374.47K,50,11.27,2.23,5.69,0.68,10.94,-3.94
2026-08-24,EXIDE,474.3,466.65,474.3,463.9,765,365,3.63B,7.77M,1.94M,2.72K,25,1.07,43.18,1.88,0.48,10.81,
2026-08-24,FABL,97,96.56,97.21,95.8,106,73.5,146.55B,1.52B,531.19M,585.08K,35,6.73,15.03,11.28,1.25,6.42,
2026-08-24,FANM,10.3,9.94,10.3,9.7,10.83,4.25,229.61M,23.1M,11.55M,659.24K,50,,,,,,
2026-08-24,FASM,330.07,330,330.07,330,425,240.02,3.3B,10M,1M,344.8,10,0,-52.85,-1.19,0.31,-6.24,-1.57
2026-08-24,FATIMA,160.5,158.07,160.55,156.9,192.8,116.06,331.95B,2.1B,315M,1.39M,15,6.01,21.7,15.66,1.79,7.29,0.2
2026-08-24,FCCL,55.95,56.69,57,55.41,62.84,36.26,139.05B,2.45B,858.5M,4.06M,35,2.65,5.99,16.04,1.51,9.46,0.08
2026-08-24,FCEPL,129.34,142.16,142.16,128,142.16,63.86,108.98B,766.6M,76.66M,2.07M,10,2.46,7.54,5.21,5.83,18.86,0.51
2026-08-24,FCL,28.55,28.28,29.01,28.21,29.75,19.65,18.23B,644.58M,161.14M,14.5M,25,,,,,,
2026-08-24,FECM,27.34,27.34,27.34,27.34,57.06,11.75,310.04M,11.34M,8.51M,54.15K,75,,,,,,
2026-08-24,FECTC,108.49,107.73,108.8,107,195.75,72,5.4B,50.16M,12.54M,238.65K,25,3.71,13.22,5.31,1.06,8.15,0.07
2026-08-24,FEM,11.65,12.19,12.19,11.37,17.7,5.87,639.24M,52.44M,36.71M,133.07K,70,,,,,,
2026-08-24,FEROZ,355.01,355.88,360.9,355.01,475,293.01,15.47B,43.47M,17.39M,12.79K,40,1.12,21.66,4.15,1.2,16.43,0.73
2026-08-24,FFC,547,544.83,550.5,543.5,685,425,784.02B,1.44B,791.46M,651.61K,55,7.53,61.43,16.53,2.86,8.87,0.13
2026-08-24,FFL,16.15,16.02,16.3,16,23.93,14,40.37B,2.52B,503.99M,1.89M,20,0,0.39,3.18,3.58,41.48,0.02
2026-08-24,FFLM,13.3,12.87,13.39,12.05,27.23,4.4,339.95M,26.41M,17.17M,166.52K,65,,,,,,
2026-08-24,FHAM,32.7,32.91,34.5,32.63,39.49,27,3.65B,110.83M,94.21M,48.92K,85,6.84,6.75,15.08,0.58,4.88,0.12
2026-08-24,FIBLM,20,21.05,21.05,18.85,22.24,7.71,456.52M,21.69M,10.84M,596.31K,50,0,0.94,43.94,1.83,22.47,0.6
2026-08-24,FIMM,211,219.15,223,202.02,397.69,173.39,657.45M,3M,900K,49,30,,,,,,
2026-08-24,FLYNG,43,42.96,43.5,42.05,61,38.51,29.85B,694.8M,104.22M,17.99K,15,0,1.29,5.99,2.32,33.26,0.12
2026-08-24,FML,52.98,51.95,52.98,51.11,86,34.05,20.75B,399.41M,39.94M,41.12K,10,0,0.46,0.27,0.61,112.81,-23.95
2026-08-24,FPJM,17.7,17.74,17.74,16.51,17.74,4.23,603.51M,34.02M,13.61M,2.6M,40,0,-3.22,-38.72,-1.3,-5.51,0.71
2026-08-24,FPRM,11.55,11.73,12.36,11.55,16.99,9.51,161.74M,13.79M,6.2M,75.03K,45,,,,,,
2026-08-24,FRCL,100,102.39,110.01,97.11,118.45,40.02,3.88B,37.87M,1.89M,5.55K,5,,,,,,
2026-08-24,FRSM,42.91,43.95,43.97,42.91,63.48,34.22,1.74B,39.51M,11.85M,4.36K,30,0,10.06,3.35,0.79,4.37,0.01
2026-08-24,FTMM,17.01,17.24,17.33,17,23.75,11.14,3.37B,195.6M,9.78M,6.72K,5,8.7,0.5,2.47,1.21,34.78,-1.55
2026-08-24,FTSM,52.05,48.29,53.59,48.29,65.08,11.52,1.02B,21.16M,8.47M,242.32K,40,,,,,,
2026-08-24,FZCM,245.02,266.72,273.73,245.02,333.39,185.52,8B,30M,3M,1.17K,10,0,3.02,0.1,0.16,88.4,43.15
2026-08-24,GADT,317.06,314.82,319.98,314.05,453.9,215,8.82B,28.03M,8.41M,16.89K,30,1.59,93.78,3.49,0.33,3.36,0.28
2026-08-24,GAL,619.89,616.92,625,612,672.97,291,35.17B,57M,22.8M,457.13K,40,1.62,117.24,12.52,1.83,5.26,0
2026-08-24,GATI,96,96.16,102.99,95,139,62.55,10.46B,108.73M,16.31M,334.88K,15,0,-10.67,-4.01,0.88,-9.02,-6.25
2026-08-24,GATM,24.78,24.53,25,24.31,40.7,16.5,18.15B,740.06M,185.01M,600.27K,25,0,2.72,1.18,0.35,9.03,0.76
2026-08-24,GCIL,35.89,35.61,36.35,35.42,40.6,24.95,20.31B,570.45M,228.18M,2.11M,40,0,5.27,33.37,,6.76,
2026-08-24,GCWL,16.01,15.79,16.05,15.75,25.15,12.85,3.95B,250.14M,111.05M,519.94K,44.39,,,,,,
2026-08-24,GDL,17.29,17.46,17.5,17.2,33,16.9,7.49B,429.2M,107.3M,323.78K,25,,,,,,
2026-08-24,GEMBCEM,11.3,11.97,11.97,11.3,14.5,9.64,1.2B,100M,25M,4K,25,,,,,,
2026-08-24,GEMMEL,29.92,29.92,29.92,29.92,39,19.1,5.81B,194.1M,19.41M,708.67,10,,,,,,
2026-08-24,GEMPACRA,39,39,39,39,49,22,2.91B,74.53M,7.45M,1K,10,,,,,,
2026-08-24,GEMPAPL,10.5,10.5,10.5,10.5,18.19,9,210M,20M,15M,20K,75,,,,,,
2026-08-24,GFIL,30.28,30.19,30.28,29.5,35.18,12.1,985.27M,32.64M,3.26M,10.36K,10,,,,,,
2026-08-24,GGGL,8.53,8.5,8.66,8.43,14.47,6.7,2.04B,240M,120M,547.08K,50,0,0.54,4.51,0.7,15.87,0.74
2026-08-24,GGL,22.49,22.45,22.54,22.02,31.31,14.1,7.95B,354.12M,177.06M,976.46K,50,0,9.78,31.53,0.98,2.3,0.04
2026-08-24,GHGL,40.94,42.11,43.1,40.9,52.25,27.78,42.1B,999.71M,349.9M,397.82K,35,4.75,6.21,13.11,1.04,6.78,0.26
2026-08-24,GHNI,1290,1277.97,1298,1273,1371.99,590,54.45B,42.61M,14.91M,117.44K,35,0.78,162.33,11.84,2.96,7.87,0.03
2026-08-24,GIL,0,1000,0,0,0,0,0,0,0,0,0,0.3,15.14,0.25,0,66.03,-14.54
2026-08-24,GLAXO,347.96,340.99,347.96,340.8,459.94,293.09,108.59B,318.47M,63.69M,244.47K,20,4.99,33,15.6,2.99,10.33,0.17
2026-08-24,GOC,193,186,193,182,235,77,1.37B,7.35M,1.1M,7.38K,15,0.54,4.14,6.12,1.9,44.89,1.61
2026-08-24,GTYR,32.99,29.79,33.5,29.75,48,22.26,3.63B,121.93M,48.77M,798.43K,40,0,-6.34,-4.84,0.57,-4.7,0.55
2026-08-24,GVGL,53.99,54.93,55.49,53.99,73.99,43.65,8.24B,149.94M,29.38M,3.98K,19.59,5.46,6.64,15.54,1.63,8.27,
2026-08-24,GWLC,53.06,54.53,54.99,53.06,77.96,38.75,21.83B,400.27M,40.03M,761.98K,10,2.75,6.74,12.64,0.8,8.09,0.53
2026-08-24,HAEL,27.98,27.13,28.7,27.01,37.96,14.91,352.59M,13M,1.95M,20.66K,15,,,,,,
2026-08-24,HAFL,476.03,486.72,498.96,476.02,629.5,283.58,584.06M,1.2M,42.48K,282.4,3.54,,,,,,
2026-08-24,HALEON,732.9,722.59,732.9,718.2,1010,655,84.58B,117.05M,15.74M,49.85K,13.44,4.15,55.96,15.35,5.81,12.91,0.19
2026-08-24,HCAR,228.51,228.48,231.7,228,318,147.5,32.63B,142.8M,28.56M,151.15K,20,3.94,34.25,3.68,1.22,6.67,32.55
2026-08-24,HINO,369.88,368.42,369.88,366,565.99,264.69,9.14B,24.8M,2.55M,4.97K,10.28,2.96,13.47,3.24,1.46,27.35,9.9
2026-08-24,HINOON,990,975.15,993.5,971,1240,755.56,51.67B,52.98M,21.19M,21.24K,40,5.13,75.63,14.32,3.49,12.89,0.3
2026-08-24,HPL,4000,4024.13,4049.5,3982,4889.99,3602,38.81B,9.64M,964.48K,1.83K,10,5.96,388.64,11.95,4.54,10.35,0.23
2026-08-24,HRPL,20.47,20.51,21,20.1,37,16.51,820.4M,40M,8M,87.29K,20,0,-3.09,-5.61,1.1,-6.64,0.28
2026-08-24,HTL,41.5,41.22,41.82,41,66.5,31.01,5.74B,139.2M,34.8M,838.5K,25,0,3.83,1.49,0.87,10.78,1.03
2026-08-24,HUBC,209,207.56,209.5,206.26,249.99,161,269.24B,1.3B,972.87M,4.65M,75,12.04,34.65,63.41,1.19,5.99,-4.75
2026-08-24,IBFL,261,265.21,279.98,241.01,397.32,176.55,82.35B,310.51M,15.53M,720.6,5,0,-4.55,-1.34,1.45,-58.35,-5.79
2026-08-24,IBLHL,48.46,47.93,48.46,47.66,85.82,36,4.72B,98.53M,24.63M,92.14K,25,0,2.44,5.36,1.9,19.65,4.95
2026-08-24,ICCI,15.89,16.41,16.99,15.35,17.91,8.61,492.32M,30M,4.5M,66.35K,15,,,,,,
2026-08-24,ICL,140,135.62,141.05,135,176,85.1,13.56B,100M,45M,52.22K,45,2.21,13.74,4.34,1.24,9.87,0.39
2026-08-24,IDEAL,48.74,48.75,50.98,45.05,87.7,15.75,483.6M,9.92M,1.49M,9.5K,15,,,,,,
2026-08-24,IDRT,39.32,38.41,39.98,37.5,68.08,19.31,762.55M,19.85M,1.99M,135.17K,10,,,,,,
2026-08-24,ILP,100.5,100.4,101.8,99.8,110.5,67.4,140.73B,1.4B,280.34M,761.64K,20,2.99,8.3,6.45,2.31,12.1,0.2
2026-08-24,IMAGE,26.74,26.12,26.74,26.01,32.46,19,6.02B,230.37M,149.74M,404.7K,65,7.66,3.49,17.93,1.24,7.48,
2026-08-24,INIL,178.98,174.95,178.99,174.1,249,127.3,23.07B,131.88M,59.35M,813.52K,45,3.43,21.92,2.4,0.68,7.98,-2.56
2026-08-24,INKL,103.75,106.84,110,99.12,126,40,1.03B,9.68M,3.87M,266.71K,40,,,,,,
2026-08-24,IPAK,38.51,38.32,38.89,38.25,39.99,21.02,28.17B,735.21M,220.56M,469.64K,30,1.49,3.81,7.22,2.2,10.07,
2026-08-24,IREIT,8,7.99,8.01,7.95,13.05,7.26,2.2B,275.86M,96.55M,326.98K,35,,,,,,
2026-08-24,ISIL,1863,1862.17,1887.4,1831.01,2370,1725.01,123.57B,66.36M,3.32M,12.8,5,0.27,62.5,3.31,4.46,29.79,0.45
2026-08-24,ISL,91.5,91.34,91.6,90.75,135,65.45,39.73B,435M,152.25M,1.55M,35,5.47,8.44,3.93,1.48,10.83,-2.58
2026-08-24,ITANZ,46,44.7,47.2,44.1,47.2,44.1,5.3B,118.6M,48.52M,2.61M,40.91,,,,,,
2026-08-24,ITTEFAQ,8.72,8.69,8.84,8.51,12.64,5.75,1.25B,144.34M,93.82M,356.74K,65,0,-3.91,-27.88,0.43,-2.22,
2026-08-24,JATM,45,41.78,46.9,41.7,75.72,14.61,526.48M,12.6M,1.89M,188.27K,15,,,,,,
2026-08-24,JDMT,157,150.1,157,150,199.89,60.1,1.04B,6.92M,2.07M,33.9K,30,,,,,,
2026-08-24,JDWS,886.8,909.58,925,886.8,999,780,52.55B,57.78M,8.67M,472.6,15,5.5,162.29,7.18,1.4,5.6,0.19
2026-08-24,JSML,59.99,58.81,60,58.75,147.5,47.5,2.01B,34.13M,13.65M,22.66K,40,0,3.91,1.36,0.21,15.05,0.77
2026-08-24,JVDC,146.58,144.54,146.9,142.25,163.9,65.15,55.05B,380.86M,190.43M,381.86K,50,3.46,10.67,38.34,1.98,13.55,-0.01
2026-08-24,KCL,141,145,141,141,195.69,115.02,2.11B,14.55M,10.91M,10.25,75,,,,,,
2026-08-24,KEL,7.19,7.13,7.2,7.1,9.58,4.97,196.9B,27.62B,2.76B,21.25M,10,0,0.42,2.19,1.71,17.1,
2026-08-24,KHYT,1985.01,1945.12,2019.98,1800.12,2689,1131.01,2.39B,1.23M,20.67K,61,1.68,,,,,,
2026-08-24,KOHC,96.99,97.52,98,96,126.6,74,89.65B,919.31M,229.83M,318.63K,25,0,10.62,25.96,1.62,9.18,0.32
2026-08-24,KOHE,15.7,15.73,16.1,15.65,23.49,12.33,2.67B,169.46M,67.78M,156.34K,40,0,3.94,15.83,0.59,3.99,-0.38
2026-08-24,KOHTM,121.89,120.67,123,118.01,210,40,2.51B,20.8M,6.24M,177.92K,30,1.66,14.85,3.65,0.52,8.13,0.2
2026-08-24,KPUS,918.8,901.47,930,900,2849.99,115.11,14.44B,16.02M,800.88K,3.72K,5,0,5.68,1.21,3.6,158.69,6.11
2026-08-24,KSBP,250,248.72,250,246,263.98,155.2,7.69B,30.9M,8.37M,52.35K,27.08,0.4,7.38,3.01,1.78,33.71,3.46
2026-08-24,KTML,40.28,40.62,41.4,40,305,37.02,54.69B,1.35B,269.3M,1.05M,20,0.98,14.77,13.86,0.58,2.75,0.09
2026-08-24,LCI,224.99,223.69,225.5,223.11,364,201.17,103.3B,461.8M,92.36M,65.5K,20,4.69,21.11,8.6,1.74,10.6,0.51
2026-08-24,LEUL,46.06,45.82,47,44.55,72.68,25.76,274.92M,6M,1.8M,23.65K,30,,,,,,
2026-08-24,LIVEN,34.49,33.88,34.49,33.5,74.4,27.82,3.83B,113.04M,11.3M,29.65K,10,,,,,,
2026-08-24,LOADS,13.04,13.09,13.3,13,22.6,10.93,4.86B,371.25M,185.62M,944.43K,50,0,1.07,4.28,0.93,12.26,-0.01
2026-08-24,LOTCHEM,27.5,27.48,27.6,27.06,34.3,18.41,41.61B,1.51B,378.55M,4.73M,25,23.65,3.1,5.49,2.05,8.87,-6.42
2026-08-24,LPGL,100,100.08,105,98,117.77,63.01,750.6M,7.5M,1.88M,58.11K,25,,,,,,
2026-08-24,LUCK,441.16,440.03,445,437,529.5,339,644.64B,1.47B,439.5M,870.42K,30,1.14,60.78,17.24,1.5,7.24,0.14
2026-08-24,MACFL,84.8,76.9,90,76.9,99.99,19.52,4.56B,59.3M,23.72M,2.61M,40,0.65,2.13,1.96,1.96,36.07,8.58
2026-08-24,MACTER,274,273.55,277.99,272,443.5,255.1,12.53B,45.81M,18.32M,6K,40,1.39,17.8,6.82,3.11,15.36,0.28
2026-08-24,MARI,677.99,671.86,679,670.21,795,544.56,806.65B,1.2B,240.12M,602.39K,20,4.02,72.36,45.33,2.5,9.29,0.4
2026-08-24,MEBL,571.63,563.8,572.63,562.1,605,387.5,1.02T,1.81B,450.14M,714.3K,24.91,5.23,51.25,19.32,3.46,11,
2026-08-24,MEHT,147.98,143.98,149,143.01,366.01,139,4.32B,30M,19.5M,230.51K,65,0,39.74,1.87,0.22,3.62,0.09
2026-08-24,MERIT,9.53,9.67,10,9.53,14.69,7.1,1.93B,199.96M,39.99M,107.61K,20,0,-1.75,-10.52,0.82,-5.53,0.01
2026-08-24,MFFL,175,177.18,180,175,237,139.66,4.05B,22.88M,3.85M,5.83K,16.82,,,,,,
2026-08-24,MFL,43.9,44.3,44.99,42.62,85.73,37.56,5.42B,122.4M,42.84M,1.36M,35,0,4.13,1.98,0.5,10.71,0.21
2026-08-24,MIRKS,35.98,33.43,35.98,33,44.5,22.28,2.23B,66.56M,29.95M,47.86K,45,0,-6.17,-3.48,0.89,-5.42,-0.11
2026-08-24,MLCF,98.99,101.7,102.1,98.8,132.99,71,106.54B,1.05B,471.4M,9.09M,45,0,11.34,13.96,1.28,8.97,0.21
2026-08-24,MQTM,27,26.19,27.1,26.1,44,17.97,482.73M,18.43M,4.61M,37.56K,25,0,-79.43,-17.35,1.52,-0.33,0.01
2026-08-24,MRNS,62.96,62.38,63.47,62.06,94.01,52.32,4.67B,74.93M,26.22M,96.02K,35,10.42,19.23,11.82,0.95,3.24,
2026-08-24,MSCL,22.3,21.91,22.99,20.31,46.53,12.05,678.72M,30.98M,7.74M,68.72K,25,,,,,,
2026-08-24,MTL,300,299.26,302,299,636.99,279,119.41B,399.03M,179.56M,104.07K,45,5.85,18.49,12.64,15.44,16.19,0.94
2026-08-24,MUGHAL,77.88,78.53,79.79,77.85,113.99,59,26.36B,335.63M,117.47M,476.34K,35,0,6.37,2.8,0.87,12.32,0.83
2026-08-24,MWMP,54.75,54.75,55.1,54.75,170.95,36,1.57B,28.75M,7.19M,21.63K,25,,,,,,
2026-08-24,NATM,94.15,89.42,94.15,94.15,94.15,77,1.9B,21.27M,1.06M,0,5,0,-53.59,-51.27,0.87,-1.67,0.05
2026-08-24,NESTLE,7520,7518.89,7522,7481.12,8700,7000,340.98B,45.35M,4.53M,310.2,10,7.28,370.4,8.2,17.36,20.3,1.46
2026-08-24,NETSOL,120,119.78,121.19,119,164.59,87.66,10.76B,89.84M,26.95M,124.23K,30,0,32.29,21.96,0.85,3.71,0.09
2026-08-24,NML,144.94,143.98,145.74,143.59,208.4,120,50.62B,351.6M,158.22M,1.07M,45,1.39,33.41,5.75,0.29,4.31,1.49
2026-08-24,NONS,84.43,83.47,84.43,83,157.1,70.02,1.38B,16.52M,3.3M,9.11K,20,4.79,18.72,2.44,0.73,4.46,0.66
2026-08-24,NRL,529.85,505.81,542,497.03,547.9,259,40.45B,79.97M,26.31M,5.64M,32.91,0,108.68,2.33,0.68,4.65,0.01
2026-08-24,NRSL,36.01,37.99,38.9,36.01,40.65,20.6,5.37B,141.32M,42.4M,1.17M,30,0,2.09,2.61,1.47,18.15,1.53
2026-08-24,NSRM,240,225.8,240,215,362.31,84.01,3.51B,15.55M,777.66K,353.8,5,0,6.79,4.51,2.19,33.27,0.2
2026-08-24,OCTOPUS,30.99,30.58,30.99,30.51,56.55,24.35,4.84B,158.22M,47.18M,137.3K,29.82,,,,,,
2026-08-24,OGDC,327,331.09,335,327,352,238.2,1.42T,4.3B,645.14M,6.49M,15,4.83,36.17,39.85,1.01,9.15,0.79
2026-08-24,OLPM,24.82,25,25.05,24.82,25.98,19,1.13B,45.38M,34.04M,10.36K,75,10,3.44,9.88,0.85,7.28,-1.83
2026-08-24,OML,93,90.35,93,90.1,187.24,25.8,1.08B,12M,1.2M,28.76K,10,,,,,,
2026-08-24,ORM,11.78,11.58,11.92,11.06,16.79,9.2,868.5M,75M,26.25M,146.33K,35,,,,,,
2026-08-24,OTSU,419,414.84,420,410.5,447.94,254.95,5.02B,12.1M,3.02M,8.98K,25,0,28.78,8.39,4.67,14.42,1.88
2026-08-24,PAEL,40.6,40.98,41.49,40.41,64.6,32.01,37.85B,923.65M,508.01M,3.21M,55,0,4.46,5.86,0.75,9.19,0.31
2026-08-24,PAKD,132.1,134.06,135.9,132,220,85.01,1.59B,11.86M,5.06M,76.43K,42.63,,,,,,
2026-08-24,PAKOXY,308,323.71,329,307.5,356.68,221.01,28.2B,87.12M,21.78M,91.79K,25,0,22.58,14.35,2.27,14.33,0.16
2026-08-24,PAKQATAR,20.25,19.82,20.25,19.56,29.4,15.24,4.57B,230.71M,80.75M,327.28K,35,,,,,,
2026-08-24,PIBTL,16.48,16.33,16.58,16.2,22.97,11,29.17B,1.79B,803.74M,12.85M,45,0,1.18,14.81,1.66,13.85,7.74
2026-08-24,PICT,44.49,44.83,45.75,43.36,61.5,23.65,4.89B,109.15M,21.83M,341.18K,20,0,-1.65,-1809.22,3.76,-27.13,1.27
2026-08-24,PIM,42.37,42.37,42.37,42.37,42.37,16.16,847.4M,20M,1M,41.55K,5,,,,,,
2026-08-24,PIOC,267.94,268.26,270,265.02,427.5,200.01,60.93B,227.15M,34.07M,51.83K,15,3.73,29.03,17.09,1.23,9.24,0.14
2026-08-24,PKGS,795.01,797.54,803,795,855,621.25,71.28B,89.38M,17.88M,5.64K,20,2.01,-9.43,-0.43,1.09,-84.57,-3.59
2026-08-24,PMRS,450.01,469.81,479.99,430.01,835,290.01,1.76B,3.75M,387.66K,515.8,10.34,0,-226.21,-2.28,0.38,-2.08,-0.06
2026-08-24,POML,157,160,162,157,220,113.11,1.24B,7.76M,3.11M,2.68K,40,,,,,,
2026-08-24,POWER,21.99,22.93,23.25,21.87,24.26,14.71,29.59B,1.29B,452.11M,1.37M,35.03,0,2.24,8.78,1.25,10.23,0.16
2026-08-24,PPL,242.02,245.66,250,242,284.6,175.8,668.43B,2.72B,669.51M,13.2M,24.61,3.46,28.99,33.84,0.89,8.47,
2026-08-24,PPP,143,141.01,144,140,185.99,91,1.13B,8M,4M,77.32K,50,3.55,17.67,7.84,0.62,7.98,0.33
2026-08-24,PQGTL,14.2,14.11,14.5,14.02,19.8,10.25,1.43B,101.11M,40.44M,131.18K,40,,,,,,
2026-08-24,PREMA,38.8,38.2,39.5,37.96,56.38,23,8.35B,218.64M,65.59M,10.71M,30,0,2.73,9.01,1.38,13.97,0.31
2026-08-24,PRL,94.89,86.74,99.34,85.2,99.34,23.2,54.65B,630M,227.29M,29.35M,36.08,0,25.05,4.5,1.28,3.46,0.02
2026-08-24,PSEL,903.55,910.66,920.95,903.55,1635,799,29.62B,32.52M,30.82M,102.2,94.76,0,5.58,1.22,0.66,163.19,5.62
2026-08-24,PSO,379.45,375.47,384.4,373.55,506.75,320.11,176.27B,469.47M,234.74M,8.01M,50,2.66,92.73,1.35,0.6,4.05,0.03
2026-08-24,PSYL,134.85,134.85,134.85,134.85,158,52.26,18.7B,138.7M,6.93M,324.25,5,0,3.38,3.07,3.72,39.85,1.03
2026-08-24,PTL,52.99,51.79,52.99,51.36,65.88,46.4,8.7B,168M,42M,43.47K,25,7.72,6.4,3.09,1.08,8.1,
2026-08-24,QTECH,37.75,37.64,38.16,37.1,57.8,23.1,4.58B,121.58M,30.39M,636.55K,25,,,,,,
2026-08-24,QUICE,31.4,30.88,31.4,30,46.06,8,3.04B,98.46M,68.92M,109.94K,70,,,,,,
2026-08-24,REDCO,31,30.01,31,29.66,40.4,14.9,1.48B,49.29M,2.46M,6.18K,5,,,,,,
2026-08-24,REWM,163,172.53,178,163,244.05,96.02,5.32B,30.81M,10.78M,104.67,35,,,,,,
2026-08-24,RMPL,9301.07,9212.4,9387.9,9212.4,13565.64,8500,85.09B,9.24M,461.82K,37.2,5,4.71,734.36,9.04,2.74,12.54,3.17
2026-08-24,RPL,16.6,16.51,16.69,16.31,25.05,12,2.34B,141.9M,44.42M,190.48K,31.3,0,0.13,0.16,0.27,131.03,-34.95
2026-08-24,RUPL,35.37,33.06,35.39,32.51,42.79,23.11,1.13B,34.07M,10.22M,204.59K,30,0,-20.94,-21.91,0.2,-1.58,0.04
2026-08-24,SANSM,121.43,127.34,124.02,121.43,148.99,52.22,1.52B,11.95M,6.57M,113.6,55,0,16.24,3.1,0.47,7.84,0.07
2026-08-24,SAPT,1500,1440.31,1505,1436.2,1606,1164,31.24B,21.69M,2.17M,150,10,0.69,387.04,5.77,0.38,3.72,0.25
2026-08-24,SARC,104.74,97.21,107.88,96,120.32,46.68,583.26M,6M,2.7M,79.2K,45,,,,,,
2026-08-24,SASML,332.03,389.49,393.67,332.03,469.49,164.2,4.06B,10.43M,2.61M,631,25,0.51,-13.78,-3.02,1.62,-28.26,-13.28
2026-08-24,SAZEW,1865,1861.49,1868.5,1850.05,2487,1465.1,112.52B,60.45M,21.16M,234.56K,35,3.76,303.75,12.89,3.16,6.13,0
2026-08-24,SCL,750,750.07,750,750,1125,316.51,2.93B,3.9M,195K,0,5,0,-53.91,-8.05,9.44,-13.91,1.05
2026-08-24,SEARL,88.02,87.79,89.76,87.6,137.44,76.37,51.64B,588.22M,294.11M,1.53M,50,0,2.04,6.01,1.5,43.11,176.46
2026-08-24,SEL,27.51,28.48,29.76,27.51,45.56,13.85,543.74M,19.09M,10.5M,6.84K,55,,,,,,
2026-08-24,SELECT,28.6,28.21,28.93,28.07,33.6,26.02,25.08B,888.89M,88.89M,1.2M,10,,,,,,
2026-08-24,SERT,45.3,45.65,46.95,44.61,84.49,20.65,629.4M,13.79M,2.07M,156.77K,15,,,,,,
2026-08-24,SGF,115.75,114.81,116.95,114.5,141.89,71.51,23.77B,207.07M,51.62M,141.15K,24.93,1.74,11.16,12.03,2.68,10.29,
2026-08-24,SGPL,30.99,34.23,34.23,29,129.07,9.52,610.43M,17.83M,16.05M,2.51M,90,,,,,,
2026-08-24,SHCM,59.2,59.2,59.2,55.66,96.58,30.52,1.04B,17.64M,1.76M,436.2,10,,,,,,
2026-08-24,SHDT,57.99,57.79,59,56.51,74.81,36.46,1.32B,22.85M,8M,101.23K,35,,,,,,
2026-08-24,SHFA,495,493.75,499.98,491,615.28,424.13,31.21B,63.21M,28.45M,10.48K,45,1.01,41.05,8.72,1.88,12.03,0.24
2026-08-24,SHSML,373.16,375,383,370,549,326,7.92B,21.12M,7.39M,10.26K,35,5.33,36.69,3.58,0.61,10.22,0.4
2026-08-24,SIEM,1574.9,1552.86,1600,1552,1740,1335,12.81B,8.25M,412.35K,178.8,5,0,4.55,0.48,2.08,341.12,-18.04
2026-08-24,SINDM,24.1,26.47,26.47,24,41.25,13.51,1.19B,45M,4.5M,26K,10,,,,,,
2026-08-24,SITC,799.97,788.25,799.98,788,1060,555.32,16.89B,21.43M,6.43M,1.37K,30,1.4,65.36,4.3,0.85,12.06,0.73
2026-08-24,SLGL,15.39,15.15,15.39,15.12,26.5,13,6.39B,421.79M,126.54M,2.1M,30,,,,,,
2026-08-24,SLM,24.01,23.98,24.29,23.94,26.25,21.95,186.92B,7.79B,779.48M,3.59M,10,,,,,,
2026-08-24,SMCPL,40,40.42,40.69,40,57.3,25.02,1.01B,25M,7.5M,28.91K,30,,,,,,
2026-08-24,SNAI,38,38.42,38.99,37.51,43.9,25,767.06M,19.96M,6.99M,13.74K,35,0,6.54,5.84,1.07,5.87,-0.59
2026-08-24,SNGP,102.61,103.52,105.98,102.51,142.6,83.2,65.65B,634.22M,253.69M,4.32M,40,2.9,22.94,1.17,0.83,4.51,-0.79
2026-08-24,SPEL,45.71,45.13,45.72,45,83.5,32.91,9.01B,199.74M,39.95M,567.33K,20,2.22,6,12.08,1.23,7.52,0.17
2026-08-24,SPSL,16.65,16.6,16.8,16.43,23.45,16.15,27.89B,1.68B,335.98M,3.17M,20,,,,,,
2026-08-24,SRR,16.3,16.32,16.4,16.25,21,15.26,538.56M,33M,13.2M,228.48K,40,,,,,,
2026-08-24,SRVI,224.95,215.19,224.95,212.26,2464,212.26,101.11B,469.88M,23.49M,101.18K,5,8.13,223.93,6.65,3.86,0.96,0.1
2026-08-24,SSGC,27.86,28.33,29.5,27.42,46.23,19.02,24.96B,880.92M,336.86M,18.52M,38.24,1.76,-2.87,-0.65,1.9,-9.89,88
2026-08-24,SSOM,461.5,469.98,475,460,750,351.1,2.66B,5.66M,1.4M,36.71K,24.69,,,,,,
2026-08-24,STCL,10.97,10.49,10.97,10.31,19.4,8.55,2.51B,239.32M,131.63M,114.35K,55,0,-4.03,-8,1.44,-2.6,0.13
2026-08-24,STJT,149,147.65,149,131.03,162,70,1.43B,9.66M,1.45M,358.8,15,3.73,27.72,4.42,0.58,5.33,0.49
2026-08-24,STL,25.37,25.27,25.73,25.1,2231.81,25.1,2.72B,107.62M,43.05M,1.62M,40,,,,,,
2026-08-24,STML,51,50.51,54.93,50.21,70.38,22.8,436.41M,8.64M,2.59M,3.99K,30,0,-6.99,-1.76,0.57,-7.22,0.57
2026-08-24,STYLERS,49.99,49.28,51.99,49.26,56.49,36,24.09B,488.83M,24.44M,4.65K,5,3.04,2.28,5.99,1.77,21.65,
2026-08-24,SURC,147,146.55,149.94,145.5,181,88,7.15B,48.81M,9.76M,13.61K,20,3.41,29.17,5.06,0.49,5.02,0.86
2026-08-24,SYM,12.8,12.89,13.19,12.8,17.04,9.01,3.68B,285.25M,156.89M,1.69M,55,,,,,,
2026-08-24,SYS,129.7,126.51,130.02,126.33,174.4,105.98,186.4B,1.47B,957.71M,1.33M,65,1.58,7.86,13.4,3.01,16.09,0.21
2026-08-24,SZTM,98,94.22,100,92.59,127.25,36,1.69B,17.97M,1.8M,47.11K,10,,,,,,
2026-08-24,TATM,172.11,167.75,176.73,167,254.5,82,9.39B,55.99M,11.2M,325.89K,20,,,,,,
2026-08-24,TCORP,20,20.08,20.1,19.4,31.87,15.62,1.65B,82M,24.6M,96.18K,30,0,1.62,1.24,0.43,12.36,-0.74
2026-08-24,TELE,8.02,7.99,8.17,7.95,14.09,6.22,2.71B,338.62M,326M,2.12M,96.27,0,0.51,1.67,0.61,15.74,0.64
2026-08-24,TGL,180.21,179.96,186,179.8,291.5,128,30.98B,172.17M,68.87M,184.78K,40,3.89,24.49,13.38,1.26,7.35,0.24
2026-08-24,THCCL,75.5,75.64,78.29,74.55,103.5,43.1,37.71B,498.59M,174.51M,5.21M,35,0,7.24,24.4,3.71,10.45,0.06
2026-08-24,TICL,1359,1395.78,1409.98,1325.98,1520,541,20.97B,15.02M,226.46K,1.31K,1.51,0.72,107.5,4.88,1.7,12.98,1.36
2026-08-24,TISL,3.6,3.62,3.89,3.48,3.89,3.48,3.44B,950M,332.5M,148.56M,35,,,,,,
2026-08-24,TOMCL,36.85,36.62,37.48,36.05,75.85,28.3,7.19B,196.34M,107.99M,2.22M,55,0,1.84,2.74,1.09,19.91,2.14
2026-08-24,TOWL,125,137.72,137.72,125,195.95,92.5,2.34B,17M,3.4M,47.02K,20,,,,,,
2026-08-24,TPLRF1,9.66,9.68,9.95,9.6,18.39,7.5,17.76B,1.83B,1.38B,3.46M,75,,,,,,
2026-08-24,TREET,23.45,23.8,23.97,23.2,37,19.55,8.83B,371.03M,185.51M,1.34M,50,0,1.29,1.81,1.09,18.38,0.5
2026-08-24,TRSM,17,18.32,18.83,17,71.65,8,545.94M,29.8M,23.84M,1.92M,80,,,,,,
2026-08-24,UBDL,31.17,30.07,32.34,29.02,36.98,20.01,2.76B,91.8M,4.59M,297.96K,5,,,,,,
2026-08-24,UDLI,18.42,18.22,18.67,18.12,25.5,9.01,639.9M,35.12M,14.05M,170.31K,40,,,,,,
2026-08-24,UDPL,119.98,118.82,121.6,117,168.99,75.05,4.19B,35.27M,5.29M,6.64K,15,,,,,,
2026-08-24,UNITY,10.7,10.55,10.8,10.52,30.42,7.51,12.6B,1.19B,537.32M,5.51M,45,0,1.6,2.34,0.67,6.6,0.12
2026-08-24,UPFL,25022,25169.99,25200,25022,34150,22562.78,160.33B,6.37M,521.22K,29.4,8.18,5.79,1001.9,14.74,18.92,25.12,1.01
2026-08-24,WAFI,186,183.61,186,182.01,260,165,39.3B,214.02M,32.1M,349.66K,15,,,,,,
2026-08-24,WAHDAT,15.94,15.99,16.14,15.9,21.78,15.45,5.36B,335.22M,83.81M,416.21K,25,,,,,,
2026-08-24,WAHN,279,279.04,282,279,435,225.23,2.51B,9M,3.15M,1.82K,35,3.58,51.77,9.43,0.87,5.39,0.34
2026-08-24,WASL,6.18,6.63,6.99,6.13,6.99,4.31,1.07B,160.72M,96.43M,2.77M,60,,,,,,
2026-08-24,WAVES,10.1,10.19,10.24,9.9,16.95,8.81,2.87B,281.41M,196.98M,1.26M,70,0,1,5.91,0.29,10.14,-2.03
2026-08-24,ZAHID,71.01,71.12,73.99,70.5,102.51,32.69,13.61B,191.42M,5.94M,42.86K,3.11,0,7.93,3.96,0.62,8.96,0.68
2026-08-24,ZAL,40.1,40.26,41.6,39.81,79.5,27.9,10.57B,262.5M,65.62M,409.28K,25,,,,,,
2026-08-24,ZIL,347,352.25,355.97,347,722,300,2.16B,6.12M,306.13K,230.8,5,,,,,,
2026-08-24,ZTL,17.02,17.02,17.43,16.94,24.48,9.75,1.01B,59.43M,14.86M,124.93K,25,0,-0.82,-0.65,0.41,-20.8,2.81
2026-08-25,ABOT,911.28,935.61,940,910,1304,821,91.6B,97.9M,21.17M,35.97K,21.63,4.28,84.85,10.97,2.72,11.03,0.6
2026-08-25,ACPL,230.4,231.97,232,228.7,325.01,205,31.88B,137.43M,13.74M,112.49K,10,0.43,20.97,6.74,1.34,11.06,0.8
2026-08-25,ADAMS,64.31,66.98,67.3,64.31,90.98,57.25,1.16B,17.29M,3.46M,2.92K,20,5.97,-5.93,-1.01,0.19,-11.29,1.08
2026-08-25,AGIL,150.3,150.33,151.99,150,198,121.2,5.41B,36M,21.6M,18.46K,60,1.16,24.75,5.37,0.81,6.08,0.46
2026-08-25,AGP,173.49,170.29,173.99,168.11,258.67,163,47.68B,280M,84M,594.98K,30,4.7,13.41,13.14,2.92,12.7,0.23
2026-08-25,AGTL,363.86,361.92,363.86,360,497,288,20.98B,57.96M,3.67M,26.31K,6.34,0,35.36,8.63,1.87,10.23,1.24
2026-08-25,AHTM,101.99,101.9,104.9,87.61,134.15,60,863.25M,8.47M,1.27M,5.71K,15,1.47,12.65,2.07,0.36,8.05,-2.66
2026-08-25,AIRLINK,131.4,129.51,132.08,128.99,199,118,51.19B,395.27M,118.58M,667.35K,30,6.95,14.02,6.35,2.79,9.24,
2026-08-25,AKGL,67.01,59.96,68,57.3,103.97,48.01,599.6M,10M,1M,27.95K,10,,,,,,
2026-08-25,ALNRS,122,122.86,127.99,122,144,85.16,2.52B,20.47M,4.09M,304.8,20,3.26,8.19,0.99,0.35,15,-5.38
2026-08-25,ANL,10.2,10.03,10.22,10.01,13.7,8.01,4.87B,485.41M,242.7M,136.89K,50,0,1.6,1.96,0.32,6.26,0.39
2026-08-25,ANTM,67,64.59,67,60,71.05,20.81,623.94M,9.66M,1.45M,37.32K,15,,,,,,
2026-08-25,ARCTM,46,49.7,52,45.52,65,24.14,654.79M,13.17M,2.7M,327.14K,20.52,,,,,,
2026-08-25,ARPL,444.88,437.2,444.88,425.1,490,325,15.11B,34.56M,8.64M,9.91K,25,6.86,46.47,5.66,2.79,9.41,67.06
2026-08-25,ASHT,44.19,44.2,44.2,43.51,70,13.64,2.06B,46.57M,2.33M,63.01K,5,,,,,,
2026-08-25,ASL,14.81,14.73,15,14.69,16,8.51,13.71B,930.78M,279.24M,8.85M,30,0,0.99,1.81,1.23,14.88,-1.13
2026-08-25,ASTM,170,161.61,170,150,170,12,2.45B,15.18M,2.28M,426.81K,15,,,,,,
2026-08-25,ATBA,206,190.46,206,189.8,290,169.02,6.67B,35.02M,8.75M,14.18K,25,0,2.24,0.23,0.84,85.16,440.97
2026-08-25,ATRL,1098.99,1096.4,1118,1082,1199,597.1,116.89B,106.62M,42.65M,939.38K,40,0.68,180.56,6.62,0.68,6.07,-0.01
2026-08-25,AVN,31.75,31.27,31.97,31.23,54.3,26.5,13.44B,429.67M,150.38M,635.3K,35,3.2,1.02,2.52,0.89,30.65,-11.39
2026-08-25,AWTX,1761.22,1601.11,1761.22,1761.22,1761.22,1270,1.28B,800K,4.5K,10,0.56,0,9.84,0.15,1.02,162.8,-20.03
2026-08-25,BAFS,539.99,524.99,539.99,505,647,181.01,4.96B,9.45M,472.5K,661.4,5,0.38,-11.24,-2.1,2.73,-46.7,-27.5
2026-08-25,BATA,894.04,898.62,900,880,1740,875,6.79B,7.56M,1.79M,2.81K,23.67,0,-368,-15.26,2.25,-2.44,0.11
2026-08-25,BBFL,42.1,42.94,43.17,41.85,57.35,34,12.84B,298.91M,115.24M,959.74K,38.55,,,,,,
2026-08-25,BCL,71.98,70.32,71.98,70.12,114.9,56.02,806.75M,11.47M,6.31M,4.3K,55,0,-1.36,-1.1,2.53,-51.87,4.08
2026-08-25,BECO,4.92,4.89,4.97,4.86,73.6,3.9,6.11B,1.25B,437.37M,6.44M,35,,,,,,
2026-08-25,BERG,153,158.78,165.19,152.95,171.25,80.65,3.9B,24.55M,9.82M,2.19M,40,3.15,12.44,3.37,1.02,12.76,
2026-08-25,BFAGRO,33.3,33.74,34.19,33.11,49.25,29.03,10.46B,309.99M,77.5M,95.07K,25,,,,,,
2026-08-25,BFBIO,135.26,134.82,137.7,134.7,177.99,124,11.91B,88.33M,26.5M,651.77K,30,,,,,,
2026-08-25,BFMOD,23.23,22.6,23.23,22.51,38.84,12.16,169.84M,7.52M,2.63M,37.19K,35,,,,,,
2026-08-25,BHAT,820,820,820,820,1040,726.06,2.49B,3.04M,152.05K,166.25,5,0,30.09,0.28,0.23,27.25,3.85
2026-08-25,BIFO,128.87,128.4,130,127.8,196.5,79.1,5.96B,46.38M,16.23M,394.07K,35,5.84,9.41,12.78,1.83,13.64,0.63
2026-08-25,BIPL,28,28.11,28.25,27.53,44.1,23.6,31.17B,1.11B,166.31M,1.69M,15,9.78,3.27,4.69,0.64,8.58,
2026-08-25,BLUEX,6.99,6.82,6.99,6.77,80.85,4.9,1.94B,284.28M,113.71M,6.58M,40,,,,,,
2026-08-25,BNL,6.29,6.37,6.4,6.29,170.73,6.01,4.26B,668.05M,434.23M,1.02M,65,0,0.67,5.69,1.45,9.55,0.57
2026-08-25,BNWM,67.41,67.14,69,67.1,83.15,50,638.25M,9.51M,4.75M,13.74K,50,0,-9.58,-7,0.19,-7.01,-0.31
2026-08-25,BPL,52.95,52.11,52.95,52,80.97,20.01,1.17B,22.49M,6.75M,7.72K,30,,,,,,
2026-08-25,BRRG,45,46.5,47,45,53.77,29.05,4.42B,95.01M,47.5M,96.24K,50,,,,,,
2026-08-25,BTL,900.25,900.6,909.99,900.23,1580,275.01,5.79B,6.43M,321.6K,43.4,5,0,-35.67,-0.77,0.76,-25.25,
2026-08-25,BUXL,654.84,654.84,654.84,654.84,654.84,133.02,942.97M,1.44M,576K,73.9K,40,0,-17.12,-4.42,5.78,-38.24,0.38
2026-08-25,BWHL,226,226.41,229,226,257.92,168.13,3.02B,13.33M,7.33M,57.99K,55,8.83,23.44,10.72,1.26,9.66,0.08
2026-08-25,CCM,49,48,49,47.66,68.88,34.4,1.09B,22.66M,10.2M,5.7K,45,0,2.96,-0.18,0.16,16.21,-0.81
2026-08-25,CEPB,28.58,28.54,29.2,28.3,46.7,24.59,11.46B,401.71M,120.51M,1.59M,30,0,-0.15,-0.15,0.86,-190.27,12.62
2026-08-25,CFL,64.1,64.19,64.5,60.28,94.01,46,797.1M,12.42M,3.73M,1.44K,30,0,-49.59,-18.39,0.21,-1.29,0.04
2026-08-25,CHAS,84.1,85.99,88,84,160.49,56.01,2.47B,28.69M,4.3M,12.4K,15,0,-52.68,-4.41,0.24,-1.63,-0.06
2026-08-25,CHCC,307.98,308.19,312.98,303.98,390,225,59.88B,194.3M,116.58M,185.99K,60,1.78,37.34,19.88,1.52,8.25,0.69
2026-08-25,CLOV,6.86,6.75,6.94,6.72,88.64,6.59,2.63B,389.29M,214.11M,1.44M,55,0,0.61,4.44,3.61,11.05,-0.28
2026-08-25,CNERGY,14.17,14.27,14.63,13.82,15.75,5.87,78.39B,5.49B,1.37B,214.7M,25,0,2.78,4.49,0.35,5.13,0.09
2026-08-25,COLG,1218,1215.05,1218.5,1214,1313.96,1050,294.98B,242.77M,24.28M,10.36K,10,5.27,76.74,14.88,7.09,15.83,0.34
2026-08-25,CPHL,75.52,76.18,79.3,75.49,104.25,69.25,17.4B,228.46M,114.23M,3.16M,50,4.59,4.8,7.92,1.59,15.87,
2026-08-25,CPPL,110.26,111.21,114.88,110.26,125.5,64.79,5.46B,49.1M,29.46M,750.39K,60,3.6,13.26,4.31,0.56,8.39,-2.45
2026-08-25,CRTM,71.9,71.9,71.9,71.04,96.5,16.6,7.19B,100M,60M,2.18K,60,0,1.31,0.69,0.56,54.98,-7.38
2026-08-25,CSAP,103.51,102.97,104.6,102.61,143.5,78.25,7.99B,77.63M,34.93M,181.22K,45,5.34,19.74,17.22,0.81,5.22,0.74
2026-08-25,DAAG,76.51,83.69,83.69,76.51,120.25,52,334.76M,4M,970.7K,11.41K,24.27,,,,,,
2026-08-25,DADX,107.5,112.15,112.15,103.01,121.88,42.75,1.21B,10.76M,538.2K,18.29K,5,0,-30.29,-37.21,4.66,-3.7,0.06
2026-08-25,DCL,10.35,10.55,10.61,10.3,16.31,6.61,5.74B,544.11M,190.44M,1.08M,35,0,-2.37,-4.8,0.23,-4.45,0.04
2026-08-25,DCR,39.48,39.9,40,39.44,41.8,30,88.73B,2.22B,555.92M,407.85K,25,6.47,2.31,78.71,1.17,17.27,
2026-08-25,DFSM,16,15.44,16.33,15.35,35.24,3.75,1.51B,97.75M,34.21M,552.83K,35,,,,,,
2026-08-25,DGKC,219.85,221.41,222.46,218.55,275.75,145.1,97B,438.12M,219.06M,5.04M,50,0.9,27.64,14.23,0.87,8.01,0.27
2026-08-25,DINT,62.9,60.08,62.9,60,96,41.36,3.15B,52.47M,7.87M,11.68K,15,0,-3.91,-0.63,0.45,-15.35,-1.62
2026-08-25,DMC,178,183.15,185,178,351.9,45.3,559.05M,3.05M,915.73K,52,30,,,,,,
2026-08-25,DNCC,17.2,17.2,17.24,16.99,28.07,14,5.44B,316.36M,94.91M,74K,30,0,-0.39,-1.76,2.63,-43.77,-0.29
2026-08-25,DOL,29.8,29.83,30.5,29.7,41,25.36,5.22B,175.03M,52.51M,73.81K,30,13.41,2.55,8.79,1.75,11.72,-3.85
2026-08-25,DYNO,340.01,345.04,345.99,340,366.9,254.3,6.51B,18.87M,12.27M,617.2,65,4.71,55.14,7.33,1.2,6.26,0.67
2026-08-25,ECOP,50,49.75,50.6,48.87,78.25,33.82,2.4B,48.26M,36.19M,83.48K,75,4.02,7.67,5.37,1.33,6.48,0.15
2026-08-25,EFERT,182.99,182.03,183.5,180.75,263.3,180.15,243.06B,1.34B,600.88M,598.36K,45,6.73,15.94,9.36,5.54,11.42,-1.64
2026-08-25,ELCM,204.99,200,209,201,343.44,126.01,260M,1.3M,260K,544.8,20,0,-24.15,-3.34,3.83,-8.28,0.13
2026-08-25,ELSM,136.95,149.99,150.65,126.55,170,99,1.64B,10.95M,3.29M,601.8,30,2.67,3.97,0.28,0.38,37.74,-31.09
2026-08-25,EMCO,49.8,48.02,49.8,48,80.55,31.29,1.68B,35M,10.5M,32.23K,30,,,,,,
2026-08-25,ENGROH,263,261.53,266.4,260.13,302.5,209,314.94B,1.2B,903.17M,1.77M,75,0,32.63,6.44,,8.02,0.48
2026-08-25,EPCL,33.3,33.14,33.68,32.9,39.32,27.01,30.12B,908.92M,227.23M,371.23K,25,0,1.05,1.2,1.37,31.47,-2.89
2026-08-25,EPQL,24.6,25,25.04,24.4,34.98,22.3,8.1B,323.8M,161.9M,388.62K,50,11,2.23,5.69,0.7,11.21,-3.9
2026-08-25,EXIDE,466.6,466.52,469.98,465,758.99,365,3.62B,7.77M,1.94M,2.59K,25,1.07,43.18,1.88,0.48,10.8,
2026-08-25,FABL,96.8,96.9,97.04,96.35,106,73.5,147.06B,1.52B,531.19M,538.35K,35,6.71,15.03,11.28,1.25,6.45,
2026-08-25,FANM,9.94,10.89,10.94,9.85,10.94,4.25,251.56M,23.1M,11.55M,1.08M,50,,,,,,
2026-08-25,FASM,358,336.52,358,320.02,425,240.02,3.37B,10M,1M,368.2,10,0,-52.85,-1.19,0.32,-6.37,-1.7
2026-08-25,FATIMA,157.6,157.25,160,155.8,192.8,116.06,330.23B,2.1B,315M,1.31M,15,6.04,21.7,15.66,1.78,7.25,0.2
2026-08-25,FCCL,57.01,57.71,57.9,56.26,62.84,36.26,141.55B,2.45B,858.5M,4.17M,35,2.6,5.99,16.04,1.54,9.63,0.09
2026-08-25,FCEPL,145.8,139.61,147.38,137,147.38,63.86,107.02B,766.6M,76.66M,2.27M,10,2.51,7.54,5.21,5.73,18.52,0.55
2026-08-25,FCL,29,28.49,29.38,28.41,29.75,19.65,18.36B,644.58M,161.14M,12.85M,25,,,,,,
2026-08-25,FECM,30.07,25.32,30.07,24.62,57.06,11.75,287.13M,11.34M,8.51M,80.93K,75,,,,,,
2026-08-25,FECTC,109.47,108.22,109.47,107.01,195.75,72,5.43B,50.16M,12.54M,121.97K,25,3.7,13.22,5.31,1.06,8.19,0.07
2026-08-25,FEM,12.5,12.24,13.41,12,17.7,5.87,641.87M,52.44M,36.71M,239.42K,70,,,,,,
2026-08-25,FEROZ,360.88,361.68,380,356.01,475,293.01,15.72B,43.47M,17.39M,11.79K,40,1.11,21.66,4.15,1.22,16.7,0.73
2026-08-25,FFC,545.26,547.74,550.2,545.01,685,425,788.21B,1.44B,791.46M,592.9K,55,7.49,61.43,16.53,2.88,8.92,0.13
2026-08-25,FFL,16.05,15.75,16.12,15.62,23.93,14,39.69B,2.52B,503.99M,2.96M,20,0,0.39,3.18,3.52,40.78,0.02
2026-08-25,FFLM,12.95,12.53,13,12.5,27.23,4.4,330.96M,26.41M,17.17M,157.81K,65,,,,,,
2026-08-25,FHAM,33,32.49,33,32.33,39.49,27,3.6B,110.83M,94.21M,60.39K,85,6.93,6.75,15.08,0.58,4.81,0.12
2026-08-25,FIBLM,23.16,23.16,23.16,20.02,23.16,7.71,502.28M,21.69M,10.84M,885.49K,50,0,0.94,43.94,2.01,24.72,0.7
2026-08-25,FIMM,211,219.15,223,202.02,397.69,173.39,657.45M,3M,900K,49,30,,,,,,
2026-08-25,FLYNG,42.5,42.16,43.05,41.1,61,38.51,29.29B,694.8M,104.22M,17.97K,15,0,1.29,5.99,2.28,32.64,0.12
2026-08-25,FML,52.6,52.01,52.65,51.5,86,34.05,20.77B,399.41M,39.94M,34.73K,10,0,0.46,0.27,0.61,112.94,-23.88
2026-08-25,FPJM,18.99,19.51,19.51,18.6,19.51,4.24,663.73M,34.02M,13.61M,2.37M,40,0,-3.22,-38.72,-1.43,-6.06,0.82
2026-08-25,FPRM,11.5,11.9,12.67,11.5,16.99,9.51,164.08M,13.79M,6.2M,98.5K,45,,,,,,
2026-08-25,FRCL,107.24,102,107.24,102,118.45,40.02,3.86B,37.87M,1.89M,4.95K,5,,,,,,
2026-08-25,FRSM,44,42.12,44,42,63.48,34.22,1.66B,39.51M,11.85M,2.88K,30,0,10.06,3.35,0.76,4.19,0.01
2026-08-25,FTMM,17.49,17.01,17.49,17,23.75,11.14,3.33B,195.6M,9.78M,8.74K,5,8.82,0.5,2.47,1.19,34.32,-1.56
2026-08-25,FTSM,44.02,49.47,51.45,43.46,65.08,11.52,1.05B,21.16M,8.47M,343.79K,40,,,,,,
2026-08-25,FZCM,260,255.86,264.45,255.1,333.39,185.52,7.68B,30M,3M,1.1K,10,0,3.02,0.1,0.16,84.8,42.71
2026-08-25,GADT,317.98,315.6,317.98,313,453.8,215,8.85B,28.03M,8.41M,8.91K,30,1.58,93.78,3.49,0.33,3.37,0.28
2026-08-25,GAL,619,637.74,644,615,672.97,291,36.35B,57M,22.8M,465.58K,40,1.57,117.24,12.52,1.9,5.44,0
2026-08-25,GATI,96.99,96.36,99.69,96,139,62.55,10.48B,108.73M,16.31M,230.54K,15,0,-10.67,-4.01,0.89,-9.03,-6.31
2026-08-25,GATM,24.89,24.46,24.89,24.2,40.7,16.5,18.1B,740.06M,185.01M,431.91K,25,0,2.72,1.18,0.35,9.01,0.76
2026-08-25,GCIL,35.61,35.23,35.88,35.01,40.6,24.95,20.1B,570.45M,228.18M,1.79M,40,0,5.27,33.37,,6.69,
2026-08-25,GCWL,15.75,15.82,16,15.6,25.15,12.85,3.96B,250.14M,111.05M,417.1K,44.39,,,,,,
2026-08-25,GDL,17.55,17.37,17.55,17.3,33,16.9,7.46B,429.2M,107.3M,258.84K,25,,,,,,
2026-08-25,GEMBCEM,11.3,11.97,11.97,11.3,14.5,9.64,1.2B,100M,25M,4K,25,,,,,,
2026-08-25,GEMMEL,32,31.77,32.91,29.9,39,19.1,6.17B,194.1M,19.41M,1.38K,10,,,,,,
2026-08-25,GEMPACRA,39,39,39,39,49,22,2.91B,74.53M,7.45M,1K,10,,,,,,
2026-08-25,GEMPAPL,10.5,10.5,10.5,10.5,18.19,9,210M,20M,15M,10K,75,,,,,,
2026-08-25,GFIL,30,29.51,30.45,29.5,35.18,12.1,963.08M,32.64M,3.26M,7.23K,10,,,,,,
2026-08-25,GGGL,8.41,8.47,8.6,8.41,14.47,6.7,2.03B,240M,120M,491.21K,50,0,0.54,4.51,0.69,15.81,0.75
2026-08-25,GGL,22.5,22.46,22.6,22.19,31.31,14.1,7.95B,354.12M,177.06M,900.94K,50,0,9.78,31.53,0.98,2.3,0.04
2026-08-25,GHGL,42.5,41.96,43,41.9,52.25,27.78,41.95B,999.71M,349.9M,404.35K,35,4.77,6.21,13.11,1.04,6.76,0.27
2026-08-25,GHNI,1290,1296.19,1311,1255.12,1371.99,590,55.23B,42.61M,14.91M,97.17K,35,0.77,162.33,11.84,3,7.99,0.02
2026-08-25,GIL,0,1000,0,0,0,0,0,0,0,0,0,0.3,15.14,0.25,0,66.03,-14.54
2026-08-25,GLAXO,342.95,342.84,346.45,335.7,459.94,293.09,109.18B,318.47M,63.69M,331.94K,20,4.96,33,15.6,3.01,10.39,0.17
2026-08-25,GOC,181,183.44,185.9,175.11,235,77,1.35B,7.35M,1.1M,7.57K,15,0.55,4.14,6.12,1.88,44.27,1.61
2026-08-25,GTYR,29.05,28.62,29.35,28.1,48,22.26,3.49B,121.93M,48.77M,822.77K,40,0,-6.34,-4.84,0.55,-4.51,0.5
2026-08-25,GVGL,55.48,54.93,55.48,54.06,73.99,43.65,8.24B,149.94M,29.38M,2.95K,19.59,5.46,6.64,15.54,1.63,8.27,
2026-08-25,GWLC,55,55.5,56,55,77.96,38.75,22.22B,400.27M,40.03M,745.8K,10,2.7,6.74,12.64,0.81,8.23,0.54
2026-08-25,HAEL,28.5,27.13,28.5,26.85,37.96,14.91,352.59M,13M,1.95M,10.87K,15,,,,,,
2026-08-25,HAFL,480.01,486.72,480.5,480,629.5,283.58,584.06M,1.2M,42.48K,155.6,3.54,,,,,,
2026-08-25,HALEON,725,722,729.98,719,1010,655,84.51B,117.05M,15.74M,29.25K,13.44,4.16,55.96,15.35,5.8,12.9,0.18
2026-08-25,HCAR,229.99,228.06,229.99,227.06,318,147.5,32.57B,142.8M,28.56M,120.13K,20,3.95,34.25,3.68,1.22,6.66,32.55
2026-08-25,HINO,366,353.12,366,347,565.99,264.69,8.76B,24.8M,2.55M,7.96K,10.28,3.09,13.47,3.24,1.4,26.21,9.96
2026-08-25,HINOON,978.49,970.39,985,968,1237.99,755.56,51.41B,52.98M,21.19M,28.12K,40,5.15,75.63,14.32,3.47,12.83,0.3
2026-08-25,HPL,4029.99,4023.98,4048,3989,4889.99,3602,38.81B,9.64M,964.48K,1.95K,10,5.96,388.64,11.95,4.54,10.35,0.23
2026-08-25,HRPL,20.99,21.44,21.75,20.75,37,16.51,857.6M,40M,8M,128.3K,20,0,-3.09,-5.61,1.15,-6.95,0.28
2026-08-25,HTL,41.1,41.09,41.4,40.81,66.5,31.01,5.72B,139.2M,34.8M,281.07K,25,0,3.83,1.49,0.87,10.74,1.03
2026-08-25,HUBC,207.75,207.28,208.45,206.5,249.99,162.11,268.87B,1.3B,972.87M,3.99M,75,12.06,34.65,63.41,1.19,5.98,-4.72
2026-08-25,IBFL,261.01,265.21,267,260,397.32,176.55,82.35B,310.51M,15.53M,587.6,5,0,-4.55,-1.34,1.45,-58.35,-5.48
2026-08-25,IBLHL,47.94,48.3,49.2,47.07,85.82,36,4.76B,98.53M,24.63M,95.01K,25,0,2.44,5.36,1.91,19.8,5.09
2026-08-25,ICCI,17.5,15.9,17.5,15.7,17.91,8.61,477.02M,30M,4.5M,83.37K,15,,,,,,
2026-08-25,ICL,135.6,134.86,136.36,134.01,176,87.1,13.49B,100M,45M,44.96K,45,2.22,13.74,4.34,1.23,9.82,0.38
2026-08-25,IDEAL,45.01,48.75,49.99,45.01,87.7,15.75,483.6M,9.92M,1.49M,6.65K,15,,,,,,
2026-08-25,IDRT,39,38.51,39.5,38,68.08,19.31,764.53M,19.85M,1.99M,132.9K,10,,,,,,
2026-08-25,ILP,100.6,100.52,101.45,100,110.5,67.4,140.9B,1.4B,280.34M,596.92K,20,2.98,8.3,6.45,2.31,12.12,0.2
2026-08-25,IMAGE,26.15,26.25,26.6,25.65,32.46,19,6.05B,230.37M,149.74M,352.99K,65,7.62,3.49,17.93,1.25,7.51,
2026-08-25,INIL,174.95,173.25,177,171.22,249,127.3,22.85B,131.88M,59.35M,831.22K,45,3.46,21.92,2.4,0.67,7.9,-2.52
2026-08-25,INKL,100.22,103.81,104.99,97,126,40,1B,9.68M,3.87M,326.43K,40,,,,,,
2026-08-25,IPAK,37.78,38.5,39.01,37.78,39.99,21.02,28.31B,735.21M,220.56M,400.72K,30,1.48,3.81,7.22,2.21,10.11,
2026-08-25,IREIT,8.06,7.99,8.06,7.95,13.05,7.26,2.2B,275.86M,96.55M,253.24K,35,,,,,,
2026-08-25,ISIL,1800.01,1868,1945,1800.01,2370,1725.01,123.95B,66.36M,3.32M,26.6,5,0.27,62.5,3.31,4.47,29.89,0.45
2026-08-25,ISL,91.1,94.7,95.08,91,135,65.45,41.19B,435M,152.25M,1.3M,35,5.28,8.44,3.93,1.54,11.23,-2.58
2026-08-25,ITANZ,44.68,43.11,44.68,42.89,44.68,42.89,5.11B,118.6M,48.52M,2.18M,40.91,,,,,,
2026-08-25,ITTEFAQ,8.75,8.74,8.83,8.66,12.64,5.75,1.26B,144.34M,93.82M,353.64K,65,0,-3.91,-27.88,0.43,-2.24,
2026-08-25,JATM,41.79,41.78,45.48,38.5,75.72,14.61,526.48M,12.6M,1.89M,193.36K,15,,,,,,
2026-08-25,JDMT,145.1,146.55,154.75,142.15,199.89,60.1,1.01B,6.92M,2.07M,37.88K,30,,,,,,
2026-08-25,JDWS,909.58,909.58,909.58,885.01,999,780,52.55B,57.78M,8.67M,327.4,15,5.5,162.29,7.18,1.4,5.6,0.19
2026-08-25,JSML,59.98,59.31,59.98,58.76,147.5,47.5,2.02B,34.13M,13.65M,20.36K,40,0,3.91,1.36,0.22,15.18,0.77
2026-08-25,JVDC,145,145.2,145.85,142.5,163.9,65.15,55.3B,380.86M,190.43M,362.99K,50,3.44,10.67,38.34,1.99,13.61,-0.01
2026-08-25,KCL,145,145,145,145,195.69,115.02,2.11B,14.55M,10.91M,9.75,75,,,,,,
2026-08-25,KEL,7.13,7.12,7.18,7.1,9.58,4.97,196.62B,27.62B,2.76B,17.47M,10,0,0.42,2.19,1.71,17.07,
2026-08-25,KHYT,1985.01,1945.12,2019.98,1800.12,2689,1131.01,2.39B,1.23M,20.67K,60.25,1.68,,,,,,
2026-08-25,KOHC,97.52,97.68,98.2,97,126.6,74,89.8B,919.31M,229.83M,289.34K,25,0,10.62,25.96,1.62,9.2,0.32
2026-08-25,KOHE,15.99,15.92,16.94,15.71,23.49,12.33,2.7B,169.46M,67.78M,135.86K,40,0,3.94,15.83,0.6,4.04,-0.38
2026-08-25,KOHTM,118.5,126.12,131,117.78,210,40,2.62B,20.8M,6.24M,220.95K,30,1.59,14.85,3.65,0.54,8.5,0.2
2026-08-25,KPUS,900,899.36,918.8,895,2849.99,115.11,14.41B,16.02M,800.88K,3.11K,5,0,5.68,1.21,3.6,158.32,5.99
2026-08-25,KSBP,249.87,246.5,252.99,246.4,263.98,155.2,7.62B,30.9M,8.37M,46.97K,27.08,0.41,7.38,3.01,1.76,33.41,3.46
2026-08-25,KTML,40.99,41.79,42.38,40.72,305,37.02,56.27B,1.35B,269.3M,1.12M,20,0.96,14.77,13.86,0.6,2.83,0.09
2026-08-25,LCI,224.9,223.87,224.9,223,364,201.17,103.38B,461.8M,92.36M,51.54K,20,4.69,21.11,8.6,1.74,10.6,0.51
2026-08-25,LEUL,45.98,44.72,45.98,44.01,59.39,25.76,268.32M,6M,1.8M,12.49K,30,,,,,,
2026-08-25,LIVEN,33.99,34.11,34.4,33,74.4,27.82,3.86B,113.04M,11.3M,34.71K,10,,,,,,
2026-08-25,LOADS,13.3,13.22,13.6,13.16,22.6,10.93,4.91B,371.25M,185.62M,927.76K,50,0,1.07,4.28,0.94,12.39,-0.01
2026-08-25,LOTCHEM,28,28.19,28.65,27.71,34.3,18.41,42.69B,1.51B,378.55M,6.93M,25,23.06,3.1,5.49,2.11,9.1,-6.68
2026-08-25,LPGL,103.12,100.7,103.12,99.2,117.77,63.01,755.25M,7.5M,1.88M,53.63K,25,,,,,,
2026-08-25,LUCK,442,442.69,444,436.3,529.5,339,648.54B,1.47B,439.5M,915.12K,30,1.13,60.78,17.24,1.51,7.28,0.14
2026-08-25,MACFL,71,69.28,76.9,69.21,99.99,19.52,4.11B,59.3M,23.72M,4.58M,40,0.72,2.13,1.96,1.76,32.5,7.76
2026-08-25,MACTER,275,273.21,275.2,273.05,443.5,255.1,12.52B,45.81M,18.32M,4.75K,40,1.39,17.8,6.82,3.1,15.35,0.28
2026-08-25,MARI,675,668.06,675.88,666,795,544.56,802.09B,1.2B,240.12M,512.17K,20,4.04,72.36,45.33,2.49,9.23,0.4
2026-08-25,MEBL,564,571.83,574.57,561.5,605,387.5,1.03T,1.81B,450.14M,588.48K,24.91,5.16,51.25,19.32,3.51,11.16,
2026-08-25,MEHT,144.02,144.28,146,143.98,366.01,139,4.33B,30M,19.5M,217.46K,65,0,39.74,1.87,0.23,3.63,0.09
2026-08-25,MERIT,9.68,9.74,9.79,9.6,14.69,7.1,1.95B,199.96M,39.99M,102.62K,20,0,-1.75,-10.52,0.83,-5.57,0.01
2026-08-25,MFFL,175.22,173.04,178,172,237,139.66,3.96B,22.88M,3.85M,6.19K,16.82,,,,,,
2026-08-25,MFL,44,43.52,44.73,43.34,85.73,37.56,5.33B,122.4M,42.84M,804.67K,35,0,4.13,1.98,0.49,10.53,0.22
2026-08-25,MIRKS,33.5,33.85,34.49,32.51,44.5,22.28,2.25B,66.56M,29.95M,46.96K,45,0,-6.17,-3.48,0.9,-5.48,-0.11
2026-08-25,MLCF,102.5,103.42,103.89,100.62,132.99,71,108.34B,1.05B,471.4M,10.36M,45,0,11.34,13.96,1.31,9.12,0.22
2026-08-25,MQTM,27.1,28.81,28.81,27.1,43.85,17.97,531.03M,18.43M,4.61M,32.26K,25,0,-79.43,-17.35,1.67,-0.36,0.01
2026-08-25,MRNS,63,62.78,63.47,62,94.01,52.32,4.7B,74.93M,26.22M,87.15K,35,10.35,19.23,11.82,0.95,3.26,
2026-08-25,MSCL,21.8,22.79,23.5,21.61,46.53,12.05,705.98M,30.98M,7.74M,81.77K,25,,,,,,
2026-08-25,MTL,299,304.27,305.15,298.5,636.99,279,121.41B,399.03M,179.56M,129.46K,45,5.75,18.49,12.64,15.7,16.46,0.94
2026-08-25,MUGHAL,78.75,78.83,79,78.2,113.99,59,26.46B,335.63M,117.47M,423.35K,35,0,6.37,2.8,0.87,12.37,0.84
2026-08-25,MWMP,54.75,54.45,56.45,53,170.95,36,1.57B,28.75M,7.19M,19.72K,25,,,,,,
2026-08-25,NATM,92,80.52,95,80.5,95,77,1.71B,21.27M,1.06M,15.02K,5,0,-53.59,-51.27,0.78,-1.5,0.05
2026-08-25,NESTLE,7518.89,7503.33,7550,7450,8700,7000,340.27B,45.35M,4.53M,222.6,10,7.29,370.4,8.2,17.33,20.26,1.46
2026-08-25,NETSOL,120,119.12,121,118.98,164.59,87.66,10.7B,89.84M,26.95M,114.03K,30,0,32.29,21.96,0.85,3.69,0.09
2026-08-25,NML,144.78,144.39,144.9,142.45,208.4,120,50.77B,351.6M,158.22M,945.08K,45,1.39,33.41,5.75,0.3,4.32,1.5
2026-08-25,NONS,83,85.45,87,83,157.1,70.02,1.41B,16.52M,3.3M,8.75K,20,4.68,18.72,2.44,0.75,4.57,0.67
2026-08-25,NRL,503.99,501.32,507.98,488,547.9,259,40.09B,79.97M,26.31M,5.13M,32.91,0,108.68,2.33,0.68,4.61,0.01
2026-08-25,NRSL,38.06,41.01,41.79,38,41.79,20.6,5.8B,141.32M,42.4M,1.52M,30,0,2.09,2.61,1.59,19.59,1.62
2026-08-25,NSRM,239.99,228,239.99,225.8,362.31,84.01,3.55B,15.55M,777.66K,393.6,5,0,6.79,4.51,2.21,33.6,0.19
2026-08-25,OCTOPUS,30.95,30.56,30.95,30.5,56.55,24.35,4.84B,158.22M,47.18M,120.94K,29.82,,,,,,
2026-08-25,OGDC,332.89,327.43,333.43,326.9,352,238.2,1.41T,4.3B,645.14M,6.36M,15,4.89,36.17,39.85,1,9.05,0.79
2026-08-25,OLPM,25,25.01,25.25,25,25.98,19,1.14B,45.38M,34.04M,5.81K,75,10,3.44,9.88,0.85,7.28,-1.83
2026-08-25,OML,91.6,91.83,95,88,187.24,25.8,1.1B,12M,1.2M,18.84K,10,,,,,,
2026-08-25,ORM,11.79,11.71,11.8,11.3,16.79,9.2,878.25M,75M,26.25M,156.68K,35,,,,,,
2026-08-25,OTSU,406.77,408.27,414,406,447.94,254.95,4.94B,12.1M,3.02M,7.69K,25,0,28.78,8.39,4.59,14.19,1.88
2026-08-25,PAEL,41.15,40.88,41.5,40.8,64.6,32.01,37.76B,923.65M,508.01M,3.13M,55,0,4.46,5.86,0.75,9.16,0.31
2026-08-25,PAKD,132.02,130.52,133.9,130.5,218,85.01,1.55B,11.86M,5.06M,24.22K,42.63,,,,,,
2026-08-25,PAKOXY,328,323.96,339,315.2,356.68,225.6,28.22B,87.12M,21.78M,94.49K,25,0,22.58,14.35,2.27,14.34,0.17
2026-08-25,PAKQATAR,19.82,19.83,20,19.8,29.4,15.24,4.58B,230.71M,80.75M,305.67K,35,,,,,,
2026-08-25,PIBTL,16.43,16.39,16.58,16.35,22.97,11,29.27B,1.79B,803.74M,7.18M,45,0,1.18,14.81,1.66,13.9,7.79
2026-08-25,PICT,44.9,43.13,44.97,42.76,61.5,23.65,4.71B,109.15M,21.83M,338.68K,20,0,-1.65,-1809.22,3.62,-26.1,1.28
2026-08-25,PIM,46.61,46.61,46.61,38.4,46.61,16.16,932.2M,20M,1M,34.41K,5,,,,,,
2026-08-25,PIOC,268.98,265.53,272,264.99,427.5,200.01,60.31B,227.15M,34.07M,72.28K,15,3.77,29.03,17.09,1.22,9.15,0.15
2026-08-25,PKGS,801,799.74,814,796,855,621.25,71.48B,89.38M,17.88M,6.34K,20,2,-9.43,-0.43,1.09,-84.8,-3.57
2026-08-25,PMRS,468,469.81,468,451.01,835,290.01,1.76B,3.75M,387.66K,289.6,10.34,0,-226.21,-2.28,0.38,-2.08,-0.06
2026-08-25,POML,159,159.14,159.5,157.56,220,113.11,1.24B,7.76M,3.11M,1.52K,40,,,,,,
2026-08-25,POWER,23.29,23.77,23.95,23.2,24.26,14.71,30.68B,1.29B,452.11M,1.9M,35.03,0,2.24,8.78,1.3,10.61,0.17
2026-08-25,PPL,246.75,243.52,247.7,242.63,284.6,175.8,662.61B,2.72B,669.51M,12.41M,24.61,3.49,28.99,33.84,0.89,8.4,
2026-08-25,PPP,140.01,141.06,143.84,140.01,185.99,91,1.13B,8M,4M,24.64K,50,3.54,17.67,7.84,0.62,7.98,0.32
2026-08-25,PQGTL,14.44,14,14.44,13.75,19.8,10.25,1.42B,101.11M,40.44M,84.44K,40,,,,,,
2026-08-25,PREMA,38.4,37.98,39,37.57,56.38,23,8.3B,218.64M,65.59M,5.7M,30,0,2.73,9.01,1.37,13.89,0.3
2026-08-25,PRL,86.5,90.59,93.9,84,99.34,23.2,57.07B,630M,227.29M,31.9M,36.08,0,25.05,4.5,1.33,3.62,0.02
2026-08-25,PSEL,918,890.83,919.9,871,1635,799,28.97B,32.52M,30.82M,140,94.76,0,5.58,1.22,0.64,159.63,5.58
2026-08-25,PSO,376.5,373.67,377,371.5,506.75,320.11,175.43B,469.47M,234.74M,4.53M,50,2.68,92.73,1.35,0.6,4.03,0.03
2026-08-25,PSYL,128,128,128,128,158,52.26,17.75B,138.7M,6.93M,389,5,0,3.38,3.07,3.53,37.83,1.03
2026-08-25,PTL,51.79,52.32,52.86,51.65,65.88,46.4,8.79B,168M,42M,42.18K,25,7.65,6.4,3.09,1.09,8.18,
2026-08-25,QTECH,37.88,41.4,41.4,37.84,57.8,23.1,5.03B,121.58M,30.39M,707.65K,25,,,,,,
2026-08-25,QUICE,30.88,30.88,31.35,30.51,46.06,8,3.04B,98.46M,68.92M,82.55K,70,,,,,,
2026-08-25,REDCO,30.88,30.6,31.6,30.6,40.4,14.9,1.51B,49.29M,2.46M,3.55K,5,,,,,,
2026-08-25,REWM,172,172.53,172,162.68,244.05,96.02,5.32B,30.81M,10.78M,39,35,,,,,,
2026-08-25,RMPL,9320,9318.79,9320,9315,13565.64,8500,86.07B,9.24M,461.82K,44.4,5,4.66,734.36,9.04,2.77,12.69,3.14
2026-08-25,RPL,16.55,16.59,16.9,16.32,25.05,12,2.35B,141.9M,44.42M,113.84K,31.3,0,0.13,0.16,0.27,131.67,-35.38
2026-08-25,RUPL,33.5,32.39,33.5,32,42.79,23.11,1.1B,34.07M,10.22M,129.7K,30,0,-20.94,-21.91,0.19,-1.55,0.04
2026-08-25,SANSM,124,124.09,124.12,124,148.99,52.22,1.48B,11.95M,6.57M,218.2,55,0,16.24,3.1,0.46,7.64,0.07
2026-08-25,SAPT,1422.01,1440.31,1445.88,1422.01,1606,1164,31.24B,21.69M,2.17M,148.6,10,0.69,387.04,5.77,0.38,3.72,0.24
2026-08-25,SARC,97.5,95,97.8,94.1,120.32,46.68,570M,6M,2.7M,83.6K,45,,,,,,
2026-08-25,SASML,361,352.25,380,350.54,469.49,164.2,3.67B,10.43M,2.61M,655.6,25,0.57,-13.78,-3.02,1.46,-25.56,-15.2
2026-08-25,SAZEW,1862,1854.33,1870,1848.02,2487,1465.1,112.09B,60.45M,21.16M,212.45K,35,3.77,303.75,12.89,3.15,6.1,0
2026-08-25,SCL,750,750.07,750,750,1125,316.51,2.93B,3.9M,195K,0,5,0,-53.91,-8.05,9.44,-13.91,1.05
2026-08-25,SEARL,88.01,88.78,90.4,88.01,137.44,76.37,52.22B,588.22M,294.11M,2.22M,50,0,2.04,6.01,1.52,43.6,177
2026-08-25,SEL,28.05,29,29.4,27.55,45.56,13.85,553.67M,19.09M,10.5M,6.16K,55,,,,,,
2026-08-25,SELECT,28.5,27.99,28.6,27.87,33.6,26.02,24.88B,888.89M,88.89M,627.78K,10,,,,,,
2026-08-25,SERT,43.05,43.68,45.9,43.05,84.49,20.65,602.24M,13.79M,2.07M,54.51K,15,,,,,,
2026-08-25,SGF,114.35,113.57,115.25,113.1,141.89,71.51,23.52B,207.07M,51.62M,59.21K,24.93,1.76,11.16,12.03,2.65,10.18,
2026-08-25,SGPL,35.01,37.65,37.65,35.01,129.07,9.52,671.42M,17.83M,16.05M,2.29M,90,,,,,,
2026-08-25,SHCM,59.99,59.2,59.99,55.6,96.58,30.52,1.04B,17.64M,1.76M,841.8,10,,,,,,
2026-08-25,SHDT,56.9,61.4,62,56.9,74.81,36.46,1.4B,22.85M,8M,147.44K,35,,,,,,
2026-08-25,SHFA,495.01,490.94,495.01,480,615.28,424.13,31.03B,63.21M,28.45M,8.25K,45,1.02,41.05,8.72,1.87,11.96,0.24
2026-08-25,SHSML,375.04,375.07,383.99,375,549,326,7.92B,21.12M,7.39M,25.12K,35,5.33,36.69,3.58,0.61,10.22,0.38
2026-08-25,SIEM,1550,1516.25,1555,1510,1740,1335,12.5B,8.25M,412.35K,241.6,5,0,4.55,0.48,2.03,333.08,-17.79
2026-08-25,SINDM,29.12,26.1,29.12,24.85,41.25,13.51,1.17B,45M,4.5M,64.22K,10,,,,,,
2026-08-25,SITC,788.25,783.44,795,780.02,1060,555.32,16.79B,21.43M,6.43M,948,30,1.4,65.36,4.3,0.84,11.99,0.73
2026-08-25,SLGL,15.39,15.24,15.39,15.15,26.5,13,6.43B,421.79M,126.54M,2.03M,30,,,,,,
2026-08-25,SLM,24.01,23.97,24.08,23.9,26.25,21.95,186.84B,7.79B,779.48M,2.68M,10,,,,,,
2026-08-25,SMCPL,40.45,40.21,40.7,40,57.3,25.38,1.01B,25M,7.5M,29.09K,30,,,,,,
2026-08-25,SNAI,37.27,37.53,38.68,37.26,43.9,25,749.29M,19.96M,6.99M,7.41K,35,0,6.54,5.84,1.05,5.73,-0.59
2026-08-25,SNGP,104.51,103.42,104.7,102.11,142.6,83.2,65.59B,634.22M,253.69M,3.04M,40,2.9,22.94,1.17,0.83,4.51,-0.8
2026-08-25,SPEL,45.13,45.22,46.3,44.52,83.5,32.91,9.03B,199.74M,39.95M,428.2K,20,2.21,6,12.08,1.23,7.54,0.17
2026-08-25,SPSL,16.6,16.53,16.68,16.5,23.45,16.15,27.77B,1.68B,335.98M,2.26M,20,,,,,,
2026-08-25,SRR,16.35,16.27,16.4,16.25,21,15.26,536.91M,33M,13.2M,198.79K,40,,,,,,
2026-08-25,SRVI,215.51,209.01,217,202.56,2464,202.56,98.21B,469.88M,234.94M,167.09K,50,8.37,223.93,6.65,3.75,0.93,0.01
2026-08-25,SSGC,28.75,28.34,28.75,28,46.23,19.02,24.97B,880.92M,336.86M,10.57M,38.24,1.76,-2.87,-0.65,1.9,-9.89,88
2026-08-25,SSOM,472,469.71,479,465,731,351.1,2.66B,5.66M,1.4M,39.69K,24.69,,,,,,
2026-08-25,STCL,10.55,10.5,10.7,10.5,19.4,8.55,2.51B,239.32M,131.63M,71.23K,55,0,-4.03,-8,1.44,-2.61,0.13
2026-08-25,STJT,162.24,140.23,162.42,133.3,162.42,70,1.35B,9.66M,1.45M,485.6,15,3.92,27.72,4.42,0.55,5.06,0.53
2026-08-25,STL,25.38,25.06,25.65,25,2231.81,25,2.7B,107.62M,43.05M,1.64M,40,,,,,,
2026-08-25,STML,51,50.93,52.48,49.5,70.38,22.8,440.04M,8.64M,2.59M,2.07K,30,0,-6.99,-1.76,0.58,-7.28,0.54
2026-08-25,STYLERS,48.45,50,50.94,47.55,56.49,36,24.44B,488.83M,24.44M,4.82K,5,3,2.28,5.99,1.79,21.97,
2026-08-25,SURC,147,149.68,150.9,142.1,181,88,7.31B,48.81M,9.76M,15.04K,20,3.34,29.17,5.06,0.5,5.13,0.85
2026-08-25,SYM,12.95,12.75,12.99,12.7,17.04,9.01,3.64B,285.25M,156.89M,1.27M,55,,,,,,
2026-08-25,SYS,127,124.94,127.25,124,174.4,105.98,184.09B,1.47B,957.71M,1.44M,65,1.6,7.86,13.4,2.98,15.89,0.2
2026-08-25,SZTM,97.69,94.2,97.69,92.5,127.25,36,1.69B,17.97M,1.8M,25.97K,10,,,,,,
2026-08-25,TATM,167.76,168.07,169,161.02,231,82,9.41B,55.99M,11.2M,273.55K,20,,,,,,
2026-08-25,TCORP,19.99,20.76,21,19.6,31.87,15.62,1.7B,82M,24.6M,111.78K,30,0,1.62,1.24,0.45,12.78,-0.76
2026-08-25,TELE,8.02,8.01,8.1,7.95,14.09,6.22,2.71B,338.62M,326M,1.96M,96.27,0,0.51,1.67,0.62,15.78,0.64
2026-08-25,TGL,181.68,178.58,181.68,178.13,291.5,128,30.75B,172.17M,68.87M,157.69K,40,3.92,24.49,13.38,1.25,7.29,0.24
2026-08-25,THCCL,76.5,75.19,76.5,74.01,103.5,43.1,37.49B,498.59M,174.51M,4.46M,35,0,7.24,24.4,3.69,10.39,0.06
2026-08-25,TICL,1409,1399.96,1409,1370.02,1520,541,21.03B,15.02M,226.46K,893.4,1.51,0.71,107.5,4.88,1.7,13.02,1.41
2026-08-25,TISL,3.72,3.48,3.72,3.44,3.89,3.44,3.31B,950M,332.5M,91.35M,35,,,,,,
2026-08-25,TOMCL,36.72,36.76,37.25,36.15,75.85,28.3,7.22B,196.34M,107.99M,1.73M,55,0,1.84,2.74,1.1,19.98,2.12
2026-08-25,TOWL,137,146.63,151.49,131.07,195.95,92.5,2.49B,17M,3.4M,203.7K,20,,,,,,
2026-08-25,TPLRF1,9.75,9.67,9.79,9.55,18.39,7.5,17.74B,1.83B,1.38B,1.93M,75,,,,,,
2026-08-25,TREET,23.96,24.37,24.5,23.8,37,19.55,9.04B,371.03M,185.51M,1.37M,50,0,1.29,1.81,1.12,18.82,0.51
2026-08-25,TRSM,18.25,17.91,18.85,17.89,71.65,8,533.72M,29.8M,23.84M,1.91M,80,,,,,,
2026-08-25,UBDL,30.07,29.77,31.41,29.5,36.98,20.01,2.73B,91.8M,4.59M,196.52K,5,,,,,,
2026-08-25,UDLI,18.12,18.48,18.79,18.11,25.5,9.1,649.03M,35.12M,14.05M,159.03K,40,,,,,,
2026-08-25,UDPL,120.9,118.78,120.9,117.11,168.99,75.05,4.19B,35.27M,5.29M,7.17K,15,,,,,,
2026-08-25,UNITY,10.55,10.57,10.67,10.46,30.42,7.51,12.62B,1.19B,537.32M,4.02M,45,0,1.6,2.34,0.67,6.61,0.11
2026-08-25,UPFL,25100,25214,25228,25025.15,34150,22562.78,160.61B,6.37M,521.22K,18.4,8.18,5.78,1001.9,14.74,18.95,25.17,1.02
2026-08-25,WAFI,183.65,181.92,184.96,181.5,260,165,38.94B,214.02M,32.1M,198.07K,15,,,,,,
2026-08-25,WAHDAT,15.92,15.92,16.09,15.9,21.78,15.45,5.34B,335.22M,83.81M,386.63K,25,,,,,,
2026-08-25,WAHN,279.05,278.01,282,277,435,225.23,2.5B,9M,3.15M,1.42K,35,3.6,51.77,9.43,0.87,5.37,0.34
2026-08-25,WASL,6.7,6.66,6.9,6.56,6.99,6.13,1.07B,160.72M,96.43M,2.8M,60,,,,,,
2026-08-25,WAVES,10.18,10.12,10.25,10.06,16.95,8.81,2.85B,281.41M,196.98M,1.22M,70,0,1,5.91,0.29,10.07,-2.07
2026-08-25,ZAHID,72.54,71.59,72.54,71.15,102.51,32.69,13.7B,191.42M,5.94M,38.76K,3.11,0,7.93,3.96,0.63,9.02,0.65
2026-08-25,ZAL,40.26,39.98,40.99,39.85,79.5,27.9,10.49B,262.5M,65.62M,305.84K,25,,,,,,
2026-08-25,ZIL,359,347.94,359,347.24,722,300,2.13B,6.12M,306.13K,287.4,5,,,,,,
2026-08-25,ZTL,17.45,17.87,18.38,17.35,24.48,9.75,1.06B,59.43M,14.86M,137.89K,25,0,-0.82,-0.65,0.43,-21.84,2.75
